target,feature_set,model,min_rating_count_filter,n_obs_mean,n_obs_std,n_runs,positive_class_share_mean,positive_class_share_std,pr_auc_mean,pr_auc_std,roc_auc_mean,roc_auc_std,precision_at_5_mean,precision_at_5_std,precision_at_10_mean,precision_at_10_std,precision_at_20_mean,precision_at_20_std,recall_at_5_mean,recall_at_5_std,recall_at_10_mean,recall_at_10_std,recall_at_20_mean,recall_at_20_std,lift_at_5_mean,lift_at_5_std,lift_at_10_mean,lift_at_10_std,lift_at_20_mean,lift_at_20_std,default_f1_mean,default_f1_std,tuned_f1_mean,tuned_f1_std,best_threshold_mean,best_threshold_std,brier_score_mean,brier_score_std
low_rating_bottom20_raw,content_only_core,DummyClassifier,0,2704.0,0.0,5,0.22241124260355027,0.003209155791407777,0.22241124260355027,0.003209155791407777,0.5,0.0,0.21323529411764705,0.041594516540385144,0.21180811808118083,0.028053989385606215,0.21811460258780038,0.013893989259124688,0.04829024704184182,0.00994965649409704,0.09548776215515269,0.01310159719283814,0.19611734672566944,0.01012770032493719,0.9601237353025021,0.19782258205910588,0.9527635013562099,0.1307258996658094,0.9802242246695198,0.05061978129136811,0.0,0.0,0.36388036991770767,0.004296329488274154,0.05,0.0,0.17295894283893273,0.0017559609475664903
low_rating_bottom20_raw,content_only_core,DummyClassifier,25,1480.0,0.0,5,0.16905405405405405,0.008485044635648963,0.16905405405405405,0.008485044635648963,0.5,0.0,0.17027027027027025,0.05198752449100362,0.16216216216216217,0.01584599918859266,0.17162162162162162,0.011555832011139898,0.0503060753614321,0.014658523212348751,0.0959344882510841,0.008243175594045518,0.20331666743095952,0.014557874860834069,1.006121507228642,0.293170464246975,0.959344882510841,0.08243175594045517,1.0165833371547977,0.07278937430417033,0.0,0.0,0.28914285699910813,0.012445348974285647,0.05,0.0,0.14055838485194294,0.00575559578533615
low_rating_bottom20_raw,content_only_core,ExtraTreesClassifier,0,2704.0,0.0,5,0.22241124260355027,0.003209155791407777,0.39362595027168,0.018397212505095108,0.6911476182838303,0.016896021893633355,0.5176470588235295,0.03624634571725365,0.46715867158671587,0.02371405020377807,0.41774491682070247,0.025811903962604354,0.11700615737804587,0.0069942104593924016,0.21047490020046275,0.009374801985970866,0.3756617515674493,0.019887592533085852,2.326357717281147,0.1390613608985079,2.1000890411145807,0.09354045966813739,1.8776143738232587,0.0994012018659229,0.21936361489654352,0.005696677026022086,0.1635306782952088,0.051459230084388,0.53,0.02738612787525833,0.16883456374730793,0.0016432563258101359
low_rating_bottom20_raw,content_only_core,ExtraTreesClassifier,25,1480.0,0.0,5,0.16905405405405405,0.008485044635648963,0.42030811262926493,0.03265413796750496,0.7660822008014451,0.012991098045091621,0.581081081081081,0.0668884793014302,0.48243243243243245,0.03398588199988999,0.4027027027027027,0.037422308124454025,0.17184723266528232,0.01762208803846838,0.28600715906967306,0.025857691477790722,0.4759398224506701,0.028008266020868738,3.436944653305646,0.3524417607693683,2.8600715906967307,0.2585769147779073,2.379699112253351,0.14004133010434414,0.22082690931059729,0.01592724822304986,0.13023156946584855,0.014233272519188997,0.55,0.0,0.12976330640048012,0.003495199010698075
low_rating_bottom20_raw,content_only_core,HistGradientBoostingClassifier,0,2704.0,0.0,5,0.22241124260355027,0.003209155791407777,0.39267067594711796,0.012553393834803151,0.6894044020040468,0.006224648080008437,0.5382352941176471,0.039391456576408454,0.47011070110701103,0.0263004128135874,0.4155268022181146,0.014519287901408849,0.12167098749742145,0.007947840299080827,0.21174482960389202,0.00909704801161226,0.3737146595573806,0.008224997847840183,2.4191055161252026,0.15802176594643058,2.112760218630716,0.090769069459039,1.867882512833932,0.04110978591600714,0.14049645312055994,0.030779384056578134,0.39352827063032614,0.011728516365455358,0.3,0.0,0.15876653758913156,0.001258411511726325
low_rating_bottom20_raw,content_only_core,HistGradientBoostingClassifier,25,1480.0,0.0,5,0.16905405405405405,0.008485044635648963,0.4097185430430773,0.02899707582525248,0.750213378328612,0.015242030342355745,0.5945945945945945,0.06265958442902506,0.4864864864864865,0.05123564489224019,0.3932432432432432,0.0382667533503895,0.17618260640962496,0.020850136257804516,0.28756250406272776,0.023208872884039684,0.46465268153537,0.029710308780392714,3.5236521281924995,0.4170027251560903,2.8756250406272774,0.2320887288403971,2.32326340767685,0.14855154390196362,0.22053325501225046,0.026156596659925056,0.37137521806625784,0.02768529613509367,0.30999999999999994,0.022360679774997887,0.1236140188386935,0.004298957903428553
low_rating_bottom20_raw,content_only_core,LogisticRegression,0,2704.0,0.0,5,0.22241124260355027,0.003209155791407777,0.37065028933952954,0.017748233619420913,0.678598714034133,0.011873011492127187,0.4985294117647059,0.006151911959809357,0.4487084870848708,0.04650032177719073,0.388909426987061,0.02405089342968452,0.11275373878674728,0.001993281260363651,0.2022396115666834,0.02111339814064736,0.34994785390208716,0.022744696736849573,2.2418096299953283,0.03963112152958298,2.01791848589045,0.21066652609708655,1.7490924158063657,0.11368144173094498,0.22036378805776616,0.019979163712302454,0.42108641701579047,0.009679965289776219,0.25,0.0,0.1632495404892595,0.003015311156967272
low_rating_bottom20_raw,content_only_core,LogisticRegression,25,1480.0,0.0,5,0.16905405405405405,0.008485044635648963,0.38598413471090753,0.024372847496326618,0.7405142251759856,0.015450334733086954,0.5216216216216216,0.04008755938970628,0.4743243243243243,0.036511502935422394,0.3716216216216216,0.03318730186552111,0.1544406783553507,0.012118167714392935,0.28113273089341084,0.02577721151084998,0.43921217846178706,0.023514429286586872,3.088813567107014,0.24236335428785885,2.8113273089341084,0.25777211510849973,2.1960608923089353,0.1175721464329347,0.30851511846587376,0.03766088153656645,0.41266785400326517,0.027553371449738857,0.25,0.0,0.12798061197202035,0.00465110017128378
low_rating_bottom20_raw,content_only_core,LogisticRegressionBalanced,0,2704.0,0.0,5,0.22241124260355027,0.003209155791407777,0.3695792068798972,0.019048299820596182,0.6792700697967249,0.012837602685890062,0.4970588235294118,0.020535647123189605,0.4531365313653136,0.03926032790633322,0.38964879852125694,0.023285801890238114,0.11242513812263262,0.004961541137401756,0.20423010473364717,0.017865621162145226,0.3505772300856315,0.02147178170374222,2.2352762756146958,0.0986471120259878,2.0377793476006714,0.1782606628134342,1.7522381333670012,0.10731921945826055,0.4306713403247726,0.012252695561585786,0.43002180984970906,0.012631042929016146,0.51,0.022360679774997918,0.2224333920692915,0.0030455027694464456
low_rating_bottom20_raw,content_only_core,LogisticRegressionBalanced,25,1480.0,0.0,5,0.16905405405405405,0.008485044635648963,0.37837697467378384,0.022264546572675157,0.7378112207529162,0.015243290758555069,0.5054054054054055,0.043369747394273545,0.4621621621621622,0.037498478177058404,0.3689189189189189,0.02759123917445326,0.14993446186803377,0.017237095656951293,0.2738472068431809,0.02509915478129011,0.43641524420544775,0.022968751783981722,2.9986892373606757,0.3447419131390259,2.738472068431809,0.25099154781290073,2.1820762210272386,0.11484375891990861,0.41086812000632966,0.01869172170474658,0.4133834306479681,0.0167506863314326,0.5800000000000001,0.04472135954999577,0.19922484281492675,0.005670914965284205
low_rating_bottom20_raw,content_only_core,XGBoostClassifier,0,2704.0,0.0,5,0.22241124260355027,0.003209155791407777,0.4024259905310589,0.023805047844898834,0.6962061429054389,0.013177810373969092,0.5544117647058824,0.04178903599524358,0.48929889298892987,0.0437078601323573,0.4232902033271719,0.025411695166113718,0.1253528133109555,0.008984714751664916,0.2204289865181855,0.018565275128620478,0.38071018737187745,0.020664775547121914,2.492308876417821,0.17863726976839647,2.1994095186168763,0.18524171198446418,1.902847221171084,0.1032856803686095,0.17186656212222967,0.015840023143859037,0.4087206675199564,0.01952587932515848,0.3,0.0,0.15749537646770478,0.002428841009517055
low_rating_bottom20_raw,content_only_core,XGBoostClassifier,25,1480.0,0.0,5,0.16905405405405405,0.008485044635648963,0.4148668889609187,0.019967461494766085,0.7564419030948819,0.009320566442242273,0.5783783783783785,0.0748751090659193,0.5067567567567568,0.02906190968595478,0.39797297297297296,0.030160424487386008,0.17150094996326265,0.025076725497692406,0.30010200440473306,0.01836432817185069,0.47080341431213724,0.026608524641735815,3.430018999265253,0.5015345099538481,3.001020044047331,0.18364328171850683,2.354017071560686,0.13304262320867907,0.205297109051699,0.04442301162940653,0.38443069628914567,0.012874779505204909,0.3,0.0,0.12197908908128738,0.005114454540459016
low_rating_bottom20_raw,content_plus_quantity,DummyClassifier,0,2704.0,0.0,5,0.22241124260355027,0.003209155791407777,0.22241124260355027,0.003209155791407777,0.5,0.0,0.21323529411764705,0.041594516540385144,0.21180811808118083,0.028053989385606215,0.21811460258780038,0.013893989259124688,0.04829024704184182,0.00994965649409704,0.09548776215515269,0.01310159719283814,0.19611734672566944,0.01012770032493719,0.9601237353025021,0.19782258205910588,0.9527635013562099,0.1307258996658094,0.9802242246695198,0.05061978129136811,0.0,0.0,0.36388036991770767,0.004296329488274154,0.05,0.0,0.17295894283893273,0.0017559609475664903
low_rating_bottom20_raw,content_plus_quantity,DummyClassifier,25,1480.0,0.0,5,0.16905405405405405,0.008485044635648963,0.16905405405405405,0.008485044635648963,0.5,0.0,0.17027027027027025,0.05198752449100362,0.16216216216216217,0.01584599918859266,0.17162162162162162,0.011555832011139898,0.0503060753614321,0.014658523212348751,0.0959344882510841,0.008243175594045518,0.20331666743095952,0.014557874860834069,1.006121507228642,0.293170464246975,0.959344882510841,0.08243175594045517,1.0165833371547977,0.07278937430417033,0.0,0.0,0.28914285699910813,0.012445348974285647,0.05,0.0,0.14055838485194294,0.00575559578533615
low_rating_bottom20_raw,content_plus_quantity,ExtraTreesClassifier,0,2704.0,0.0,5,0.22241124260355027,0.003209155791407777,0.39780262606001593,0.015919892373898827,0.6958480553586004,0.01751217404210958,0.5088235294117647,0.035416454643506755,0.47011070110701103,0.027191340851572758,0.4184842883548983,0.02318286446597137,0.11503646452124967,0.007310945231435014,0.2117496883106699,0.009736086514406253,0.37641959740550907,0.01926572236665102,2.287195588716611,0.14535879342500208,2.112808698125651,0.0971453060330424,1.8814022021894576,0.09629300051649613,0.21492438436576586,0.01588195324949745,0.1838751066639285,0.0547704675763585,0.52,0.027386127875258348,0.16776732739506922,0.001707466397012017
low_rating_bottom20_raw,content_plus_quantity,ExtraTreesClassifier,25,1480.0,0.0,5,0.16905405405405405,0.008485044635648963,0.4227304507418491,0.03189002855337428,0.765826306176862,0.01631836486761907,0.5864864864864865,0.09195149100650811,0.495945945945946,0.039282275280401735,0.4027027027027027,0.02487184097203509,0.17355997283250696,0.027516968212192138,0.29391293292993137,0.026694677274286198,0.4763991892391579,0.01586104716150196,3.471199456650139,0.5503393642438427,2.9391293292993135,0.26694677274286205,2.3819959461957896,0.07930523580751014,0.2099665224168911,0.027396845825413546,0.19287521349408338,0.051627459041172705,0.51,0.022360679774997935,0.12923744979341403,0.003714423634950496
low_rating_bottom20_raw,content_plus_quantity,HistGradientBoostingClassifier,0,2704.0,0.0,5,0.22241124260355027,0.003209155791407777,0.39142380756334144,0.00892843286480087,0.6914767826737496,0.0072619293895827474,0.5191176470588236,0.03624634571725365,0.4767527675276753,0.0337593004029009,0.4133086876155268,0.011734247872904894,0.11732053380333736,0.006575751890749991,0.21473498341084324,0.013144987189922464,0.3717903265122245,0.008704234500791991,2.332608260325178,0.13074141994549993,2.1425955540329156,0.13115883897251035,1.8582644046008412,0.043505083345917926,0.13101405516726877,0.02732682976254821,0.3968555029829492,0.0063631534550358075,0.3,0.0,0.1585811155775531,0.001492860322671462
low_rating_bottom20_raw,content_plus_quantity,HistGradientBoostingClassifier,25,1480.0,0.0,5,0.16905405405405405,0.008485044635648963,0.40682531847212616,0.020601112370789376,0.7536599998696042,0.009597940552852726,0.5621621621621621,0.05198752449100362,0.48513513513513506,0.03980182831087336,0.4006756756756757,0.022738268473599773,0.16682260021837297,0.02050364168440959,0.28706247776086735,0.020570923222619133,0.4740245617230632,0.012780024642312756,3.3364520043674597,0.41007283368819186,2.870624777608674,0.20570923222619142,2.370122808615316,0.06390012321156371,0.2119015005171853,0.015705872907235918,0.33678855370481203,0.031781987542095894,0.33999999999999997,0.02236067977499789,0.12391325190242722,0.004503937099536738
low_rating_bottom20_raw,content_plus_quantity,LogisticRegression,0,2704.0,0.0,5,0.22241124260355027,0.003209155791407777,0.36971613580519147,0.01836238012486289,0.6781939588607181,0.010772788174701413,0.4897058823529411,0.035492701135726945,0.4523985239852399,0.032859980606484415,0.39038817005545284,0.019048684699428112,0.11075640906472362,0.008095786289832074,0.2039253598079842,0.015528160160964187,0.3512528773168313,0.01813771609319983,2.202098015522152,0.16096328035077878,2.0347386454641674,0.15493780470570914,1.755615120637175,0.09065505418856275,0.22876987634169937,0.022826115068306892,0.4215833153436551,0.011023355172146436,0.25,0.0,0.16359560675849383,0.0030197691882666547
low_rating_bottom20_raw,content_plus_quantity,LogisticRegression,25,1480.0,0.0,5,0.16905405405405405,0.008485044635648963,0.38263207962998613,0.023258287018693584,0.7378752761334963,0.017529137438712296,0.5216216216216216,0.05110181189510545,0.4621621621621622,0.042626514312398674,0.36486486486486486,0.029159926523027145,0.15443818842499227,0.015425431600541039,0.2737826481021516,0.027477416961065808,0.4314337612022694,0.021667182732544362,3.0887637684998457,0.3085086320108209,2.7378264810215156,0.2747741696106579,2.157168806011347,0.10833591366272177,0.30508147090489246,0.03267650884881744,0.39887723433255556,0.03023204087341402,0.27,0.027386127875258296,0.12890554053915843,0.0052023292319001374
low_rating_bottom20_raw,content_plus_quantity,LogisticRegressionBalanced,0,2704.0,0.0,5,0.22241124260355027,0.003209155791407777,0.3688513355634223,0.01932399405159887,0.6789207904417827,0.011790199673770088,0.49264705882352944,0.021437323142813595,0.4523985239852399,0.032756222909479195,0.3900184842883549,0.018345132385655473,0.11140351916241598,0.004454534517357058,0.20392130997169136,0.015403292450472759,0.3508912436616772,0.016801136319180402,2.2149640868762708,0.08856662746274627,2.034698236765511,0.1536918921995511,1.753807620815481,0.0839746258910607,0.4283255756068276,0.01384243050324763,0.4149798750099933,0.01272439843926625,0.54,0.022360679774997935,0.22260166207347104,0.002603526456868939
low_rating_bottom20_raw,content_plus_quantity,LogisticRegressionBalanced,25,1480.0,0.0,5,0.16905405405405405,0.008485044635648963,0.37258050567423834,0.02227781016686497,0.7330766657819707,0.018102609019549746,0.5108108108108108,0.05921324946001797,0.44189189189189193,0.03154761494575339,0.3601351351351351,0.024894774901270993,0.15162424907672056,0.02133214537080132,0.2615867333313095,0.017387331821911902,0.4261109357407724,0.021193994568541617,3.0324849815344113,0.4266429074160262,2.615867333313095,0.17387331821911933,2.130554678703862,0.10596997284270813,0.41253913053884605,0.017922216184366364,0.4066779328981894,0.0196283771909518,0.58,0.057008771254956944,0.20042996119333187,0.006337516140685879
low_rating_bottom20_raw,content_plus_quantity,XGBoostClassifier,0,2704.0,0.0,5,0.22241124260355027,0.003209155791407777,0.39802009176749714,0.024762340313519145,0.6940535828499348,0.011313751923289024,0.5367647058823529,0.055998331660764025,0.4797047970479705,0.039225630305293906,0.4203327171903882,0.02789841914192371,0.1213748933730475,0.012488934473742387,0.21613291725401176,0.01693187611267844,0.3780866310343224,0.023763295302892944,2.4132184682405913,0.24830940306617202,2.156543941899807,0.16894388564089494,1.8897342889404947,0.11877255175420064,0.16791881943185807,0.02322633891756065,0.40498608364803285,0.02313002245801663,0.3,0.0,0.15804289877414704,0.002917822499815984
low_rating_bottom20_raw,content_plus_quantity,XGBoostClassifier,25,1480.0,0.0,5,0.16905405405405405,0.008485044635648963,0.4239542388763399,0.03187095970728096,0.7593629923738293,0.010784904277668945,0.6054054054054054,0.04815818832758231,0.508108108108108,0.04440993709501346,0.4033783783783784,0.024079094163791174,0.1790765241536881,0.01142286490156813,0.30044229113508913,0.019681614684381375,0.47751941154423816,0.02426534742600462,3.581530483073762,0.2284572980313625,3.004422911350892,0.19681614684381382,2.387597057721191,0.12132673713002307,0.2071356345564121,0.0251939539772474,0.3858365121474388,0.034389520511828656,0.30999999999999994,0.02236067977499789,0.1211488589644432,0.0042662291465486585
low_rating_bottom20_raw,content_plus_reliability,DummyClassifier,0,2704.0,0.0,5,0.22241124260355027,0.003209155791407777,0.22241124260355027,0.003209155791407777,0.5,0.0,0.21323529411764705,0.041594516540385144,0.21180811808118083,0.028053989385606215,0.21811460258780038,0.013893989259124688,0.04829024704184182,0.00994965649409704,0.09548776215515269,0.01310159719283814,0.19611734672566944,0.01012770032493719,0.9601237353025021,0.19782258205910588,0.9527635013562099,0.1307258996658094,0.9802242246695198,0.05061978129136811,0.0,0.0,0.36388036991770767,0.004296329488274154,0.05,0.0,0.17295894283893273,0.0017559609475664903
low_rating_bottom20_raw,content_plus_reliability,DummyClassifier,25,1480.0,0.0,5,0.16905405405405405,0.008485044635648963,0.16905405405405405,0.008485044635648963,0.5,0.0,0.17027027027027025,0.05198752449100362,0.16216216216216217,0.01584599918859266,0.17162162162162162,0.011555832011139898,0.0503060753614321,0.014658523212348751,0.0959344882510841,0.008243175594045518,0.20331666743095952,0.014557874860834069,1.006121507228642,0.293170464246975,0.959344882510841,0.08243175594045517,1.0165833371547977,0.07278937430417033,0.0,0.0,0.28914285699910813,0.012445348974285647,0.05,0.0,0.14055838485194294,0.00575559578533615
low_rating_bottom20_raw,content_plus_reliability,ExtraTreesClassifier,0,2704.0,0.0,5,0.22241124260355027,0.003209155791407777,0.42291453225475883,0.01613072822270048,0.7276824311288197,0.011675079857096841,0.5529411764705883,0.029134724641410228,0.48339483394833954,0.025431824265849137,0.43807763401109057,0.024730292347984566,0.12501205217022693,0.005598187370094214,0.21775959967034644,0.009311967073714584,0.39399038842509077,0.01945449355709461,2.485533743149218,0.11130513712304992,2.1727747509543054,0.09291350172444371,1.969223678930583,0.09723650753860223,0.23603208027623418,0.005406130687432937,0.17952762445103,0.05240436787322842,0.53,0.027386127875258317,0.16444393425035114,0.0013405090132052391
low_rating_bottom20_raw,content_plus_reliability,ExtraTreesClassifier,25,1480.0,0.0,5,0.16905405405405405,0.008485044635648963,0.44177221156124985,0.03430457236158516,0.7817028196775528,0.013765042688086907,0.6162162162162163,0.07060729987898988,0.5202702702702703,0.034119949116088094,0.40540540540540543,0.028265541436962038,0.18247036475620684,0.02144378434197129,0.3081668623197364,0.02282484754464314,0.47978080527062855,0.02635384502569576,3.649407295124137,0.4288756868394257,3.081668623197364,0.22824847544643126,2.3989040263531427,0.13176922512847897,0.22591153456607524,0.025528000259671373,0.19027451132151557,0.0406101998345642,0.52,0.02738612787525833,0.12795260764745395,0.003637739818944335
low_rating_bottom20_raw,content_plus_reliability,HistGradientBoostingClassifier,0,2704.0,0.0,5,0.22241124260355027,0.003209155791407777,0.4271712418743613,0.012345344947767123,0.7365989958625122,0.009889945705179915,0.55,0.021055619210700493,0.5062730627306273,0.030361627204020993,0.4469500924214418,0.015868522019471146,0.12435567068021802,0.0036263057067494843,0.22803921751423042,0.011116222480373724,0.4019991723015693,0.010414908216177899,2.4724833347008057,0.07209948993419558,2.2753433363781514,0.11091610917686563,2.0092527946459207,0.05205528986422371,0.18595829342040265,0.019058450891400763,0.40855308413032454,0.012781056457289554,0.33999999999999997,0.022360679774997904,0.15226522253111877,0.0012112058262872599
low_rating_bottom20_raw,content_plus_reliability,HistGradientBoostingClassifier,25,1480.0,0.0,5,0.16905405405405405,0.008485044635648963,0.43655744483873293,0.020571655009883377,0.7823411789350889,0.014427428828889224,0.6,0.04336974739427355,0.5108108108108108,0.030442919800185937,0.4114864864864865,0.03339301025176101,0.17771229345262002,0.014010525934165682,0.30232509905010463,0.015039920989288845,0.48661886828516215,0.027179901466563683,3.5542458690524,0.28021051868331365,3.0232509905010465,0.15039920989288827,2.433094341425811,0.13589950733281858,0.24983863525383887,0.02651086081971009,0.3663942598228443,0.027609288027589603,0.33999999999999997,0.02236067977499789,0.12002846333796106,0.004384685995299217
low_rating_bottom20_raw,content_plus_reliability,LogisticRegression,0,2704.0,0.0,5,0.22241124260355027,0.003209155791407777,0.4141172219294866,0.019633100036126103,0.7260835483313295,0.007346949700068795,0.5529411764705883,0.06072300830018404,0.48929889298892987,0.031592405598529875,0.433271719038817,0.019012777627539813,0.12498550385273695,0.012946012917134512,0.22047318557783013,0.013554143141947113,0.3897927171129484,0.01703523199508554,2.4850059001308877,0.25739719799949784,2.1998505306363567,0.13524133968939137,1.9482430814665666,0.08514467156138875,0.30161771832403844,0.018507553596322827,0.4591580201365759,0.008113233314620926,0.25,0.0,0.15639580276704412,0.002934066953073898
low_rating_bottom20_raw,content_plus_reliability,LogisticRegression,25,1480.0,0.0,5,0.16905405405405405,0.008485044635648963,0.4246007417189019,0.02856727784222535,0.7717493098282012,0.016582669937834874,0.5675675675675675,0.04378878850275583,0.5027027027027027,0.0568531999134125,0.3993243243243243,0.02685757691128621,0.16807085036228403,0.01373911106150839,0.2975946144750663,0.033375342149833016,0.47261080560062896,0.025649055970226643,3.361417007245681,0.2747822212301681,2.9759461447506625,0.33375342149833037,2.3630540280031447,0.1282452798511331,0.34976409980780077,0.04301650816340175,0.4357265071245281,0.029589282294801914,0.27,0.0273861278752583,0.12319399847790832,0.005381893121429591
low_rating_bottom20_raw,content_plus_reliability,LogisticRegressionBalanced,0,2704.0,0.0,5,0.22241124260355027,0.003209155791407777,0.41336220314732797,0.01813683048514697,0.726864132445408,0.008111984227936643,0.5514705882352942,0.05378212808208749,0.48856088560885613,0.028654271082386957,0.433271719038817,0.019675133590735926,0.12471352320859637,0.012015522188033798,0.2201879778448089,0.013136859094974999,0.38975247374986777,0.01654438716016792,2.479598284970916,0.23889685291502505,2.197004767868499,0.13107773798085748,1.9480419390381563,0.08269135467854735,0.4628824364728693,0.01009246473433391,0.4611238119140343,0.010420476604573684,0.52,0.02738612787525833,0.20916941167826714,0.0029077238120388143
low_rating_bottom20_raw,content_plus_reliability,LogisticRegressionBalanced,25,1480.0,0.0,5,0.16905405405405405,0.008485044635648963,0.41532379016198717,0.025368757530036964,0.7688539067621114,0.017007629552021238,0.5594594594594595,0.041210677518856535,0.4905405405405405,0.04792060331485716,0.3952702702702703,0.032404267049410254,0.1654971247752505,0.00931244612569638,0.2906930902233967,0.03186824530331825,0.4674872436346379,0.027108458499746687,3.30994249550501,0.18624892251392766,2.9069309022339667,0.31868245303318277,2.3374362181731896,0.13554229249873356,0.4431319089132068,0.013924010797782164,0.440258949831082,0.024398909630636723,0.6,0.03535533905932742,0.18906908183287938,0.005233519697000181
low_rating_bottom20_raw,content_plus_reliability,XGBoostClassifier,0,2704.0,0.0,5,0.22241124260355027,0.003209155791407777,0.4373520687746974,0.015378139899200036,0.7387398053965137,0.011188281756223646,0.5764705882352941,0.03102209280842502,0.5284132841328413,0.02691451295765382,0.4436229205175601,0.021277013739780654,0.13036000860236047,0.006785860214196557,0.23805379637649784,0.010102254129725008,0.3990727574888383,0.018290194389701035,2.5918637004469316,0.13491886778814322,2.3752674000075653,0.10079887515415652,1.9946261298517907,0.09141716382578839,0.2167372280011201,0.019802133961757274,0.4026915467163269,0.020735566183135556,0.35,0.0,0.15138596594333648,0.002265746070439897
low_rating_bottom20_raw,content_plus_reliability,XGBoostClassifier,25,1480.0,0.0,5,0.16905405405405405,0.008485044635648963,0.4455468812949577,0.025448994730896988,0.7897897212085185,0.011776156441888768,0.6027027027027028,0.04739372409932484,0.5027027027027027,0.04839460697154053,0.4216216216216216,0.03034904686685906,0.1786001063271249,0.016735583561830976,0.29739511772446237,0.025615271633029454,0.49872029735930423,0.023410559743985433,3.572002126542498,0.3347116712366198,2.9739511772446243,0.25615271633029485,2.4936014867965217,0.11705279871992724,0.2421438453209292,0.029207414419428365,0.3731902380782789,0.03620386837890861,0.33999999999999997,0.022360679774997904,0.11810260415077209,0.004623101932498359
low_rating_bottom20_raw,content_quantity_interactions,DummyClassifier,0,2704.0,0.0,5,0.22241124260355027,0.003209155791407777,0.22241124260355027,0.003209155791407777,0.5,0.0,0.21323529411764705,0.041594516540385144,0.21180811808118083,0.028053989385606215,0.21811460258780038,0.013893989259124688,0.04829024704184182,0.00994965649409704,0.09548776215515269,0.01310159719283814,0.19611734672566944,0.01012770032493719,0.9601237353025021,0.19782258205910588,0.9527635013562099,0.1307258996658094,0.9802242246695198,0.05061978129136811,0.0,0.0,0.36388036991770767,0.004296329488274154,0.05,0.0,0.17295894283893273,0.0017559609475664903
low_rating_bottom20_raw,content_quantity_interactions,DummyClassifier,25,1480.0,0.0,5,0.16905405405405405,0.008485044635648963,0.16905405405405405,0.008485044635648963,0.5,0.0,0.17027027027027025,0.05198752449100362,0.16216216216216217,0.01584599918859266,0.17162162162162162,0.011555832011139898,0.0503060753614321,0.014658523212348751,0.0959344882510841,0.008243175594045518,0.20331666743095952,0.014557874860834069,1.006121507228642,0.293170464246975,0.959344882510841,0.08243175594045517,1.0165833371547977,0.07278937430417033,0.0,0.0,0.28914285699910813,0.012445348974285647,0.05,0.0,0.14055838485194294,0.00575559578533615
low_rating_bottom20_raw,content_quantity_interactions,ExtraTreesClassifier,0,2704.0,0.0,5,0.22241124260355027,0.003209155791407777,0.3972911513227985,0.010690235553071173,0.6956014020469719,0.01368253023859531,0.5176470588235293,0.016927741813560798,0.4811808118081181,0.02238487215956177,0.42107208872458407,0.01740862798960607,0.11704081633585692,0.002491142948078028,0.2167623738676156,0.007575953977580658,0.37879521711683284,0.015075916434141747,2.32704681891292,0.04952978332060998,2.1628245717270573,0.07559180647741011,1.8932759095821,0.07535171541205048,0.2113610731191519,0.01136871112279311,0.15698914783234225,0.0448683660954058,0.53,0.02738612787525833,0.16768705847595006,0.0012849591284910785
low_rating_bottom20_raw,content_quantity_interactions,ExtraTreesClassifier,25,1480.0,0.0,5,0.16905405405405405,0.008485044635648963,0.4196222484231276,0.03202625857060396,0.7642894857007061,0.017023113062146322,0.5972972972972973,0.09856531096654304,0.504054054054054,0.05159083559140833,0.4,0.03046165967256715,0.1768024000427266,0.03002692892646922,0.29832742652302036,0.0287202431420855,0.47311830169356456,0.02394603653607459,3.5360480008545316,0.6005385785293843,2.983274265230204,0.2872024314208553,2.3655915084678227,0.11973018268037297,0.20891001777068743,0.027273363053422157,0.16898122770984825,0.040292081764520045,0.52,0.02738612787525833,0.12936715577219832,0.0036190466281385567
low_rating_bottom20_raw,content_quantity_interactions,HistGradientBoostingClassifier,0,2704.0,0.0,5,0.22241124260355027,0.003209155791407777,0.3902057041281708,0.009983673816364636,0.6907504262733827,0.006913562072938579,0.5235294117647059,0.053124681965260136,0.46715867158671587,0.033066519287409404,0.4118299445471349,0.016397970511066094,0.11830750477347833,0.010934382866598258,0.2105470185445212,0.015143832071821852,0.3704569515014967,0.013288548592327393,2.3522315654962163,0.2174012593476595,2.10080862783906,0.1511030329232705,1.8515999941960204,0.06641818002523718,0.13379810239208617,0.022013976860661318,0.40108474889997786,0.013025748803565659,0.3,0.0,0.1587691376805753,0.0015701657389075275
low_rating_bottom20_raw,content_quantity_interactions,HistGradientBoostingClassifier,25,1480.0,0.0,5,0.16905405405405405,0.008485044635648963,0.40677135789201435,0.02385271235274436,0.749880283907897,0.010323366097832186,0.581081081081081,0.045826553940035646,0.47837837837837843,0.04542631436208543,0.3939189189189189,0.027920207447830248,0.17206827391293955,0.013854999090878952,0.28339488542519187,0.02958373309001091,0.46606987987272036,0.025057813534683133,3.441365478258791,0.2770999818175794,2.8339488542519184,0.29583733090010916,2.330349399363602,0.1252890676734158,0.21760672232823658,0.024268473833961284,0.36574656723971694,0.018515604382098656,0.31999999999999995,0.02738612787525829,0.12386013471837495,0.004882195016637965
low_rating_bottom20_raw,content_quantity_interactions,LogisticRegression,0,2704.0,0.0,5,0.22241124260355027,0.003209155791407777,0.37088663754278384,0.018801424976213295,0.6781163993785262,0.010455515165043231,0.48382352941176465,0.04139908311840957,0.4560885608856089,0.03377946122906513,0.38964879852125694,0.018176739029855126,0.10943517259513894,0.0095099172696014,0.20557105296566194,0.015640267890533945,0.35056651826406704,0.016820155267986435,2.175828725715115,0.1890795315956042,2.0511591410300736,0.15605639991145306,1.7521845940592187,0.08406968547991747,0.23411252824746626,0.02426352580348518,0.4200478538177486,0.008162154789779002,0.25,0.0,0.16355053255722535,0.0030172670271637783
low_rating_bottom20_raw,content_quantity_interactions,LogisticRegression,25,1480.0,0.0,5,0.16905405405405405,0.008485044635648963,0.38135381327221485,0.022086756443424917,0.7377278889000121,0.017107609390666016,0.5216216216216216,0.04834741572972516,0.45675675675675675,0.04342234868394493,0.36756756756756753,0.03304945162539352,0.15452280998299786,0.015595820463316463,0.2706084865456371,0.02839238023046247,0.43445385032110595,0.024399192860542,3.090456199659957,0.3119164092663292,2.7060848654563707,0.2839238023046247,2.17226925160553,0.12199596430270988,0.3010497109750669,0.030895606388525197,0.3971960456040676,0.027654266977100928,0.27999999999999997,0.027386127875258293,0.1290388772161774,0.0050478459450240265
low_rating_bottom20_raw,content_quantity_interactions,LogisticRegressionBalanced,0,2704.0,0.0,5,0.22241124260355027,0.003209155791407777,0.3704137486940787,0.019137195509924102,0.6787989498366267,0.011358611643690186,0.4897058823529412,0.029686219467921104,0.45535055350553505,0.030939149544287215,0.38964879852125694,0.01944807162671,0.11076387717854641,0.00693342490559689,0.20524596471880602,0.01453599147497701,0.35056417756653924,0.017865004386933427,2.2022464991969817,0.13785280106422057,2.0479154560872748,0.14503808468021345,1.7521728948981923,0.08929199974541221,0.42760203121277096,0.015226248106138405,0.4238399206716421,0.00790385528409756,0.51,0.02236067977499793,0.2223404683013183,0.002381215249682377
low_rating_bottom20_raw,content_quantity_interactions,LogisticRegressionBalanced,25,1480.0,0.0,5,0.16905405405405405,0.008485044635648963,0.3712460980804824,0.02194922881123386,0.73235679568938,0.017582828413402425,0.5216216216216216,0.043369747394273545,0.44459459459459455,0.03980182831087338,0.35945945945945945,0.027715059867559046,0.15461954449429288,0.015414321155976124,0.2633996341897259,0.025820084858640503,0.4251712448732131,0.022543631439264734,3.0923908898858574,0.30828642311952253,2.633996341897259,0.2582008485864051,2.1258562243660655,0.11271815719632379,0.41146207993191225,0.01791673364095127,0.4048468165503875,0.01908038387502163,0.5700000000000001,0.05700877125495687,0.20071159863445742,0.00627834608625351
low_rating_bottom20_raw,content_quantity_interactions,XGBoostClassifier,0,2704.0,0.0,5,0.22241124260355027,0.003209155791407777,0.4007130326702679,0.019967864030304216,0.6954334773071327,0.011757298065067224,0.55,0.04603669365440744,0.48929889298892987,0.02564509277327535,0.41478743068391866,0.026029396082166034,0.12435297810117973,0.009992274869991796,0.22042970947474325,0.009681528198205818,0.3730662890840963,0.021408896699458776,2.4724297998940443,0.19866993565042487,2.199416732176036,0.09660093080423819,1.864641858934189,0.10700491067529858,0.1774863926442439,0.0159485214936824,0.40301530943902897,0.02414573881447527,0.3,0.0,0.15776761770248413,0.0016977138090820576
low_rating_bottom20_raw,content_quantity_interactions,XGBoostClassifier,25,1480.0,0.0,5,0.16905405405405405,0.008485044635648963,0.421063881129572,0.01939242528537954,0.7611739756580105,0.007447701569600069,0.5891891891891892,0.024548516384574268,0.495945945945946,0.033985881999889965,0.40675675675675677,0.024894774901271007,0.1744019690435481,0.005984566998495917,0.29332886858608176,0.012820782760641213,0.4810463490999165,0.008593275394524643,3.488039380870962,0.11969133996991817,2.9332886858608176,0.12820782760641217,2.4052317454995826,0.042966376972623226,0.19766794958877215,0.028440951705644372,0.3822740205641451,0.029697846458853552,0.30999999999999994,0.022360679774997894,0.12130637019872666,0.004156865695222232
low_rating_bottom20_raw,content_quantity_plus_reliability,DummyClassifier,0,2704.0,0.0,5,0.22241124260355027,0.003209155791407777,0.22241124260355027,0.003209155791407777,0.5,0.0,0.21323529411764705,0.041594516540385144,0.21180811808118083,0.028053989385606215,0.21811460258780038,0.013893989259124688,0.04829024704184182,0.00994965649409704,0.09548776215515269,0.01310159719283814,0.19611734672566944,0.01012770032493719,0.9601237353025021,0.19782258205910588,0.9527635013562099,0.1307258996658094,0.9802242246695198,0.05061978129136811,0.0,0.0,0.36388036991770767,0.004296329488274154,0.05,0.0,0.17295894283893273,0.0017559609475664903
low_rating_bottom20_raw,content_quantity_plus_reliability,DummyClassifier,25,1480.0,0.0,5,0.16905405405405405,0.008485044635648963,0.16905405405405405,0.008485044635648963,0.5,0.0,0.17027027027027025,0.05198752449100362,0.16216216216216217,0.01584599918859266,0.17162162162162162,0.011555832011139898,0.0503060753614321,0.014658523212348751,0.0959344882510841,0.008243175594045518,0.20331666743095952,0.014557874860834069,1.006121507228642,0.293170464246975,0.959344882510841,0.08243175594045517,1.0165833371547977,0.07278937430417033,0.0,0.0,0.28914285699910813,0.012445348974285647,0.05,0.0,0.14055838485194294,0.00575559578533615
low_rating_bottom20_raw,content_quantity_plus_reliability,ExtraTreesClassifier,0,2704.0,0.0,5,0.22241124260355027,0.003209155791407777,0.4207455697868359,0.019150161425877818,0.7271556209963208,0.015032020363816082,0.5544117647058824,0.03770847472046496,0.49446494464944646,0.02724137095984023,0.4395563770794825,0.021492705144175436,0.12529852302077388,0.006783945977515112,0.22277003866949308,0.010781868500565313,0.39536239179986293,0.017244861088188648,2.491229457707152,0.13488080825883034,2.222768208717008,0.1075799720499212,1.976081159753844,0.08619242954244395,0.22197357326408634,0.00834529174998118,0.24302593685313217,0.047785687873171126,0.49000000000000005,0.02236067977499789,0.1639807026438652,0.0016377145561917912
low_rating_bottom20_raw,content_quantity_plus_reliability,ExtraTreesClassifier,25,1480.0,0.0,5,0.16905405405405405,0.008485044635648963,0.4388733218062607,0.0441039504744088,0.7821249930848152,0.014229103335580476,0.6135135135135135,0.12698389146847033,0.522972972972973,0.039859138388520655,0.41418918918918923,0.03201448037968144,0.18129327673668985,0.035819744727098424,0.3099878007639135,0.028598752247261782,0.48993899116131284,0.026474030119430964,3.625865534733797,0.7163948945419687,3.099878007639135,0.2859875224726178,2.449694955806564,0.13237015059715468,0.21136303766056833,0.02396583577561684,0.1623448126144831,0.060246677810178166,0.53,0.02738612787525833,0.1273761522314669,0.0036217811177077556
low_rating_bottom20_raw,content_quantity_plus_reliability,HistGradientBoostingClassifier,0,2704.0,0.0,5,0.22241124260355027,0.003209155791407777,0.42896267123059284,0.01576153370676714,0.7348794865904021,0.009739165237293311,0.5573529411764706,0.04074086816822078,0.4996309963099631,0.02793238504468717,0.4391866913123844,0.019147081940966454,0.1259807490652519,0.007976707419330806,0.22511776377380763,0.011629227472160409,0.3950266136669134,0.014706456351724758,2.504793716709126,0.15859571221963592,2.2461934806065527,0.11603480105063362,1.9744028897510788,0.07350509792063542,0.16903894358395954,0.016278231516329084,0.42140747854408467,0.02608783654959077,0.31999999999999995,0.0273861278752583,0.15238853816274966,0.0015262727868390496
low_rating_bottom20_raw,content_quantity_plus_reliability,HistGradientBoostingClassifier,25,1480.0,0.0,5,0.16905405405405405,0.008485044635648963,0.43955842071559514,0.020718881190316247,0.7845292510788472,0.010128110709673493,0.5972972972972973,0.05765061893973392,0.5094594594594595,0.03869681368453067,0.41824324324324325,0.03127509948927871,0.17692075891248335,0.01864406966064341,0.3017857956417563,0.025371360960990786,0.4944576013346982,0.017992773770181828,3.538415178249667,0.37288139321286856,3.0178579564175627,0.25371360960990785,2.472288006673491,0.08996386885090937,0.24705807554614406,0.024822203379849004,0.3738415358320166,0.02634060764430125,0.33999999999999997,0.02236067977499789,0.11972503648728554,0.0048942117188444335
low_rating_bottom20_raw,content_quantity_plus_reliability,LogisticRegression,0,2704.0,0.0,5,0.22241124260355027,0.003209155791407777,0.4131885613664933,0.019966568909541446,0.7246565693420658,0.006783777381791543,0.5602941176470588,0.07041185070514185,0.4937269372693727,0.024112633583327728,0.4377079482439926,0.01650182190067701,0.12666774241871287,0.015392373459809535,0.22250697753615856,0.010964626180739333,0.39379971434533173,0.015301024196440917,2.518452761030879,0.306036601730331,2.220143421615398,0.10940350255615933,1.9682706609792553,0.0764768381278674,0.30587765644140424,0.01980336224229542,0.46002125131456834,0.008653555980475135,0.25,0.0,0.1567401415891162,0.0029311252761426393
low_rating_bottom20_raw,content_quantity_plus_reliability,LogisticRegression,25,1480.0,0.0,5,0.16905405405405405,0.008485044635648963,0.4185694894424274,0.029821167033013074,0.7689085046600501,0.018769214940175822,0.5648648648648649,0.05354489934097015,0.48243243243243245,0.05543011973511806,0.3966216216216216,0.029413241702268784,0.16707251686395055,0.013487381968238408,0.2855930172542787,0.032482863148020506,0.469260716151792,0.025923643113077446,3.341450337279011,0.26974763936476853,2.855930172542787,0.324828631480205,2.34630358075896,0.12961821556538722,0.34198459528738656,0.043930280383351956,0.4265296643013114,0.02425867698182472,0.27999999999999997,0.0273861278752583,0.12444812340832981,0.006115459964406292
low_rating_bottom20_raw,content_quantity_plus_reliability,LogisticRegressionBalanced,0,2704.0,0.0,5,0.22241124260355027,0.003209155791407777,0.41229789492443086,0.018604984797860314,0.7254786177454068,0.00744691859450449,0.5455882352941176,0.05388256164870961,0.4878228782287823,0.026787736402777165,0.43622920517560076,0.013645862347720347,0.12339238087874045,0.012143263254766317,0.21983822498901628,0.011970184916585582,0.39242752269110204,0.011294404194657026,2.453330866883192,0.24143664588888336,2.1935149829162364,0.11943682662157722,1.9614122391067284,0.05645114407089213,0.4622758503520809,0.008370046561993156,0.4628720283896975,0.010908576686608839,0.53,0.02738612787525833,0.20958974155989743,0.002439453842799939
low_rating_bottom20_raw,content_quantity_plus_reliability,LogisticRegressionBalanced,25,1480.0,0.0,5,0.16905405405405405,0.008485044635648963,0.4076897274090384,0.029648472045944427,0.7643306388992056,0.02027644210805841,0.5486486486486487,0.04440993709501346,0.48108108108108105,0.049743681944070146,0.39054054054054055,0.03263240713795473,0.16231121872029947,0.010826094160688237,0.2849510314680299,0.03128196809743664,0.4620648252766347,0.031320063214622065,3.2462243744059895,0.21652188321376487,2.849510314680299,0.31281968097436674,2.3103241263831737,0.1566003160731105,0.4382404142962814,0.015427061672987531,0.4414679906938227,0.02286554529127963,0.5900000000000001,0.022360679774997873,0.1904107073855673,0.006027615265838378
low_rating_bottom20_raw,content_quantity_plus_reliability,XGBoostClassifier,0,2704.0,0.0,5,0.22241124260355027,0.003209155791407777,0.4363520225494402,0.017743442493553332,0.7386318442487669,0.010809736372147632,0.5617647058823529,0.03230276858307174,0.5173431734317344,0.019420955523159793,0.44436229205175604,0.013807652049525382,0.12705854476613726,0.007539700186534425,0.2331427387696559,0.008694103147926591,0.3997682106221969,0.01242750702303079,2.5262228312326114,0.1499069801793317,2.3262655558418803,0.08674854211067717,1.9981021100229583,0.0621145637528193,0.21168890097083276,0.020147430756717214,0.3962861799812475,0.016038991595907888,0.35,0.0,0.15154584348201752,0.0026884057825593373
low_rating_bottom20_raw,content_quantity_plus_reliability,XGBoostClassifier,25,1480.0,0.0,5,0.16905405405405405,0.008485044635648963,0.44401491000414683,0.03022922764583363,0.7896980624959424,0.01573464357706377,0.581081081081081,0.044819253923721616,0.5243243243243243,0.06647769662837213,0.41824324324324325,0.028103559923088405,0.17219563051368017,0.0158795662594827,0.3098745569546285,0.03267754921851859,0.49464564218031004,0.01701388630510496,3.4439126102736033,0.31759132518965405,3.0987455695462853,0.32677549218518614,2.47322821090155,0.08506943152552496,0.2389894627377096,0.028449447598563632,0.38990279288923435,0.0625115110264789,0.31999999999999995,0.027386127875258296,0.11833511888980866,0.004287715122087418
low_rating_bottom20_raw,full_content_quantity_interactions_plus_reliability,DummyClassifier,0,2704.0,0.0,5,0.22241124260355027,0.003209155791407777,0.22241124260355027,0.003209155791407777,0.5,0.0,0.21323529411764705,0.041594516540385144,0.21180811808118083,0.028053989385606215,0.21811460258780038,0.013893989259124688,0.04829024704184182,0.00994965649409704,0.09548776215515269,0.01310159719283814,0.19611734672566944,0.01012770032493719,0.9601237353025021,0.19782258205910588,0.9527635013562099,0.1307258996658094,0.9802242246695198,0.05061978129136811,0.0,0.0,0.36388036991770767,0.004296329488274154,0.05,0.0,0.17295894283893273,0.0017559609475664903
low_rating_bottom20_raw,full_content_quantity_interactions_plus_reliability,DummyClassifier,25,1480.0,0.0,5,0.16905405405405405,0.008485044635648963,0.16905405405405405,0.008485044635648963,0.5,0.0,0.17027027027027025,0.05198752449100362,0.16216216216216217,0.01584599918859266,0.17162162162162162,0.011555832011139898,0.0503060753614321,0.014658523212348751,0.0959344882510841,0.008243175594045518,0.20331666743095952,0.014557874860834069,1.006121507228642,0.293170464246975,0.959344882510841,0.08243175594045517,1.0165833371547977,0.07278937430417033,0.0,0.0,0.28914285699910813,0.012445348974285647,0.05,0.0,0.14055838485194294,0.00575559578533615
low_rating_bottom20_raw,full_content_quantity_interactions_plus_reliability,ExtraTreesClassifier,0,2704.0,0.0,5,0.22241124260355027,0.003209155791407777,0.41849773508239363,0.014858410574934798,0.7261253544434748,0.01213488956829764,0.5264705882352941,0.015247383348035114,0.48708487084870844,0.026352134422667345,0.4410351201478743,0.028772622116111955,0.11904543960191508,0.0024458542881120823,0.21942230104368057,0.009814589522627922,0.39660801121779976,0.022593036893104657,2.366903446202782,0.048629338198934384,2.1893649521111156,0.09792859804127618,1.9823069544046774,0.11292342284464896,0.2164419823024116,0.011484266809244791,0.2403181590115045,0.04419565774051191,0.49000000000000005,0.02236067977499789,0.16414528419623967,0.001145724396641281
low_rating_bottom20_raw,full_content_quantity_interactions_plus_reliability,ExtraTreesClassifier,25,1480.0,0.0,5,0.16905405405405405,0.008485044635648963,0.4343068163297791,0.040866801896326035,0.7812819705124664,0.01820881289889549,0.5972972972972973,0.09085262872417087,0.5256756756756757,0.03358046929672748,0.40675675675675677,0.03483172005076218,0.17660771403781916,0.02504878811820975,0.311538855328276,0.02450770055023218,0.4810668105965578,0.029678585228367475,3.532154280756383,0.500975762364195,3.1153885532827603,0.24507700550232187,2.405334052982789,0.14839292614183755,0.20541581154963134,0.029669899533396122,0.16117687690087767,0.045005912437274476,0.53,0.02738612787525833,0.12772800581951327,0.003747386582824582
low_rating_bottom20_raw,full_content_quantity_interactions_plus_reliability,HistGradientBoostingClassifier,0,2704.0,0.0,5,0.22241124260355027,0.003209155791407777,0.4314536885749708,0.018288347418230006,0.7368102830605185,0.010762275068805987,0.5529411764705883,0.030048259914268467,0.5055350553505534,0.03717609165979682,0.44177449168207017,0.02327112442146797,0.12501448700748358,0.005876045397259719,0.22768101310434163,0.01433046982750436,0.39730707913394736,0.01754120785746969,2.4855821534429086,0.11682960848669337,2.271769223004206,0.14298741850026495,1.9858010018081216,0.0876736156129354,0.1709138725906913,0.02948581310090354,0.4081048153790068,0.03188867908798105,0.32999999999999996,0.02738612787525831,0.15203700856732003,0.0015136202522913252
low_rating_bottom20_raw,full_content_quantity_interactions_plus_reliability,HistGradientBoostingClassifier,25,1480.0,0.0,5,0.16905405405405405,0.008485044635648963,0.44323548401706014,0.01835906314862772,0.78293555189071,0.009517050257004344,0.6054054054054054,0.0420875986551282,0.5216216216216216,0.03922412236135131,0.4195945945945946,0.026103302394705208,0.17925992183708578,0.012504350282131873,0.3087149719799015,0.02086733585597419,0.496332371663953,0.015965278393501592,3.585198436741716,0.2500870056426373,3.0871497197990156,0.2086733585597418,2.481661858319765,0.0798263919675082,0.2412409646964563,0.010411375402558704,0.37675084458889263,0.02971209688667087,0.35,0.0,0.11960745672484976,0.004658937270598014
low_rating_bottom20_raw,full_content_quantity_interactions_plus_reliability,LogisticRegression,0,2704.0,0.0,5,0.22241124260355027,0.003209155791407777,0.4135424936366416,0.01992231792202384,0.7246529336601117,0.0061470195002029755,0.5514705882352942,0.06779076806833004,0.49741697416974173,0.026014105877512277,0.4369685767097967,0.015825400956010354,0.12468778376159143,0.014941933078843945,0.22416355708518906,0.011676424332543104,0.39312253254515533,0.014335679675964882,2.4790865242010525,0.2970807870970147,2.2366725400677163,0.11650572470552245,1.9648860037007392,0.07165189989613517,0.3057199127707865,0.015680149665668993,0.4596982202876553,0.007925790817496628,0.25,0.0,0.15670824280725873,0.0028688292883353047
low_rating_bottom20_raw,full_content_quantity_interactions_plus_reliability,LogisticRegression,25,1480.0,0.0,5,0.16905405405405405,0.008485044635648963,0.41638679284580354,0.02765484942469936,0.7684461057559604,0.018589812288059806,0.5594594594594595,0.04642044334410185,0.49459459459459454,0.052424769571002186,0.3939189189189189,0.027300140338968798,0.1654242477156814,0.00985460339850853,0.2928190819026203,0.031072467589523926,0.4662871567104401,0.028024369277069642,3.308484954313628,0.19709206797017054,2.9281908190262027,0.31072467589523944,2.3314357835522004,0.14012184638534828,0.34708330190822295,0.04424753481953747,0.42101866380245073,0.03575758980523942,0.29,0.041833001326703756,0.12459017032917197,0.005921865508407119
low_rating_bottom20_raw,full_content_quantity_interactions_plus_reliability,LogisticRegressionBalanced,0,2704.0,0.0,5,0.22241124260355027,0.003209155791407777,0.4131798139971553,0.01863068376579633,0.7255895966573495,0.006666945591735219,0.5485294117647059,0.059644999384333125,0.488560885608856,0.026939796676670076,0.4388170055452865,0.016251463689710362,0.12404570694046521,0.013302692505889705,0.22018005274201155,0.012251543313434103,0.394734735722819,0.013001466360443272,2.466320526228073,0.2644888274700425,2.196925692304056,0.12224418125286288,1.9729440395462157,0.0649832995168921,0.46323276094746246,0.009939039767451056,0.4605712356737725,0.012269632035065895,0.52,0.04472135954999583,0.20930682855784388,0.002101625888947673
low_rating_bottom20_raw,full_content_quantity_interactions_plus_reliability,LogisticRegressionBalanced,25,1480.0,0.0,5,0.16905405405405405,0.008485044635648963,0.40669570620490775,0.028346173292904984,0.7638192154063315,0.0197728258919435,0.5540540540540541,0.06043426966215644,0.4797297297297297,0.051235644892240216,0.3898648648648649,0.032014480379681444,0.16399639452312234,0.017199452189025462,0.28413111579237726,0.03189183399457324,0.46156703992870396,0.03560774219202265,3.2799278904624467,0.34398904378050915,2.8413111579237724,0.3189183399457323,2.3078351996435202,0.17803871096011342,0.4390751151590623,0.013620646506917121,0.4346560149613598,0.02499428423086568,0.58,0.027386127875258272,0.19080542974670203,0.005883401047800052
low_rating_bottom20_raw,full_content_quantity_interactions_plus_reliability,XGBoostClassifier,0,2704.0,0.0,5,0.22241124260355027,0.003209155791407777,0.4398857413211953,0.01838103678559682,0.7373414606244032,0.01000413027849379,0.5838235294117646,0.03312905978255534,0.5239852398523985,0.037991255132793354,0.4506469500924214,0.02375788393798096,0.13204836899264,0.007807816235231453,0.23600137846154295,0.014833636939447033,0.4053040571572562,0.018423401422410522,2.625432277618372,0.15523775808871992,2.3547886618450633,0.14800794938843087,2.0257711100798907,0.09208295276561569,0.2247096299991318,0.010275405953493938,0.40913571479407784,0.013677610712813497,0.35,0.0,0.1514173686504364,0.0020721956972331312
low_rating_bottom20_raw,full_content_quantity_interactions_plus_reliability,XGBoostClassifier,25,1480.0,0.0,5,0.16905405405405405,0.008485044635648963,0.44682844453474574,0.028621432888743067,0.7898749374820777,0.013240931995828547,0.6243243243243243,0.05181159327751572,0.5297297297297298,0.04744186400416749,0.4168918918918919,0.03441969088364873,0.18491033755963301,0.016565276106078903,0.31342900353636205,0.024934857460446148,0.4926409058415321,0.019175392757355227,3.69820675119266,0.3313055221215781,3.1342900353636205,0.2493485746044618,2.4632045292076605,0.09587696378677638,0.21648567620868323,0.032757698975315296,0.39601570108995576,0.0319507290571304,0.31999999999999995,0.027386127875258293,0.11811393201351165,0.004246746251847128
low_rating_bottom30_bayes_category_m25,content_only_core,DummyClassifier,0,2704.0,0.0,5,0.29770710059171596,0.0029119851605073142,0.29770710059171596,0.0029119851605073142,0.5,0.0,0.2838235294117647,0.01986655306780336,0.2819188191881919,0.023999428105548497,0.2868761552680222,0.01650182190067699,0.047965677158896755,0.003611976246659737,0.09493302916263761,0.008439867413604082,0.19275292384640144,0.010000414949059226,0.9536705223357117,0.07181458655123472,0.9472284533423325,0.08421181360289832,0.9634083291694445,0.049983589689937394,0.0,0.0,0.4588139755900288,0.0034543541288726107,0.05,0.0,0.20908972253243294,0.0011596141832239787
low_rating_bottom30_bayes_category_m25,content_only_core,DummyClassifier,25,1480.0,0.0,5,0.2913513513513514,0.0027611914515814164,0.2913513513513514,0.0027611914515814164,0.5,0.0,0.26216216216216215,0.06452614262872064,0.28243243243243243,0.04642044334410182,0.2858108108108108,0.03781671707825872,0.0450117278430973,0.011246261209107001,0.0968854194142307,0.015560081253002959,0.1961120126063071,0.02511564755317933,0.9002345568619461,0.22492522418213998,0.968854194142307,0.15560081253002958,0.9805600630315354,0.12557823776589663,0.0,0.0,0.4512291587202351,0.003313254823858399,0.05,0.0,0.20647014754387136,0.0011580564204094039
low_rating_bottom30_bayes_category_m25,content_only_core,ExtraTreesClassifier,0,2704.0,0.0,5,0.29770710059171596,0.0029119851605073142,0.5131644609923146,0.02041141260566075,0.7091050052255831,0.013368586263344468,0.6970588235294117,0.03263579561937079,0.6132841328413284,0.028867316923406557,0.5375231053604436,0.02276646097996621,0.11773970387008267,0.004695255150015459,0.20643466236390848,0.008820001051477872,0.3612234499653093,0.01437005975339998,2.340942347534585,0.09335272004148386,2.059776114509257,0.0880047337387313,1.8054495539855755,0.07182373673418405,0.37667209104635707,0.017808976095563818,0.18841974936812714,0.006363759937521011,0.6,0.0,0.19248359506687365,0.001992579416873857
low_rating_bottom30_bayes_category_m25,content_only_core,ExtraTreesClassifier,25,1480.0,0.0,5,0.2913513513513514,0.0027611914515814164,0.5539090232088771,0.01763576000637526,0.7483594803820631,0.009039008929492174,0.754054054054054,0.05001825817113987,0.6472972972972972,0.03147517486176247,0.5722972972972973,0.0263426874184026,0.1294162501296556,0.008643974036694613,0.22213441532930167,0.00965414614850566,0.3928491719945243,0.01741829071263398,2.5883250025931117,0.17287948073389223,2.2213441532930167,0.09654146148505645,1.9642458599726216,0.08709145356316995,0.3975290548537441,0.012158640961116384,0.2501476077501893,0.04864773944999937,0.58,0.02738612787525829,0.18333783422253205,0.0016134909803203162
low_rating_bottom30_bayes_category_m25,content_only_core,HistGradientBoostingClassifier,0,2704.0,0.0,5,0.29770710059171596,0.0029119851605073142,0.5160142286652334,0.02510483884683676,0.7088212214174899,0.014933743117410556,0.6808823529411765,0.05317554332871926,0.6324723247232472,0.036211278008404735,0.555268022181146,0.02303501305681981,0.11499137226869172,0.008215174113032141,0.21286676370644658,0.010732210119415338,0.3730985781276316,0.012691540911106407,2.2862990486363413,0.16333699118852157,2.1239547197868323,0.10708448768597445,1.8648032444678662,0.06343424514534524,0.325736501587438,0.02595475405707321,0.4988248174719792,0.01936471904021741,0.35,0.0,0.1842472755419045,0.0029061686381690543
low_rating_bottom30_bayes_category_m25,content_only_core,HistGradientBoostingClassifier,25,1480.0,0.0,5,0.2913513513513514,0.0027611914515814164,0.5423045590151625,0.010291349008134052,0.7414300856615789,0.00529218758303721,0.7189189189189189,0.040988515913792156,0.6432432432432432,0.02761191451581428,0.5756756756756757,0.009127875733855616,0.12336718752495397,0.0067486558587247815,0.22078645222092272,0.009502736198872925,0.39524510918893,0.00969268551055213,2.4673437504990794,0.13497311717449562,2.207864522209227,0.09502736198872928,1.97622554594465,0.04846342755276075,0.4130990341857698,0.022579551905352383,0.5007505940234269,0.019953858117776658,0.4,0.0,0.17578419125558842,0.002569056219495519
low_rating_bottom30_bayes_category_m25,content_only_core,LogisticRegression,0,2704.0,0.0,5,0.29770710059171596,0.0029119851605073142,0.5223073297268517,0.019625886182188454,0.7075613576000246,0.012824498102810913,0.7117647058823529,0.048047968390307436,0.640590405904059,0.03804497835802808,0.5526802218114603,0.03155891142137501,0.12020253997383498,0.007041537372136986,0.21560396376827867,0.011446776949686344,0.37145943311889323,0.021541141194292072,2.38990932418566,0.14000233128131168,2.151266118189762,0.11421433532085569,1.8566105492670744,0.10766588870492748,0.4233727822892197,0.02558706456955028,0.518274953268206,0.011940415375623044,0.29,0.02236067977499789,0.18550486425873675,0.0038748449934455187
low_rating_bottom30_bayes_category_m25,content_only_core,LogisticRegression,25,1480.0,0.0,5,0.2913513513513514,0.0027611914515814164,0.5440687194037136,0.021416668736758335,0.7449488418575407,0.0055535774512550755,0.7297297297297297,0.06118503471714475,0.65,0.04284018238958746,0.575,0.016446839790051456,0.12522595168052994,0.010316058403398972,0.22307663625370705,0.0140768122870776,0.3947118232965187,0.010560879233986084,2.504519033610599,0.20632116806797937,2.2307663625370706,0.14076812287077586,1.9735591164825936,0.05280439616993047,0.4787057048136476,0.01136066555376875,0.5416482300438158,0.011806427154131233,0.32999999999999996,0.027386127875258306,0.17797993772085127,0.002824196784647136
low_rating_bottom30_bayes_category_m25,content_only_core,LogisticRegressionBalanced,0,2704.0,0.0,5,0.29770710059171596,0.0029119851605073142,0.5204384322739162,0.020357002445297947,0.7066530176883219,0.013455880358628568,0.7102941176470589,0.043994927357798794,0.6383763837638377,0.037631140321718,0.5530499075785582,0.02453610869655472,0.11995772343718938,0.006344703906885574,0.2148695883705197,0.01160782531642675,0.37167395322032043,0.01594885232772719,2.385041795398236,0.12614764238396026,2.143938623446071,0.11582125334176363,1.857682753249069,0.0797147813201004,0.5151377776121391,0.0115062942989714,0.5175825442752345,0.011253670075399774,0.45999999999999996,0.02236067977499789,0.21605480009052536,0.004419120424218747
low_rating_bottom30_bayes_category_m25,content_only_core,LogisticRegressionBalanced,25,1480.0,0.0,5,0.2913513513513514,0.0027611914515814164,0.541669085054853,0.024338623343755486,0.7446228083785245,0.005329291419710932,0.7189189189189189,0.07844824472270265,0.6418918918918919,0.038221988172245855,0.5655405405405405,0.018130280898646933,0.12337615876805577,0.013351129907493741,0.22031834632242914,0.01297912930413098,0.38820830330450734,0.011386029224825992,2.467523175361115,0.2670225981498747,2.203183463224291,0.12979129304130985,1.9410415165225365,0.05693014612412999,0.5477981652862477,0.010471168235873015,0.5452226373901746,0.013178559697024077,0.52,0.027386127875258317,0.205625208561176,0.002804610111666105
low_rating_bottom30_bayes_category_m25,content_only_core,XGBoostClassifier,0,2704.0,0.0,5,0.29770710059171596,0.0029119851605073142,0.5304858871138397,0.022318006714697088,0.7161125497449772,0.012534869194270716,0.6867647058823529,0.05083642946306942,0.6523985239852399,0.03167848860713619,0.5726432532347505,0.021925514014356703,0.11598455776556849,0.00777231633915737,0.21959032533996603,0.00933533034621723,0.38481082649193754,0.013041204571339615,2.3060459132213027,0.1545319366255995,2.1910414749788494,0.09314661718144433,1.9233428370317909,0.0651819171181189,0.36351975349573956,0.01492115231601538,0.5058287384976122,0.016461438439609163,0.35,0.0,0.18189650774002075,0.0027182336411281155
low_rating_bottom30_bayes_category_m25,content_only_core,XGBoostClassifier,25,1480.0,0.0,5,0.2913513513513514,0.0027611914515814164,0.5530535475957631,0.006852009162179647,0.7454473487738371,0.00747041311595466,0.745945945945946,0.03869681368453068,0.6432432432432432,0.014648299586945154,0.577027027027027,0.026103302394705166,0.1280283602403382,0.006840958336321361,0.220809328764749,0.006114644687835715,0.3962596640705286,0.021573877726657344,2.560567204806764,0.13681916672642705,2.20809328764749,0.06114644687835704,1.9812983203526433,0.10786938863328684,0.396103090147757,0.02082331989671626,0.5094736295578028,0.01785223707268118,0.39,0.02236067977499791,0.17367770671844482,0.003279169280573376
low_rating_bottom30_bayes_category_m25,content_plus_quantity,DummyClassifier,0,2704.0,0.0,5,0.29770710059171596,0.0029119851605073142,0.29770710059171596,0.0029119851605073142,0.5,0.0,0.2838235294117647,0.01986655306780336,0.2819188191881919,0.023999428105548497,0.2868761552680222,0.01650182190067699,0.047965677158896755,0.003611976246659737,0.09493302916263761,0.008439867413604082,0.19275292384640144,0.010000414949059226,0.9536705223357117,0.07181458655123472,0.9472284533423325,0.08421181360289832,0.9634083291694445,0.049983589689937394,0.0,0.0,0.4588139755900288,0.0034543541288726107,0.05,0.0,0.20908972253243294,0.0011596141832239787
low_rating_bottom30_bayes_category_m25,content_plus_quantity,DummyClassifier,25,1480.0,0.0,5,0.2913513513513514,0.0027611914515814164,0.2913513513513514,0.0027611914515814164,0.5,0.0,0.26216216216216215,0.06452614262872064,0.28243243243243243,0.04642044334410182,0.2858108108108108,0.03781671707825872,0.0450117278430973,0.011246261209107001,0.0968854194142307,0.015560081253002959,0.1961120126063071,0.02511564755317933,0.9002345568619461,0.22492522418213998,0.968854194142307,0.15560081253002958,0.9805600630315354,0.12557823776589663,0.0,0.0,0.4512291587202351,0.003313254823858399,0.05,0.0,0.20647014754387136,0.0011580564204094039
low_rating_bottom30_bayes_category_m25,content_plus_quantity,ExtraTreesClassifier,0,2704.0,0.0,5,0.29770710059171596,0.0029119851605073142,0.5125910986962292,0.017863880381992076,0.7075663567053199,0.013697170273151878,0.6985294117647058,0.04159451654038515,0.6206642066420665,0.031136565475614737,0.5301293900184844,0.018410202732700526,0.11797212740856125,0.006021784843319712,0.20891444934183526,0.00952637000322408,0.35627796395617917,0.012076099228231899,2.3455634743584532,0.11972725159070967,2.0845190812558023,0.09505278409121004,1.7807312653188696,0.0603581743311259,0.37328300120620467,0.012464296575730725,0.22607491600412694,0.05521328934556672,0.58,0.027386127875258272,0.1923115337355785,0.0019751662261351644
low_rating_bottom30_bayes_category_m25,content_plus_quantity,ExtraTreesClassifier,25,1480.0,0.0,5,0.2913513513513514,0.0027611914515814164,0.5530924156145608,0.018460192127790365,0.7482693396656492,0.009620859758911589,0.7324324324324325,0.06647769662837212,0.6594594594594595,0.05092282076058583,0.5655405405405405,0.017972210916581566,0.12568425712845244,0.011162782127845994,0.2263777906214576,0.017812124274531885,0.3882226003038438,0.01190250113632565,2.5136851425690487,0.22325564255691993,2.2637779062145755,0.17812124274531857,1.9411130015192193,0.059512505681628115,0.4026546892145948,0.006336925218246282,0.27194646997660427,0.04626588091894464,0.56,0.022360679774997873,0.18292615509467997,0.0017011502464141218
low_rating_bottom30_bayes_category_m25,content_plus_quantity,HistGradientBoostingClassifier,0,2704.0,0.0,5,0.29770710059171596,0.0029119851605073142,0.5159862898348392,0.02552159421701154,0.7102480686638885,0.013107441615106281,0.6735294117647059,0.0566224214946425,0.622140221402214,0.030939149544287194,0.5482439926062846,0.027528560726257263,0.1137439017372005,0.008828351905092987,0.20941551289259291,0.009462473568443807,0.3683974845306116,0.016818931174837674,2.261496399245516,0.1755284084659665,2.089518623105429,0.09441523442462006,1.8413064661197296,0.08406356727682268,0.31640740275138746,0.020553761452975636,0.4956271835940969,0.017693126390035438,0.35,0.0,0.18417460965851346,0.0027307277031193215
low_rating_bottom30_bayes_category_m25,content_plus_quantity,HistGradientBoostingClassifier,25,1480.0,0.0,5,0.2913513513513514,0.0027611914515814164,0.5530987368516012,0.011024011155020809,0.7439111172201485,0.004363420630816029,0.7405405405405405,0.03226307131436031,0.65,0.016131535657180184,0.5824324324324325,0.014253393993060179,0.12709597464953482,0.005638983700205243,0.22310285358322696,0.00540183258447408,0.399914874477406,0.013508157729852161,2.5419194929906963,0.11277967400410474,2.2310285358322695,0.05401832584474068,1.9995743723870298,0.06754078864926086,0.4142912884554291,0.02463342109614088,0.505322737278056,0.02025792154975415,0.4,0.0,0.1744199717274031,0.0020729197368168934
low_rating_bottom30_bayes_category_m25,content_plus_quantity,LogisticRegression,0,2704.0,0.0,5,0.29770710059171596,0.0029119851605073142,0.5178100496518723,0.01985016179188882,0.7054471076106166,0.012897878544223838,0.7117647058823529,0.04204699545734058,0.6369003690036901,0.0417968966483959,0.5515711645101664,0.025093740497663896,0.12020990201444821,0.006044823387824246,0.21436412086335666,0.01290741719580586,0.37071832358620727,0.017427061356273903,2.3900556988754995,0.12018531206379987,2.138895139536961,0.1287883988836128,1.852906371491875,0.08710309409864067,0.415382757543055,0.021342683715793537,0.5135405968101254,0.013937787145834591,0.3,0.0,0.1862577328654576,0.0038902642119320457
low_rating_bottom30_bayes_category_m25,content_plus_quantity,LogisticRegression,25,1480.0,0.0,5,0.2913513513513514,0.0027611914515814164,0.543664651894455,0.025886985628006478,0.7441167782483455,0.007415226753425988,0.7135135135135136,0.08074253646643058,0.6513513513513514,0.04262651431239863,0.568918918918919,0.014051779961544206,0.12244038447992596,0.013633202502155075,0.2235495085191086,0.014209512925201223,0.390551333447985,0.009544092580787379,2.4488076895985187,0.27266405004310135,2.2354950851910855,0.14209512925201215,1.9527566672399252,0.047720462903936785,0.4726457521524413,0.00993480288837047,0.5385194774162003,0.00952512074411968,0.33999999999999997,0.02236067977499789,0.17869506497284143,0.0037390504641067477
low_rating_bottom30_bayes_category_m25,content_plus_quantity,LogisticRegressionBalanced,0,2704.0,0.0,5,0.29770710059171596,0.0029119851605073142,0.515748602741926,0.020355742230331902,0.7045516670302483,0.01341739469559922,0.7102941176470589,0.040139247246929945,0.6346863468634687,0.04571775532606592,0.5482439926062848,0.0239084105796747,0.11995950059468233,0.005636183271355597,0.21361879797553787,0.014356149972161107,0.3684493829636672,0.01568958925359108,2.385077129470743,0.11206058504224657,2.1314584122725253,0.14324365138274395,1.8415658623544477,0.07841894517876195,0.5145229577449053,0.012106453349178719,0.5169539109283897,0.011901487732410768,0.45999999999999996,0.02236067977499789,0.21672682090057688,0.004426061125086024
low_rating_bottom30_bayes_category_m25,content_plus_quantity,LogisticRegressionBalanced,25,1480.0,0.0,5,0.2913513513513514,0.0027611914515814164,0.5402549765472059,0.028719484289990684,0.743542136368267,0.007175669034957986,0.6972972972972973,0.0852530286247973,0.6513513513513514,0.05024592552048166,0.5635135135135135,0.022587181960063214,0.1196439699175466,0.014294008526701749,0.2235172362519251,0.0163736440130671,0.38680549608629206,0.01430415466510075,2.392879398350932,0.2858801705340347,2.235172362519251,0.16373644013067087,1.9340274804314603,0.0715207733255037,0.5474220154933107,0.013133232464945308,0.5474927357908548,0.015861821845246916,0.5,0.035355339059327404,0.20644592774307494,0.003874667500384545
low_rating_bottom30_bayes_category_m25,content_plus_quantity,XGBoostClassifier,0,2704.0,0.0,5,0.29770710059171596,0.0029119851605073142,0.535793289497619,0.017337428872934643,0.7174446838799178,0.008635345973100034,0.7161764705882353,0.045801210301168925,0.6538745387453875,0.02898499909469447,0.5715341959334566,0.018777708094935716,0.12095266759652916,0.006751371467082003,0.2200872445646492,0.008286824303361426,0.3840550582689751,0.010068395051599061,2.4048236263309914,0.13423315034551264,2.1959996653240275,0.08268477090881661,1.9195653929007555,0.05032336454625485,0.3622544056737305,0.015323118594438818,0.5146141316268164,0.011237753863391115,0.35,0.0,0.18133596777915956,0.0020951398180504774
low_rating_bottom30_bayes_category_m25,content_plus_quantity,XGBoostClassifier,25,1480.0,0.0,5,0.2913513513513514,0.0027611914515814164,0.558313380850682,0.009816717352111851,0.7484718124496972,0.005992653448994031,0.7216216216216216,0.03774118930748361,0.6513513513513514,0.01825575146771124,0.5797297297297297,0.012996881122750926,0.12382715348920248,0.005992818218721987,0.22360361041891413,0.007668994987437078,0.39802188796713633,0.011314923929883858,2.4765430697840496,0.1198563643744397,2.2360361041891412,0.07668994987437074,1.9901094398356816,0.05657461964941919,0.40354372737276367,0.015359929846508075,0.49920885220177497,0.015198360476577386,0.4,0.0,0.1728696346282959,0.0020094110412667006
low_rating_bottom30_bayes_category_m25,content_plus_reliability,DummyClassifier,0,2704.0,0.0,5,0.29770710059171596,0.0029119851605073142,0.29770710059171596,0.0029119851605073142,0.5,0.0,0.2838235294117647,0.01986655306780336,0.2819188191881919,0.023999428105548497,0.2868761552680222,0.01650182190067699,0.047965677158896755,0.003611976246659737,0.09493302916263761,0.008439867413604082,0.19275292384640144,0.010000414949059226,0.9536705223357117,0.07181458655123472,0.9472284533423325,0.08421181360289832,0.9634083291694445,0.049983589689937394,0.0,0.0,0.4588139755900288,0.0034543541288726107,0.05,0.0,0.20908972253243294,0.0011596141832239787
low_rating_bottom30_bayes_category_m25,content_plus_reliability,DummyClassifier,25,1480.0,0.0,5,0.2913513513513514,0.0027611914515814164,0.2913513513513514,0.0027611914515814164,0.5,0.0,0.26216216216216215,0.06452614262872064,0.28243243243243243,0.04642044334410182,0.2858108108108108,0.03781671707825872,0.0450117278430973,0.011246261209107001,0.0968854194142307,0.015560081253002959,0.1961120126063071,0.02511564755317933,0.9002345568619461,0.22492522418213998,0.968854194142307,0.15560081253002958,0.9805600630315354,0.12557823776589663,0.0,0.0,0.4512291587202351,0.003313254823858399,0.05,0.0,0.20647014754387136,0.0011580564204094039
low_rating_bottom30_bayes_category_m25,content_plus_reliability,ExtraTreesClassifier,0,2704.0,0.0,5,0.29770710059171596,0.0029119851605073142,0.5214731562622084,0.02541909644801271,0.7180828279816825,0.014708061192356068,0.7014705882352941,0.047822389827967965,0.6191881918819189,0.03766730673114346,0.5486136783733826,0.0296728966651147,0.11847098235301146,0.0072586951616407745,0.20841192065134453,0.011778384951816061,0.36864133777405106,0.018319335549525913,2.3554818844304632,0.1443199390961519,2.079504920447364,0.11752307346756695,1.8425252815915598,0.09156281575955283,0.3821895419345827,0.01833531367425522,0.22038763648386633,0.04751604562811757,0.5900000000000001,0.022360679774997887,0.19111245843097566,0.0023611509078413336
low_rating_bottom30_bayes_category_m25,content_plus_reliability,ExtraTreesClassifier,25,1480.0,0.0,5,0.2913513513513514,0.0027611914515814164,0.5672905333438962,0.01571799035725774,0.761528313626132,0.0078826957918334,0.7513513513513514,0.0693020616484221,0.6554054054054055,0.03822198817224583,0.5878378378378378,0.020825722983003274,0.1289456935931724,0.011845923958028928,0.22492742816575273,0.012364494933651446,0.40349806865686544,0.012801946428567685,2.578913871863448,0.23691847916057868,2.2492742816575273,0.12364494933651445,2.017490343284327,0.06400973214283819,0.41438367659132275,0.017626913984545564,0.25758646483126413,0.06985520300799955,0.5700000000000001,0.02738612787525829,0.1811556137870261,0.0014698169813445463
low_rating_bottom30_bayes_category_m25,content_plus_reliability,HistGradientBoostingClassifier,0,2704.0,0.0,5,0.29770710059171596,0.0029119851605073142,0.5397793631117075,0.02584030369831196,0.7281475755115941,0.010118137390738727,0.7220588235294118,0.03617168787132011,0.6494464944649446,0.030651748571653432,0.5719038817005545,0.033568200501743105,0.12197605468025696,0.005681651047621167,0.2186075601314294,0.009286407683816299,0.38423979773409467,0.01963173972790636,2.425170969525109,0.11296459141740885,2.1812355815327864,0.0926584737160122,1.9204887487485987,0.098122410765728,0.34050818069700756,0.01793523288789562,0.517770507541218,0.01184559700220027,0.35,0.0,0.18002421626974013,0.0024402005849411598
low_rating_bottom30_bayes_category_m25,content_plus_reliability,HistGradientBoostingClassifier,25,1480.0,0.0,5,0.2913513513513514,0.0027611914515814164,0.5781223353300747,0.008033343518886207,0.7652774925563836,0.007589109357902684,0.7702702702702703,0.03021713483107825,0.6864864864864865,0.026429198940010806,0.6074324324324325,0.010247128978448001,0.132179197575974,0.004705541246786827,0.23563881042308324,0.009347762108191972,0.41699483529409587,0.0073684342205671905,2.6435839515194792,0.09411082493573661,2.3563881042308323,0.09347762108191973,2.0849741764704794,0.03684217110283589,0.44648743153436676,0.024923305458993152,0.5250358243981421,0.02271738919561431,0.41000000000000003,0.02236067977499789,0.16852185583495435,0.0029368553070228507
low_rating_bottom30_bayes_category_m25,content_plus_reliability,LogisticRegression,0,2704.0,0.0,5,0.29770710059171596,0.0029119851605073142,0.5276154137746143,0.020012795278679486,0.714693640068798,0.013272727804019828,0.7161764705882353,0.03770847472046496,0.6538745387453875,0.044387938402053365,0.5615526802218115,0.020969689908897263,0.12096078938125587,0.0053439919136263735,0.2200930702189802,0.014098279046978015,0.377425112307394,0.014725218655096255,2.40498510652144,0.10625113334151237,2.1960577928860605,0.14067065145028992,1.8864279180761432,0.07359887475671023,0.42526600022891137,0.022422753599680857,0.5249394670956653,0.013259554456205459,0.3,0.0,0.1841978262451194,0.004133664044742909
low_rating_bottom30_bayes_category_m25,content_plus_reliability,LogisticRegression,25,1480.0,0.0,5,0.2913513513513514,0.0027611914515814164,0.5722033090154781,0.016736498550318415,0.7655664470913129,0.007693029584011556,0.7432432432432432,0.08051604924197961,0.6824324324324325,0.029061909685954818,0.5972972972972974,0.009964784597130148,0.12755919440203844,0.013860224454469454,0.23423400520572496,0.009860785466371933,0.4100285481884276,0.006425776402234235,2.551183888040769,0.2772044890893892,2.34234005205725,0.09860785466371935,2.050142740942138,0.03212888201117129,0.5040318099856167,0.007435102429819351,0.5615478333306785,0.01956428841784778,0.30999999999999994,0.04183300132670375,0.17163075574498485,0.0025058680051049387
low_rating_bottom30_bayes_category_m25,content_plus_reliability,LogisticRegressionBalanced,0,2704.0,0.0,5,0.29770710059171596,0.0029119851605073142,0.5255840030490818,0.020597046754756806,0.714136925199465,0.013901678138603529,0.7147058823529412,0.04514729833237868,0.6501845018450185,0.04699548479685011,0.555637707948244,0.024333356353070646,0.12071366825333954,0.006804648259378514,0.21884649341118925,0.01495875010296096,0.3734362009626114,0.016478835353244292,2.400071757036986,0.1352924183335258,2.183619624294671,0.14925631099042963,1.8664907345709818,0.08236371681177929,0.525948143624938,0.014793127812871036,0.5292458376404785,0.012983972462137785,0.47000000000000003,0.0273861278752583,0.2140086475413014,0.004772873651000925
low_rating_bottom30_bayes_category_m25,content_plus_reliability,LogisticRegressionBalanced,25,1480.0,0.0,5,0.2913513513513514,0.0027611914515814164,0.5692752866053128,0.019807941679491303,0.7655438461629309,0.006868728393579176,0.7378378378378379,0.08994357455293914,0.677027027027027,0.034913542385848144,0.5966216216216217,0.008809732980003591,0.12662142211476568,0.015382391313210031,0.23234974617761833,0.011177353368034049,0.40956658422503606,0.0057622144538626565,2.5324284422953136,0.30764782626420056,2.3234974617761837,0.11177353368034056,2.0478329211251802,0.02881107226931343,0.5689341642842416,0.012681968232225624,0.5685443671265025,0.012294298226077078,0.48,0.02738612787525831,0.19793603851385486,0.0030615436571410594
low_rating_bottom30_bayes_category_m25,content_plus_reliability,XGBoostClassifier,0,2704.0,0.0,5,0.29770710059171596,0.0029119851605073142,0.5500532222572883,0.02878998661261832,0.7350616052267396,0.012443554484974641,0.7367647058823529,0.06376318643729059,0.6708487084870849,0.040707646850248295,0.589648798521257,0.019779052272673472,0.12442191014402808,0.009934658085534008,0.22577733070754452,0.012084792887833871,0.3962503395512321,0.011720961342178938,2.473800331098911,0.19752437840649983,2.2527745469859797,0.12058036888820213,1.9805192572024612,0.058583141347970116,0.38316859133167364,0.015222907538417933,0.5255765499639896,0.012032175635789764,0.35,0.0,0.17770765125751495,0.0033314286257239947
low_rating_bottom30_bayes_category_m25,content_plus_reliability,XGBoostClassifier,25,1480.0,0.0,5,0.2913513513513514,0.0027611914515814164,0.5795487625961533,0.0071420043717373765,0.7678269592115188,0.006289716257398459,0.754054054054054,0.029296599173890263,0.6716216216216216,0.02810355992308838,0.6,0.011102484273753335,0.12940886543404323,0.0049279181345304995,0.2305860576139906,0.011241977427985838,0.4119527209688707,0.011175742835606645,2.588177308680865,0.09855836269060982,2.305860576139906,0.11241977427985829,2.0597636048443535,0.055878714178033265,0.4304280006250785,0.020288557350159078,0.5285382961131142,0.007088785616697216,0.4,0.0,0.1678306370973587,0.002450035429951729
low_rating_bottom30_bayes_category_m25,content_quantity_interactions,DummyClassifier,0,2704.0,0.0,5,0.29770710059171596,0.0029119851605073142,0.29770710059171596,0.0029119851605073142,0.5,0.0,0.2838235294117647,0.01986655306780336,0.2819188191881919,0.023999428105548497,0.2868761552680222,0.01650182190067699,0.047965677158896755,0.003611976246659737,0.09493302916263761,0.008439867413604082,0.19275292384640144,0.010000414949059226,0.9536705223357117,0.07181458655123472,0.9472284533423325,0.08421181360289832,0.9634083291694445,0.049983589689937394,0.0,0.0,0.4588139755900288,0.0034543541288726107,0.05,0.0,0.20908972253243294,0.0011596141832239787
low_rating_bottom30_bayes_category_m25,content_quantity_interactions,DummyClassifier,25,1480.0,0.0,5,0.2913513513513514,0.0027611914515814164,0.2913513513513514,0.0027611914515814164,0.5,0.0,0.26216216216216215,0.06452614262872064,0.28243243243243243,0.04642044334410182,0.2858108108108108,0.03781671707825872,0.0450117278430973,0.011246261209107001,0.0968854194142307,0.015560081253002959,0.1961120126063071,0.02511564755317933,0.9002345568619461,0.22492522418213998,0.968854194142307,0.15560081253002958,0.9805600630315354,0.12557823776589663,0.0,0.0,0.4512291587202351,0.003313254823858399,0.05,0.0,0.20647014754387136,0.0011580564204094039
low_rating_bottom30_bayes_category_m25,content_quantity_interactions,ExtraTreesClassifier,0,2704.0,0.0,5,0.29770710059171596,0.0029119851605073142,0.5144003797975432,0.02040984751290453,0.7095846336441513,0.013496865728100544,0.6897058823529412,0.037994149066952365,0.6177121771217713,0.02668588152289974,0.5382624768946396,0.017844759166206575,0.11650173905867829,0.005863298263229747,0.20792716606099035,0.008066523564964583,0.3617295594625746,0.01110256005208083,2.3163286942254855,0.11657616546892094,2.0746681071177786,0.08048664103197148,1.8079791659645135,0.055492277968256155,0.3746889130587078,0.010536174260122062,0.20376291468949823,0.04975723876997817,0.5900000000000001,0.022360679774997887,0.19195152081430586,0.002162996019076628
low_rating_bottom30_bayes_category_m25,content_quantity_interactions,ExtraTreesClassifier,25,1480.0,0.0,5,0.2913513513513514,0.0027611914515814164,0.5513350274701313,0.015326156514842551,0.7470153552581874,0.008627753424316424,0.7324324324324325,0.067160938593455,0.6472972972972972,0.024548516384574247,0.5695945945945946,0.027611914515814295,0.12567767558310558,0.011222696411974674,0.22219488989654618,0.008917166609982295,0.39101800283804977,0.01911910408725826,2.5135535116621117,0.2244539282394935,2.221948898965462,0.08917166609982277,1.9550900141902487,0.09559552043629115,0.4010120020668312,0.01887614306745048,0.2602862527772121,0.06973105334578233,0.5700000000000001,0.027386127875258258,0.18315219845002417,0.0013753360656600054
low_rating_bottom30_bayes_category_m25,content_quantity_interactions,HistGradientBoostingClassifier,0,2704.0,0.0,5,0.29770710059171596,0.0029119851605073142,0.5181398872308973,0.025840787532821458,0.7110345812678361,0.013257568146415953,0.6941176470588235,0.07064183014397322,0.6280442804428044,0.0305850417492282,0.5611829944547135,0.02835395844176753,0.11719789955352675,0.01097506484564206,0.21141700774147926,0.009769463014651796,0.3770660413941791,0.016601800414005632,2.3301700028877668,0.2182101128133538,2.1094892580552025,0.09747833207239272,1.8846332272270985,0.08297831482342194,0.31963820972550094,0.027944568578892735,0.5012674458250339,0.0236793748113639,0.35,0.0,0.18380233241651792,0.002885945047551124
low_rating_bottom30_bayes_category_m25,content_quantity_interactions,HistGradientBoostingClassifier,25,1480.0,0.0,5,0.2913513513513514,0.0027611914515814164,0.5470483982592809,0.019233682278869634,0.7430362173010625,0.006029585242752726,0.7378378378378379,0.03893205484023767,0.6405405405405405,0.02719542134797043,0.5864864864864865,0.02372093200208374,0.12662010538541882,0.006450802023068701,0.21984980081369082,0.00899121886031551,0.40271952479729595,0.019287635546326027,2.5324021077083763,0.12901604046137388,2.1984980081369083,0.08991218860315493,2.01359762398648,0.09643817773162994,0.40745470929910044,0.02526589615699213,0.5021392192775858,0.01232803366133166,0.4,0.0,0.1752699425024961,0.0030077576456997955
low_rating_bottom30_bayes_category_m25,content_quantity_interactions,LogisticRegression,0,2704.0,0.0,5,0.29770710059171596,0.0029119851605073142,0.5178066413429743,0.019993640709780235,0.705539922045853,0.012814503029950446,0.7176470588235294,0.04725373239135188,0.6339483394833948,0.04153545923322572,0.5500924214417745,0.024991414094130245,0.12119577677724576,0.006861772686040978,0.21337710316846778,0.012970181845275295,0.3697194525022437,0.01721267258452058,2.4096572088652395,0.1364281863459914,2.1290468153783646,0.12941465575507177,1.8479138624141715,0.0860315465222617,0.41664663728412893,0.021929981734841803,0.5153003462242278,0.014541744544226019,0.29,0.02236067977499789,0.1862785722644,0.0038293443771394192
low_rating_bottom30_bayes_category_m25,content_quantity_interactions,LogisticRegression,25,1480.0,0.0,5,0.2913513513513514,0.0027611914515814164,0.5423062027125278,0.02534700294843952,0.7429599460424858,0.0069719001828517655,0.7081081081081081,0.08736881013645738,0.6472972972972972,0.04257292973519829,0.5682432432432433,0.014011109022518715,0.12151332464535725,0.014788019240802846,0.2221604847211484,0.01423304514094134,0.3900851776370017,0.009387789027748455,2.430266492907145,0.29576038481605677,2.221604847211484,0.14233045140941328,1.950425888185008,0.04693894513874222,0.4722028122355434,0.007834963790514956,0.5402668921838074,0.009963626347508331,0.33999999999999997,0.02236067977499789,0.17923239459376014,0.003714379856881353
low_rating_bottom30_bayes_category_m25,content_quantity_interactions,LogisticRegressionBalanced,0,2704.0,0.0,5,0.29770710059171596,0.0029119851605073142,0.5155796223931203,0.02016443055861408,0.7046517552580293,0.013261111397903622,0.7102941176470589,0.035492701135726994,0.6324723247232472,0.04292196612131466,0.5486136783733826,0.022119445917414618,0.11996564358192488,0.004869024763516412,0.21288004434065666,0.013507761786981048,0.36870575031337166,0.014713480752413854,2.3851992665112123,0.09680766882756167,2.124087232092751,0.13477855303319838,1.842847225226168,0.07354020693997633,0.5133085751598911,0.015315271584280764,0.5172476174538854,0.013087156997841482,0.47000000000000003,0.0273861278752583,0.21666952799325578,0.00436679072775178
low_rating_bottom30_bayes_category_m25,content_quantity_interactions,LogisticRegressionBalanced,25,1480.0,0.0,5,0.2913513513513514,0.0027611914515814164,0.5394811785803784,0.02861216245449077,0.7425601504244131,0.006862913490991648,0.7081081081081082,0.09195149100650811,0.645945945945946,0.04695824419971368,0.5594594594594595,0.01844235684318403,0.12150780303981659,0.015506384871102657,0.22169758269842013,0.015842908005431425,0.3840081564931778,0.010567638238432799,2.4301560607963317,0.31012769742205293,2.2169758269842013,0.15842908005431403,1.920040782465889,0.05283819119216383,0.5455983190313681,0.012162278355345973,0.5429393013101461,0.015283705210461702,0.52,0.0447213595499958,0.20699057609797897,0.00396406577970045
low_rating_bottom30_bayes_category_m25,content_quantity_interactions,XGBoostClassifier,0,2704.0,0.0,5,0.29770710059171596,0.0029119851605073142,0.5310435600784416,0.018892489311306937,0.7146112057932031,0.008862181750096733,0.7191176470588235,0.04748201262047923,0.6509225092250922,0.025378227105607967,0.5670979667282809,0.021690507078308253,0.12145966449777941,0.00724680442216681,0.21909497995574118,0.006957297624857725,0.38104411204052574,0.011216647925470658,2.4149039176617313,0.14408352321719894,2.186098988193078,0.06941894013880179,1.9045162272783394,0.05606250645189009,0.36451310120839137,0.01050934053676666,0.5040101433874662,0.011659395245643052,0.35,0.0,0.18213342726230622,0.001949820498863238
low_rating_bottom30_bayes_category_m25,content_quantity_interactions,XGBoostClassifier,25,1480.0,0.0,5,0.2913513513513514,0.0027611914515814164,0.5570605769704068,0.012328043271891343,0.7514144262387183,0.006148145422273946,0.7297297297297297,0.04378878850275582,0.6243243243243243,0.0272792287002518,0.5790540540540541,0.018596431006112014,0.1252063289249588,0.0068455271442071615,0.21432423667943135,0.010245399800415535,0.3976064323300301,0.016147889267332096,2.504126578499176,0.13691054288414306,2.1432423667943135,0.10245399800415521,1.9880321616501504,0.08073944633666034,0.40672655073257236,0.022150667853708166,0.5038181203199438,0.011454500402654177,0.4,0.0,0.1724537968635559,0.0030714218119641213
low_rating_bottom30_bayes_category_m25,content_quantity_plus_reliability,DummyClassifier,0,2704.0,0.0,5,0.29770710059171596,0.0029119851605073142,0.29770710059171596,0.0029119851605073142,0.5,0.0,0.2838235294117647,0.01986655306780336,0.2819188191881919,0.023999428105548497,0.2868761552680222,0.01650182190067699,0.047965677158896755,0.003611976246659737,0.09493302916263761,0.008439867413604082,0.19275292384640144,0.010000414949059226,0.9536705223357117,0.07181458655123472,0.9472284533423325,0.08421181360289832,0.9634083291694445,0.049983589689937394,0.0,0.0,0.4588139755900288,0.0034543541288726107,0.05,0.0,0.20908972253243294,0.0011596141832239787
low_rating_bottom30_bayes_category_m25,content_quantity_plus_reliability,DummyClassifier,25,1480.0,0.0,5,0.2913513513513514,0.0027611914515814164,0.2913513513513514,0.0027611914515814164,0.5,0.0,0.26216216216216215,0.06452614262872064,0.28243243243243243,0.04642044334410182,0.2858108108108108,0.03781671707825872,0.0450117278430973,0.011246261209107001,0.0968854194142307,0.015560081253002959,0.1961120126063071,0.02511564755317933,0.9002345568619461,0.22492522418213998,0.968854194142307,0.15560081253002958,0.9805600630315354,0.12557823776589663,0.0,0.0,0.4512291587202351,0.003313254823858399,0.05,0.0,0.20647014754387136,0.0011580564204094039
low_rating_bottom30_bayes_category_m25,content_quantity_plus_reliability,ExtraTreesClassifier,0,2704.0,0.0,5,0.29770710059171596,0.0029119851605073142,0.5234620120530599,0.020826556393854393,0.7189248407726464,0.012857651991579342,0.7029411764705882,0.04274835839337835,0.6280442804428044,0.01870670384595809,0.5475046210720886,0.021964437378947058,0.11872243185650133,0.006361505179700987,0.21142491380179868,0.005805695206198194,0.3679316411168861,0.013774797806058094,2.360481292205732,0.12648169121993724,2.109568143616471,0.057928412684723256,1.838978110129501,0.06884852729682281,0.37446084873138025,0.0176883851519248,0.22847520572225455,0.04847341709815944,0.58,0.02738612787525826,0.1905019190700767,0.001975403313019637
low_rating_bottom30_bayes_category_m25,content_quantity_plus_reliability,ExtraTreesClassifier,25,1480.0,0.0,5,0.2913513513513514,0.0027611914515814164,0.5688199328108496,0.017069661195725297,0.7601788376737015,0.007236706458757854,0.754054054054054,0.08673949478854709,0.6662162162162162,0.044461307773951624,0.5837837837837838,0.015737587430881255,0.12937738328852336,0.014510927786857749,0.22868196695240495,0.015391149750264004,0.40071271033416933,0.008536833390180878,2.587547665770467,0.29021855573715477,2.286819669524049,0.15391149750263974,2.0035635516708465,0.042684166950904365,0.41900615290805704,0.01345038930575741,0.3027318248507204,0.014532932584052104,0.55,0.0,0.18081316203713443,0.0014263408262283367
low_rating_bottom30_bayes_category_m25,content_quantity_plus_reliability,HistGradientBoostingClassifier,0,2704.0,0.0,5,0.29770710059171596,0.0029119851605073142,0.5387441890531832,0.02676445821085547,0.7285051449455027,0.011584586709246869,0.7220588235294118,0.04860733494423061,0.6583025830258302,0.04038862964579224,0.5693160813308688,0.02399400182208349,0.12196493036495124,0.007674166637609655,0.22156972356874144,0.012432583265640628,0.3825517204252308,0.01372240551447353,2.4249497919619714,0.1525804896183568,2.210791632951575,0.12405057251030373,1.9120514824950532,0.06858666268232233,0.35456571111372925,0.004624959410700052,0.5171615442872893,0.012911290183192972,0.35,0.0,0.17994928110779665,0.002603931328001499
low_rating_bottom30_bayes_category_m25,content_quantity_plus_reliability,HistGradientBoostingClassifier,25,1480.0,0.0,5,0.2913513513513514,0.0027611914515814164,0.5738750869332379,0.009065475874390726,0.7636625059756963,0.004246280237469314,0.7567567567567568,0.03700828091251122,0.6891891891891893,0.02906190968595481,0.6067567567567568,0.024079094163791174,0.12988273669901626,0.006550889887348192,0.236623151976876,0.011723233903922166,0.4165854215660514,0.0181792323092877,2.5976547339803253,0.1310177977469638,2.36623151976876,0.11723233903922164,2.082927107830257,0.09089616154643851,0.442290459399086,0.013894562596121544,0.5285456898617992,0.009375042190060755,0.4,0.0,0.1692718571126443,0.0024802313582809195
low_rating_bottom30_bayes_category_m25,content_quantity_plus_reliability,LogisticRegression,0,2704.0,0.0,5,0.29770710059171596,0.0029119851605073142,0.5226392041750295,0.020672614630839383,0.7125049078352438,0.01350444618349012,0.7161764705882353,0.04550514249048764,0.6487084870848709,0.04423429329443839,0.5519408502772644,0.02332977889237998,0.12095906961795422,0.006791197046437097,0.21835376295895167,0.01405878753289304,0.37097236152989566,0.016434941701536927,2.4049509135805014,0.13502497657033746,2.178703228933599,0.14027661066030542,1.8541760916392565,0.08214432968753382,0.42316673220024137,0.018271177814511045,0.5248269916540207,0.014142730982285925,0.3,0.0,0.1850111293635996,0.0042312820290515115
low_rating_bottom30_bayes_category_m25,content_quantity_plus_reliability,LogisticRegression,25,1480.0,0.0,5,0.2913513513513514,0.0027611914515814164,0.5699428939211933,0.019953742245326797,0.7644213649938727,0.00833642423772067,0.7432432432432432,0.08275303185078305,0.6918918918918919,0.03226307131436033,0.5925675675675676,0.009733013710059402,0.12754834704026308,0.014135556784214064,0.23745339500989418,0.010174153433954444,0.4068003829904626,0.007676348803685022,2.5509669408052615,0.28271113568428125,2.3745339500989417,0.10174153433954432,2.0340019149523125,0.038381744018424965,0.5069552720561392,0.009078587298560831,0.5606651961431156,0.014127675622950052,0.31999999999999995,0.027386127875258286,0.17256418861849843,0.0031181657248503117
low_rating_bottom30_bayes_category_m25,content_quantity_plus_reliability,LogisticRegressionBalanced,0,2704.0,0.0,5,0.29770710059171596,0.0029119851605073142,0.5211525439101934,0.020526738515725267,0.7120410239276729,0.014037414143051305,0.7132352941176471,0.03925396416187983,0.647970479704797,0.047585740698531914,0.5519408502772644,0.02325643768954026,0.12047072981021154,0.005826531822714331,0.2181011269815371,0.015150883954377328,0.3709465644398975,0.015606895313293179,2.395241569167735,0.1158451621222024,2.1761824625759276,0.15117339561858417,1.854047153873351,0.07800562833113642,0.5240634315886332,0.01671368155339167,0.5284979416608266,0.01658636417094024,0.48,0.027386127875258313,0.21475272390038763,0.004847419433268593
low_rating_bottom30_bayes_category_m25,content_quantity_plus_reliability,LogisticRegressionBalanced,25,1480.0,0.0,5,0.2913513513513514,0.0027611914515814164,0.566754365199133,0.022370114275188716,0.7643160939345197,0.007827122511330309,0.7297297297297297,0.07937391975993735,0.6824324324324325,0.02660137795274259,0.597972972972973,0.01722641727565127,0.12522487871212187,0.013544939828562363,0.23423081235770454,0.008910792079548915,0.4104730223044621,0.01071970356290976,2.504497574242437,0.2708987965712472,2.3423081235770455,0.08910792079548904,2.0523651115223105,0.05359851781454875,0.5646876452154881,0.01036912476104021,0.5639892750084178,0.00904876248211153,0.51,0.022360679774997935,0.19891792703692274,0.0038178718155989005
low_rating_bottom30_bayes_category_m25,content_quantity_plus_reliability,XGBoostClassifier,0,2704.0,0.0,5,0.29770710059171596,0.0029119851605073142,0.5487436371163735,0.02486160396846531,0.7321975589210424,0.010389397837700102,0.7352941176470588,0.04411764705882354,0.6619926199261993,0.03639880530083453,0.57818853974122,0.02831778497378565,0.12419253244590375,0.006643578232976838,0.2228369615463856,0.01152535408132005,0.38852065723199536,0.017138858832528126,2.4692397627479687,0.1320899672203632,2.2234359557986223,0.11499836692210114,1.9418851333739657,0.08566261420176717,0.3848386662888599,0.02271046326133062,0.523164770809969,0.011422614476031332,0.35,0.0,0.17821905314922332,0.002920715147845179
low_rating_bottom30_bayes_category_m25,content_quantity_plus_reliability,XGBoostClassifier,25,1480.0,0.0,5,0.2913513513513514,0.0027611914515814164,0.5900163364903975,0.010294835957656328,0.7701047465974344,0.005350168731668518,0.7945945945945946,0.042087598655128206,0.6945945945945946,0.021043799327564124,0.6121621621621622,0.020043779694853093,0.13636675581592586,0.007179365827059004,0.23844746304542142,0.008549993781771792,0.4203273238696932,0.016784424270428963,2.727335116318517,0.14358731654117987,2.384474630454214,0.08549993781771796,2.101636619348466,0.08392212135214475,0.4259881349604419,0.023242195439042723,0.5272224970489295,0.011288344751269865,0.4,0.0,0.16653096973896026,0.002345550380545416
low_rating_bottom30_bayes_category_m25,full_content_quantity_interactions_plus_reliability,DummyClassifier,0,2704.0,0.0,5,0.29770710059171596,0.0029119851605073142,0.29770710059171596,0.0029119851605073142,0.5,0.0,0.2838235294117647,0.01986655306780336,0.2819188191881919,0.023999428105548497,0.2868761552680222,0.01650182190067699,0.047965677158896755,0.003611976246659737,0.09493302916263761,0.008439867413604082,0.19275292384640144,0.010000414949059226,0.9536705223357117,0.07181458655123472,0.9472284533423325,0.08421181360289832,0.9634083291694445,0.049983589689937394,0.0,0.0,0.4588139755900288,0.0034543541288726107,0.05,0.0,0.20908972253243294,0.0011596141832239787
low_rating_bottom30_bayes_category_m25,full_content_quantity_interactions_plus_reliability,DummyClassifier,25,1480.0,0.0,5,0.2913513513513514,0.0027611914515814164,0.2913513513513514,0.0027611914515814164,0.5,0.0,0.26216216216216215,0.06452614262872064,0.28243243243243243,0.04642044334410182,0.2858108108108108,0.03781671707825872,0.0450117278430973,0.011246261209107001,0.0968854194142307,0.015560081253002959,0.1961120126063071,0.02511564755317933,0.9002345568619461,0.22492522418213998,0.968854194142307,0.15560081253002958,0.9805600630315354,0.12557823776589663,0.0,0.0,0.4512291587202351,0.003313254823858399,0.05,0.0,0.20647014754387136,0.0011580564204094039
low_rating_bottom30_bayes_category_m25,full_content_quantity_interactions_plus_reliability,ExtraTreesClassifier,0,2704.0,0.0,5,0.29770710059171596,0.0029119851605073142,0.521115672328318,0.021501285899537776,0.7166022004037348,0.01352178126324875,0.6955882352941176,0.05317554332871924,0.6206642066420665,0.02325016088859539,0.5452865064695009,0.01885034940330048,0.11746248985604064,0.007950518017782487,0.20891630870826483,0.006535917742833582,0.36647277853325855,0.012690292413967125,2.335430680667161,0.1580750052947343,2.084537633753314,0.0652144707624429,1.83168649381503,0.06342800496740691,0.37518148318865513,0.007788785383021657,0.23867006559715814,0.05238818394050475,0.5700000000000001,0.02738612787525829,0.19093024541423403,0.0021375478160640814
low_rating_bottom30_bayes_category_m25,full_content_quantity_interactions_plus_reliability,ExtraTreesClassifier,25,1480.0,0.0,5,0.2913513513513514,0.0027611914515814164,0.5655441442108738,0.014664372440344112,0.7622151359362351,0.007164776963728289,0.7621621621621621,0.07856455056080341,0.6567567567567567,0.039801828310873345,0.5804054054054054,0.0177806721174875,0.1307954865056466,0.01334972363269986,0.2254359613956642,0.013862856355512565,0.3984224393039465,0.011569246906159134,2.6159097301129317,0.2669944726539972,2.254359613956642,0.13862856355512548,1.9921121965197326,0.057846234530795605,0.40132850986186375,0.011454652339133814,0.3174199240172608,0.03711755142270091,0.54,0.02236067977499793,0.1808128452780599,0.0012675669980813193
low_rating_bottom30_bayes_category_m25,full_content_quantity_interactions_plus_reliability,HistGradientBoostingClassifier,0,2704.0,0.0,5,0.29770710059171596,0.0029119851605073142,0.536814229911483,0.020057630809350455,0.7275080015282589,0.008022417035950047,0.7323529411764705,0.041789035995243605,0.6464944649446495,0.037576825440888445,0.5685767097966729,0.021059113299262255,0.12370193303370902,0.006338075596195536,0.2175881412210099,0.011282323761108508,0.38204668359437666,0.011015313577203163,2.459485492081979,0.12601585597141723,2.1710639625889696,0.11257344446508266,1.9095272318654242,0.05505620686276771,0.34589589053162195,0.019144344949097235,0.5147793147586797,0.0071893607895302135,0.35,0.0,0.1802828772990464,0.0018702686339920375
low_rating_bottom30_bayes_category_m25,full_content_quantity_interactions_plus_reliability,HistGradientBoostingClassifier,25,1480.0,0.0,5,0.2913513513513514,0.0027611914515814164,0.57391396991855,0.006998427075988945,0.7649399132752638,0.004602847345437568,0.7756756756756757,0.032544850212952135,0.677027027027027,0.032192241215058384,0.6054054054054054,0.015370693467672095,0.1331526308277567,0.006417449699359913,0.23244323522207716,0.012486349342599021,0.4156445303995948,0.0125430267587393,2.6630526165551336,0.1283489939871983,2.3244323522207715,0.12486349342599033,2.0782226519979736,0.06271513379369666,0.439368758351543,0.014915193112087641,0.5153451915469687,0.016983841826234653,0.41000000000000003,0.02236067977499789,0.1691901034420053,0.00243372543620963
low_rating_bottom30_bayes_category_m25,full_content_quantity_interactions_plus_reliability,LogisticRegression,0,2704.0,0.0,5,0.29770710059171596,0.0029119851605073142,0.5223284532020712,0.020324662274174173,0.7127356268920562,0.01347534013009196,0.7132352941176471,0.046212518713149006,0.6487084870848709,0.03784762038364011,0.5523105360443623,0.02525660044716599,0.12045532187409283,0.006778182570880152,0.21834561445037814,0.011593727836853179,0.3712257715678978,0.017802128609650327,2.394935223143728,0.13476621817397,2.178621924257648,0.11568059066734682,1.855442673418846,0.0889777370803964,0.4240400754546078,0.02005255822804119,0.5267359133686241,0.013087901726024377,0.29,0.02236067977499789,0.18503166731233847,0.0041752051191362
low_rating_bottom30_bayes_category_m25,full_content_quantity_interactions_plus_reliability,LogisticRegression,25,1480.0,0.0,5,0.2913513513513514,0.0027611914515814164,0.5689424220944187,0.01892286876937688,0.7630682413852882,0.008003961634737497,0.7432432432432432,0.07524005895716243,0.6824324324324325,0.022913276970017802,0.5966216216216216,0.015591865890830147,0.12754948094890586,0.012838287955534633,0.23421671120767407,0.00699248931823655,0.4096182224582501,0.012823421741179598,2.550989618978117,0.25676575911069277,2.3421671120767407,0.06992489318236551,2.0480911122912504,0.06411710870589797,0.5081034185613627,0.011221703088065305,0.5579706357355739,0.011988308470179428,0.31999999999999995,0.02738612787525829,0.17318378714441002,0.003029742080437927
low_rating_bottom30_bayes_category_m25,full_content_quantity_interactions_plus_reliability,LogisticRegressionBalanced,0,2704.0,0.0,5,0.29770710059171596,0.0029119851605073142,0.520472298866008,0.0204822985394944,0.7121076741372845,0.013867997597024168,0.7117647058823529,0.050783225440682395,0.6435424354243542,0.04013498282266784,0.5482439926062848,0.024121819249922103,0.1202044693738866,0.007586772807327557,0.21660833120671055,0.012462742495837027,0.3684662502602511,0.016308807851884245,2.389947685198451,0.15084289463980666,2.161287555656625,0.12435149708023364,1.8416501676593697,0.08151389358871527,0.5267111512425765,0.01323393545090599,0.5292781089193687,0.013125189576888784,0.48,0.027386127875258313,0.21468099888803477,0.004802931834134504
low_rating_bottom30_bayes_category_m25,full_content_quantity_interactions_plus_reliability,LogisticRegressionBalanced,25,1480.0,0.0,5,0.2913513513513514,0.0027611914515814164,0.5661545129220532,0.021569328969833875,0.7631184999847795,0.00756422194554669,0.727027027027027,0.07112268846995008,0.6783783783783784,0.03044291980018601,0.5972972972972973,0.01644683979005147,0.12474900944800586,0.011963027492460244,0.23282455550192815,0.009811266815252562,0.4100154460379685,0.010408069263830227,2.4949801889601178,0.23926054984920503,2.3282455550192815,0.09811266815252558,2.0500772301898427,0.052040346319151075,0.5623883600594478,0.009375171400706898,0.5613855114074345,0.009270024608599558,0.51,0.022360679774997935,0.19957965878262574,0.003979442722725712
low_rating_bottom30_bayes_category_m25,full_content_quantity_interactions_plus_reliability,XGBoostClassifier,0,2704.0,0.0,5,0.29770710059171596,0.0029119851605073142,0.5464289707135497,0.02235834229582918,0.7319046069480157,0.010369583888521336,0.7294117647058823,0.06397481392398884,0.6619926199261993,0.025777489589037597,0.5829944547134935,0.024298228059378923,0.12319814198007237,0.010256402803569436,0.2228153140976136,0.006797608875758484,0.3917609979765556,0.014468283290267588,2.4494689405449686,0.20392142044743958,2.223219960590211,0.06782558819206992,1.958080847557498,0.07231467285930421,0.3810801077728391,0.010488668356987708,0.5208813699492585,0.010544081164484824,0.35,0.0,0.17842715382575988,0.0027707640453614236
low_rating_bottom30_bayes_category_m25,full_content_quantity_interactions_plus_reliability,XGBoostClassifier,25,1480.0,0.0,5,0.2913513513513514,0.0027611914515814164,0.5839782709744812,0.005522985419224563,0.7696656107186779,0.005482300293888121,0.7648648648648649,0.012086853932431243,0.6797297297297298,0.015555222207055823,0.6141891891891892,0.018870594653741815,0.13128141300987434,0.003053722825742447,0.23335865757320687,0.0075200221044245275,0.42170656024568415,0.01574787223043339,2.6256282601974865,0.06107445651484888,2.3335865757320686,0.07520022104424527,2.108532801228421,0.07873936115216708,0.4298868486791947,0.018540338940741957,0.5305272447648725,0.01349754951733095,0.4,0.0,0.1670413851737976,0.0019701279366192205
low_rating_bottom30_bayes_global_m25,content_only_core,DummyClassifier,0,2704.0,0.0,5,0.2970414201183432,0.0043001307259611455,0.2970414201183432,0.0043001307259611455,0.5,0.0,0.2735294117647059,0.03263579561937081,0.2804428044280443,0.028463558340482503,0.28724584103512013,0.013494796486834746,0.046287123010320806,0.005184852204636075,0.09456607844943885,0.008776279154498324,0.19348044494029898,0.008822661339138727,0.9202969163228492,0.10308706148041136,0.9435670705803787,0.08756848278141495,0.9670445898679638,0.04409699863406855,0.0,0.0,0.4580156735795879,0.005098853837424124,0.05,0.0,0.208830651464679,0.0017127985274426945
low_rating_bottom30_bayes_global_m25,content_only_core,DummyClassifier,25,1480.0,0.0,5,0.31324324324324326,0.004932895202282159,0.31324324324324326,0.004932895202282159,0.5,0.0,0.27297297297297296,0.05268537483680521,0.30270270270270266,0.03254485021295214,0.31216216216216214,0.03720820243853611,0.0435305320804716,0.00815180605417194,0.09659050573016636,0.009859079457817298,0.19914437872403382,0.021572388746472694,0.870610641609432,0.16303612108343882,0.9659050573016635,0.0985907945781729,0.9957218936201689,0.10786194373236344,0.0,0.0,0.47703571041718523,0.005717521724734026,0.05,0.0,0.21513827168305283,0.0018732897717677588
low_rating_bottom30_bayes_global_m25,content_only_core,ExtraTreesClassifier,0,2704.0,0.0,5,0.2970414201183432,0.0043001307259611455,0.5077171348242244,0.013468010907890269,0.7002319384758839,0.007884196366939981,0.6691176470588236,0.03526346708318175,0.6169741697416974,0.024808466884090954,0.5463955637707948,0.020608116424648784,0.11329351283963207,0.005690366712476102,0.20813218389061397,0.00655347915096182,0.3679578397304842,0.009785254937377709,2.252541608223273,0.11313787934217191,2.0767137462738754,0.06538969603026114,1.8391090547712188,0.0489081873394996,0.3653979977211777,0.00933133912958468,0.2857351727622099,0.07690643162850616,0.53,0.02738612787525833,0.19471623770819507,0.0005119267998269237
low_rating_bottom30_bayes_global_m25,content_only_core,ExtraTreesClassifier,25,1480.0,0.0,5,0.31324324324324326,0.004932895202282159,0.5664133269838517,0.02485126789088808,0.738321007433664,0.01015488317203334,0.745945945945946,0.04909703276914847,0.6756756756756757,0.03607121031091658,0.5986486486486486,0.021552889064508904,0.11903027262644794,0.006817647930512538,0.21560389092070933,0.008178507944233141,0.38214163272244156,0.008324066136383541,2.3806054525289584,0.13635295861025068,2.1560389092070933,0.08178507944233142,1.9107081636122074,0.04162033068191766,0.44476703134065954,0.010327842597931795,0.32727280828086963,0.08428553299366946,0.55,0.03535533905932735,0.1912465671368164,0.00186949692950727
low_rating_bottom30_bayes_global_m25,content_only_core,HistGradientBoostingClassifier,0,2704.0,0.0,5,0.2970414201183432,0.0043001307259611455,0.5008210494264574,0.015939758428248848,0.6879845140444385,0.009291173421023443,0.6867647058823529,0.06359337738364602,0.6162361623616237,0.029978001493121628,0.5356746765249538,0.016860265066161038,0.11625914898224765,0.010179262666475765,0.2078743638036266,0.008253671935118393,0.3607857540807115,0.009225023148775978,2.3115054327058653,0.2023876930158121,2.074141253597809,0.08235398122715899,1.8032618836122807,0.046108063945083856,0.29051507245591324,0.026344052111965017,0.4798810713375666,0.016004579425239182,0.33999999999999997,0.02236067977499789,0.18809917256777675,0.0014923646244400784
low_rating_bottom30_bayes_global_m25,content_only_core,HistGradientBoostingClassifier,25,1480.0,0.0,5,0.31324324324324326,0.004932895202282159,0.5590834976199425,0.017774846159981178,0.7369559258329451,0.008926574973379207,0.7081081081081081,0.06522982911430901,0.6527027027027027,0.041815536342610246,0.5986486486486486,0.016096120607529168,0.11295774463554209,0.009392689641362617,0.2083138292577129,0.01187117970879427,0.38230482531838483,0.012007277520210708,2.259154892710842,0.1878537928272523,2.083138292577129,0.11871179708794255,1.911524126591924,0.060036387601053655,0.4416277839880431,0.016977850828657323,0.5088732100693962,0.024377150960441876,0.41000000000000003,0.022360679774997904,0.18374449016424868,0.0034959030647498056
low_rating_bottom30_bayes_global_m25,content_only_core,LogisticRegression,0,2704.0,0.0,5,0.2970414201183432,0.0043001307259611455,0.5107682149293369,0.010677871697506478,0.6906531757620762,0.008122419921561107,0.7029411764705882,0.0411370609726452,0.6376383763837639,0.022955470132835117,0.5486136783733826,0.01726080226237154,0.11908555927429931,0.007974818721922806,0.21510871907405682,0.005757607764320209,0.3694849173645352,0.008584148835901017,2.36770111968901,0.15855816047117152,2.146324636074722,0.05744860293255281,1.846741620247141,0.04290487699126881,0.4076128279343876,0.007366711777927054,0.5102483453862771,0.011330710157738517,0.3,0.0,0.18826298278723005,0.0016879668640814806
low_rating_bottom30_bayes_global_m25,content_only_core,LogisticRegression,25,1480.0,0.0,5,0.31324324324324326,0.004932895202282159,0.5620418541201638,0.01615636820357179,0.734170723090185,0.005990302128325263,0.727027027027027,0.040988515913792156,0.6716216216216215,0.027279228700251807,0.5986486486486486,0.013386224835242542,0.11604549509001838,0.0062201844894635774,0.2143963596221551,0.007633741990586354,0.3822666421494798,0.00870590460380482,2.3209099018003676,0.12440368978927142,2.143963596221551,0.07633741990586337,1.911333210747399,0.04352952301902401,0.48456820579380755,0.012142476802570721,0.5469440834152332,0.018358638594021974,0.33999999999999997,0.02236067977499789,0.18692651713912412,0.0019084738091683009
low_rating_bottom30_bayes_global_m25,content_only_core,LogisticRegressionBalanced,0,2704.0,0.0,5,0.2970414201183432,0.0043001307259611455,0.5088131816254394,0.011291520104160084,0.6901956872414357,0.008280325752987856,0.6941176470588235,0.03188159321864528,0.6369003690036901,0.022232280931943977,0.5475046210720886,0.013482131259748995,0.11758473114507714,0.006471805542988148,0.21486920744384216,0.005892847635796618,0.3687636176848376,0.0066936633650271134,2.3378611251197694,0.12867472197235277,2.1439348226130965,0.05879800740661994,1.84313645511978,0.033455944064756604,0.5088437688941357,0.009999328156180654,0.5088437688941357,0.009999328156180654,0.5,0.0,0.2202466370686043,0.002232359168267341
low_rating_bottom30_bayes_global_m25,content_only_core,LogisticRegressionBalanced,25,1480.0,0.0,5,0.31324324324324326,0.004932895202282159,0.5617581622291199,0.016943291869682714,0.7340314105336864,0.005280408571460737,0.7324324324324325,0.03626056179729395,0.6756756756756757,0.03478253426009124,0.6006756756756756,0.020185634116607686,0.11690887150942997,0.005439566881451142,0.21571009698806393,0.010779027187992542,0.38359636009451326,0.014190303779504714,2.3381774301885994,0.10879133762902256,2.157100969880639,0.10779027187992542,1.9179818004725662,0.07095151889752355,0.5536589435426471,0.015739359282911067,0.5502180754360678,0.01733302993368047,0.52,0.02738612787525833,0.21000844235882693,0.001842607349752055
low_rating_bottom30_bayes_global_m25,content_only_core,XGBoostClassifier,0,2704.0,0.0,5,0.2970414201183432,0.0043001307259611455,0.5056174197733274,0.013436073379687828,0.6946568160834795,0.00696353503747297,0.6882352941176471,0.048104197746459174,0.6265682656826568,0.02653236606973809,0.5482439926062846,0.022204239364798886,0.11652806278703196,0.007802320834809592,0.21142189941992898,0.008919657144341338,0.3691994564024975,0.01130094638827423,2.316852071883342,0.1551284965979788,2.1095380665368557,0.08899908825940592,1.8453148430912265,0.05648384294619877,0.3336236295259424,0.010147215201540537,0.48249294252896135,0.012662724533905309,0.35,0.0,0.18633111119270324,0.001457631461142551
low_rating_bottom30_bayes_global_m25,content_only_core,XGBoostClassifier,25,1480.0,0.0,5,0.31324324324324326,0.004932895202282159,0.5662292548243963,0.017379007443887907,0.7402873425831392,0.00700491291110292,0.7108108108108108,0.05110181189510558,0.6743243243243243,0.038341245835435425,0.597972972972973,0.034036219053395066,0.1134270456787932,0.007418320882428862,0.21520751035827387,0.010333269193622771,0.381966163340171,0.02439724437340778,2.2685409135758645,0.14836641764857722,2.152075103582739,0.10333269193622747,1.909830816700855,0.12198622186703872,0.4288187719989939,0.03343352992023716,0.5208794179840173,0.016685228991021834,0.4,0.0,0.18155183792114257,0.0028845504794229667
low_rating_bottom30_bayes_global_m25,content_plus_quantity,DummyClassifier,0,2704.0,0.0,5,0.2970414201183432,0.0043001307259611455,0.2970414201183432,0.0043001307259611455,0.5,0.0,0.2735294117647059,0.03263579561937081,0.2804428044280443,0.028463558340482503,0.28724584103512013,0.013494796486834746,0.046287123010320806,0.005184852204636075,0.09456607844943885,0.008776279154498324,0.19348044494029898,0.008822661339138727,0.9202969163228492,0.10308706148041136,0.9435670705803787,0.08756848278141495,0.9670445898679638,0.04409699863406855,0.0,0.0,0.4580156735795879,0.005098853837424124,0.05,0.0,0.208830651464679,0.0017127985274426945
low_rating_bottom30_bayes_global_m25,content_plus_quantity,DummyClassifier,25,1480.0,0.0,5,0.31324324324324326,0.004932895202282159,0.31324324324324326,0.004932895202282159,0.5,0.0,0.27297297297297296,0.05268537483680521,0.30270270270270266,0.03254485021295214,0.31216216216216214,0.03720820243853611,0.0435305320804716,0.00815180605417194,0.09659050573016636,0.009859079457817298,0.19914437872403382,0.021572388746472694,0.870610641609432,0.16303612108343882,0.9659050573016635,0.0985907945781729,0.9957218936201689,0.10786194373236344,0.0,0.0,0.47703571041718523,0.005717521724734026,0.05,0.0,0.21513827168305283,0.0018732897717677588
low_rating_bottom30_bayes_global_m25,content_plus_quantity,ExtraTreesClassifier,0,2704.0,0.0,5,0.2970414201183432,0.0043001307259611455,0.504580984135416,0.01726115148766778,0.6983281268907522,0.008785589611015327,0.6676470588235295,0.0322189739708921,0.6132841328413284,0.02110107521106393,0.5478743068391867,0.02724787247547623,0.11303276935859688,0.004775597533375583,0.20688343735324266,0.0046002099714510455,0.36890779994147077,0.013950051377012282,2.2473574143062205,0.09495011566358505,2.064253928424975,0.045900250047245864,1.8438570998923052,0.06972447120783935,0.3507910364166037,0.013084432125325065,0.3507910364166037,0.013084432125325065,0.5,0.0,0.1947117630366686,0.0006453064103489666
low_rating_bottom30_bayes_global_m25,content_plus_quantity,ExtraTreesClassifier,25,1480.0,0.0,5,0.31324324324324326,0.004932895202282159,0.5653401755743708,0.025755879365090342,0.7381481524610614,0.011460685912686886,0.745945945945946,0.03497886244741829,0.6743243243243244,0.043632119705305256,0.5972972972972973,0.028305891980612695,0.11903514806785591,0.00417804977832773,0.2151527648698192,0.010943509961003337,0.38121855290914175,0.012245047517950764,2.3807029613571187,0.0835609955665544,2.1515276486981922,0.10943509961003325,1.9060927645457084,0.06122523758975375,0.4401270125015058,0.014656710206749154,0.28973233897242656,0.11332383332097981,0.5599999999999999,0.0418330013267038,0.1909963363049887,0.001878381347734192
low_rating_bottom30_bayes_global_m25,content_plus_quantity,HistGradientBoostingClassifier,0,2704.0,0.0,5,0.2970414201183432,0.0043001307259611455,0.5021376664587566,0.011150608980219414,0.6900202619513898,0.009611612153810917,0.675,0.039391456576408426,0.6140221402214022,0.03285998060648441,0.5390018484288355,0.015276120895670545,0.1142788751503262,0.006080114151251606,0.2071677125950731,0.010546082855044875,0.3630170847965452,0.007194640626674485,2.272132929459427,0.1208869754778259,2.067090386926486,0.10522733594111199,1.8144144127354127,0.03595990435217716,0.3052228675221215,0.02081259685831319,0.4834167334628101,0.014046347190541405,0.35,0.0,0.18731079123637812,0.0008034058701923818
low_rating_bottom30_bayes_global_m25,content_plus_quantity,HistGradientBoostingClassifier,25,1480.0,0.0,5,0.31324324324324326,0.004932895202282159,0.5566147446863766,0.013997587414845377,0.7362337720500873,0.00804458924596511,0.7243243243243243,0.035238931920014316,0.6594594594594595,0.007703888007426611,0.5905405405405405,0.020466393555217496,0.11559513414352118,0.004781263805860467,0.21058264076196292,0.00496375070141409,0.37706994228494994,0.0124520831766706,2.3119026828704237,0.09562527611720914,2.105826407619629,0.04963750701414105,1.8853497114247495,0.06226041588335298,0.43078678808582166,0.010816228144753547,0.5058274145126087,0.01854917953056102,0.41000000000000003,0.02236067977499789,0.18399321532282367,0.001952253090794124
low_rating_bottom30_bayes_global_m25,content_plus_quantity,LogisticRegression,0,2704.0,0.0,5,0.2970414201183432,0.0043001307259611455,0.5067817689845222,0.012030392198088288,0.6889334869983877,0.008376005947795995,0.6882352941176471,0.03188159321864532,0.6376383763837639,0.022656946764588567,0.5508317929759704,0.018110829891188004,0.11657943887195495,0.006298239188447872,0.21511690274098413,0.005984391085941602,0.3709832578851577,0.00955010206940144,2.317873549336516,0.1252238144526697,2.1464062915557975,0.059711415115815895,1.8542305532744294,0.0477328576629603,0.40411594558399483,0.011343856312671798,0.5071237442349459,0.012979251539984233,0.3,0.0,0.18888963661300737,0.0016780663310404485
low_rating_bottom30_bayes_global_m25,content_plus_quantity,LogisticRegression,25,1480.0,0.0,5,0.31324324324324326,0.004932895202282159,0.5605230541212085,0.016733793038747443,0.7338867687620556,0.007737313504258493,0.7189189189189189,0.03749847817705842,0.6702702702702703,0.026342687418402563,0.6006756756756757,0.02155288906450886,0.11471833752702172,0.004787792427289167,0.2139987702622478,0.008411636943870602,0.38356606603965804,0.014055560238488932,2.2943667505404344,0.09575584854578313,2.139987702622478,0.08411636943870611,1.9178303301982904,0.07027780119244453,0.4865493958143892,0.01582108434181588,0.5415211351189435,0.011348260281949582,0.33999999999999997,0.02236067977499789,0.1875071301005276,0.0023241253079192034
low_rating_bottom30_bayes_global_m25,content_plus_quantity,LogisticRegressionBalanced,0,2704.0,0.0,5,0.2970414201183432,0.0043001307259611455,0.5053843970447234,0.011249932066627756,0.6883251098712154,0.008489811465846334,0.6808823529411765,0.03188159321864528,0.640590405904059,0.027932385044687192,0.5467652495378929,0.013290704630127555,0.1153348014488386,0.006296147930016737,0.2160841521687568,0.007128648114320254,0.3682648521606052,0.006458859301319707,2.2931272288063207,0.12518223531445055,2.156057370717042,0.07112865129565286,1.840643549431195,0.03228235776482155,0.5051173953873304,0.009177582738995788,0.5061795044064037,0.010305656251283322,0.49000000000000005,0.022360679774997894,0.22083342367042685,0.0023237194031374996
low_rating_bottom30_bayes_global_m25,content_plus_quantity,LogisticRegressionBalanced,25,1480.0,0.0,5,0.31324324324324326,0.004932895202282159,0.5606683445329843,0.01862207326571507,0.7335728812432938,0.006855839257590494,0.7162162162162162,0.05320275590548522,0.6743243243243244,0.03289367958010294,0.597972972972973,0.0175545689956305,0.11428095204982783,0.007633114919662386,0.21530378424825578,0.010752390168148614,0.3818855643835808,0.013220427096207493,2.285619040996557,0.1526622983932476,2.153037842482558,0.10752390168148605,1.9094278219179042,0.06610213548103756,0.5524752042588553,0.014008010097824177,0.5467602568766351,0.006231760215604647,0.52,0.02738612787525833,0.21043928596892192,0.002329045249767678
low_rating_bottom30_bayes_global_m25,content_plus_quantity,XGBoostClassifier,0,2704.0,0.0,5,0.2970414201183432,0.0043001307259611455,0.5044690277441684,0.01859524666917879,0.6942147837447386,0.00825459801610075,0.6897058823529412,0.042367236149670376,0.6302583025830258,0.026274513828661108,0.5415896487985212,0.023815339605776597,0.11678455189199614,0.006982422193973319,0.2126162012165135,0.007072547412244642,0.3646735564222211,0.010900645753263806,2.321951678793806,0.13882698244488126,2.121454642396504,0.07056888635686158,1.822693708993874,0.05448307969838331,0.3413066611198124,0.01229092680778168,0.4855458803803677,0.011939457621872486,0.35,0.0,0.18647655546665193,0.0011999897123320482
low_rating_bottom30_bayes_global_m25,content_plus_quantity,XGBoostClassifier,25,1480.0,0.0,5,0.31324324324324326,0.004932895202282159,0.5716487848880702,0.018775944549393866,0.7443754014219651,0.008585077962458684,0.754054054054054,0.047200673504251285,0.6797297297297298,0.032263071314360334,0.6108108108108109,0.018718777266479806,0.12032805286446598,0.006600979399736856,0.2169655564458544,0.008909650992150953,0.3901103838996281,0.014855166648274404,2.406561057289319,0.13201958799473726,2.169655564458544,0.08909650992150933,1.9505519194981402,0.07427583324137198,0.42823495198181866,0.02658465840460589,0.5243416689513641,0.013509161786962279,0.4,0.0,0.18053093254566194,0.0021342213167921875
low_rating_bottom30_bayes_global_m25,content_plus_reliability,DummyClassifier,0,2704.0,0.0,5,0.2970414201183432,0.0043001307259611455,0.2970414201183432,0.0043001307259611455,0.5,0.0,0.2735294117647059,0.03263579561937081,0.2804428044280443,0.028463558340482503,0.28724584103512013,0.013494796486834746,0.046287123010320806,0.005184852204636075,0.09456607844943885,0.008776279154498324,0.19348044494029898,0.008822661339138727,0.9202969163228492,0.10308706148041136,0.9435670705803787,0.08756848278141495,0.9670445898679638,0.04409699863406855,0.0,0.0,0.4580156735795879,0.005098853837424124,0.05,0.0,0.208830651464679,0.0017127985274426945
low_rating_bottom30_bayes_global_m25,content_plus_reliability,DummyClassifier,25,1480.0,0.0,5,0.31324324324324326,0.004932895202282159,0.31324324324324326,0.004932895202282159,0.5,0.0,0.27297297297297296,0.05268537483680521,0.30270270270270266,0.03254485021295214,0.31216216216216214,0.03720820243853611,0.0435305320804716,0.00815180605417194,0.09659050573016636,0.009859079457817298,0.19914437872403382,0.021572388746472694,0.870610641609432,0.16303612108343882,0.9659050573016635,0.0985907945781729,0.9957218936201689,0.10786194373236344,0.0,0.0,0.47703571041718523,0.005717521724734026,0.05,0.0,0.21513827168305283,0.0018732897717677588
low_rating_bottom30_bayes_global_m25,content_plus_reliability,ExtraTreesClassifier,0,2704.0,0.0,5,0.2970414201183432,0.0043001307259611455,0.512691876395706,0.01524561387352167,0.7036731786559003,0.007520476532092398,0.6720588235294118,0.04047458513094965,0.6191881918819189,0.028391710792134844,0.5512014787430684,0.013031095550472901,0.11379593047426688,0.006721943888300093,0.20886560987127328,0.007450927527882045,0.3712467315936638,0.005541543614821422,2.2625308529589536,0.1336480608379665,2.0840317678668745,0.07434431009370121,1.85554743480456,0.027697474925096336,0.3668609029029863,0.01645901509308548,0.33999646458809074,0.06716510979345944,0.51,0.022360679774997935,0.19415054334617116,0.0004928257449079371
low_rating_bottom30_bayes_global_m25,content_plus_reliability,ExtraTreesClassifier,25,1480.0,0.0,5,0.31324324324324326,0.004932895202282159,0.5714253014118167,0.022261814050364898,0.7416539792356514,0.009304590624594563,0.7567567567567568,0.03445283455130258,0.6878378378378379,0.04008755938970626,0.6067567567567568,0.02989435379139046,0.12077752909514101,0.004678168178509273,0.21951311960119607,0.010520727156365574,0.3872764150336543,0.014079300223346757,2.4155505819028202,0.09356336357018545,2.1951311960119613,0.10520727156365553,1.9363820751682712,0.07039650111673357,0.45224713151679563,0.020986427634545914,0.3157889692626461,0.09461263752936273,0.55,0.03535533905932737,0.19063496933156088,0.0016531466154682216
low_rating_bottom30_bayes_global_m25,content_plus_reliability,HistGradientBoostingClassifier,0,2704.0,0.0,5,0.2970414201183432,0.0043001307259611455,0.5107710039668254,0.016371064628567408,0.7010622731118774,0.01114111032535832,0.6970588235294117,0.031796688691823,0.6154981549815498,0.030361627204021,0.5500924214417745,0.018139105989422703,0.11803971532882343,0.005425983994168457,0.2076669217799799,0.00972255817901632,0.3704740982658522,0.008988456478935692,2.3469072812436655,0.10788132882523156,2.0720714261736743,0.09701032219948404,1.8516856963232242,0.0449256678725363,0.3187228942695392,0.02870735160614076,0.49214710430689,0.02201956969103014,0.36,0.02236067977499791,0.18545864249851562,0.00210828364652362
low_rating_bottom30_bayes_global_m25,content_plus_reliability,HistGradientBoostingClassifier,25,1480.0,0.0,5,0.31324324324324326,0.004932895202282159,0.566207473580492,0.015122272721469977,0.7395829393768893,0.0074839773229277255,0.7324324324324325,0.03985913838852064,0.681081081081081,0.029989650028610988,0.6027027027027028,0.020354554501881214,0.11687098144282586,0.005134982051560048,0.21740613553018678,0.008224576569710871,0.384795355200208,0.010544635341697289,2.3374196288565168,0.10269964103120104,2.1740613553018684,0.0822457656971088,1.9239767760010402,0.05272317670848661,0.4466371432960825,0.01587859551693796,0.5265936415725062,0.012588062649356455,0.4,0.0,0.1821203098623626,0.002391447506426501
low_rating_bottom30_bayes_global_m25,content_plus_reliability,LogisticRegression,0,2704.0,0.0,5,0.2970414201183432,0.0043001307259611455,0.5102214812406084,0.011156076740077372,0.6912713038258766,0.008435623391909569,0.7014705882352941,0.03393523752710093,0.6398523985239852,0.023425195938160705,0.5493530499075785,0.01745762506930512,0.11884356003548499,0.007052001370474856,0.21587230263199678,0.00669608270797205,0.3699807516194935,0.008624671387593196,2.3628896054114072,0.14021038018944126,2.1539435657450894,0.06681257432603863,1.8492198750075979,0.04310741484667656,0.40719839227470567,0.007265166579153767,0.5083730186684703,0.012733572174222349,0.3,0.0,0.18824785312847014,0.0017816912287969787
low_rating_bottom30_bayes_global_m25,content_plus_reliability,LogisticRegression,25,1480.0,0.0,5,0.31324324324324326,0.004932895202282159,0.5651757117334266,0.011957520921462319,0.7380648188237039,0.0060559278531087165,0.7297297297297297,0.03445283455130261,0.6702702702702703,0.02210192869431909,0.602027027027027,0.014609289398945718,0.11647447756391978,0.00505289568795347,0.21400603231925075,0.007319356621448644,0.38442688207703285,0.009626561934338558,2.329489551278395,0.10105791375906953,2.1400603231925075,0.07319356621448639,1.9221344103851643,0.04813280967169261,0.4867178844972866,0.00937851167075866,0.5525438384092222,0.0177557254691943,0.32999999999999996,0.027386127875258296,0.18603014239462662,0.0019954162469951182
low_rating_bottom30_bayes_global_m25,content_plus_reliability,LogisticRegressionBalanced,0,2704.0,0.0,5,0.2970414201183432,0.0043001307259611455,0.5081144428083822,0.01156516291299946,0.6909640792879042,0.008718717187538003,0.6926470588235294,0.031796688691823005,0.6391143911439114,0.01976840625236732,0.5463955637707948,0.016460359971085522,0.11734097848196964,0.0065800899703493225,0.21562650602096403,0.005355822019388298,0.36799345074722123,0.0079842746379853,2.3330147486415145,0.13082767117518093,2.1514910416261506,0.053439641108582764,1.8392870440304736,0.03990661482645517,0.5056840943131429,0.013849623137214957,0.5056840943131429,0.013849623137214957,0.5,0.0,0.2201235195541255,0.0024226941138525315
low_rating_bottom30_bayes_global_m25,content_plus_reliability,LogisticRegressionBalanced,25,1480.0,0.0,5,0.31324324324324326,0.004932895202282159,0.564927435663622,0.012138860545152933,0.7382467318477196,0.004884469961552361,0.7432432432432432,0.03169199837718535,0.6662162162162162,0.019466027420118853,0.5993243243243244,0.015773807472876687,0.11861188756907541,0.0038469533046699934,0.21271847867118207,0.006794111701337553,0.38270497637060463,0.010556005776896514,2.3722377513815083,0.07693906609339972,2.127184786711821,0.06794111701337549,1.9135248818530237,0.05278002888448277,0.5563072704667579,0.00717826411850426,0.5542547346922073,0.009347922587637269,0.51,0.022360679774997918,0.20865073428157746,0.0016163532836331077
low_rating_bottom30_bayes_global_m25,content_plus_reliability,XGBoostClassifier,0,2704.0,0.0,5,0.2970414201183432,0.0043001307259611455,0.5206864305769305,0.016159991001068165,0.705365272717092,0.008721130831334887,0.7147058823529411,0.05261336417646563,0.6413284132841328,0.02704069514473988,0.5574861367837338,0.024015351968815834,0.12101503260061004,0.008690173257541471,0.2163504252278991,0.007366222565072664,0.3754049797637841,0.01209621521576823,2.4060635893533053,0.1727810918264128,2.1587142059639826,0.07349913585223809,1.8763309894293385,0.06045871708583599,0.3635681117200497,0.022208793844287318,0.5032502363073943,0.009831025783334946,0.35,0.0,0.18377754092216492,0.0015254295436973179
low_rating_bottom30_bayes_global_m25,content_plus_reliability,XGBoostClassifier,25,1480.0,0.0,5,0.31324324324324326,0.004932895202282159,0.5769362595272334,0.015843879001395795,0.7476988308974852,0.008717098489638374,0.7405405405405405,0.07727555921889624,0.6891891891891893,0.035432731357099706,0.6081081081081081,0.02702702702702702,0.11810070573363433,0.010971523763639805,0.21997187264318394,0.009610357062761248,0.38842228993684336,0.02026513216479231,2.3620141146726867,0.21943047527279594,2.199718726431839,0.09610357062761245,1.9421114496842165,0.10132566082396163,0.4303980517361885,0.020504685089116126,0.5298295433654332,0.011599923441552633,0.4,0.0,0.17948122918605805,0.0019963176195628555
low_rating_bottom30_bayes_global_m25,content_quantity_interactions,DummyClassifier,0,2704.0,0.0,5,0.2970414201183432,0.0043001307259611455,0.2970414201183432,0.0043001307259611455,0.5,0.0,0.2735294117647059,0.03263579561937081,0.2804428044280443,0.028463558340482503,0.28724584103512013,0.013494796486834746,0.046287123010320806,0.005184852204636075,0.09456607844943885,0.008776279154498324,0.19348044494029898,0.008822661339138727,0.9202969163228492,0.10308706148041136,0.9435670705803787,0.08756848278141495,0.9670445898679638,0.04409699863406855,0.0,0.0,0.4580156735795879,0.005098853837424124,0.05,0.0,0.208830651464679,0.0017127985274426945
low_rating_bottom30_bayes_global_m25,content_quantity_interactions,DummyClassifier,25,1480.0,0.0,5,0.31324324324324326,0.004932895202282159,0.31324324324324326,0.004932895202282159,0.5,0.0,0.27297297297297296,0.05268537483680521,0.30270270270270266,0.03254485021295214,0.31216216216216214,0.03720820243853611,0.0435305320804716,0.00815180605417194,0.09659050573016636,0.009859079457817298,0.19914437872403382,0.021572388746472694,0.870610641609432,0.16303612108343882,0.9659050573016635,0.0985907945781729,0.9957218936201689,0.10786194373236344,0.0,0.0,0.47703571041718523,0.005717521724734026,0.05,0.0,0.21513827168305283,0.0018732897717677588
low_rating_bottom30_bayes_global_m25,content_quantity_interactions,ExtraTreesClassifier,0,2704.0,0.0,5,0.2970414201183432,0.0043001307259611455,0.5041542770939357,0.014060547330076051,0.6982937021125105,0.008340144820943201,0.6676470588235295,0.02168806059375381,0.614760147601476,0.0259092098620545,0.5408502772643253,0.02468188966033342,0.11306511614561879,0.003978881372417267,0.20738525819016074,0.006896657726780399,0.36419027091049444,0.012188023800826354,2.248000544542303,0.07910952375747293,2.069261026369722,0.06881388373879764,1.8202781747541166,0.06091759030949057,0.35041012017613854,0.01663165649932328,0.2800919477795337,0.06932954185704944,0.53,0.027386127875258348,0.19474781870470345,0.00042197042893032824
low_rating_bottom30_bayes_global_m25,content_quantity_interactions,ExtraTreesClassifier,25,1480.0,0.0,5,0.31324324324324326,0.004932895202282159,0.5680610231469485,0.024880102791522356,0.738492312470377,0.00764200825866678,0.7513513513513514,0.05701357597224051,0.6756756756756757,0.04872366588464847,0.597972972972973,0.026815047071600585,0.1198728447855738,0.007924567704366352,0.2155637744268144,0.01246138838025221,0.3816633840828766,0.011401784789836366,2.3974568957114757,0.15849135408732665,2.155637744268144,0.12461388380252189,1.9083169204143828,0.057008923949181785,0.4406704519317346,0.009002143944685195,0.3136014662039698,0.08364167618761523,0.55,0.035355339059327376,0.1908873817724636,0.001459757310583542
low_rating_bottom30_bayes_global_m25,content_quantity_interactions,HistGradientBoostingClassifier,0,2704.0,0.0,5,0.2970414201183432,0.0043001307259611455,0.5022476461847619,0.010449538325522882,0.6910253493367525,0.007938868596104568,0.6779411764705883,0.04424002634262151,0.6140221402214022,0.01928022210717807,0.5382624768946396,0.022273375721097312,0.11484274334769422,0.008290560565506904,0.20716683314895054,0.005539895677996092,0.3624666738821622,0.011115859442568925,2.2833439559718025,0.1648358512436077,2.067081611936392,0.055276302263105107,1.811663375558903,0.055558750337719835,0.30703739289816306,0.013981936048432049,0.48022850741501993,0.010048292027242514,0.35,0.0,0.18724793915097687,0.0009934304640776546
low_rating_bottom30_bayes_global_m25,content_quantity_interactions,HistGradientBoostingClassifier,25,1480.0,0.0,5,0.31324324324324326,0.004932895202282159,0.5537739158922618,0.01370172154285224,0.7336503190210804,0.0043099374897403436,0.7,0.052685374836805236,0.6662162162162162,0.051369129212833015,0.5986486486486486,0.015555222207055842,0.11172928946527291,0.008220865063029017,0.21267182835284365,0.016019727410157288,0.38228507823008734,0.010888362164643542,2.2345857893054584,0.16441730126058018,2.126718283528436,0.16019727410157297,1.9114253911504366,0.054441810823217605,0.4328143118538768,0.020537333852371553,0.5148763445934853,0.009154448437234617,0.4,0.0,0.184791059456259,0.0021138619472066507
low_rating_bottom30_bayes_global_m25,content_quantity_interactions,LogisticRegression,0,2704.0,0.0,5,0.2970414201183432,0.0043001307259611455,0.5073336414631407,0.01180350220266997,0.6891105468641253,0.008131017719564365,0.6941176470588235,0.03946002313234919,0.640590405904059,0.024140852005603126,0.5486136783733826,0.01975312385566362,0.11758881904092763,0.007685027521036404,0.2161052175393568,0.006291149915347342,0.36949296911282464,0.011111455742449991,2.3379424021078554,0.15279642953590064,2.156267558031073,0.06277221170147301,1.8467818641055043,0.05553673997705144,0.4029939225954715,0.00898904364645191,0.5073995691343253,0.01060102759437342,0.3,0.0,0.18884473634455037,0.001639376903628819
low_rating_bottom30_bayes_global_m25,content_quantity_interactions,LogisticRegression,25,1480.0,0.0,5,0.31324324324324326,0.004932895202282159,0.5605105281111085,0.016481589986508324,0.733519079498445,0.007482663584597451,0.7189189189189189,0.03749847817705843,0.6675675675675675,0.028825309469866944,0.6006756756756756,0.020605338759428236,0.11473951392416268,0.005356365958252386,0.21315488840570773,0.009698335502946877,0.38361458553684546,0.015023532315518477,2.2947902784832537,0.1071273191650476,2.1315488840570773,0.09698335502946863,1.9180729276842272,0.07511766157759224,0.48676164354524537,0.011789114524132654,0.5476891044533294,0.006770425330089194,0.32999999999999996,0.02738612787525829,0.1877279070556684,0.0024022728450318266
low_rating_bottom30_bayes_global_m25,content_quantity_interactions,LogisticRegressionBalanced,0,2704.0,0.0,5,0.2970414201183432,0.0043001307259611455,0.5049758403848378,0.011979112457204856,0.6885630696402467,0.008169933731649377,0.6897058823529412,0.029595017349261912,0.6428044280442805,0.027785757338770017,0.544547134935305,0.015986505220288102,0.11682772309158737,0.005947602558276622,0.21684187318814857,0.007425152201445669,0.3667624158689059,0.00836197343808226,2.3228100238209723,0.11825233321750003,2.1636178047998293,0.0740871275007716,1.8331341451192635,0.04179441067758675,0.5078275211540819,0.010090120392877924,0.5078275211540819,0.010090120392877924,0.5,0.0,0.22069209531217013,0.002275926636252747
low_rating_bottom30_bayes_global_m25,content_quantity_interactions,LogisticRegressionBalanced,25,1480.0,0.0,5,0.31324324324324326,0.004932895202282159,0.5611384561601851,0.0179187038250408,0.733170262381537,0.006600257641749598,0.7324324324324325,0.06716093859345502,0.677027027027027,0.036511502935422414,0.5972972972972973,0.021816059852652607,0.11684435299720115,0.009690021030010935,0.21613444798316278,0.011186208788696179,0.3814665645370233,0.01595898019905973,2.336887059944023,0.1938004206002188,2.161344479831628,0.1118620878869617,1.9073328226851163,0.07979490099529854,0.5530625192751085,0.01456301409359118,0.5555176547713265,0.016825655545215278,0.5,0.03535533905932738,0.21072788864113612,0.002379955566458261
low_rating_bottom30_bayes_global_m25,content_quantity_interactions,XGBoostClassifier,0,2704.0,0.0,5,0.2970414201183432,0.0043001307259611455,0.5081124157741523,0.014989456402677485,0.6919614652571499,0.0036047672613613757,0.6823529411764706,0.046329364711833444,0.6339483394833948,0.02575106468246184,0.5493530499075786,0.027584355636902508,0.11556083457766379,0.008073769298378304,0.2138728754587627,0.007430732983216273,0.36988682235110054,0.01386801695318553,2.297621299250021,0.16052553075599238,2.1339935617730417,0.07414281175873369,1.8487504022872012,0.0693144507235002,0.34249319881411994,0.013078917631790107,0.4881956334802446,0.014575955327180673,0.35,0.0,0.18643305599689483,0.0008764488376784782
low_rating_bottom30_bayes_global_m25,content_quantity_interactions,XGBoostClassifier,25,1480.0,0.0,5,0.31324324324324326,0.004932895202282159,0.5678663761601515,0.015020683593012594,0.7405118366448173,0.0073203071246547855,0.745945945945946,0.05001825817113987,0.672972972972973,0.014011109022518743,0.6027027027027028,0.028626648870695742,0.11901356883008103,0.006687510453981626,0.21487506286260089,0.005210384456008863,0.38485794436805854,0.018446795399659273,2.3802713766016206,0.1337502090796324,2.1487506286260087,0.05210384456008856,1.9242897218402928,0.0922339769982962,0.4200516090120199,0.019242304846857784,0.5286783595673875,0.011868975493944686,0.4,0.0,0.18145497441291808,0.0019914431769812602
low_rating_bottom30_bayes_global_m25,content_quantity_plus_reliability,DummyClassifier,0,2704.0,0.0,5,0.2970414201183432,0.0043001307259611455,0.2970414201183432,0.0043001307259611455,0.5,0.0,0.2735294117647059,0.03263579561937081,0.2804428044280443,0.028463558340482503,0.28724584103512013,0.013494796486834746,0.046287123010320806,0.005184852204636075,0.09456607844943885,0.008776279154498324,0.19348044494029898,0.008822661339138727,0.9202969163228492,0.10308706148041136,0.9435670705803787,0.08756848278141495,0.9670445898679638,0.04409699863406855,0.0,0.0,0.4580156735795879,0.005098853837424124,0.05,0.0,0.208830651464679,0.0017127985274426945
low_rating_bottom30_bayes_global_m25,content_quantity_plus_reliability,DummyClassifier,25,1480.0,0.0,5,0.31324324324324326,0.004932895202282159,0.31324324324324326,0.004932895202282159,0.5,0.0,0.27297297297297296,0.05268537483680521,0.30270270270270266,0.03254485021295214,0.31216216216216214,0.03720820243853611,0.0435305320804716,0.00815180605417194,0.09659050573016636,0.009859079457817298,0.19914437872403382,0.021572388746472694,0.870610641609432,0.16303612108343882,0.9659050573016635,0.0985907945781729,0.9957218936201689,0.10786194373236344,0.0,0.0,0.47703571041718523,0.005717521724734026,0.05,0.0,0.21513827168305283,0.0018732897717677588
low_rating_bottom30_bayes_global_m25,content_quantity_plus_reliability,ExtraTreesClassifier,0,2704.0,0.0,5,0.2970414201183432,0.0043001307259611455,0.5145756985443204,0.016010137643603393,0.7066738274914053,0.010828260033645303,0.6735294117647059,0.02118361807483522,0.6265682656826568,0.015303646755223424,0.5508317929759704,0.015738804404737884,0.11403806163171908,0.0029263389731412474,0.21139923376207811,0.0038252904772544043,0.3709624351334289,0.005693556007698042,2.2673449900894735,0.05818250428951442,2.10931191178103,0.038168211994450134,1.8541264780051603,0.028457255905389004,0.35955073583605135,0.01579293482275262,0.3526889559437875,0.0785143785913204,0.5,0.03535533905932738,0.19338516721579982,0.0007446375937978345
low_rating_bottom30_bayes_global_m25,content_quantity_plus_reliability,ExtraTreesClassifier,25,1480.0,0.0,5,0.31324324324324326,0.004932895202282159,0.5687517791873888,0.0224576333890419,0.738927055339861,0.010223709282527612,0.754054054054054,0.03869681368453067,0.6756756756756757,0.03275459363119138,0.5993243243243243,0.02557323090239938,0.120323095993738,0.004798791530808199,0.21566079498527246,0.008751878115480225,0.3825330689575811,0.01046405499470678,2.40646191987476,0.09597583061616385,2.1566079498527246,0.08751878115480224,1.9126653447879054,0.05232027497353379,0.44034477664163985,0.013999140644493719,0.2922856831942584,0.09155115196464297,0.5599999999999999,0.04183300132670375,0.19075264023849278,0.001571656587031266
low_rating_bottom30_bayes_global_m25,content_quantity_plus_reliability,HistGradientBoostingClassifier,0,2704.0,0.0,5,0.2970414201183432,0.0043001307259611455,0.5090479032922419,0.014500568603957608,0.6988993326252284,0.007682414590570754,0.6705882352941177,0.03004825991426843,0.6398523985239852,0.03545125055195705,0.5578558225508318,0.013918558666925455,0.1135583308733396,0.005185647420161093,0.2158055784532059,0.00933115140797885,0.3757057621333333,0.004396463735582377,2.2578068138346348,0.10310287223614421,2.153277801245272,0.09310492032167819,1.8778343453022797,0.02197419212756871,0.3434410159549845,0.014988049122337123,0.498064627026947,0.012427048812015448,0.35,0.0,0.18555360867600673,0.0009033637302243442
low_rating_bottom30_bayes_global_m25,content_quantity_plus_reliability,HistGradientBoostingClassifier,25,1480.0,0.0,5,0.31324324324324326,0.004932895202282159,0.5609328417249351,0.017742782627094486,0.7394452327379349,0.007969086647382448,0.7324324324324325,0.049097032769148535,0.6743243243243244,0.03491354238584812,0.5986486486486486,0.014609289398945737,0.11694754025856464,0.008273448912194035,0.2152644648728082,0.010521838336006057,0.38229979956176896,0.011007308879153022,2.338950805171293,0.16546897824388057,2.152644648728082,0.1052183833600605,1.9114989978088448,0.05503654439576521,0.4400883845621988,0.021579234539775664,0.5279878246013199,0.010556243975632386,0.4,0.0,0.18293203894382606,0.0029162933146283936
low_rating_bottom30_bayes_global_m25,content_quantity_plus_reliability,LogisticRegression,0,2704.0,0.0,5,0.2970414201183432,0.0043001307259611455,0.506480150673433,0.012703789640532549,0.6896181688509648,0.008806887217301456,0.6882352941176471,0.030583285798655012,0.640590405904059,0.021611144596821143,0.5475046210720886,0.021769124614325047,0.11659114273064677,0.006365682644754209,0.2161403291154323,0.006764736443265098,0.3687157830100836,0.011566501108668602,2.3181062495858007,0.1265647490545251,2.15661789641376,0.06749759167006955,1.842897370165002,0.057811125689167894,0.40739993741294445,0.010890593319279393,0.5080882205181076,0.009804735083562244,0.3,0.0,0.18886113361454338,0.0017929403230495845
low_rating_bottom30_bayes_global_m25,content_quantity_plus_reliability,LogisticRegression,25,1480.0,0.0,5,0.31324324324324326,0.004932895202282159,0.5629826153104558,0.013490518512858006,0.7375457646343461,0.007408255212782879,0.727027027027027,0.03226307131436033,0.664864864864865,0.02271315718104275,0.6047297297297297,0.019259720018566476,0.1160218901901318,0.004003305378824486,0.21232777066860198,0.008983983425582242,0.38617727182979705,0.013425161661878052,2.320437803802636,0.0800661075764896,2.12327770668602,0.08983983425582233,1.9308863591489853,0.06712580830938997,0.4873961471850494,0.010861892501473179,0.5481057477772835,0.005729385295879478,0.35,0.0,0.18669832034451947,0.0023749295230180993
low_rating_bottom30_bayes_global_m25,content_quantity_plus_reliability,LogisticRegressionBalanced,0,2704.0,0.0,5,0.2970414201183432,0.0043001307259611455,0.5047912513868303,0.011914801178521516,0.6890031119372982,0.009048049101144179,0.6794117647058824,0.02578776164227968,0.6450184501845018,0.02535138603294115,0.5441774491682071,0.018649904999082374,0.11508856117713144,0.005496134248961005,0.2176312068102558,0.008025953260246079,0.36649628807157963,0.009833770850467242,2.2882313928159075,0.10927608094993078,2.171493664999748,0.0800818362203153,1.8318039980509266,0.04915067722673481,0.5044923981237124,0.012039371833274873,0.5044923981237124,0.012039371833274873,0.5,0.0,0.22071468505162892,0.0025064556836492937
low_rating_bottom30_bayes_global_m25,content_quantity_plus_reliability,LogisticRegressionBalanced,25,1480.0,0.0,5,0.31324324324324326,0.004932895202282159,0.5629247963368013,0.014029201689573017,0.7376332286382461,0.005993170505993979,0.7297297297297297,0.04582655394003562,0.6621621621621621,0.027027027027027008,0.6013513513513513,0.017226417275651308,0.11642783210336043,0.005989173218703925,0.21143962996709748,0.009476745488604195,0.3839949486483227,0.011259533593069467,2.3285566420672086,0.11978346437407854,2.1143962996709744,0.09476745488604177,1.9199747432416134,0.056297667965347374,0.5559215183242563,0.00945669109143997,0.5528774744423435,0.0120408166693921,0.5,0.0353553390593274,0.20922077709797499,0.0019779537273190385
low_rating_bottom30_bayes_global_m25,content_quantity_plus_reliability,XGBoostClassifier,0,2704.0,0.0,5,0.2970414201183432,0.0043001307259611455,0.5220455981213048,0.011232223692650922,0.7063962954562258,0.007213474924647151,0.7102941176470587,0.0282873295024579,0.6346863468634687,0.0254318242658491,0.5670979667282809,0.020558318245322428,0.12030822278706235,0.005654445874794621,0.21417542459578326,0.009048688838879668,0.3818833250023068,0.008689912483934654,2.392010547178063,0.11242368856944619,2.1370123546383684,0.09028654841450419,1.9087107408618071,0.04343349973485993,0.35949988595416277,0.01672998043764418,0.5015917464031698,0.014403924473600014,0.35,0.0,0.18353776931762694,0.0011060104702684248
low_rating_bottom30_bayes_global_m25,content_quantity_plus_reliability,XGBoostClassifier,25,1480.0,0.0,5,0.31324324324324326,0.004932895202282159,0.5731835711972346,0.022037799265337922,0.7464629232371561,0.00920635467021067,0.7405405405405405,0.07239510938366957,0.6743243243243244,0.040371268233215275,0.6047297297297297,0.02702702702702703,0.11811777179376022,0.010291413306254901,0.21530174015022735,0.013074926245329493,0.3861657576833916,0.01776426497414837,2.3623554358752044,0.20582826612509775,2.1530174015022734,0.13074926245329466,1.930828788416958,0.08882132487074187,0.43439093663167794,0.02539131398161718,0.5314215533543729,0.015430448446266818,0.4,0.0,0.18003475666046143,0.00313908184452976
low_rating_bottom30_bayes_global_m25,full_content_quantity_interactions_plus_reliability,DummyClassifier,0,2704.0,0.0,5,0.2970414201183432,0.0043001307259611455,0.2970414201183432,0.0043001307259611455,0.5,0.0,0.2735294117647059,0.03263579561937081,0.2804428044280443,0.028463558340482503,0.28724584103512013,0.013494796486834746,0.046287123010320806,0.005184852204636075,0.09456607844943885,0.008776279154498324,0.19348044494029898,0.008822661339138727,0.9202969163228492,0.10308706148041136,0.9435670705803787,0.08756848278141495,0.9670445898679638,0.04409699863406855,0.0,0.0,0.4580156735795879,0.005098853837424124,0.05,0.0,0.208830651464679,0.0017127985274426945
low_rating_bottom30_bayes_global_m25,full_content_quantity_interactions_plus_reliability,DummyClassifier,25,1480.0,0.0,5,0.31324324324324326,0.004932895202282159,0.31324324324324326,0.004932895202282159,0.5,0.0,0.27297297297297296,0.05268537483680521,0.30270270270270266,0.03254485021295214,0.31216216216216214,0.03720820243853611,0.0435305320804716,0.00815180605417194,0.09659050573016636,0.009859079457817298,0.19914437872403382,0.021572388746472694,0.870610641609432,0.16303612108343882,0.9659050573016635,0.0985907945781729,0.9957218936201689,0.10786194373236344,0.0,0.0,0.47703571041718523,0.005717521724734026,0.05,0.0,0.21513827168305283,0.0018732897717677588
low_rating_bottom30_bayes_global_m25,full_content_quantity_interactions_plus_reliability,ExtraTreesClassifier,0,2704.0,0.0,5,0.2970414201183432,0.0043001307259611455,0.512037338399032,0.016358182118697717,0.7031497585194589,0.009509567323647083,0.6882352941176471,0.03312905978255533,0.6258302583025831,0.02865427108238701,0.5489833641404805,0.018063604700269926,0.11652062117963743,0.004988007711047602,0.21112066004652724,0.008058652818622346,0.3697090039024903,0.007705356369999344,2.3167041152186743,0.09917332978435807,2.1065323423092606,0.08040810782861577,1.847861638728898,0.03851253904709458,0.36178416492326393,0.015540826204358815,0.33897772042977464,0.05948834930411468,0.51,0.022360679774997918,0.19376950583691582,0.0005104444162324831
low_rating_bottom30_bayes_global_m25,full_content_quantity_interactions_plus_reliability,ExtraTreesClassifier,25,1480.0,0.0,5,0.31324324324324326,0.004932895202282159,0.5699743199762463,0.02366692640653766,0.741722735466895,0.010166054376019997,0.7432432432432432,0.039398323613819626,0.6743243243243243,0.035238931920014344,0.6074324324324325,0.01946602742011882,0.11861725715353355,0.005520966933302068,0.21519272117540997,0.008571469867038928,0.38775821098129626,0.006573738063355728,2.3723451430706706,0.11041933866604138,2.1519272117540997,0.08571469867038918,1.9387910549064808,0.032868690316778554,0.44534919366744885,0.01154891078227165,0.3130759325070013,0.09667277437410447,0.55,0.03535533905932737,0.19039920090135581,0.0017790737053472467
low_rating_bottom30_bayes_global_m25,full_content_quantity_interactions_plus_reliability,HistGradientBoostingClassifier,0,2704.0,0.0,5,0.2970414201183432,0.0043001307259611455,0.5100149205731495,0.014229337558627125,0.7012205842058453,0.009230516207217675,0.6735294117647059,0.03980108412565988,0.6332103321033211,0.0260402638588596,0.5486136783733826,0.026830885300054338,0.1140254837948566,0.006087979513540053,0.2136418380191074,0.008082010073618608,0.36941265026445896,0.01411988213657542,2.267094913097737,0.1210433573868552,2.1316883025965554,0.08064116324378152,1.8463804183273513,0.07057331108558204,0.3414634566203665,0.012256627695244167,0.5003794303400577,0.009453863395744822,0.35,0.0,0.1851856354948926,0.0012790410156122472
low_rating_bottom30_bayes_global_m25,full_content_quantity_interactions_plus_reliability,HistGradientBoostingClassifier,25,1480.0,0.0,5,0.31324324324324326,0.004932895202282159,0.5675568037116759,0.017620564273433503,0.7425727743349559,0.006962441613054193,0.7324324324324325,0.04815818832758233,0.6743243243243244,0.03556134423497504,0.6067567567567568,0.026015707173214123,0.11687431680235179,0.006825508773070874,0.21529474905456714,0.011393830840846332,0.3874648660547406,0.017238252389427056,2.3374863360470357,0.13651017546141753,2.152947490545672,0.11393830840846336,1.937324330273703,0.08619126194713518,0.4491054094355912,0.029882369756835295,0.5281515683933675,0.014093822819062204,0.4,0.0,0.18169924052724892,0.0030289664090924944
low_rating_bottom30_bayes_global_m25,full_content_quantity_interactions_plus_reliability,LogisticRegression,0,2704.0,0.0,5,0.2970414201183432,0.0043001307259611455,0.5070226612940228,0.012288272557971908,0.6898747515140674,0.008474036889078851,0.6911764705882353,0.04093944384433842,0.6450184501845018,0.019420955523159793,0.544547134935305,0.02250988677023415,0.11709254112529491,0.007931064083497441,0.21761218538758104,0.004796735615632677,0.3667261397910277,0.012292435461535415,2.3280752294323337,0.15768821530718477,2.171303871911509,0.047861155367788726,1.832952831783621,0.06143945561551158,0.40411875386538226,0.009496488875095325,0.5077536419373052,0.008798273932047986,0.3,0.0,0.18881580200224962,0.0017605480132920246
low_rating_bottom30_bayes_global_m25,full_content_quantity_interactions_plus_reliability,LogisticRegression,25,1480.0,0.0,5,0.31324324324324326,0.004932895202282159,0.5633719626347657,0.012819157297579403,0.7371401491172659,0.00706828662236462,0.7432432432432432,0.03939832361381959,0.6635135135135135,0.024548516384574292,0.602027027027027,0.015737587430881238,0.11860387884359631,0.005181185122502171,0.21189448565532693,0.009388623159821499,0.3844594345732333,0.011714943152132305,2.372077576871926,0.10362370245004339,2.118944856553269,0.09388623159821513,1.9222971728661662,0.05857471576066149,0.49021100263983614,0.010213495875367282,0.5485816806982674,0.00711032459398237,0.33999999999999997,0.02236067977499789,0.18692387227147092,0.0024358570952691056
low_rating_bottom30_bayes_global_m25,full_content_quantity_interactions_plus_reliability,LogisticRegressionBalanced,0,2704.0,0.0,5,0.2970414201183432,0.0043001307259611455,0.5044687652090314,0.012621556876844133,0.6893055401992072,0.008753901532453163,0.6838235294117647,0.03676470588235296,0.6457564575645757,0.02135763266197459,0.544547134935305,0.015442956431944866,0.1158326796517222,0.0070219858114005055,0.2178652995625967,0.0058557623534619884,0.3667549530431069,0.007439809384480654,2.303026218957771,0.13961360025019817,2.1738294096577917,0.058427975659635624,1.8330968447847709,0.03718529496420647,0.5053131243328389,0.010637141444114756,0.5095286624366238,0.009308029246136607,0.48,0.027386127875258293,0.22056409495330032,0.0024824910789070414
low_rating_bottom30_bayes_global_m25,full_content_quantity_interactions_plus_reliability,LogisticRegressionBalanced,25,1480.0,0.0,5,0.31324324324324326,0.004932895202282159,0.5638814018909105,0.013682513555986557,0.7372902493117335,0.005982273130397727,0.7405405405405405,0.056853199913412526,0.6594594594594595,0.024173707864862608,0.6027027027027028,0.01828698459827619,0.11815013208760203,0.007989926024631076,0.21057179082000807,0.008501137629496431,0.3848488550193573,0.011562774462394409,2.3630026417520407,0.15979852049262133,2.1057179082000808,0.08501137629496432,1.9242442750967867,0.05781387231197211,0.5566385991672951,0.007788825072719388,0.5573378246582539,0.009345777183049745,0.48,0.0273861278752583,0.20952807723117153,0.0020473718858649696
low_rating_bottom30_bayes_global_m25,full_content_quantity_interactions_plus_reliability,XGBoostClassifier,0,2704.0,0.0,5,0.2970414201183432,0.0043001307259611455,0.5212579980700127,0.010444580460427075,0.706588651503566,0.007182668059492721,0.6985294117647058,0.0509426708108493,0.6472324723247233,0.02097161954004847,0.5597042513863216,0.02453610869655469,0.11829708387991014,0.008781004867596472,0.21837140386921655,0.006175536874645104,0.37686861780742287,0.01117985163146808,2.3520243736123314,0.17458703795574151,2.178879247462589,0.06161864099276906,1.8836464742167682,0.05587859299720812,0.36137675471970443,0.019605905803271186,0.501289792667951,0.009985629700432744,0.35,0.0,0.1835111379623413,0.0008946897618239865
low_rating_bottom30_bayes_global_m25,full_content_quantity_interactions_plus_reliability,XGBoostClassifier,25,1480.0,0.0,5,0.31324324324324326,0.004932895202282159,0.5747207870371506,0.015740330033557837,0.7455966001627143,0.00792438639914436,0.745945945945946,0.06295034972352492,0.6675675675675675,0.03980182831087337,0.6141891891891892,0.01961206118067563,0.11906091050914536,0.009762147041673675,0.2131730954121232,0.013435747725764745,0.39221509479841676,0.01356529878004224,2.381218210182907,0.19524294083347346,2.131730954121232,0.13435747725764743,1.9610754739920844,0.06782649390021109,0.4305562830830028,0.01965479897468618,0.5397128757407705,0.021870532447651265,0.39,0.02236067977499791,0.17994432747364045,0.003241496294477865
low_rating_bottom30_category_relative,content_only_core,DummyClassifier,0,2704.0,0.0,5,0.31494082840236687,0.0024194418984905424,0.31494082840236687,0.0024194418984905424,0.5,0.0,0.29705882352941176,0.036617351758790405,0.3077490774907749,0.03223242479988555,0.3079482439926063,0.01538754557358033,0.04740699383810059,0.0054638126479625865,0.09788333760937215,0.009582783275855876,0.19560531752272808,0.009002021004244532,0.9425625833692942,0.10863345147125626,0.9766662173274623,0.09561566781518188,0.9776650251043563,0.04499346542602071,0.0,0.0,0.4790148980936995,0.0027950111721136294,0.05,0.0,0.21575663871128384,0.000892018996866539
low_rating_bottom30_category_relative,content_only_core,DummyClassifier,25,1480.0,0.0,5,0.28135135135135136,0.0015555222207056033,0.28135135135135136,0.0015555222207056033,0.5,0.0,0.24594594594594596,0.06850698300344094,0.2675675675675676,0.03749847817705839,0.27635135135135136,0.030160424487385998,0.04372353182322766,0.012306041869540249,0.09507231051248333,0.013081923901032712,0.19638538583821946,0.0207003179016246,0.8744706364645533,0.24612083739080493,0.9507231051248333,0.1308192390103271,0.9819269291910974,0.10350158950812301,0.0,0.0,0.43914601752402993,0.0018962346585687409,0.05,0.0,0.2021939585101026,0.0006806278394936296
low_rating_bottom30_category_relative,content_only_core,ExtraTreesClassifier,0,2704.0,0.0,5,0.31494082840236687,0.0024194418984905424,0.49868336589899753,0.013505582379202786,0.6830852006433906,0.0090883187176837,0.65,0.04047458513094967,0.592619926199262,0.02385716586751973,0.5334565619223659,0.02204982692561428,0.10380908147209764,0.0064973001530383104,0.18858075915410294,0.00729516585078286,0.33883229993797237,0.011812171689583961,2.0639687963275883,0.12918161480746776,1.8816323717811598,0.07279014192072655,1.693535192296261,0.059039024489159014,0.3334900324446363,0.009614511795740358,0.3321365919689553,0.0795339133569009,0.5,0.0353553390593274,0.2036593295420277,0.000972758324117989
low_rating_bottom30_category_relative,content_only_core,ExtraTreesClassifier,25,1480.0,0.0,5,0.28135135135135136,0.0015555222207056033,0.5304238316842487,0.008913663700587117,0.7375779286327131,0.010674532128370669,0.727027027027027,0.05522382903162851,0.6256756756756757,0.021151994381754774,0.547972972972973,0.011800168376062797,0.12918341484617293,0.00944251309845908,0.22237064527209943,0.0069491140353959945,0.389512710992027,0.00702950423153098,2.5836682969234586,0.18885026196918134,2.2237064527209944,0.06949114035395991,1.947563554960135,0.035147521157654876,0.3694147203767297,0.008645577312625016,0.2876954187299718,0.09237276404970549,0.54,0.04183300132670379,0.18338687218281519,0.0011188202104955942
low_rating_bottom30_category_relative,content_only_core,HistGradientBoostingClassifier,0,2704.0,0.0,5,0.31494082840236687,0.0024194418984905424,0.4936448542797661,0.01687204024603755,0.6739079530705115,0.008959594705891968,0.65,0.05317554332871928,0.6007380073800738,0.027415757374179676,0.5297597042513863,0.009833224457131558,0.10383480337135724,0.008852201539526207,0.1912086187019491,0.009567548780497448,0.33655387812771764,0.006447224268294354,2.064480208206985,0.17600259531528567,1.9078527858674186,0.09546366015669787,1.6821472947455611,0.03222420410622547,0.27205166087749566,0.0296122720995974,0.47896477335916054,0.007149228160529295,0.35,0.0,0.19766614279588424,0.0024454809486429705
low_rating_bottom30_category_relative,content_only_core,HistGradientBoostingClassifier,25,1480.0,0.0,5,0.28135135135135136,0.0015555222207056033,0.5201020837856032,0.010000195049263113,0.73108967419957,0.011307430472485794,0.6864864864864865,0.0386968136845307,0.6229729729729729,0.025009129085569896,0.5493243243243243,0.0232347957622289,0.12197975213527164,0.006431231579181178,0.22140558108099997,0.00827951788269693,0.390482442763861,0.01610695190957581,2.4395950427054323,0.12862463158362367,2.2140558108099997,0.08279517882696921,1.952412213819305,0.08053475954787907,0.3756220319076486,0.01233037336221637,0.4668186051626269,0.019942809472855618,0.4,0.0,0.1749887573717627,0.0024622396974624382
low_rating_bottom30_category_relative,content_only_core,LogisticRegression,0,2704.0,0.0,5,0.31494082840236687,0.0024194418984905424,0.49528797147131487,0.017238373391785446,0.6724310391715121,0.011750968511473699,0.6588235294117647,0.0505698496001453,0.5896678966789668,0.0305850417492282,0.5227356746765249,0.021373145315434026,0.1052279731274716,0.00824097637219062,0.1876493552374677,0.009684209147297715,0.3320828797526124,0.013406985432872527,2.0921797010050236,0.1638500008117901,1.8723389541037367,0.09662768093835084,1.6598005671923548,0.06701014530589154,0.3721475793432477,0.01913320911128015,0.5145236070120461,0.006103887246686643,0.29,0.022360679774997894,0.1995971468523797,0.0038297518316766387
low_rating_bottom30_category_relative,content_only_core,LogisticRegression,25,1480.0,0.0,5,0.28135135135135136,0.0015555222207056033,0.5121868766725013,0.008386779397635054,0.725568070692546,0.008533499043285297,0.6756756756756757,0.02702702702702704,0.6148648648648649,0.015845999188592697,0.5351351351351351,0.012775452973776335,0.12007287790828733,0.004619995814369555,0.2185579380906273,0.006326299566831793,0.38040554911700514,0.008943872543103974,2.4014575581657467,0.0923999162873912,2.185579380906273,0.06326299566831825,1.9020277455850256,0.044719362715519614,0.42819256183772536,0.005408090233143555,0.5168240228031594,0.013136031125689694,0.3,0.0,0.17981194774995277,0.0025197311023530036
low_rating_bottom30_category_relative,content_only_core,LogisticRegressionBalanced,0,2704.0,0.0,5,0.31494082840236687,0.0024194418984905424,0.49403385152545864,0.01792467426365818,0.672185910200676,0.012417446645383258,0.6544117647058824,0.05551348849463791,0.5911439114391144,0.026787736402777165,0.5260628465804066,0.02464725811576085,0.10452147649186823,0.008992554270338474,0.18811944525368576,0.008482276362938227,0.3342032735375464,0.01567587144173292,2.0781328855442034,0.1787931378455532,1.8770294463688793,0.08463496415271202,1.6703986167200102,0.07835038147587027,0.5084363885228925,0.007412846379448977,0.5172981609766727,0.0028891739446646513,0.45,0.0,0.226788836828575,0.0038849873525780903
low_rating_bottom30_category_relative,content_only_core,LogisticRegressionBalanced,25,1480.0,0.0,5,0.28135135135135136,0.0015555222207056033,0.5099693333722171,0.008681885594236181,0.7252003823821682,0.00837847167680021,0.6756756756756757,0.042733481894167306,0.6094594594594595,0.015407776014853245,0.529054054054054,0.008809732980003593,0.12006362649527638,0.007282740444558272,0.21661976706483008,0.005383841005053139,0.376109789203735,0.007892325179931397,2.4012725299055275,0.1456548088911654,2.166197670648301,0.05383841005053131,1.8805489460186748,0.03946162589965696,0.5250654666102986,0.01399375214837139,0.5250654666102986,0.01399375214837139,0.5,0.0,0.21180929698082532,0.0023979455373252124
low_rating_bottom30_category_relative,content_only_core,XGBoostClassifier,0,2704.0,0.0,5,0.31494082840236687,0.0024194418984905424,0.5022292553593577,0.018624731871243274,0.6794855766774089,0.00870274090682234,0.6764705882352942,0.058593299450401586,0.614760147601476,0.028654271082386957,0.5312384473197782,0.010586189325897522,0.10806802772171029,0.009764208085956995,0.1956479852054465,0.009396269703641998,0.3374890636541104,0.006651612093963497,2.148646668819887,0.19413543135608607,1.9521481623451191,0.0937546615448264,1.6868214937536314,0.03324576543822064,0.3238748916027471,0.013395259694974211,0.485370397970426,0.014891541919426363,0.35,0.0,0.19592649042606353,0.0029353381048719766
low_rating_bottom30_category_relative,content_only_core,XGBoostClassifier,25,1480.0,0.0,5,0.28135135135135136,0.0015555222207056033,0.5305818625294381,0.006978453958487946,0.735704541712867,0.01151647324817188,0.7189189189189189,0.029296599173890197,0.6391891891891892,0.022713157181042744,0.5554054054054054,0.017972210916581622,0.127764177183263,0.005222744571689104,0.22717504586274942,0.007582336112608732,0.39484538010703335,0.01384099201816044,2.5552835436652597,0.10445489143378232,2.271750458627494,0.07582336112608737,1.9742269005351667,0.06920496009080226,0.36787931045331207,0.005179084472007512,0.47516907831419397,0.016499347596986926,0.39,0.022360679774997918,0.17289966940879822,0.0026840163792791645
low_rating_bottom30_category_relative,content_plus_quantity,DummyClassifier,0,2704.0,0.0,5,0.31494082840236687,0.0024194418984905424,0.31494082840236687,0.0024194418984905424,0.5,0.0,0.29705882352941176,0.036617351758790405,0.3077490774907749,0.03223242479988555,0.3079482439926063,0.01538754557358033,0.04740699383810059,0.0054638126479625865,0.09788333760937215,0.009582783275855876,0.19560531752272808,0.009002021004244532,0.9425625833692942,0.10863345147125626,0.9766662173274623,0.09561566781518188,0.9776650251043563,0.04499346542602071,0.0,0.0,0.4790148980936995,0.0027950111721136294,0.05,0.0,0.21575663871128384,0.000892018996866539
low_rating_bottom30_category_relative,content_plus_quantity,DummyClassifier,25,1480.0,0.0,5,0.28135135135135136,0.0015555222207056033,0.28135135135135136,0.0015555222207056033,0.5,0.0,0.24594594594594596,0.06850698300344094,0.2675675675675676,0.03749847817705839,0.27635135135135136,0.030160424487385998,0.04372353182322766,0.012306041869540249,0.09507231051248333,0.013081923901032712,0.19638538583821946,0.0207003179016246,0.8744706364645533,0.24612083739080493,0.9507231051248333,0.1308192390103271,0.9819269291910974,0.10350158950812301,0.0,0.0,0.43914601752402993,0.0018962346585687409,0.05,0.0,0.2021939585101026,0.0006806278394936296
low_rating_bottom30_category_relative,content_plus_quantity,ExtraTreesClassifier,0,2704.0,0.0,5,0.31494082840236687,0.0024194418984905424,0.5021052490082025,0.016001444623925977,0.6874417537066007,0.013294190886421137,0.6485294117647059,0.025682719406724962,0.5977859778597786,0.028582902924039998,0.5386321626617375,0.024681889660333443,0.10358538708735163,0.004481426639124946,0.1902289461484092,0.008948213022360624,0.3421268545821561,0.01397577219626034,2.059521225619109,0.08910130611907253,1.8980777504992568,0.08928401480613693,1.7100018757673752,0.0698530277609761,0.3297759770957511,0.01356957538244361,0.3297759770957511,0.01356957538244361,0.5,0.0,0.20268172579061283,0.0015587098761215981
low_rating_bottom30_category_relative,content_plus_quantity,ExtraTreesClassifier,25,1480.0,0.0,5,0.28135135135135136,0.0015555222207056033,0.528698236800859,0.015480097212206704,0.7392953708987005,0.009606514537258512,0.7054054054054054,0.06073568933579524,0.6283783783783784,0.048723665884648534,0.5486486486486487,0.015221459900092977,0.12534407844662243,0.010507159741493573,0.2232952449998332,0.016470510721425986,0.38998305349949214,0.009304217114562002,2.5068815689324486,0.2101431948298717,2.232952449998332,0.16470510721425996,1.9499152674974607,0.04652108557280998,0.35628028441959164,0.014567072960351592,0.2887845805336674,0.09720226964533285,0.53,0.0447213595499958,0.18290450030223387,0.0012748449207024466
low_rating_bottom30_category_relative,content_plus_quantity,HistGradientBoostingClassifier,0,2704.0,0.0,5,0.31494082840236687,0.0024194418984905424,0.49131353453422016,0.018557028449922807,0.6753540849861237,0.011980062019898699,0.6529411764705882,0.04860733494423065,0.5867158671586716,0.039312316886831226,0.5212569316081331,0.013070365641156136,0.10431094628082349,0.008252093767465241,0.18675638545473144,0.01323034318429111,0.331145731960891,0.008129746437163804,2.073947049583432,0.16407104078842658,1.863429026825069,0.1320105091155836,1.655116560484749,0.040633704928079384,0.24957360658135003,0.04115629199319487,0.4876999004038078,0.014187962560234925,0.35,0.0,0.19769080236952924,0.003037811709475166
low_rating_bottom30_category_relative,content_plus_quantity,HistGradientBoostingClassifier,25,1480.0,0.0,5,0.28135135135135136,0.0015555222207056033,0.5192499500933812,0.005905283614087204,0.7330646432961097,0.00591542711306838,0.6891891891891893,0.05145792639097236,0.6162162162162163,0.00880973298000359,0.5513513513513513,0.019900914155436704,0.12245934605574771,0.008809848753273116,0.21902715557713784,0.0034782028507348317,0.3919560638838822,0.014849547322446572,2.449186921114954,0.17619697506546217,2.1902715557713783,0.03478202850734855,1.959780319419411,0.07424773661223301,0.36787332012907403,0.01596757181092787,0.46947702356108134,0.010534083267293787,0.4,0.0,0.1749895271032805,0.0016080734666632996
low_rating_bottom30_category_relative,content_plus_quantity,LogisticRegression,0,2704.0,0.0,5,0.31494082840236687,0.0024194418984905424,0.49261651288862307,0.01768941224152131,0.6713094840931049,0.011392977452252897,0.65,0.04782238982796791,0.5948339483394834,0.029451025740568123,0.5264325323475046,0.020010896270202343,0.10381119824650735,0.007695372022016063,0.1892860428934205,0.009147482765649778,0.3344496691690185,0.013089234579799769,2.064010882783499,0.15300210255537824,1.8886695940361957,0.0912723003627934,1.6716301394325803,0.06542197838036692,0.37435445338079093,0.017287259965755274,0.5142640858278618,0.007043896499435676,0.29,0.022360679774997894,0.20004235045081073,0.003855929720947195
low_rating_bottom30_category_relative,content_plus_quantity,LogisticRegression,25,1480.0,0.0,5,0.28135135135135136,0.0015555222207056033,0.5087739874216992,0.008908105367520363,0.7247548362284209,0.00822410038342401,0.6702702702702703,0.038932054840237665,0.604054054054054,0.015555222207055859,0.5283783783783784,0.014051779961544225,0.11911714887865701,0.006928390107758999,0.2147116840684331,0.006054784312777694,0.3756231939121571,0.01079571116153552,2.38234297757314,0.13856780215518025,2.147116840684331,0.06054784312777693,1.8781159695607854,0.05397855580767765,0.4305172904648528,0.0074151108789822645,0.5116563810875383,0.01117858874560024,0.30999999999999994,0.022360679774997887,0.1807016585156891,0.0024561592993929634
low_rating_bottom30_category_relative,content_plus_quantity,LogisticRegressionBalanced,0,2704.0,0.0,5,0.31494082840236687,0.0024194418984905424,0.4910634217913718,0.018457810779745055,0.6707098375932248,0.012091741274956564,0.65,0.04306338371866568,0.5918819188191882,0.019973975797379123,0.5256931608133086,0.02273642605794446,0.10382330403300374,0.007142479881010158,0.1883520702633136,0.0062222816666984695,0.333967473366304,0.014438713658887749,2.0642515743032512,0.14200930586949623,1.879350546095941,0.062085053973257136,1.669220051723634,0.07216687935976411,0.5063559101321442,0.007684209663553776,0.5165455795690248,0.004751908011517899,0.45,0.0,0.22723202264358075,0.0036957041216978074
low_rating_bottom30_category_relative,content_plus_quantity,LogisticRegressionBalanced,25,1480.0,0.0,5,0.28135135135135136,0.0015555222207056033,0.5072483987526419,0.0085032823571496,0.7244685673555651,0.007806287568295831,0.6756756756756757,0.037008280912511266,0.6054054054054054,0.015555222207055833,0.5310810810810811,0.011050964347159502,0.12006016768395453,0.006151210648366462,0.21520519698265472,0.006637249834023052,0.3775347357198759,0.00835789111306714,2.401203353679091,0.12302421296732928,2.1520519698265472,0.06637249834023054,1.8876736785993795,0.04178945556533554,0.518407899656238,0.009713971474224755,0.517292787898447,0.009036648943866958,0.51,0.022360679774997935,0.21252919309265175,0.0021765917433251097
low_rating_bottom30_category_relative,content_plus_quantity,XGBoostClassifier,0,2704.0,0.0,5,0.31494082840236687,0.0024194418984905424,0.5040015318459252,0.01485596746286178,0.6815853341812363,0.00806150463863101,0.6705882352941177,0.043624696982915684,0.611070110701107,0.01395400029608049,0.5393715341959335,0.015096130860698985,0.10713526798788926,0.007661539934104478,0.19448381335828346,0.005490023169590186,0.34266170707967564,0.00977399288400933,2.1301012105827395,0.15232944104278318,1.9405322188959353,0.054778681367423775,1.7126751496181938,0.04885189788976181,0.32918535978663327,0.009605278816446456,0.48340577852136735,0.024273174007867097,0.36,0.02236067977499791,0.19565798938274384,0.0025365708420349133
low_rating_bottom30_category_relative,content_plus_quantity,XGBoostClassifier,25,1480.0,0.0,5,0.28135135135135136,0.0015555222207056033,0.5303076026250888,0.00520653195918818,0.7380933620835682,0.010079402483326361,0.681081081081081,0.02634268741840258,0.6324324324324324,0.012274258192287116,0.5608108108108107,0.019259720018566504,0.12105290236562874,0.005111589501670901,0.22478270136514172,0.0041041950000867905,0.3987032193326058,0.015246506790875438,2.4210580473125747,0.10223179003341795,2.247827013651418,0.041041950000867716,1.9935160966630285,0.07623253395437725,0.37876926729319915,0.014652159985393655,0.4951863283646126,0.020138898620070497,0.38,0.02738612787525833,0.17251176238059998,0.0020110357832384762
low_rating_bottom30_category_relative,content_plus_reliability,DummyClassifier,0,2704.0,0.0,5,0.31494082840236687,0.0024194418984905424,0.31494082840236687,0.0024194418984905424,0.5,0.0,0.29705882352941176,0.036617351758790405,0.3077490774907749,0.03223242479988555,0.3079482439926063,0.01538754557358033,0.04740699383810059,0.0054638126479625865,0.09788333760937215,0.009582783275855876,0.19560531752272808,0.009002021004244532,0.9425625833692942,0.10863345147125626,0.9766662173274623,0.09561566781518188,0.9776650251043563,0.04499346542602071,0.0,0.0,0.4790148980936995,0.0027950111721136294,0.05,0.0,0.21575663871128384,0.000892018996866539
low_rating_bottom30_category_relative,content_plus_reliability,DummyClassifier,25,1480.0,0.0,5,0.28135135135135136,0.0015555222207056033,0.28135135135135136,0.0015555222207056033,0.5,0.0,0.24594594594594596,0.06850698300344094,0.2675675675675676,0.03749847817705839,0.27635135135135136,0.030160424487385998,0.04372353182322766,0.012306041869540249,0.09507231051248333,0.013081923901032712,0.19638538583821946,0.0207003179016246,0.8744706364645533,0.24612083739080493,0.9507231051248333,0.1308192390103271,0.9819269291910974,0.10350158950812301,0.0,0.0,0.43914601752402993,0.0018962346585687409,0.05,0.0,0.2021939585101026,0.0006806278394936296
low_rating_bottom30_category_relative,content_plus_reliability,ExtraTreesClassifier,0,2704.0,0.0,5,0.31494082840236687,0.0024194418984905424,0.5101374734029047,0.01929564975364464,0.6983584350178551,0.012593424346862121,0.6529411764705882,0.04690922914040167,0.6029520295202951,0.02935841222275434,0.5456561922365989,0.014752731932890888,0.10427478343041525,0.007465091410595553,0.19186835702691463,0.00908397949199674,0.34662296840837803,0.008069957187213945,2.0732280470282562,0.14842358216360566,1.9144355623644913,0.0906386736028014,1.7324741341520409,0.04033486919450382,0.34093719341380985,0.011603837351841029,0.318715947663497,0.059047653519846886,0.51,0.022360679774997918,0.20142833883482975,0.0016606476438289102
low_rating_bottom30_category_relative,content_plus_reliability,ExtraTreesClassifier,25,1480.0,0.0,5,0.28135135135135136,0.0015555222207056033,0.5404801488741379,0.01471871820622813,0.7511620967691761,0.011464482618824587,0.7216216216216216,0.045426314362085427,0.6432432432432432,0.03254485021295218,0.5540540540540541,0.02027027027027026,0.12824377110373908,0.008072355624359701,0.22858840717551207,0.010529153122540373,0.3938721895238775,0.01488581466383117,2.5648754220747816,0.16144711248719393,2.2858840717551208,0.10529153122540391,1.969360947619387,0.07442907331915578,0.37725460247590553,0.017149115220438438,0.32196249899556006,0.1058280628482668,0.52,0.04472135954999583,0.18142435380081165,0.0016815344379452982
low_rating_bottom30_category_relative,content_plus_reliability,HistGradientBoostingClassifier,0,2704.0,0.0,5,0.31494082840236687,0.0024194418984905424,0.5142412853643138,0.016265498573452553,0.6933563065607362,0.008539183096289529,0.6823529411764706,0.06355085422450558,0.6280442804428044,0.03748612575409682,0.5426987060998152,0.018279830410463774,0.10899821874205969,0.010427626954482681,0.1998806031076566,0.0122364192787267,0.34475199090744957,0.010906480798975115,2.1671410549891865,0.2073257594479499,1.9943806302697542,0.12209327575526568,1.7231227050161622,0.05451224414127302,0.3079657756523472,0.02718374824758763,0.48590562086914535,0.01764224582442201,0.36,0.022360679774997918,0.1936126154234405,0.002661962083616546
low_rating_bottom30_category_relative,content_plus_reliability,HistGradientBoostingClassifier,25,1480.0,0.0,5,0.28135135135135136,0.0015555222207056033,0.5462437970723563,0.010046662985656362,0.752171669623512,0.011295966438448594,0.7081081081081082,0.02960662473000901,0.6567567567567567,0.035561344234975055,0.5722972972972973,0.02007223078042286,0.1258283399478331,0.004830650894963408,0.23339039022733657,0.01167648786165176,0.40686365234563376,0.015550102979474074,2.516566798956662,0.0966130178992682,2.3339039022733656,0.11676487861651756,2.034318261728169,0.07775051489737031,0.4167539401833822,0.016195687384205553,0.4927644399126832,0.011932729611429091,0.4,0.0,0.1696160287541831,0.0028818233518705313
low_rating_bottom30_category_relative,content_plus_reliability,LogisticRegression,0,2704.0,0.0,5,0.31494082840236687,0.0024194418984905424,0.5102018763783172,0.018855135839269028,0.6941544862769645,0.011553774391893713,0.6985294117647058,0.044117647058823546,0.614760147601476,0.04801303817512664,0.5412199630314233,0.02386549984706754,0.11155208775374156,0.0069460182708335014,0.1956346665226642,0.015253408325573902,0.3438239166615099,0.015000350020150453,2.2179179800449793,0.1381031867965719,1.9520152703958822,0.15219636941827244,1.7184840492656615,0.07497402302123272,0.4067245629694251,0.01846487918229787,0.5351534593209814,0.007117578367677736,0.26,0.02236067977499789,0.19540393227086478,0.004158398665334852
low_rating_bottom30_category_relative,content_plus_reliability,LogisticRegression,25,1480.0,0.0,5,0.28135135135135136,0.0015555222207056033,0.5392744499147117,0.009616737212946428,0.7497039362479236,0.012759609491185101,0.7,0.03985913838852063,0.6486486486486487,0.02528146882955366,0.5567567567567567,0.012730705190146456,0.12441264484470316,0.007319252406098456,0.2305786278680532,0.009844286786733948,0.39576393598770354,0.008283052776036711,2.4882528968940627,0.14638504812196917,2.305786278680532,0.09844286786733962,1.9788196799385176,0.041415263880183635,0.4586150039647083,0.010225387122729258,0.5378485686671353,0.02357717027838956,0.29,0.041833001326703756,0.1737284326522405,0.004257239065023311
low_rating_bottom30_category_relative,content_plus_reliability,LogisticRegressionBalanced,0,2704.0,0.0,5,0.31494082840236687,0.0024194418984905424,0.5083756616442551,0.01930089269069333,0.6941654496051456,0.012111940562200283,0.6823529411764706,0.04393343895967544,0.6177121771217713,0.052678427084112,0.5390018484288355,0.022204239364798904,0.10895827428189393,0.006720661605933113,0.1965709104362618,0.016700079684712293,0.3424115298384461,0.013815252060233329,2.166346865134126,0.13362256604737618,1.9613569808843245,0.16663105338546885,1.7114247258468727,0.06905072379088893,0.52380889714386,0.009977977662384433,0.5349275094044231,0.009036499688802952,0.43,0.0273861278752583,0.2209873252788303,0.004176033611501051
low_rating_bottom30_category_relative,content_plus_reliability,LogisticRegressionBalanced,25,1480.0,0.0,5,0.28135135135135136,0.0015555222207056033,0.5371859394838016,0.010416751119106766,0.7505725933495956,0.012586778622772398,0.6945945945945946,0.028022218045037458,0.6405405405405405,0.016131535657180146,0.5601351351351351,0.014011109022518736,0.12344991444397095,0.00525524231809889,0.2276823940222584,0.006374393460516639,0.39815861427567845,0.008864156188122807,2.468998288879419,0.10510484636197778,2.2768239402225836,0.06374393460516642,1.990793071378392,0.04432078094061375,0.5463981857317094,0.01752265843530325,0.545825102397494,0.021549180135400574,0.5,0.035355339059327404,0.2035419059862718,0.003577979266224922
low_rating_bottom30_category_relative,content_plus_reliability,XGBoostClassifier,0,2704.0,0.0,5,0.31494082840236687,0.0024194418984905424,0.5213852590892014,0.021779646757555296,0.7021057650965629,0.009308026211272158,0.7073529411764705,0.055853320631861623,0.6339483394833948,0.038294690226183335,0.5434380776340111,0.01472955402080337,0.11298520197002168,0.009175142948882036,0.20176202155973363,0.012577870968643337,0.34524023960341227,0.00934680596913266,2.2464116626980783,0.1824234303954194,2.0131531597694456,0.1255002328384192,1.725563046003007,0.046716752939990155,0.3345112737937865,0.020012794134732365,0.5028801899852171,0.008526473983005245,0.35,0.0,0.19137323200702666,0.003323714436243277
low_rating_bottom30_category_relative,content_plus_reliability,XGBoostClassifier,25,1480.0,0.0,5,0.28135135135135136,0.0015555222207056033,0.55336584309625,0.008436293314554021,0.7575349214134236,0.011709866677697868,0.745945945945946,0.0322630713143603,0.6567567567567567,0.01934840684226533,0.5817567567567568,0.020880455595084394,0.13256045138185651,0.005538208159748914,0.23343552227143682,0.007019521131634634,0.41359688880061185,0.01639148521307002,2.6512090276371305,0.11076416319497824,2.3343552227143687,0.07019521131634639,2.067984444003059,0.08195742606535018,0.3892332396559933,0.0143073992809071,0.5006438586689507,0.01390721912133,0.4,0.0,0.1676469177007675,0.0028827407323955036
low_rating_bottom30_category_relative,content_quantity_interactions,DummyClassifier,0,2704.0,0.0,5,0.31494082840236687,0.0024194418984905424,0.31494082840236687,0.0024194418984905424,0.5,0.0,0.29705882352941176,0.036617351758790405,0.3077490774907749,0.03223242479988555,0.3079482439926063,0.01538754557358033,0.04740699383810059,0.0054638126479625865,0.09788333760937215,0.009582783275855876,0.19560531752272808,0.009002021004244532,0.9425625833692942,0.10863345147125626,0.9766662173274623,0.09561566781518188,0.9776650251043563,0.04499346542602071,0.0,0.0,0.4790148980936995,0.0027950111721136294,0.05,0.0,0.21575663871128384,0.000892018996866539
low_rating_bottom30_category_relative,content_quantity_interactions,DummyClassifier,25,1480.0,0.0,5,0.28135135135135136,0.0015555222207056033,0.28135135135135136,0.0015555222207056033,0.5,0.0,0.24594594594594596,0.06850698300344094,0.2675675675675676,0.03749847817705839,0.27635135135135136,0.030160424487385998,0.04372353182322766,0.012306041869540249,0.09507231051248333,0.013081923901032712,0.19638538583821946,0.0207003179016246,0.8744706364645533,0.24612083739080493,0.9507231051248333,0.1308192390103271,0.9819269291910974,0.10350158950812301,0.0,0.0,0.43914601752402993,0.0018962346585687409,0.05,0.0,0.2021939585101026,0.0006806278394936296
low_rating_bottom30_category_relative,content_quantity_interactions,ExtraTreesClassifier,0,2704.0,0.0,5,0.31494082840236687,0.0024194418984905424,0.5000582685476612,0.014682333555837722,0.6868679278482884,0.010419371068349456,0.6455882352941177,0.03834824944236855,0.5948339483394834,0.024670870332762777,0.5386321626617375,0.021059113299262258,0.10309547355604118,0.005986880735857623,0.1892960319055072,0.007888405305132929,0.3421433484265529,0.011926641580882335,2.0497805918789362,0.11903327580705156,1.8887692629981234,0.07870940201136345,1.7100843145016618,0.05961116235620283,0.33344663741453695,0.00888820704308274,0.2826456199391812,0.07230886169414019,0.52,0.02738612787525833,0.20285128262803256,0.0011358618017557251
low_rating_bottom30_category_relative,content_quantity_interactions,ExtraTreesClassifier,25,1480.0,0.0,5,0.28135135135135136,0.0015555222207056033,0.5316988758159702,0.010996557679080362,0.7413212436921646,0.009293611354446448,0.7189189189189189,0.06508970042590428,0.6283783783783784,0.0274460756913377,0.5493243243243244,0.010021889847426583,0.1277340891538628,0.011150846599796089,0.223313664077397,0.00881657762928304,0.39047198258143734,0.005352083334199091,2.554681783077256,0.22301693199592157,2.23313664077397,0.0881657762928305,1.952359912907187,0.026760416670995456,0.35634544012065295,0.009711677008887486,0.25455232439686004,0.08144578271774364,0.55,0.035355339059327376,0.18260207317218202,0.0011148519256864605
low_rating_bottom30_category_relative,content_quantity_interactions,HistGradientBoostingClassifier,0,2704.0,0.0,5,0.31494082840236687,0.0024194418984905424,0.49172828506600774,0.011971885255613034,0.6757583466956887,0.007950503466679108,0.6588235294117647,0.03549270113572699,0.5896678966789668,0.018152581367156997,0.5271719038817005,0.011572995077632908,0.10525006792605474,0.006356855924145263,0.18767750292929902,0.00671591419746644,0.33492974819732324,0.008506215945911347,2.092618997588618,0.12638925308006457,1.8726198078259209,0.06701045014741412,1.674029647182185,0.042515356594721256,0.26313164177861426,0.030285077426509335,0.47963856595298066,0.010009447819804517,0.35,0.0,0.19749622805646608,0.002189061464375716
low_rating_bottom30_category_relative,content_quantity_interactions,HistGradientBoostingClassifier,25,1480.0,0.0,5,0.28135135135135136,0.0015555222207056033,0.5188310961551293,0.005451750100854466,0.7341740426175383,0.006481932858697942,0.672972972972973,0.03081555202970645,0.6162162162162163,0.02210192869431909,0.5547297297297298,0.01745677119292407,0.11958507384729669,0.005144785031099832,0.2190028601494268,0.007115922482354443,0.39434719961207715,0.012776435058443709,2.3917014769459337,0.10289570062199638,2.190028601494268,0.0711592248235444,1.9717359980603857,0.06388217529221861,0.3740236658365519,0.01252047092129992,0.46735067780143896,0.015564832074497707,0.4,0.0,0.17464728379266872,0.0017456138740698497
low_rating_bottom30_category_relative,content_quantity_interactions,LogisticRegression,0,2704.0,0.0,5,0.31494082840236687,0.0024194418984905424,0.4933284975049272,0.018147581727067482,0.6716934787818483,0.011090235886835487,0.6514705882352941,0.054679389536994735,0.596309963099631,0.03327177587852354,0.5301293900184842,0.018456541096290757,0.1040459400305449,0.008779258205751532,0.18976430257729643,0.010567346699294359,0.3367780244515256,0.01145862562766543,2.0686781017837754,0.17455231020847173,1.8934416020996665,0.10543950359738724,1.6832676120460726,0.05727194768430195,0.37771610870322625,0.016540914154238757,0.5138111807213889,0.0046732490735044265,0.29,0.022360679774997894,0.19995287097970957,0.0038825559946087562
low_rating_bottom30_category_relative,content_quantity_interactions,LogisticRegression,25,1480.0,0.0,5,0.28135135135135136,0.0015555222207056033,0.5087017074109681,0.009274352075099123,0.7245816249024408,0.007819228530873943,0.672972972972973,0.04420385738863813,0.6121621621621622,0.011306216574784865,0.5304054054054055,0.014726009944394207,0.11958403257480028,0.007585870051715231,0.2175882900672514,0.004416923036929384,0.37704468161697613,0.01041884055496563,2.3916806514960056,0.1517174010343045,2.175882900672514,0.04416923036929417,1.8852234080848806,0.05209420277482823,0.4281727526807618,0.009601527637271517,0.5170295388669895,0.012389530856627848,0.3,0.03535533905932736,0.18085346636783386,0.0021716957268984698
low_rating_bottom30_category_relative,content_quantity_interactions,LogisticRegressionBalanced,0,2704.0,0.0,5,0.31494082840236687,0.0024194418984905424,0.4923586577291073,0.017945415133197827,0.6709883150467175,0.011730371526549547,0.6544117647058824,0.057663188019699003,0.592619926199262,0.02768757414362222,0.5282809611829944,0.02450127109741885,0.10452419971442087,0.00935684129274955,0.18857909431875516,0.008510885219497425,0.3356139955252625,0.01562810815016469,2.0781870296161324,0.18603602099702046,1.8816157602875054,0.08492041931188582,1.6774496190393897,0.07811165330507452,0.5080671417254833,0.0075912162820794575,0.5146644398931564,0.00469477298912669,0.45,0.0,0.22701354414377994,0.0035681393388985435
low_rating_bottom30_category_relative,content_quantity_interactions,LogisticRegressionBalanced,25,1480.0,0.0,5,0.28135135135135136,0.0015555222207056033,0.5076312858727441,0.009612560763450137,0.7244358002920356,0.007582818137564417,0.681081081081081,0.04542631436208541,0.6081081081081081,0.015108567415539124,0.5283783783783783,0.012320663870817926,0.12101943927336486,0.007705941165394067,0.21614942455736497,0.005764792757978201,0.37562665272347895,0.009854543978406734,2.4203887854672974,0.15411882330788124,2.1614942455736497,0.057647927579782224,1.8781332636173946,0.04927271989203358,0.5195718834508958,0.011223988400569441,0.5158309984677534,0.012330613760867882,0.51,0.04183300132670376,0.212569585965529,0.0016800691917118185
low_rating_bottom30_category_relative,content_quantity_interactions,XGBoostClassifier,0,2704.0,0.0,5,0.31494082840236687,0.0024194418984905424,0.5066972789586895,0.015669016630890386,0.6837132108324186,0.009635778337894068,0.6735294117647059,0.058961235872733726,0.6191881918819189,0.028511356121154047,0.5397412199630314,0.021476802289505065,0.10760898510478381,0.009946699573874817,0.1970795890954598,0.009887270678252801,0.3428590731170191,0.012606332908864913,2.139519821495113,0.19776379152762885,1.966432505218167,0.09865380042064782,1.7136616149878363,0.06300836263506616,0.32779765592951693,0.009340262743758074,0.4802101026438634,0.03142721453397899,0.36,0.02236067977499791,0.1952120155096054,0.00277219951308167
low_rating_bottom30_category_relative,content_quantity_interactions,XGBoostClassifier,25,1480.0,0.0,5,0.28135135135135136,0.0015555222207056033,0.5247593039103379,0.008324332109903146,0.735961750452247,0.007976562752613589,0.6972972972972973,0.04542631436208544,0.6283783783783784,0.02189439425137787,0.5527027027027027,0.02077084614721539,0.12388783513166864,0.00745043677049578,0.22335066972944081,0.007957754621880147,0.3929384221315909,0.016121623679496606,2.477756702633372,0.14900873540991544,2.233506697294408,0.07957754621880159,1.9646921106579545,0.08060811839748308,0.3599260567960175,0.01145700099412726,0.46490815591274826,0.02266942323265872,0.4,0.0,0.17345761358737946,0.0020673341890535186
low_rating_bottom30_category_relative,content_quantity_plus_reliability,DummyClassifier,0,2704.0,0.0,5,0.31494082840236687,0.0024194418984905424,0.31494082840236687,0.0024194418984905424,0.5,0.0,0.29705882352941176,0.036617351758790405,0.3077490774907749,0.03223242479988555,0.3079482439926063,0.01538754557358033,0.04740699383810059,0.0054638126479625865,0.09788333760937215,0.009582783275855876,0.19560531752272808,0.009002021004244532,0.9425625833692942,0.10863345147125626,0.9766662173274623,0.09561566781518188,0.9776650251043563,0.04499346542602071,0.0,0.0,0.4790148980936995,0.0027950111721136294,0.05,0.0,0.21575663871128384,0.000892018996866539
low_rating_bottom30_category_relative,content_quantity_plus_reliability,DummyClassifier,25,1480.0,0.0,5,0.28135135135135136,0.0015555222207056033,0.28135135135135136,0.0015555222207056033,0.5,0.0,0.24594594594594596,0.06850698300344094,0.2675675675675676,0.03749847817705839,0.27635135135135136,0.030160424487385998,0.04372353182322766,0.012306041869540249,0.09507231051248333,0.013081923901032712,0.19638538583821946,0.0207003179016246,0.8744706364645533,0.24612083739080493,0.9507231051248333,0.1308192390103271,0.9819269291910974,0.10350158950812301,0.0,0.0,0.43914601752402993,0.0018962346585687409,0.05,0.0,0.2021939585101026,0.0006806278394936296
low_rating_bottom30_category_relative,content_quantity_plus_reliability,ExtraTreesClassifier,0,2704.0,0.0,5,0.31494082840236687,0.0024194418984905424,0.5139760166909555,0.014960130084761382,0.7018287300547008,0.010690998959616995,0.6661764705882354,0.0241642304781691,0.607380073800738,0.01320187735793236,0.5471349353049908,0.01815793225913908,0.10638594916048649,0.003703369277481874,0.19326834063350112,0.0028710958443142927,0.3475717700475339,0.010889599066320874,2.1152029891908493,0.07363169504640439,1.928404402483347,0.028647391745482975,1.7372163885555119,0.05442786668268311,0.33587675349355245,0.00636195376343839,0.3579981906113717,0.050960653497978216,0.49000000000000005,0.02236067977499789,0.20069335809261846,0.0013174656350284555
low_rating_bottom30_category_relative,content_quantity_plus_reliability,ExtraTreesClassifier,25,1480.0,0.0,5,0.28135135135135136,0.0015555222207056033,0.5458354627662161,0.013049823963118599,0.7520099212551031,0.011268612980779007,0.7351351351351351,0.05936725036888868,0.6635135135135135,0.028426599956706253,0.5567567567567567,0.017126745750860223,0.1306326567900249,0.010333777474631815,0.235808238922068,0.009316946108941987,0.3957732711491726,0.011930880250445789,2.6126531358004974,0.20667554949263625,2.35808238922068,0.09316946108941994,1.978866355745863,0.059654401252228866,0.38297112137433065,0.007221566850280504,0.3252870768421795,0.1071023712546355,0.52,0.04472135954999583,0.18070113215637817,0.0011986257562285605
low_rating_bottom30_category_relative,content_quantity_plus_reliability,HistGradientBoostingClassifier,0,2704.0,0.0,5,0.31494082840236687,0.0024194418984905424,0.5107585334809863,0.019434229409515866,0.6969174618926476,0.008178999645991293,0.6661764705882354,0.07581021422812942,0.5992619926199263,0.04836623580165594,0.5419593345656193,0.021131996431834103,0.10645388680340258,0.0126871996293068,0.1907306564480541,0.01576395837335762,0.34432305824768317,0.014081851064666931,2.116553749385298,0.2522513808650411,1.9030837455185914,0.1572905662050148,1.7209788345688266,0.07038322602376966,0.2864188824645953,0.022081459138091616,0.49698214950268105,0.011202467788909558,0.35,0.0,0.19344160941863048,0.0030246077308404575
low_rating_bottom30_category_relative,content_quantity_plus_reliability,HistGradientBoostingClassifier,25,1480.0,0.0,5,0.28135135135135136,0.0015555222207056033,0.5478868352729258,0.009346688206095218,0.7535803210785776,0.01173349366990214,0.7216216216216217,0.04440993709501348,0.658108108108108,0.022204968547506736,0.5709459459459459,0.024244425835147534,0.12822293448734987,0.007502221296357686,0.23392099254206022,0.008171288879317038,0.4058627912719032,0.017113956862852296,2.5644586897469974,0.15004442592715359,2.3392099254206022,0.08171288879317024,2.029313956359516,0.08556978431426128,0.4039664443530103,0.03061165601741135,0.49215521901682474,0.016791284532004173,0.4,0.0,0.16932629621398454,0.0033199769270576317
low_rating_bottom30_category_relative,content_quantity_plus_reliability,LogisticRegression,0,2704.0,0.0,5,0.31494082840236687,0.0024194418984905424,0.5070017220616125,0.018853648799865598,0.6920565168201075,0.011505046034512637,0.6794117647058824,0.05368150661307056,0.6177121771217712,0.052807509431729384,0.5404805914972274,0.022736426057944497,0.1085002900521723,0.008513782755188734,0.19657635688136707,0.01680567081350542,0.34336093792574496,0.014440978381715127,2.1572410610373085,0.16927403360316426,1.9614113247498763,0.16768462686243057,1.7161700113700822,0.07217819878772223,0.4037670339021161,0.021346820336836367,0.5338272301778793,0.0032072523091596157,0.27,0.027386127875258296,0.1960835803190329,0.004204326829468844
low_rating_bottom30_category_relative,content_quantity_plus_reliability,LogisticRegression,25,1480.0,0.0,5,0.28135135135135136,0.0015555222207056033,0.5353944182812448,0.010840596035010886,0.7485962391110179,0.012272859410574296,0.6918918918918919,0.0481581883275823,0.6486486486486487,0.02866649112918438,0.5574324324324325,0.010412861491501646,0.1229691955025403,0.008738045088732755,0.230557791251664,0.010368299026087175,0.39624361365663774,0.006336613730540299,2.459383910050806,0.17476090177465503,2.3055779125166396,0.10368299026087192,1.9812180682831886,0.03168306865270147,0.46358901740791714,0.008820559964721463,0.5335030500318174,0.015188975509073544,0.31999999999999995,0.0273861278752583,0.1746252231105551,0.004230528858826542
low_rating_bottom30_category_relative,content_quantity_plus_reliability,LogisticRegressionBalanced,0,2704.0,0.0,5,0.31494082840236687,0.0024194418984905424,0.5055276878939043,0.01906111495963653,0.6920379002289172,0.012064968381852075,0.6764705882352942,0.036395201972837,0.6199261992619925,0.050054095816422645,0.5364140480591497,0.0237938099889553,0.10802641842619676,0.005629266430672641,0.19727241256582184,0.015812384589488426,0.34077756540504595,0.015127775967288115,2.147819378120853,0.11192306197455032,1.968356470767462,0.15777375619917608,1.7032579239468468,0.0756109172191258,0.5213712390452068,0.013129263760956257,0.5282326162739538,0.005479423679908588,0.45,0.03535533905932737,0.2216851236298299,0.004077681780678501
low_rating_bottom30_category_relative,content_quantity_plus_reliability,LogisticRegressionBalanced,25,1480.0,0.0,5,0.28135135135135136,0.0015555222207056033,0.5332182202906057,0.010343819719408644,0.7492631220341344,0.012090126537826314,0.6945945945945946,0.043369747394273524,0.6486486486486486,0.01850414045625558,0.5581081081081081,0.0131713437092013,0.12344187180037272,0.007747932980849038,0.23054508102733115,0.0063250904797124904,0.3967208737867466,0.008410139752026346,2.468837436007454,0.15495865961698083,2.3054508102733116,0.0632509047971249,1.9836043689337326,0.04205069876013182,0.5415655334502214,0.01728219300236848,0.5350724443606774,0.019757981360139492,0.53,0.0447213595499958,0.20440556597141493,0.0032435835291957133
low_rating_bottom30_category_relative,content_quantity_plus_reliability,XGBoostClassifier,0,2704.0,0.0,5,0.31494082840236687,0.0024194418984905424,0.5190236714757048,0.017109415558096044,0.7011591959910211,0.010405381430756488,0.675,0.044544503620179296,0.6228782287822878,0.0252167521229076,0.5523105360443623,0.013979793272598186,0.10783616366930637,0.007721202208652268,0.19821668322617741,0.007942259955977067,0.35089129722193446,0.009528503943232331,2.1440366658956207,0.15351566744261577,1.9777782710095342,0.0792467561659114,1.7538078885177648,0.0476249069547139,0.3330476801188377,0.012226170921471003,0.4833821718432126,0.025258767156105484,0.38,0.02738612787525833,0.1917021930217743,0.003116451671326357
low_rating_bottom30_category_relative,content_quantity_plus_reliability,XGBoostClassifier,25,1480.0,0.0,5,0.28135135135135136,0.0015555222207056033,0.5482970161715192,0.009953291196616183,0.755678036866219,0.010704341153751979,0.7108108108108108,0.032544850212952156,0.6554054054054055,0.015845999188592676,0.5743243243243243,0.028765855347848604,0.1263346468348457,0.0061349594417287965,0.23296638853338444,0.00632961425183387,0.40831522807985304,0.021593897533050018,2.5266929366969135,0.12269918883457599,2.3296638853338445,0.0632961425183386,2.0415761403992656,0.10796948766525015,0.3887944746001787,0.02489514044456166,0.4909543329445348,0.028561560885990028,0.4,0.0,0.16848322451114656,0.0031247256859448756
low_rating_bottom30_category_relative,full_content_quantity_interactions_plus_reliability,DummyClassifier,0,2704.0,0.0,5,0.31494082840236687,0.0024194418984905424,0.31494082840236687,0.0024194418984905424,0.5,0.0,0.29705882352941176,0.036617351758790405,0.3077490774907749,0.03223242479988555,0.3079482439926063,0.01538754557358033,0.04740699383810059,0.0054638126479625865,0.09788333760937215,0.009582783275855876,0.19560531752272808,0.009002021004244532,0.9425625833692942,0.10863345147125626,0.9766662173274623,0.09561566781518188,0.9776650251043563,0.04499346542602071,0.0,0.0,0.4790148980936995,0.0027950111721136294,0.05,0.0,0.21575663871128384,0.000892018996866539
low_rating_bottom30_category_relative,full_content_quantity_interactions_plus_reliability,DummyClassifier,25,1480.0,0.0,5,0.28135135135135136,0.0015555222207056033,0.28135135135135136,0.0015555222207056033,0.5,0.0,0.24594594594594596,0.06850698300344094,0.2675675675675676,0.03749847817705839,0.27635135135135136,0.030160424487385998,0.04372353182322766,0.012306041869540249,0.09507231051248333,0.013081923901032712,0.19638538583821946,0.0207003179016246,0.8744706364645533,0.24612083739080493,0.9507231051248333,0.1308192390103271,0.9819269291910974,0.10350158950812301,0.0,0.0,0.43914601752402993,0.0018962346585687409,0.05,0.0,0.2021939585101026,0.0006806278394936296
low_rating_bottom30_category_relative,full_content_quantity_interactions_plus_reliability,ExtraTreesClassifier,0,2704.0,0.0,5,0.31494082840236687,0.0024194418984905424,0.5132585726276694,0.016544720352304913,0.6998941166806116,0.011464596961078617,0.6647058823529413,0.04550514249048769,0.6044280442804428,0.027291309353654043,0.5456561922365989,0.022158028618840652,0.10615165931551088,0.007196579889371107,0.19232649576571725,0.00806810564654919,0.34660964972559577,0.012826450885213447,2.1105447558025103,0.14308494132984909,1.9190068064594077,0.08050242682018086,1.7324075653567668,0.06410854564439387,0.3355227820048664,0.010341200899129224,0.3148427393023322,0.05187196088945659,0.51,0.022360679774997935,0.2009249590013397,0.0013272395077735908
low_rating_bottom30_category_relative,full_content_quantity_interactions_plus_reliability,ExtraTreesClassifier,25,1480.0,0.0,5,0.28135135135135136,0.0015555222207056033,0.5444263243459049,0.015204455358032372,0.7526307119274225,0.007888468887719692,0.7216216216216216,0.05780878280056059,0.6513513513513514,0.03530364993949495,0.5587837837837838,0.021972449380417723,0.12822293448734987,0.009960329605177481,0.23149276741336328,0.012085219000506119,0.3972028852460481,0.015044636478147156,2.564458689746997,0.1992065921035498,2.3149276741336324,0.12085219000506113,1.9860144262302406,0.07522318239073596,0.3674203290035992,0.005832787052688355,0.3025482854081761,0.09806948043018487,0.53,0.04472135954999581,0.18072410022725743,0.0012594771429168972
low_rating_bottom30_category_relative,full_content_quantity_interactions_plus_reliability,HistGradientBoostingClassifier,0,2704.0,0.0,5,0.31494082840236687,0.0024194418984905424,0.5084881284124303,0.01872422715877423,0.6951565210313346,0.009611880833036794,0.6676470588235295,0.053882561648709575,0.6081180811808118,0.025081395524673693,0.5390018484288355,0.01851199402374016,0.10665291767609379,0.008962817760138754,0.19353031464306508,0.008193421525148455,0.3424401294693393,0.01235945200129517,2.1205109514423355,0.17820190605452335,1.9310183424164133,0.08175281108487609,1.7115676711369567,0.06177441443900579,0.278911116857145,0.023123169201363113,0.5017136369120812,0.012446638410029472,0.35,0.0,0.1938333593640463,0.0028355836064441614
low_rating_bottom30_category_relative,full_content_quantity_interactions_plus_reliability,HistGradientBoostingClassifier,25,1480.0,0.0,5,0.28135135135135136,0.0015555222207056033,0.5478417325315417,0.012688239216527534,0.7531365336954663,0.011329827168020846,0.7297297297297297,0.03021713483107825,0.6513513513513514,0.021684873697136828,0.581081081081081,0.022913276970017812,0.12966880136833814,0.004877373165949534,0.23150893644901793,0.007619814612166063,0.4130675790037591,0.01616992105358358,2.593376027366763,0.09754746331899064,2.3150893644901793,0.07619814612166069,2.065337895018795,0.08084960526791794,0.3966693669624862,0.013213171791908004,0.4985896729909799,0.02218301988542166,0.4,0.0,0.16930374582609703,0.0035424534712800828
low_rating_bottom30_category_relative,full_content_quantity_interactions_plus_reliability,LogisticRegression,0,2704.0,0.0,5,0.31494082840236687,0.0024194418984905424,0.5077521073794882,0.019177024646080586,0.6927316184056551,0.011056041132736661,0.6794117647058824,0.043376121187507735,0.6199261992619925,0.053282395122485816,0.5452865064695009,0.019951047268875147,0.1084965084424148,0.00678455484772538,0.19728224706882752,0.01697000719977274,0.3464166717461527,0.012762033579863264,2.1571658737374237,0.13489291403124587,1.9684545980594454,0.16932435228112735,1.7314430321656136,0.06378657818844775,0.4063068649220738,0.019102043599438123,0.5304200275836454,0.009475276343869212,0.27,0.02738612787525829,0.1959700030689248,0.004152789009934969
low_rating_bottom30_category_relative,full_content_quantity_interactions_plus_reliability,LogisticRegression,25,1480.0,0.0,5,0.28135135135135136,0.0015555222207056033,0.5354955500157056,0.009690508523028819,0.7481843727205806,0.012044412097435665,0.6837837837837838,0.05455845740050366,0.6432432432432432,0.01992956919426027,0.5547297297297298,0.01078967528558874,0.12153032999265387,0.009889594213929643,0.22864158186321054,0.007577879040441187,0.3943308630795062,0.0072759681027264045,2.430606599853077,0.19779188427859262,2.2864158186321055,0.07577879040441172,1.9716543153975308,0.03637984051363204,0.4611074348289745,0.0095857835040594,0.5312320566946899,0.016857820621692277,0.31999999999999995,0.0273861278752583,0.17485995244299005,0.0040624645388127505
low_rating_bottom30_category_relative,full_content_quantity_interactions_plus_reliability,LogisticRegressionBalanced,0,2704.0,0.0,5,0.31494082840236687,0.0024194418984905424,0.5062909624489202,0.01903384325396796,0.6927172265930194,0.011420744411420129,0.675,0.03939145657640848,0.6184501845018451,0.04954827878335537,0.5408502772643253,0.024543070282365544,0.107793341477507,0.0061595249117513875,0.19680837544285198,0.015727855705067444,0.34359900938047805,0.01569262593698648,2.143185259964551,0.12246584824541003,1.9637263734224053,0.15693033884318222,1.7173599285856056,0.07843412298264603,0.5228365683715486,0.012489516244896073,0.5325518826902146,0.008993534023863837,0.43,0.0273861278752583,0.22137770110411958,0.0038124115494846986
low_rating_bottom30_category_relative,full_content_quantity_interactions_plus_reliability,LogisticRegressionBalanced,25,1480.0,0.0,5,0.28135135135135136,0.0015555222207056033,0.533442573354398,0.009189518835719276,0.748757705521875,0.011948397573727117,0.681081081081081,0.03651150293542243,0.6405405405405405,0.01682418864593073,0.5601351351351351,0.016619424157093027,0.12104027588975408,0.006545454017295394,0.22766155740586919,0.005623736964100273,0.3981724495209658,0.011536906712239031,2.420805517795082,0.13090908034590798,2.2766155740586917,0.05623736964100273,1.990862247604829,0.05768453356119495,0.5418068622957298,0.014972008545927248,0.5423622618014337,0.016143692965878878,0.5,0.03535533905932738,0.2045901933932833,0.0029382479696787073
low_rating_bottom30_category_relative,full_content_quantity_interactions_plus_reliability,XGBoostClassifier,0,2704.0,0.0,5,0.31494082840236687,0.0024194418984905424,0.5236576841103594,0.0165405653695243,0.7030252220681206,0.00819090035858661,0.6852941176470588,0.04074086816822081,0.6214022140221402,0.027932385044687178,0.556007393715342,0.020349514150865635,0.1094601390906198,0.006809470782933098,0.19775991189274164,0.009153791021564835,0.3532046689863115,0.01220949170601881,2.1763251183899706,0.13538830144890504,1.9732206706936288,0.09133524325576135,1.7653704712365736,0.06102489015355805,0.33199607040221923,0.0165360176468197,0.49048502647181713,0.021361766620361867,0.37,0.02738612787525833,0.19112968742847442,0.0026946003337482848
low_rating_bottom30_category_relative,full_content_quantity_interactions_plus_reliability,XGBoostClassifier,25,1480.0,0.0,5,0.28135135135135136,0.0015555222207056033,0.5559370859989736,0.015051528239387652,0.7608469396382772,0.012869005223349281,0.7297297297297297,0.03021713483107825,0.6662162162162162,0.03118373178166035,0.575,0.024525258666056152,0.1296885129637728,0.005473130100664637,0.23679526475051124,0.011063462790054567,0.408759025117698,0.01773071195579077,2.5937702592754555,0.10946260201329308,2.3679526475051125,0.11063462790054582,2.04379512558849,0.08865355977895381,0.3918686443142805,0.018803996787957213,0.49301526573331556,0.01729121703183988,0.4,0.0,0.16694902181625365,0.0033414099371968306
low_rating_bottom30_raw,content_only_core,DummyClassifier,0,2704.0,0.0,5,0.3021449704142012,0.0,0.3021449704142012,0.0,0.5,0.0,0.2867647058823529,0.027512186667455453,0.29298892988929887,0.0226869758655932,0.29500924214417745,0.012092737326281789,0.04773561811505508,0.004579752003395278,0.09718482252141983,0.007525300440117208,0.19534883720930232,0.008007553113241684,0.9490964072287422,0.09105624571456489,0.9696965317266389,0.07508639258330967,0.9763830976228345,0.040022964174132154,0.0,0.0,0.46407270661743827,0.0,0.05,0.0,0.21085341472016078,3.1031676915590914e-17
low_rating_bottom30_raw,content_only_core,DummyClassifier,25,1480.0,0.0,5,0.2641891891891892,0.0,0.2641891891891892,0.0,0.5,0.0,0.23783783783783785,0.06309522989150677,0.2527027027027027,0.03780162359648476,0.2594594594594595,0.03406973577156407,0.04501278772378516,0.011941296705809467,0.09565217391304348,0.014308542947007018,0.19641943734015346,0.025791922732437255,0.9002557544757034,0.2388259341161893,0.9565217391304348,0.1430854294700701,0.9820971867007671,0.12895961366218622,0.0,0.0,0.4179583110636024,0.0,0.05,0.0,0.19439326159678844,2.7755575615628914e-17
low_rating_bottom30_raw,content_only_core,ExtraTreesClassifier,0,2704.0,0.0,5,0.3021449704142012,0.0,0.49567943185637614,0.016366689954628037,0.6936552940008912,0.012753938916781771,0.6338235294117647,0.029134724641410217,0.5881918819188192,0.02655801360213521,0.5360443622920517,0.02445241507453409,0.10550795593635251,0.00484984400395568,0.19510403916768665,0.008809328869251691,0.35495716034271724,0.016191868488767386,2.0977464180286556,0.09642631019629522,1.9467207450532278,0.0878982482009469,1.774129688663045,0.08092941292722192,0.3394327796360703,0.015881111520961853,0.24537918461667121,0.05695533734202485,0.54,0.02236067977499793,0.19761160017021356,0.0017638438702673343
low_rating_bottom30_raw,content_only_core,ExtraTreesClassifier,25,1480.0,0.0,5,0.2641891891891892,0.0,0.523720469761537,0.01653381778917882,0.7494874342119169,0.010547993104444797,0.6945945945945946,0.0666149056425202,0.6378378378378379,0.04154169229443082,0.5378378378378379,0.01024712897844803,0.13145780051150896,0.012607424597305615,0.24143222506393863,0.015724221124234685,0.40716112531969306,0.007757417334068075,2.6291560102301785,0.25214849194611233,2.414322250639386,0.15724221124234689,2.0358056265984654,0.038787086670340275,0.37310743471753255,0.014122708082458496,0.2524211521221488,0.0862658721411441,0.5599999999999999,0.04183300132670373,0.17512987874127628,0.0015449742422079182
low_rating_bottom30_raw,content_only_core,HistGradientBoostingClassifier,0,2704.0,0.0,5,0.3021449704142012,0.0,0.49108168094936105,0.020428209980225206,0.686705468518414,0.012717019113904904,0.6602941176470589,0.04454450362017929,0.5955719557195571,0.0309391495442872,0.5197781885397412,0.025659228380974522,0.10991432068543452,0.007414996930654083,0.19755201958384333,0.010262557559977774,0.3441860465116279,0.01699099455827076,2.185355317157463,0.14742758603300465,1.9711463503863924,0.10239836030324673,1.7202940291449942,0.08492356614706868,0.2662674459915531,0.022185125509222626,0.4702501953013898,0.01492642793119294,0.35,0.0,0.19092468612402325,0.002789893976185548
low_rating_bottom30_raw,content_only_core,HistGradientBoostingClassifier,25,1480.0,0.0,5,0.2641891891891892,0.0,0.513000496603933,0.014761151327957574,0.7399566462110057,0.010706643811396173,0.6864864864864865,0.0576506189397339,0.6148648648648649,0.037922203244330446,0.5337837837837838,0.0206882579626958,0.129923273657289,0.010910858827468815,0.23273657289002556,0.014354184348237639,0.40409207161125316,0.01566169912265459,2.5984654731457795,0.21821717654937633,2.3273657289002556,0.14354184348237625,2.020460358056266,0.07830849561327287,0.3670202787082154,0.01877050452908665,0.46007165475622197,0.014438380870618547,0.39,0.022360679774997918,0.16730412190778213,0.0028996463600471476
low_rating_bottom30_raw,content_only_core,LogisticRegression,0,2704.0,0.0,5,0.3021449704142012,0.0,0.48827052008326177,0.014433535819806564,0.6812702255138716,0.009332589563516496,0.6485294117647059,0.0486073349442306,0.592619926199262,0.02756435335348055,0.5079482439926063,0.02505286008958206,0.10795593635250918,0.008091306673703011,0.19657282741738066,0.009143133119697961,0.33635250917992654,0.016589470389796693,2.146418028655771,0.16087421504185992,1.9613761082531265,0.09122890020539956,1.6811408222227755,0.08291668749354954,0.3670046865828264,0.02089221829094188,0.5048551683898859,0.006246773012809655,0.3,0.0,0.19356562860053356,0.00289404362528917
low_rating_bottom30_raw,content_only_core,LogisticRegression,25,1480.0,0.0,5,0.2641891891891892,0.0,0.5048740805960128,0.0099359965468902,0.7375273309707162,0.00692258740481744,0.6486486486486486,0.04165144596600663,0.6108108108108109,0.024173707864862573,0.5202702702702703,0.010412861491501679,0.12276214833759591,0.00788288235673783,0.2312020460358056,0.009150150291559246,0.3938618925831202,0.00788288235673781,2.4552429667519178,0.15765764713475627,2.312020460358056,0.09150150291559235,1.9693094629156007,0.03941441178368922,0.42778172891306265,0.009871832040353757,0.5071114936595812,0.011283681410896767,0.30999999999999994,0.0223606797749979,0.17142732674945052,0.0019009957812849115
low_rating_bottom30_raw,content_only_core,LogisticRegressionBalanced,0,2704.0,0.0,5,0.3021449704142012,0.0,0.4870441829866814,0.015168874406850661,0.6810387895275216,0.009756311106140845,0.6544117647058824,0.045919102929399984,0.5918819188191882,0.025512008881835562,0.5157116451016636,0.02662635913287971,0.10893512851897184,0.0076438163995084475,0.196328029375765,0.008462367695198827,0.34149326805385555,0.01763140794478328,2.1658866729066166,0.15197705547257953,1.9589335477198102,0.08443631825762962,1.7068351142654812,0.08812444932106085,0.5045079702501586,0.006582577875069913,0.5067965990045805,0.004551348275621462,0.45999999999999996,0.02236067977499789,0.22385774402673783,0.002825577779252658
low_rating_bottom30_raw,content_only_core,LogisticRegressionBalanced,25,1480.0,0.0,5,0.2641891891891892,0.0,0.5019543346623593,0.011000941525653719,0.7372492654985099,0.006687314126429935,0.6594594594594595,0.039859138388520655,0.5972972972972973,0.030442919800185944,0.518918918918919,0.012550118662842415,0.1248081841432225,0.007543673250001353,0.2260869565217391,0.011523151228714898,0.3928388746803069,0.009500857095144083,2.49616368286445,0.15087346500002702,2.260869565217391,0.11523151228714879,1.9641943734015341,0.04750428547572065,0.517503153784526,0.007662900968632932,0.510581761236098,0.013860967794602384,0.52,0.0447213595499958,0.20786590409669564,0.002232640773368755
low_rating_bottom30_raw,content_only_core,XGBoostClassifier,0,2704.0,0.0,5,0.3021449704142012,0.0,0.5037281229325761,0.017446081103609613,0.6952406434802576,0.009854399612499598,0.6779411764705883,0.05585332063186159,0.6103321033210332,0.020644429122803502,0.532347504621072,0.011543434377815883,0.11285189718482251,0.009297492785719922,0.20244798041615666,0.006847784935470931,0.3525091799265606,0.007643816399508454,2.2437612499100004,0.1848560330337256,2.0199975610527217,0.06832623788012326,1.761894311499852,0.038204952946896104,0.3151004507548233,0.011301171390659245,0.48430512183677993,0.011354990188979756,0.35,0.0,0.18883050382137298,0.0024329868712545237
low_rating_bottom30_raw,content_only_core,XGBoostClassifier,25,1480.0,0.0,5,0.2641891891891892,0.0,0.5244832728683195,0.010528781911175537,0.7467234540240818,0.006955431019383514,0.7027027027027027,0.021366740947083646,0.6121621621621622,0.025550905947552747,0.5418918918918919,0.015953674260969764,0.1329923273657289,0.0040438333250235005,0.2317135549872123,0.009671442660454744,0.41023017902813297,0.012077461844621567,2.659846547314578,0.08087666650047014,2.3171355498721224,0.09671442660454743,2.0511508951406645,0.06038730922310796,0.354531880168756,0.014821951882530398,0.4958151470933606,0.0139423636381987,0.35,0.0,0.16453665792942046,0.0017796146738446037
low_rating_bottom30_raw,content_plus_quantity,DummyClassifier,0,2704.0,0.0,5,0.3021449704142012,0.0,0.3021449704142012,0.0,0.5,0.0,0.2867647058823529,0.027512186667455453,0.29298892988929887,0.0226869758655932,0.29500924214417745,0.012092737326281789,0.04773561811505508,0.004579752003395278,0.09718482252141983,0.007525300440117208,0.19534883720930232,0.008007553113241684,0.9490964072287422,0.09105624571456489,0.9696965317266389,0.07508639258330967,0.9763830976228345,0.040022964174132154,0.0,0.0,0.46407270661743827,0.0,0.05,0.0,0.21085341472016078,3.1031676915590914e-17
low_rating_bottom30_raw,content_plus_quantity,DummyClassifier,25,1480.0,0.0,5,0.2641891891891892,0.0,0.2641891891891892,0.0,0.5,0.0,0.23783783783783785,0.06309522989150677,0.2527027027027027,0.03780162359648476,0.2594594594594595,0.03406973577156407,0.04501278772378516,0.011941296705809467,0.09565217391304348,0.014308542947007018,0.19641943734015346,0.025791922732437255,0.9002557544757034,0.2388259341161893,0.9565217391304348,0.1430854294700701,0.9820971867007671,0.12895961366218622,0.0,0.0,0.4179583110636024,0.0,0.05,0.0,0.19439326159678844,2.7755575615628914e-17
low_rating_bottom30_raw,content_plus_quantity,ExtraTreesClassifier,0,2704.0,0.0,5,0.3021449704142012,0.0,0.4970194406096639,0.017928704278573626,0.6926535290420379,0.0157021185461664,0.6426470588235295,0.043686619933861616,0.5985239852398524,0.028391710792134792,0.5319778188539741,0.019048684699428095,0.10697674418604652,0.007272191323139757,0.198531211750306,0.00941756869604471,0.3522643818849449,0.012613633319939548,2.1269493844049245,0.14458827454242573,1.9809165925196583,0.0939671799044461,1.7606707737835325,0.06304485119614883,0.3284527304619963,0.01715056215023691,0.2855563903273043,0.07193167559981888,0.52,0.02738612787525833,0.19736755895924107,0.0021329521303353124
low_rating_bottom30_raw,content_plus_quantity,ExtraTreesClassifier,25,1480.0,0.0,5,0.2641891891891892,0.0,0.525015359950991,0.016760035289229328,0.7493554470536568,0.01082017063746889,0.7027027027027026,0.07150679219093492,0.6108108108108108,0.03899064336825273,0.5412162162162162,0.019021200351701722,0.1329923273657289,0.01353325478805417,0.23120204603580566,0.014758606696934549,0.40971867007672635,0.014399681084664174,2.6598465473145776,0.2706650957610836,2.312020460358056,0.1475860669693452,2.0485933503836313,0.07199840542332099,0.3683233612813801,0.01796531347528023,0.2608531067851282,0.06449228207016738,0.55,0.035355339059327376,0.17445510763906333,0.0017962115414305326
low_rating_bottom30_raw,content_plus_quantity,HistGradientBoostingClassifier,0,2704.0,0.0,5,0.3021449704142012,0.0,0.48858196652249186,0.011817576872951723,0.6859121775674444,0.009390877600231797,0.6514705882352941,0.04178903599524358,0.5771217712177121,0.026558013602135184,0.522365988909427,0.0100054481351012,0.10844553243574051,0.006956314437396728,0.19143206854345166,0.008809328869251698,0.34589963280293756,0.0066253946647365294,2.156152350781194,0.138307898814123,1.9100823370534807,0.08789824820094673,1.7288587931592296,0.03311472675313785,0.2775008411975525,0.02699149664538157,0.4801514390825174,0.006767607352192695,0.35,0.0,0.19110637435628605,0.0017230601568636813
low_rating_bottom30_raw,content_plus_quantity,HistGradientBoostingClassifier,25,1480.0,0.0,5,0.2641891891891892,0.0,0.5135944568668045,0.010609536171021465,0.7457203985918238,0.007236745393424977,0.6675675675675675,0.03254485021295215,0.6081081081081081,0.027858821794713915,0.533108108108108,0.013597710673985176,0.12634271099744246,0.0061593834162620474,0.23017902813299235,0.010545027175492737,0.40358056265984654,0.010293919078004152,2.526854219948849,0.12318766832524092,2.301790281329923,0.1054502717549274,2.0179028132992327,0.0514695953900206,0.3685576860380379,0.02649273642136298,0.45605324076932546,0.010577436910527075,0.4,0.0,0.1661861057912546,0.0017408106627583599
low_rating_bottom30_raw,content_plus_quantity,LogisticRegression,0,2704.0,0.0,5,0.3021449704142012,0.0,0.48660823988906454,0.014203386199330563,0.6810621406920636,0.00866465349740904,0.6455882352941177,0.0413990831184095,0.5985239852398524,0.031136565475614757,0.5134935304990759,0.01979631901736086,0.10746634026927784,0.006891401841008199,0.198531211750306,0.010328040690197793,0.34002447980416156,0.013108700842585344,2.1366837065303477,0.13701728366239826,1.9809165925196581,0.10305174179444583,1.6994938879675654,0.0655192737122935,0.37082025890564685,0.020828242449212633,0.5037486772535855,0.007046934591392194,0.29,0.022360679774997894,0.19379121760954257,0.0027601726242355348
low_rating_bottom30_raw,content_plus_quantity,LogisticRegression,25,1480.0,0.0,5,0.2641891891891892,0.0,0.50176439930084,0.012495243746342503,0.7370383678684074,0.00661774678412223,0.664864864864865,0.032263071314360334,0.5972972972972973,0.02417370786486257,0.5202702702702703,0.009849580903454863,0.1258312020460358,0.006106054417551579,0.2260869565217391,0.009150150291559248,0.3938618925831202,0.0074564602235873655,2.516624040920716,0.12212108835103139,2.260869565217391,0.09150150291559234,1.9693094629156007,0.037282301117936734,0.433133563741719,0.008376132295589148,0.5075374809474144,0.012078358887918557,0.3,0.0,0.17215195689259755,0.002157625824097299
low_rating_bottom30_raw,content_plus_quantity,LogisticRegressionBalanced,0,2704.0,0.0,5,0.3021449704142012,0.0,0.48529502586575424,0.01431593043429497,0.6805402421645492,0.008980117764218266,0.6544117647058824,0.054032861973158354,0.5955719557195571,0.02693979667667007,0.5175600739371534,0.018668216152240454,0.10893512851897184,0.008994454379864784,0.19755201958384333,0.008935966829103532,0.3427172582619339,0.01236169515099398,2.1658866729066166,0.17883091649378244,1.9711463503863924,0.08916182400699628,1.712952802847078,0.0617856260411973,0.5017539039149572,0.005520431947137908,0.5076138386347274,0.0036815881410878996,0.47000000000000003,0.027386127875258303,0.22398036654919817,0.0025170795359275642
low_rating_bottom30_raw,content_plus_quantity,LogisticRegressionBalanced,25,1480.0,0.0,5,0.2641891891891892,0.0,0.4981943442229553,0.014051224693387229,0.7364413725725049,0.00664095327916896,0.6513513513513514,0.05522382903162851,0.595945945945946,0.02960662473000899,0.5162162162162163,0.009374619544264612,0.12327365728900257,0.01045156866583251,0.2255754475703325,0.011206599642049436,0.3907928388746803,0.007096898683126142,2.465473145780051,0.20903137331665028,2.2557544757033243,0.11206599642049432,1.9539641943734012,0.03548449341563076,0.5158869779421957,0.010361676446811572,0.5037520341570364,0.01506380364380202,0.54,0.022360679774997918,0.20842730693249595,0.0024125583332598424
low_rating_bottom30_raw,content_plus_quantity,XGBoostClassifier,0,2704.0,0.0,5,0.3021449704142012,0.0,0.5021976715864263,0.014067051707659057,0.6947269827246788,0.007362914510732264,0.6735294117647059,0.06670540252965723,0.6022140221402215,0.020775923631378958,0.5319778188539741,0.010888485378945026,0.11211750305997552,0.011103959295022498,0.1997552019583843,0.00689140184100819,0.3522643818849449,0.007210123121186355,2.229159766721866,0.22077283774809442,1.9931293951862408,0.06876144124755049,1.7606707737835325,0.036037288206447124,0.3124587456765157,0.012062344586500602,0.47515732725136905,0.027055180685527015,0.36,0.02236067977499791,0.18903117179870604,0.0016356526752198087
low_rating_bottom30_raw,content_plus_quantity,XGBoostClassifier,25,1480.0,0.0,5,0.2641891891891892,0.0,0.5258619669823069,0.007446924743903793,0.7516062743219218,0.008766732385321895,0.672972972972973,0.017619465960007186,0.6175675675675676,0.028904391400280317,0.5513513513513513,0.01871877726647983,0.12736572890025574,0.0033346303862929237,0.23375959079283887,0.010940792652791517,0.41739130434782606,0.014170736754163716,2.547314578005115,0.06669260772585849,2.3375959079283883,0.10940792652791519,2.08695652173913,0.0708536837708187,0.3582962425968153,0.007682153811508484,0.49675434906303656,0.015228264465816663,0.36,0.02236067977499791,0.16371748745441436,0.0019053276325639186
low_rating_bottom30_raw,content_plus_reliability,DummyClassifier,0,2704.0,0.0,5,0.3021449704142012,0.0,0.3021449704142012,0.0,0.5,0.0,0.2867647058823529,0.027512186667455453,0.29298892988929887,0.0226869758655932,0.29500924214417745,0.012092737326281789,0.04773561811505508,0.004579752003395278,0.09718482252141983,0.007525300440117208,0.19534883720930232,0.008007553113241684,0.9490964072287422,0.09105624571456489,0.9696965317266389,0.07508639258330967,0.9763830976228345,0.040022964174132154,0.0,0.0,0.46407270661743827,0.0,0.05,0.0,0.21085341472016078,3.1031676915590914e-17
low_rating_bottom30_raw,content_plus_reliability,DummyClassifier,25,1480.0,0.0,5,0.2641891891891892,0.0,0.2641891891891892,0.0,0.5,0.0,0.23783783783783785,0.06309522989150677,0.2527027027027027,0.03780162359648476,0.2594594594594595,0.03406973577156407,0.04501278772378516,0.011941296705809467,0.09565217391304348,0.014308542947007018,0.19641943734015346,0.025791922732437255,0.9002557544757034,0.2388259341161893,0.9565217391304348,0.1430854294700701,0.9820971867007671,0.12895961366218622,0.0,0.0,0.4179583110636024,0.0,0.05,0.0,0.19439326159678844,2.7755575615628914e-17
low_rating_bottom30_raw,content_plus_reliability,ExtraTreesClassifier,0,2704.0,0.0,5,0.3021449704142012,0.0,0.5075167033743073,0.018794001518221158,0.7084363216986156,0.01512872878972062,0.6529411764705882,0.022302574835445767,0.6007380073800738,0.02766297389519012,0.5415896487985213,0.023779446081827346,0.10869033047735618,0.0037125461170387053,0.19926560587515302,0.00917584568616466,0.35862913096695226,0.015746242754306722,2.161019511843905,0.07381415220935784,1.9882442741196076,0.09155530160660219,1.7924827544078354,0.078702107962376,0.34568895433687363,0.009027563250279098,0.34568895433687363,0.009027563250279098,0.5,0.0,0.1954188073966699,0.0020522226024246
low_rating_bottom30_raw,content_plus_reliability,ExtraTreesClassifier,25,1480.0,0.0,5,0.2641891891891892,0.0,0.5420785538495425,0.016046455521849967,0.7618730903548389,0.009638568286312574,0.7297297297297297,0.05145792639097233,0.6391891891891892,0.02890439140028033,0.5554054054054054,0.017325515412105537,0.13810741687979539,0.009738840288828524,0.24194373401534525,0.010940792652791517,0.42046035805626597,0.013115991207118231,2.7621483375959075,0.1947768057765705,2.4194373401534524,0.10940792652791527,2.10230179028133,0.0655799560355912,0.38723857126922856,0.016725192863190894,0.27849359654139216,0.08225285707897187,0.55,0.03535533905932737,0.1727442631123924,0.00154269765370219
low_rating_bottom30_raw,content_plus_reliability,HistGradientBoostingClassifier,0,2704.0,0.0,5,0.3021449704142012,0.0,0.5091733502772017,0.022345346068524286,0.708130421443115,0.01110530036029791,0.6764705882352942,0.07223118641319302,0.607380073800738,0.0462065707527632,0.5353049907578559,0.019147081940966454,0.11260709914320685,0.012023796024717563,0.201468788249694,0.015326781730720709,0.3544675642594859,0.012678789877677897,2.2388940888472892,0.23906135625614924,2.010227318919456,0.15292847896630563,1.7716826132304067,0.0633705135475806,0.31070404795025636,0.022255843209668714,0.500152530698086,0.013000449389256466,0.35,0.0,0.18648710120967396,0.0031544578069803903
low_rating_bottom30_raw,content_plus_reliability,HistGradientBoostingClassifier,25,1480.0,0.0,5,0.2641891891891892,0.0,0.5448871085917535,0.008128294496370756,0.7654170160099014,0.00980604073728429,0.7243243243243243,0.049282655483271515,0.6391891891891892,0.04420385738863816,0.5635135135135135,0.009065140449323484,0.1370843989769821,0.009327152188649854,0.24194373401534527,0.016731894868333607,0.4265984654731458,0.006862612718669422,2.741687979539642,0.18654304377299696,2.419437340153453,0.16731894868333624,2.1329923273657285,0.03431306359334732,0.39913914473731876,0.034773556526556004,0.489384194180979,0.008092128396448541,0.4,0.0,0.16069755046216325,0.0023663774369254743
low_rating_bottom30_raw,content_plus_reliability,LogisticRegression,0,2704.0,0.0,5,0.3021449704142012,0.0,0.5026129190806293,0.016227269874074985,0.7034163402368457,0.009143740085030928,0.6735294117647059,0.0466781477885408,0.6095940959409594,0.04499727286057257,0.5364140480591497,0.022766460979966218,0.11211750305997552,0.007770169032119404,0.20220318237454102,0.014925655991695435,0.35520195838433294,0.015075465593833225,2.229159766721866,0.1544892431091976,2.0175550005194056,0.1489261025887248,1.7753532263793645,0.07534946204385386,0.3985634358151864,0.01731693476913465,0.527411066435756,0.004043631992597912,0.26,0.02236067977499789,0.18952115058327804,0.003198630812182358
low_rating_bottom30_raw,content_plus_reliability,LogisticRegression,25,1480.0,0.0,5,0.2641891891891892,0.0,0.5326690878661033,0.006877870068581192,0.7619069091284855,0.01038565738330221,0.7027027027027027,0.03169199837718532,0.6351351351351351,0.019699161806909844,0.5493243243243243,0.017325515412105544,0.1329923273657289,0.005997974117421259,0.24040920716112532,0.007456460223587346,0.41585677749360617,0.013115991207118238,2.6598465473145776,0.1199594823484254,2.4040920716112533,0.07456460223587341,2.079283887468031,0.06557995603559105,0.46096946482730844,0.01514870567574602,0.5346085816752696,0.01890727581415394,0.29,0.02236067977499789,0.16507107149937755,0.003029048448435992
low_rating_bottom30_raw,content_plus_reliability,LogisticRegressionBalanced,0,2704.0,0.0,5,0.3021449704142012,0.0,0.5012760693326777,0.016111663433813116,0.7034540912861886,0.009322097729709046,0.6735294117647059,0.05709784899505057,0.6066420664206642,0.03953681250473466,0.5360443622920517,0.021909925307078915,0.11211750305997552,0.00950466029782971,0.20122399020807835,0.013114413939758998,0.35495716034271724,0.014508285913255434,2.229159766721866,0.1889750106274377,2.0077847583861397,0.13085378336940331,1.774129688663045,0.07251461203224152,0.5205161729946836,0.00595680552744051,0.5261564998893115,0.005541158865548788,0.45,0.0,0.21788127813761976,0.0031035511955290183
low_rating_bottom30_raw,content_plus_reliability,LogisticRegressionBalanced,25,1480.0,0.0,5,0.2641891891891892,0.0,0.5312660410707621,0.006611699586487503,0.7629430787766058,0.010088327634444557,0.6864864864864865,0.03497886244741831,0.6310810810810811,0.026429198940010747,0.5459459459459459,0.0192003678897065,0.129923273657289,0.006620040463194269,0.23887468030690537,0.010003891158878746,0.4132992327365729,0.014535316867910819,2.59846547314578,0.1324008092638851,2.3887468030690533,0.10003891158878742,2.0664961636828645,0.07267658433955386,0.5457772542475603,0.015606857168012932,0.5388632520549953,0.016280434005867737,0.53,0.027386127875258348,0.19896552177197238,0.003172139401807521
low_rating_bottom30_raw,content_plus_reliability,XGBoostClassifier,0,2704.0,0.0,5,0.3021449704142012,0.0,0.5218611905294614,0.02233257541937306,0.7139631531596395,0.010766115868492228,0.6867647058823529,0.05941795250246154,0.6295202952029519,0.03285998060648441,0.5478743068391867,0.022242674981872563,0.11432068543451653,0.009890870918402414,0.208812729498164,0.010899699809494828,0.3627906976744186,0.014728625661191033,2.2729642162862698,0.196653786495295,2.08350413491895,0.10875567632794847,1.8132828955852642,0.07361590348957572,0.338814234232811,0.015902322582036398,0.49603220875067633,0.02718508624901091,0.36,0.02236067977499791,0.1848187118768692,0.002943621153621415
low_rating_bottom30_raw,content_plus_reliability,XGBoostClassifier,25,1480.0,0.0,5,0.2641891891891892,0.0,0.5507800366389182,0.013266561450391843,0.7680957447058354,0.013421668461483313,0.7324324324324325,0.03749847817705844,0.6527027027027027,0.029296599173890277,0.5614864864864865,0.025326574072961242,0.13861892583120206,0.007096898683126137,0.24705882352941178,0.011089249815180969,0.4250639386189258,0.01917305863323918,2.7723785166240407,0.14193797366252284,2.4705882352941173,0.1108924981518096,2.125319693094629,0.09586529316619598,0.3982033473690388,0.022348699697750544,0.49758322729444393,0.020903914689363617,0.38,0.02738612787525833,0.15926356613636017,0.0034142883765126883
low_rating_bottom30_raw,content_quantity_interactions,DummyClassifier,0,2704.0,0.0,5,0.3021449704142012,0.0,0.3021449704142012,0.0,0.5,0.0,0.2867647058823529,0.027512186667455453,0.29298892988929887,0.0226869758655932,0.29500924214417745,0.012092737326281789,0.04773561811505508,0.004579752003395278,0.09718482252141983,0.007525300440117208,0.19534883720930232,0.008007553113241684,0.9490964072287422,0.09105624571456489,0.9696965317266389,0.07508639258330967,0.9763830976228345,0.040022964174132154,0.0,0.0,0.46407270661743827,0.0,0.05,0.0,0.21085341472016078,3.1031676915590914e-17
low_rating_bottom30_raw,content_quantity_interactions,DummyClassifier,25,1480.0,0.0,5,0.2641891891891892,0.0,0.2641891891891892,0.0,0.5,0.0,0.23783783783783785,0.06309522989150677,0.2527027027027027,0.03780162359648476,0.2594594594594595,0.03406973577156407,0.04501278772378516,0.011941296705809467,0.09565217391304348,0.014308542947007018,0.19641943734015346,0.025791922732437255,0.9002557544757034,0.2388259341161893,0.9565217391304348,0.1430854294700701,0.9820971867007671,0.12895961366218622,0.0,0.0,0.4179583110636024,0.0,0.05,0.0,0.19439326159678844,2.7755575615628914e-17
low_rating_bottom30_raw,content_quantity_interactions,ExtraTreesClassifier,0,2704.0,0.0,5,0.3021449704142012,0.0,0.49632351355875237,0.013906921669442357,0.6932579350176009,0.012577242236892253,0.6397058823529412,0.010398629135096342,0.5874538745387454,0.021421291916900367,0.5386321626617375,0.016303938684805914,0.10648714810281519,0.0017309835524762568,0.194859241126071,0.007105471370232562,0.3566707466340269,0.010796120965091765,2.1172150622795014,0.03441602592570449,1.944278184519911,0.07089739699302156,1.7826944526772805,0.05396064896415567,0.32854933528604624,0.016231598841662177,0.3044865186700381,0.052574784146076664,0.51,0.02236067977499793,0.1972907198768513,0.001582221518580387
low_rating_bottom30_raw,content_quantity_interactions,ExtraTreesClassifier,25,1480.0,0.0,5,0.2641891891891892,0.0,0.5259675074241204,0.02041769204202323,0.7490181987275687,0.011572204191776498,0.7081081081081081,0.056207119846176795,0.6378378378378379,0.03364837729186144,0.5412162162162162,0.014609289398945739,0.1340153452685422,0.010637664625619136,0.2414322250639386,0.01273647017697056,0.40971867007672635,0.011059717805851469,2.6803069053708435,0.21275329251238279,2.414322250639386,0.12736470176970563,2.0485933503836318,0.055298589029257404,0.37036221310171674,0.011918276667836585,0.2147136361045936,0.09887570623031505,0.5700000000000001,0.0447213595499958,0.17446577714884198,0.0015889085449220547
low_rating_bottom30_raw,content_quantity_interactions,HistGradientBoostingClassifier,0,2704.0,0.0,5,0.3021449704142012,0.0,0.49160651124358534,0.013060201668716858,0.688091230405292,0.012064324204345368,0.6485294117647059,0.04832846095633815,0.5785977859778597,0.03069613925178659,0.5290203327171904,0.004007298223415681,0.10795593635250918,0.008044884565559353,0.19192166462668298,0.010181950718768873,0.3503059975520196,0.002653547538393969,2.146418028655771,0.15995123430347413,1.9149674581201137,0.10159407654446867,1.7508824720529776,0.013262832798183629,0.27446917897152745,0.019053113703356633,0.47787394112566883,0.011261427639265386,0.35,0.0,0.19061340469064203,0.0022700573805463503
low_rating_bottom30_raw,content_quantity_interactions,HistGradientBoostingClassifier,25,1480.0,0.0,5,0.2641891891891892,0.0,0.5098281323515799,0.007042315432763348,0.7405602173795617,0.0072217007539743545,0.6945945945945946,0.04121067751885649,0.6175675675675676,0.013171343709201278,0.518918918918919,0.02184220253411434,0.13145780051150896,0.0077994632644383145,0.23375959079283887,0.004985572554889503,0.3928388746803069,0.016535273529662015,2.6291560102301785,0.1559892652887662,2.3375959079283883,0.04985572554889485,1.9641943734015346,0.08267636764831028,0.36569330397165806,0.01074374316419958,0.45962198906735496,0.02562065943132419,0.38,0.027386127875258334,0.167583159075546,0.0016779977360103402
low_rating_bottom30_raw,content_quantity_interactions,LogisticRegression,0,2704.0,0.0,5,0.3021449704142012,0.0,0.4866732246555971,0.01573423507640095,0.6812677606687254,0.008515594645185974,0.6485294117647059,0.03654345188173289,0.6044280442804428,0.03263127818366665,0.5131238447319778,0.020566626315269662,0.10795593635250918,0.006083120509076708,0.20048959608323136,0.01082383890792369,0.3397796817625459,0.013618781929695099,2.146418028655771,0.12094674894517227,2.0004570767861902,0.10799874688939352,1.6982703502512462,0.06806873629925234,0.37401843182111427,0.020581366231687073,0.5050502294685869,0.008367454412081258,0.29,0.022360679774997894,0.19377396940009214,0.002859672855901447
low_rating_bottom30_raw,content_quantity_interactions,LogisticRegression,25,1480.0,0.0,5,0.2641891891891892,0.0,0.5012309290300279,0.012143904313427165,0.736237050815056,0.006386921563587803,0.6702702702702703,0.03893205484023769,0.6,0.013847230764810254,0.5195945945945946,0.01499482501430551,0.1268542199488491,0.0073682149825513715,0.22710997442455244,0.0052414070414115626,0.39335038363171354,0.011351581084998565,2.5370843989769822,0.1473642996510276,2.2710997442455243,0.052414070414115485,1.9667519181585675,0.0567579054249927,0.4298610474939137,0.008048167940338727,0.5042440441329163,0.010227124052649809,0.30999999999999994,0.022360679774997887,0.17252562962669618,0.002150571952028104
low_rating_bottom30_raw,content_quantity_interactions,LogisticRegressionBalanced,0,2704.0,0.0,5,0.3021449704142012,0.0,0.4859583516056035,0.015108507765037126,0.6807423594665296,0.008705735351079998,0.6529411764705882,0.050248086950793816,0.6014760147601476,0.024890659710760224,0.5149722735674677,0.019012777627539782,0.10869033047735618,0.008364430630731891,0.19951040391676866,0.008256265338575297,0.34100367197062426,0.012589856421663449,2.161019511843905,0.16630456195219886,1.9906868346529243,0.08237985784320162,1.7043880388328425,0.06292601065467271,0.5026101697650207,0.005892974480093274,0.5084458496915898,0.0069569722642523635,0.47000000000000003,0.0273861278752583,0.22384638513568578,0.0024722074992742453
low_rating_bottom30_raw,content_quantity_interactions,LogisticRegressionBalanced,25,1480.0,0.0,5,0.2641891891891892,0.0,0.4977531332482587,0.014101942329036776,0.7357109810027735,0.006463079403563818,0.6594594594594595,0.06578735916020585,0.6027027027027028,0.018749239088529237,0.5148648648648649,0.01057599719087739,0.1248081841432225,0.01245080454694433,0.22813299232736575,0.007096898683126146,0.389769820971867,0.008006381505114296,2.4961636828644496,0.24901609093888646,2.281329923273657,0.07096898683126145,1.948849104859335,0.04003190752557171,0.5151764414172876,0.011418374460643654,0.5132352687395565,0.016435897401273467,0.5,0.05000000000000001,0.20884956041433686,0.0024826258006401102
low_rating_bottom30_raw,content_quantity_interactions,XGBoostClassifier,0,2704.0,0.0,5,0.3021449704142012,0.0,0.5016213002892718,0.015307989896358686,0.6955613328066348,0.006816613549248299,0.6705882352941177,0.03654345188173285,0.5948339483394834,0.02851135612115406,0.533456561922366,0.01386937632702707,0.11162790697674418,0.006083120509076706,0.19730722154222766,0.009457255212769567,0.3532435740514076,0.009184005621691112,2.2194254445964434,0.12094674894517224,1.9687037898530761,0.09436316640342789,1.7655649246488099,0.045903052127639,0.31305198914115046,0.005979554161095797,0.4852974122306784,0.011017052794242286,0.35,0.0,0.18891997933387755,0.0018822300084415933
low_rating_bottom30_raw,content_quantity_interactions,XGBoostClassifier,25,1480.0,0.0,5,0.2641891891891892,0.0,0.5300985632686634,0.007430303325055142,0.7493422953083497,0.01002147234166748,0.6945945945945946,0.015407776014853169,0.6229729729729729,0.022612433149569608,0.543918918918919,0.01834929137027065,0.13145780051150896,0.002916049680560459,0.23580562659846546,0.0085591818571261,0.4117647058823529,0.013891023646036069,2.6291560102301785,0.05832099361120905,2.3580562659846547,0.08559181857126104,2.0588235294117645,0.06945511823018038,0.3604667382550891,0.01091236050425042,0.4937576411949907,0.024986162491843,0.36,0.022360679774997918,0.16369751691818238,0.002121846445514773
low_rating_bottom30_raw,content_quantity_plus_reliability,DummyClassifier,0,2704.0,0.0,5,0.3021449704142012,0.0,0.3021449704142012,0.0,0.5,0.0,0.2867647058823529,0.027512186667455453,0.29298892988929887,0.0226869758655932,0.29500924214417745,0.012092737326281789,0.04773561811505508,0.004579752003395278,0.09718482252141983,0.007525300440117208,0.19534883720930232,0.008007553113241684,0.9490964072287422,0.09105624571456489,0.9696965317266389,0.07508639258330967,0.9763830976228345,0.040022964174132154,0.0,0.0,0.46407270661743827,0.0,0.05,0.0,0.21085341472016078,3.1031676915590914e-17
low_rating_bottom30_raw,content_quantity_plus_reliability,DummyClassifier,25,1480.0,0.0,5,0.2641891891891892,0.0,0.2641891891891892,0.0,0.5,0.0,0.23783783783783785,0.06309522989150677,0.2527027027027027,0.03780162359648476,0.2594594594594595,0.03406973577156407,0.04501278772378516,0.011941296705809467,0.09565217391304348,0.014308542947007018,0.19641943734015346,0.025791922732437255,0.9002557544757034,0.2388259341161893,0.9565217391304348,0.1430854294700701,0.9820971867007671,0.12895961366218622,0.0,0.0,0.4179583110636024,0.0,0.05,0.0,0.19439326159678844,2.7755575615628914e-17
low_rating_bottom30_raw,content_quantity_plus_reliability,ExtraTreesClassifier,0,2704.0,0.0,5,0.3021449704142012,0.0,0.5078947435796242,0.01777760111930703,0.7096640740387591,0.013710635408370891,0.65,0.043063383718665686,0.6051660516605166,0.02259676884486327,0.5375231053604436,0.02559256360639036,0.10820073439412485,0.007168445759777884,0.200734394124847,0.007495378649887332,0.35593635250917993,0.01694685056432949,2.1512851897184824,0.14252556863558366,2.0028996373195067,0.07478783715607132,1.7790238395283224,0.08470292777439359,0.33735525616534034,0.008822311728954776,0.33735525616534034,0.008822311728954776,0.5,0.0,0.1950476647520039,0.0017782227682108282
low_rating_bottom30_raw,content_quantity_plus_reliability,ExtraTreesClassifier,25,1480.0,0.0,5,0.2641891891891892,0.0,0.5433394709203466,0.016236922722102497,0.7608838912256722,0.008812061905100175,0.7351351351351351,0.05285839788002146,0.654054054054054,0.036822774576861374,0.5547297297297298,0.014412654734933477,0.1391304347826087,0.010003891158878737,0.24757033248081842,0.01393803232065342,0.41994884910485936,0.010910858827468808,2.7826086956521734,0.20007782317757494,2.475703324808184,0.13938032320653415,2.0997442455242963,0.054554294137344056,0.38622790916820116,0.019864519391933833,0.2519145398864052,0.10049731953956986,0.5599999999999999,0.04183300132670374,0.17227159407367648,0.0012563775673616947
low_rating_bottom30_raw,content_quantity_plus_reliability,HistGradientBoostingClassifier,0,2704.0,0.0,5,0.3021449704142012,0.0,0.5079996879638614,0.021860563500826123,0.7073766977431749,0.01269425218907856,0.6720588235294118,0.05662242149464251,0.614760147601476,0.0367709909028874,0.5404805914972274,0.025229530128082763,0.11187270501835986,0.009425519367529231,0.20391676866585068,0.01219698719055384,0.35789473684210527,0.01670645752667415,2.2242926056591545,0.18740150271911055,2.034652924252621,0.1216998279086995,1.7888121412588773,0.08350140693553959,0.3079588300423802,0.014362601241656477,0.49621586727134825,0.010959879138775495,0.35,0.0,0.18659388239232247,0.0032066054966694863
low_rating_bottom30_raw,content_quantity_plus_reliability,HistGradientBoostingClassifier,25,1480.0,0.0,5,0.2641891891891892,0.0,0.5409925975934377,0.011547462014391966,0.7640215218917846,0.011263902917327468,0.7135135135135136,0.0386968136845307,0.6202702702702703,0.05110181189510551,0.5655405405405405,0.02781782277059308,0.13503836317135548,0.00732369363850453,0.23478260869565215,0.019342885320909498,0.4281329923273657,0.021059016726587117,2.7007672634271094,0.14647387277009064,2.3478260869565215,0.19342885320909492,2.1406649616368285,0.10529508363293556,0.39146792620452653,0.023195812969039033,0.49237325281205735,0.0160671248458595,0.4,0.0,0.1612772676253146,0.0028740754250198767
low_rating_bottom30_raw,content_quantity_plus_reliability,LogisticRegression,0,2704.0,0.0,5,0.3021449704142012,0.0,0.5007331057593015,0.016327383784567866,0.7022766736785024,0.008955488910505573,0.6779411764705883,0.052355832702699695,0.6154981549815498,0.04037176943648074,0.5360443622920518,0.018438019725748666,0.11285189718482251,0.008715291612689302,0.20416156670746632,0.01339137027819619,0.35495716034271724,0.0122092639799633,2.2437612499100004,0.1732805038287637,2.037095484785937,0.13361721487912348,1.774129688663045,0.061023751944215936,0.398375168060558,0.01821473959298134,0.5228614404258822,0.002951842276251701,0.27999999999999997,0.027386127875258293,0.18988092477879806,0.0031451452627893955
low_rating_bottom30_raw,content_quantity_plus_reliability,LogisticRegression,25,1480.0,0.0,5,0.2641891891891892,0.0,0.5291704280969514,0.009819522529837137,0.7611807449054601,0.010176174042519017,0.6864864864864865,0.04098851591379218,0.6324324324324324,0.02599376224550179,0.5466216216216216,0.008744715611854591,0.129923273657289,0.007757417334068088,0.239386189258312,0.009839071131289692,0.41381074168797954,0.006620040463194259,2.59846547314578,0.1551483466813617,2.39386189258312,0.09839071131289691,2.0690537084398977,0.033100202315971196,0.45971951930597904,0.00695014974810031,0.5332396575984091,0.016899904337406034,0.30999999999999994,0.0223606797749979,0.1659159395242908,0.0030850296188308954
low_rating_bottom30_raw,content_quantity_plus_reliability,LogisticRegressionBalanced,0,2704.0,0.0,5,0.3021449704142012,0.0,0.4996471653633591,0.01585823894474762,0.7023176679451429,0.009031776568895486,0.6779411764705883,0.04970718759163405,0.6125461254612545,0.03500676376570161,0.5360443622920518,0.01903073963213871,0.11285189718482251,0.008274391080125124,0.20318237454100369,0.011611790673812902,0.35495716034271724,0.012601750478564244,2.2437612499100004,0.16451436382837026,2.0273252426526716,0.11586081912173461,1.774129688663045,0.06298545895385911,0.5199838638571906,0.005030336730815947,0.5236220697755753,0.004481633550576584,0.45,0.0,0.21821248807793198,0.0029556362439323086
low_rating_bottom30_raw,content_quantity_plus_reliability,LogisticRegressionBalanced,25,1480.0,0.0,5,0.2641891891891892,0.0,0.526561357858332,0.009769382730113203,0.7617476790692321,0.009703678605314575,0.6756756756756757,0.039398323613819584,0.6405405405405405,0.02677244967048509,0.543918918918919,0.006320367207388439,0.1278772378516624,0.007456460223587351,0.24245524296675192,0.010133817266577472,0.4117647058823529,0.004784728116079228,2.5575447570332477,0.1491292044717469,2.4245524296675187,0.10133817266577468,2.058823529411765,0.023923640580395863,0.5434391789616602,0.016607972339099008,0.5424038036381054,0.016156112431167772,0.51,0.022360679774997935,0.1996896898519822,0.0030936036684603456
low_rating_bottom30_raw,content_quantity_plus_reliability,XGBoostClassifier,0,2704.0,0.0,5,0.3021449704142012,0.0,0.5185564568913364,0.021107760567825658,0.7157483496888781,0.009333213728407841,0.6941176470588235,0.050032428930011766,0.6154981549815498,0.029909792072560084,0.5497227356746766,0.015986505220288102,0.11554467564259485,0.00832853162115251,0.20416156670746632,0.009921118300690058,0.3640146878824969,0.01058592328540498,2.297300021599827,0.1655908051735029,2.0370954847859375,0.09899152725116586,1.819400584166861,0.0529100491011738,0.3375297871781181,0.008974568620322892,0.4877206057157955,0.03431741965953934,0.37,0.02738612787525833,0.18478352427482606,0.0026677675577084234
low_rating_bottom30_raw,content_quantity_plus_reliability,XGBoostClassifier,25,1480.0,0.0,5,0.2641891891891892,0.0,0.5556078495434911,0.012743097505004332,0.7724015321783283,0.014039273846996304,0.754054054054054,0.04315870114235493,0.645945945945946,0.04792060331485716,0.5648648648648649,0.016096120607529112,0.14271099744245525,0.008168142927197595,0.2445012787723785,0.01813874498874388,0.42762148337595907,0.01218529846503487,2.8542199488491047,0.16336285854395222,2.445012787723785,0.1813874498874389,2.1381074168797953,0.060926492325174414,0.3877553095054637,0.03789762480990142,0.5024970011250002,0.024431189175652398,0.38,0.027386127875258327,0.15830494165420533,0.0032081863380520577
low_rating_bottom30_raw,full_content_quantity_interactions_plus_reliability,DummyClassifier,0,2704.0,0.0,5,0.3021449704142012,0.0,0.3021449704142012,0.0,0.5,0.0,0.2867647058823529,0.027512186667455453,0.29298892988929887,0.0226869758655932,0.29500924214417745,0.012092737326281789,0.04773561811505508,0.004579752003395278,0.09718482252141983,0.007525300440117208,0.19534883720930232,0.008007553113241684,0.9490964072287422,0.09105624571456489,0.9696965317266389,0.07508639258330967,0.9763830976228345,0.040022964174132154,0.0,0.0,0.46407270661743827,0.0,0.05,0.0,0.21085341472016078,3.1031676915590914e-17
low_rating_bottom30_raw,full_content_quantity_interactions_plus_reliability,DummyClassifier,25,1480.0,0.0,5,0.2641891891891892,0.0,0.2641891891891892,0.0,0.5,0.0,0.23783783783783785,0.06309522989150677,0.2527027027027027,0.03780162359648476,0.2594594594594595,0.03406973577156407,0.04501278772378516,0.011941296705809467,0.09565217391304348,0.014308542947007018,0.19641943734015346,0.025791922732437255,0.9002557544757034,0.2388259341161893,0.9565217391304348,0.1430854294700701,0.9820971867007671,0.12895961366218622,0.0,0.0,0.4179583110636024,0.0,0.05,0.0,0.19439326159678844,2.7755575615628914e-17
low_rating_bottom30_raw,full_content_quantity_interactions_plus_reliability,ExtraTreesClassifier,0,2704.0,0.0,5,0.3021449704142012,0.0,0.5082447103167262,0.017788568043663744,0.7084678457707474,0.011078788010541844,0.6514705882352941,0.02828732950245788,0.6103321033210333,0.038223510443036325,0.5408502772643253,0.018465794815145577,0.10844553243574051,0.0047087843480223615,0.20244798041615666,0.0126787898776779,0.35813953488372097,0.01222765605262393,2.1561523507811935,0.09362171233126822,2.0199975610527217,0.12650718756177506,1.7900356789751968,0.06111567831108153,0.33168607595750227,0.0166358558613925,0.33168607595750227,0.0166358558613925,0.5,0.0,0.1950659214681308,0.0015059093219784998
low_rating_bottom30_raw,full_content_quantity_interactions_plus_reliability,ExtraTreesClassifier,25,1480.0,0.0,5,0.2641891891891892,0.0,0.5360618431925476,0.018847785025178337,0.7611328349761272,0.009924550075408418,0.7027027027027027,0.06043426966215645,0.6337837837837837,0.032893679580102926,0.5513513513513513,0.01990091415543671,0.13299232736572889,0.01143768786444905,0.23989769820971868,0.012450804546944331,0.41739130434782606,0.01506565368288813,2.6598465473145776,0.228753757288981,2.3989769820971865,0.12450804546944348,2.08695652173913,0.07532826841444047,0.3749431750403073,0.012063346014756792,0.2605058715608358,0.07115980471255684,0.55,0.035355339059327376,0.1727288007264635,0.0015560158840097662
low_rating_bottom30_raw,full_content_quantity_interactions_plus_reliability,HistGradientBoostingClassifier,0,2704.0,0.0,5,0.3021449704142012,0.0,0.5053543744128332,0.01845924585192222,0.7048350532114662,0.011600018119855728,0.6691176470588236,0.036764705882352956,0.6007380073800739,0.02411263358332775,0.5371534195933456,0.021460887650572993,0.11138310893512852,0.006119951040391676,0.19926560587515302,0.007998193024579948,0.35569155446756423,0.014210942740465096,2.2145582835337314,0.12167902656778751,1.9882442741196076,0.07980484848141765,1.7778003018120032,0.0710284457859847,0.29452107796934246,0.014300123649073923,0.4857780421650199,0.012936070574512381,0.35,0.0,0.1873794176180263,0.0028409267935052855
low_rating_bottom30_raw,full_content_quantity_interactions_plus_reliability,HistGradientBoostingClassifier,25,1480.0,0.0,5,0.2641891891891892,0.0,0.5422607973212942,0.011430274702532038,0.7672676544566803,0.011586345642320452,0.7054054054054054,0.014803312365004553,0.6432432432432432,0.042572929735198294,0.5608108108108107,0.0180356051554583,0.13350383631713555,0.002801649910512355,0.24347826086956523,0.016114561638898576,0.42455242966751916,0.01365355275195818,2.670076726342711,0.0560329982102475,2.434782608695652,0.16114561638898595,2.1227621483375954,0.068267763759791,0.4042708460936698,0.0270746745654774,0.4935152005994759,0.03055975803403129,0.39,0.022360679774997918,0.16058199028773376,0.0032457480262070887
low_rating_bottom30_raw,full_content_quantity_interactions_plus_reliability,LogisticRegression,0,2704.0,0.0,5,0.3021449704142012,0.0,0.5001491295183431,0.01789327258696396,0.7025227690070371,0.00852477659269871,0.6647058823529413,0.051627910828064574,0.6118081180811809,0.037395206081647904,0.5393715341959334,0.019048684699428112,0.11064871481028152,0.008594119795124582,0.202937576499388,0.012404040205785297,0.3571603427172583,0.012613633319939543,2.199956800345597,0.17087132298541813,2.024882682119355,0.1237657738614149,1.7851415281099192,0.06304485119614887,0.4004062478058758,0.01464118002944182,0.5251680003143144,0.0033634967813424782,0.27,0.027386127875258296,0.1898722868885881,0.003158416387210543
low_rating_bottom30_raw,full_content_quantity_interactions_plus_reliability,LogisticRegression,25,1480.0,0.0,5,0.2641891891891892,0.0,0.5283542294008845,0.009759095041141894,0.7600816347619416,0.009983241269853192,0.6756756756756757,0.04273348189416725,0.6391891891891892,0.021684873697136786,0.5452702702702703,0.00912787573385556,0.1278772378516624,0.008087666650047011,0.24194373401534527,0.008208085184593969,0.41278772378516626,0.006910105414888108,2.5575447570332477,0.16175333300094025,2.419437340153453,0.08208085184593966,2.063938618925831,0.03455052707444056,0.4624728010398343,0.00784827167714884,0.5355485388583852,0.017720693691188647,0.3,0.0,0.1663195250147508,0.0031555499349107882
low_rating_bottom30_raw,full_content_quantity_interactions_plus_reliability,LogisticRegressionBalanced,0,2704.0,0.0,5,0.3021449704142012,0.0,0.4999643078867505,0.01642849216060078,0.7025977521909554,0.008623542756686767,0.675,0.05312468196526012,0.6132841328413284,0.03665973197644217,0.5364140480591498,0.020765022802193913,0.1123623011015912,0.008843276312454566,0.20342717258261933,0.012160082454854136,0.35520195838433294,0.013750155858001087,2.2340269277845772,0.1758251408005672,2.0297678031859876,0.12133159763072178,1.7753532263793648,0.06872536310542499,0.5204165469035966,0.0049611168390607165,0.5236693097719056,0.0048272506390151515,0.45999999999999996,0.02236067977499789,0.21803207229761695,0.0028535385767991294
low_rating_bottom30_raw,full_content_quantity_interactions_plus_reliability,LogisticRegressionBalanced,25,1480.0,0.0,5,0.2641891891891892,0.0,0.5259453490661278,0.010185288454002154,0.7605391276165514,0.00969728907453931,0.672972972972973,0.03749847817705844,0.6391891891891891,0.025100237325684758,0.5452702702702703,0.01002188984742656,0.12736572890025577,0.007096898683126142,0.24194373401534527,0.009500857095144088,0.41278772378516626,0.007586903823115748,2.547314578005115,0.14193797366252314,2.4194373401534524,0.09500857095144086,2.063938618925831,0.03793451911557877,0.5429898417397852,0.013898825593668444,0.5359060516536078,0.019171020421655097,0.52,0.02738612787525833,0.20025842291534096,0.003316307766553371
low_rating_bottom30_raw,full_content_quantity_interactions_plus_reliability,XGBoostClassifier,0,2704.0,0.0,5,0.3021449704142012,0.0,0.5259664671446627,0.019266008461096155,0.7180475312954252,0.009237890215509722,0.6897058823529412,0.042367236149670376,0.6250922509225092,0.02510852521948933,0.5548983364140481,0.012288924316890715,0.11481028151774786,0.007052563177913307,0.20734394124847003,0.008328531621152505,0.3674418604651163,0.008137463960144269,2.282698538411693,0.14022155024321756,2.0688487717190513,0.08310092067747761,1.8365301121953315,0.04067227827768968,0.3397109220548709,0.010957257686564541,0.5015918206452421,0.02883497989304684,0.36,0.022360679774997918,0.18390292525291443,0.0025860302573124236
low_rating_bottom30_raw,full_content_quantity_interactions_plus_reliability,XGBoostClassifier,25,1480.0,0.0,5,0.2641891891891892,0.0,0.5604710872157466,0.016954703550878848,0.7760558385529323,0.012760164835940243,0.7648648648648649,0.054558457400503656,0.6432432432432432,0.01934840684226533,0.577027027027027,0.02779730058205976,0.14475703324808184,0.010325641554059514,0.24347826086956523,0.007323693638504537,0.4368286445012788,0.021043480747543968,2.8951406649616365,0.2065128310811905,2.434782608695652,0.07323693638504533,2.1841432225063935,0.10521740373771975,0.38419363958355657,0.013951706566700101,0.49770859419743047,0.022326807524040933,0.4,0.0,0.15728965997695923,0.0033075396653774116
