seed,target,feature_set,model,min_rating_count_filter,n_obs,positive_class_share,pr_auc,roc_auc,precision_at_5,precision_at_10,precision_at_20,recall_at_5,recall_at_10,recall_at_20,lift_at_5,lift_at_10,lift_at_20,default_f1,tuned_f1,best_threshold,brier_score
11,low_rating_bottom30_raw,content_only_core,DummyClassifier,0,2704,0.3021449704142012,0.3021449704142012,0.5,0.2647058823529412,0.2693726937269373,0.27726432532347506,0.044063647490820076,0.08935128518971848,0.1835985312117503,0.8760889912880697,0.8915345946605121,0.9176532872395062,0.0,0.4640727066174382,0.05,0.21085341472016078
11,low_rating_bottom30_raw,content_only_core,LogisticRegression,0,2704,0.3021449704142012,0.48086504806299557,0.6786724084585702,0.5808823529411765,0.5682656826568265,0.4953789279112754,0.0966952264381885,0.18849449204406366,0.32802937576499386,1.922528619771042,1.880771610653683,1.6395405398679177,0.3537082314588427,0.4960238568588469,0.3,0.19497345930119453
11,low_rating_bottom30_raw,content_only_core,LogisticRegressionBalanced,0,2704,0.3021449704142012,0.4791307600866834,0.6786380303552166,0.5955882352941176,0.5719557195571956,0.4953789279112754,0.09914320685434516,0.189718482252142,0.32802937576499386,1.9712002303981568,1.8929844133202656,1.6395405398679177,0.4992466097438473,0.5052344105598543,0.45,0.22456581235753884
11,low_rating_bottom30_raw,content_only_core,HistGradientBoostingClassifier,0,2704,0.3021449704142012,0.4750372381215622,0.6719991645472241,0.6470588235294118,0.5940959409594095,0.5101663585951941,0.10771113831089352,0.19706242350061198,0.3378212974296206,2.1415508675930592,1.9662612293197594,1.6884820485206913,0.2675521821631879,0.462406015037594,0.35,0.19354498048917473
11,low_rating_bottom30_raw,content_only_core,ExtraTreesClassifier,0,2704,0.3021449704142012,0.47663513093722454,0.6778324151785164,0.5955882352941176,0.5682656826568265,0.5157116451016636,0.09914320685434516,0.18849449204406366,0.34149326805385555,1.9712002303981568,1.880771610653683,1.7068351142654814,0.313588850174216,0.22924901185770752,0.55,0.1995804399330076
11,low_rating_bottom30_raw,content_only_core,XGBoostClassifier,0,2704,0.3021449704142012,0.4899059002846,0.6830403735148497,0.6323529411764706,0.6014760147601476,0.5249537892791127,0.10526315789473684,0.19951040391676866,0.34761321909424725,2.092879256965944,1.990686834652924,1.7374235571734649,0.3101893597835888,0.4679245283018868,0.35,0.1917009949684143
11,low_rating_bottom20_raw,content_only_core,DummyClassifier,0,2704,0.21967455621301776,0.21967455621301776,0.5,0.18382352941176472,0.18450184501845018,0.20147874306839186,0.04208754208754209,0.08417508417508418,0.1835016835016835,0.8367993662111309,0.8398871867506553,0.917169227705272,0.0,0.3602183141297756,0.05,0.1714606209125423
11,low_rating_bottom20_raw,content_only_core,LogisticRegression,0,2704,0.21967455621301776,0.36436392678260915,0.6725597204270191,0.5,0.4317343173431734,0.37707948243992606,0.11447811447811448,0.19696969696969696,0.3434343434343434,2.276094276094276,1.9653360169965335,1.7165369032282156,0.21635220125786164,0.41494845360824745,0.25,0.16344555265070204
11,low_rating_bottom20_raw,content_only_core,LogisticRegressionBalanced,0,2704,0.21967455621301776,0.35860760195318653,0.6737605119121707,0.49264705882352944,0.44280442804428044,0.36968576709796674,0.1127946127946128,0.20202020202020202,0.3367003367003367,2.242622301445831,2.015729248201573,1.6828793168904075,0.4233055885850178,0.4233055885850178,0.5,0.22344471986093417
11,low_rating_bottom20_raw,content_only_core,HistGradientBoostingClassifier,0,2704,0.21967455621301776,0.3856176351919692,0.6797293631416854,0.5220588235294118,0.45387453874538747,0.39926062846580407,0.11952861952861953,0.20707070707070707,0.36363636363636365,2.3765102000396117,2.066122479406612,1.81750966224164,0.12121212121212122,0.37488789237668163,0.3,0.15859495024944592
11,low_rating_bottom20_raw,content_only_core,ExtraTreesClassifier,0,2704,0.21967455621301776,0.36481021699487176,0.6656134807793577,0.47794117647058826,0.4317343173431734,0.3752310536044362,0.10942760942760943,0.19696969696969696,0.34175084175084175,2.1756783521489402,1.9653360169965335,1.7081225066437633,0.2147477360931436,0.13623188405797101,0.55,0.17062060879617158
11,low_rating_bottom20_raw,content_only_core,XGBoostClassifier,0,2704,0.21967455621301776,0.38978331789507864,0.6835200344679018,0.5808823529411765,0.45387453874538747,0.3955637707948244,0.132996632996633,0.20707070707070707,0.3602693602693603,2.6442859972271737,2.066122479406612,1.8006808690727358,0.1867043847241867,0.38676844783715014,0.3,0.1579504758119583
11,low_rating_bottom30_bayes_global_m25,content_only_core,DummyClassifier,0,2704,0.29511834319526625,0.29511834319526625,0.5,0.23529411764705882,0.24354243542435425,0.2643253234750462,0.040100250626566414,0.08270676691729323,0.17919799498746866,0.7972873359870264,0.8252365230419222,0.8956587401961467,0.0,0.4557395773843518,0.05,0.2080621144152061
11,low_rating_bottom30_bayes_global_m25,content_only_core,LogisticRegression,0,2704,0.29511834319526625,0.5117092230471816,0.6965321225414007,0.6985294117647058,0.6309963099630996,0.55637707948244,0.11904761904761904,0.21428571428571427,0.37719298245614036,2.3669467787114846,2.1381128096995257,1.8852676978953857,0.41017227235438886,0.5118679050567595,0.3,0.18621495912085237
11,low_rating_bottom30_bayes_global_m25,content_only_core,LogisticRegressionBalanced,0,2704,0.29511834319526625,0.5105668716055758,0.6965400121499973,0.6911764705882353,0.6199261992619927,0.5545286506469501,0.11779448621553884,0.21052631578947367,0.37593984962406013,2.34203154946189,2.1006020586521656,1.879004350061846,0.5118679050567595,0.5118679050567595,0.5,0.21762340643069672
11,low_rating_bottom30_bayes_global_m25,content_only_core,HistGradientBoostingClassifier,0,2704,0.29511834319526625,0.5000133588489564,0.6726765760150639,0.6911764705882353,0.6199261992619927,0.5378927911275416,0.11779448621553884,0.21052631578947367,0.36466165413533835,2.34203154946189,2.1006020586521656,1.8226342195599907,0.2809756097560976,0.47112264763140815,0.35,0.18858316944130338
11,low_rating_bottom30_bayes_global_m25,content_only_core,ExtraTreesClassifier,0,2704,0.29511834319526625,0.49307000845782945,0.6927201266545168,0.6470588235294118,0.6014760147601476,0.5304990757855823,0.11027568922305764,0.20426065162907267,0.35964912280701755,2.1925401739643227,2.038084140239899,1.797580828225833,0.3606271777003484,0.22540983606557377,0.55,0.19517815263222613
11,low_rating_bottom30_bayes_global_m25,content_only_core,XGBoostClassifier,0,2704,0.29511834319526625,0.49694880049294227,0.6850238134686139,0.6985294117647058,0.6309963099630996,0.5286506469500925,0.11904761904761904,0.21428571428571427,0.3583959899749373,2.3669467787114846,2.1381128096995257,1.7913174803922933,0.3376146788990826,0.47185325743200507,0.35,0.18743449449539185
11,low_rating_bottom30_bayes_category_m25,content_only_core,DummyClassifier,0,2704,0.29548816568047337,0.29548816568047337,0.5,0.2647058823529412,0.25092250922509224,0.26062846580406657,0.04505632040050062,0.0851063829787234,0.17647058823529413,0.8958256644334831,0.8491795556253434,0.8820267478525607,0.0,0.45618041678561233,0.05,0.20820693060134102
11,low_rating_bottom30_bayes_category_m25,content_only_core,LogisticRegression,0,2704,0.29548816568047337,0.5132184739743979,0.7068592959046578,0.6838235294117647,0.6162361623616236,0.5489833641404805,0.11639549436795996,0.20901126408010012,0.3717146433041302,2.314216299786498,2.085485085138711,1.8578861284553936,0.4188976377952756,0.5111456713322965,0.3,0.18565772949791676
11,low_rating_bottom30_bayes_category_m25,content_only_core,LogisticRegressionBalanced,0,2704,0.29548816568047337,0.5108619533066029,0.7066083260243282,0.6764705882352942,0.6014760147601476,0.5415896487985212,0.11514392991239049,0.20400500625782228,0.3667083854818523,2.2893322535522347,2.0355333465725143,1.8328640930553208,0.5121321631388746,0.52219074598678,0.45,0.21532805157015472
11,low_rating_bottom30_bayes_category_m25,content_only_core,HistGradientBoostingClassifier,0,2704,0.29548816568047337,0.4958905639272784,0.6871627592233073,0.6838235294117647,0.6088560885608856,0.5231053604436229,0.11639549436795996,0.2065081351689612,0.3541927409261577,2.314216299786498,2.0605092158556126,1.7703090045551393,0.31992687385740404,0.4666666666666667,0.35,0.18744295566162691
11,low_rating_bottom30_bayes_category_m25,content_only_core,ExtraTreesClassifier,0,2704,0.29548816568047337,0.4857061419101425,0.6926643869140888,0.6470588235294118,0.5793357933579336,0.5027726432532348,0.11013767209011265,0.1964956195244055,0.3404255319148936,2.189796068615181,1.9606057387232196,1.7014984072049397,0.34657650042265425,0.18956336528221512,0.6,0.19450835731380778
11,low_rating_bottom30_bayes_category_m25,content_only_core,XGBoostClassifier,0,2704,0.29548816568047337,0.512247380430067,0.7000029564514698,0.6764705882352942,0.6531365313653137,0.5489833641404805,0.11514392991239049,0.22152690863579474,0.3717146433041302,2.2893322535522347,2.2103644315542033,1.8578861284553936,0.34688346883468835,0.4828897338403042,0.35,0.18455907702445984
11,low_rating_bottom30_category_relative,content_only_core,DummyClassifier,0,2704,0.3128698224852071,0.3128698224852071,0.5,0.2647058823529412,0.2730627306273063,0.2828096118299446,0.0425531914893617,0.08747044917257683,0.18085106382978725,0.8460575719649561,0.8727678766149364,0.9039210288276243,0.0,0.47661971830985916,0.05,0.21499481320629943
11,low_rating_bottom30_category_relative,content_only_core,LogisticRegression,0,2704,0.3128698224852071,0.4911905345123334,0.6755420938653881,0.6323529411764706,0.5682656826568265,0.5138632162661737,0.1016548463356974,0.18203309692671396,0.32860520094562645,2.021137533027395,1.816300716198651,1.6424186013992124,0.36165237724084176,0.5115839243498818,0.3,0.19873077866710803
11,low_rating_bottom30_category_relative,content_only_core,LogisticRegressionBalanced,0,2704,0.3128698224852071,0.48970748291352806,0.6756966869991629,0.6029411764705882,0.5793357933579336,0.5175600739371534,0.09692671394799054,0.18557919621749408,0.3309692671394799,1.9271311361424,1.8516831976830406,1.6542345625603578,0.5143139190523198,0.515473032714412,0.45,0.22558956085153772
11,low_rating_bottom30_category_relative,content_only_core,HistGradientBoostingClassifier,0,2704,0.3128698224852071,0.4921728560325652,0.6674434494499538,0.6617647058823529,0.5904059040590406,0.5304990757855823,0.10638297872340426,0.18912529550827423,0.3392434988179669,2.1151439299123904,1.8870656791674298,1.695590426624367,0.29858657243816256,0.46990064289888955,0.35,0.19724118392020382
11,low_rating_bottom30_category_relative,content_only_core,ExtraTreesClassifier,0,2704,0.3128698224852071,0.48354902889336626,0.6761057544272165,0.625,0.5608856088560885,0.5009242144177449,0.10047281323877069,0.17966903073286053,0.3203309692671395,1.9976359338061465,1.7927123952090582,1.6010627373352035,0.32523051131601005,0.21878025169409487,0.55,0.20433121205473628
11,low_rating_bottom30_category_relative,content_only_core,XGBoostClassifier,0,2704,0.3128698224852071,0.4898722152807788,0.671888797278143,0.6911764705882353,0.6014760147601476,0.5175600739371534,0.1111111111111111,0.19267139479905437,0.3309692671394799,2.2091503267973853,1.9224481606518191,1.6542345625603578,0.32285471537807986,0.4644326866549089,0.35,0.1971258968114853
22,low_rating_bottom30_raw,content_only_core,DummyClassifier,0,2704,0.3021449704142012,0.3021449704142012,0.5,0.29411764705882354,0.3173431734317343,0.31053604436229204,0.04895960832313342,0.10526315789473684,0.20563035495716034,0.9734322125422997,1.0503010293260826,1.027771681708247,0.0,0.4640727066174382,0.05,0.21085341472016084
22,low_rating_bottom30_raw,content_only_core,LogisticRegression,0,2704,0.3021449704142012,0.49758313623867784,0.6887925437137045,0.6470588235294118,0.6051660516605166,0.5175600739371534,0.10771113831089352,0.200734394124847,0.3427172582619339,2.1415508675930592,2.0028996373195067,1.7129528028470782,0.38693877551020406,0.5130784708249497,0.3,0.19130457172743012
22,low_rating_bottom30_raw,content_only_core,LogisticRegressionBalanced,0,2704,0.3021449704142012,0.4983479708434669,0.6892031350235684,0.6617647058823529,0.6014760147601476,0.5268022181146026,0.11015911872705018,0.19951040391676866,0.3488372093023256,2.190222478220174,1.990686834652924,1.7435412457550616,0.5150905432595574,0.5113327289211242,0.45,0.22069300966531039
22,low_rating_bottom30_raw,content_only_core,HistGradientBoostingClassifier,0,2704,0.3021449704142012,0.5129202974273951,0.7027513509621652,0.6985294117647058,0.6236162361623616,0.5471349353049908,0.11627906976744186,0.20685434516523868,0.3623011015911873,2.3119015047879614,2.0639636506524184,1.8108358201526256,0.29699248120300753,0.4920440636474908,0.35,0.18741659295290725
22,low_rating_bottom30_raw,content_only_core,ExtraTreesClassifier,0,2704,0.3021449704142012,0.5139713767277468,0.7083543331653347,0.6397058823529411,0.6125461254612546,0.5582255083179297,0.10648714810281518,0.20318237454100369,0.36964504283965727,2.1172150622795014,2.0273252426526716,1.8475419516422056,0.3560933448573898,0.22357723577235772,0.55,0.19558811050006658
22,low_rating_bottom30_raw,content_only_core,XGBoostClassifier,0,2704,0.3021449704142012,0.5212257131024903,0.7063519708058553,0.7352941176470589,0.6309963099630996,0.5489833641404805,0.12239902080783353,0.20930232558139536,0.3635250917992656,2.4335805313557493,2.0883892559855832,1.816953508734222,0.3261261261261261,0.49162011173184356,0.35,0.18592777848243713
22,low_rating_bottom20_raw,content_only_core,DummyClassifier,0,2704,0.22374260355029585,0.22374260355029585,0.5,0.19852941176470587,0.2177121771217712,0.22735674676524953,0.04462809917355372,0.09752066115702479,0.20330578512396694,0.8873116188624209,0.9730474825409411,1.0161531293441897,0.0,0.36566938652160774,0.05,0.1736840121686125
22,low_rating_bottom20_raw,content_only_core,LogisticRegression,0,2704,0.22374260355029585,0.36566184856444867,0.6717610511105249,0.5,0.4317343173431734,0.3974121996303142,0.11239669421487604,0.1933884297520661,0.35537190082644626,2.234710743801653,1.9296026348693238,1.776202624463421,0.2018111254851229,0.418426103646833,0.25,0.16510252446779466
22,low_rating_bottom20_raw,content_only_core,LogisticRegressionBalanced,0,2704,0.22374260355029585,0.3634106603417808,0.6708885380287345,0.4632352941176471,0.43911439114391143,0.39926062846580407,0.10413223140495868,0.19669421487603306,0.35702479338842974,2.0703937773456493,1.9625872952944405,1.7844640320190648,0.41705607476635514,0.41705607476635514,0.5,0.22299197049293001
22,low_rating_bottom20_raw,content_only_core,HistGradientBoostingClassifier,0,2704,0.22374260355029585,0.39673733489793894,0.6889593234086283,0.5808823529411765,0.4907749077490775,0.4195933456561922,0.1305785123966942,0.21983471074380165,0.3752066115702479,2.5962080700048618,2.193479918270257,1.8753395151311467,0.19257221458046767,0.3958513396715644,0.3,0.1591472469453748
22,low_rating_bottom20_raw,content_only_core,ExtraTreesClassifier,0,2704,0.22374260355029585,0.4059728255986702,0.6959016296622949,0.5294117647058824,0.4907749077490775,0.43068391866913125,0.11900826446280992,0.21983471074380165,0.3851239669421488,2.366164316966456,2.193479918270257,1.92490796046501,0.22535211267605634,0.22535211267605634,0.5,0.16827183466042475
22,low_rating_bottom20_raw,content_only_core,XGBoostClassifier,0,2704,0.22374260355029585,0.40263504323834465,0.6955882179235291,0.5441176470588235,0.5092250922509225,0.43253234750462105,0.12231404958677686,0.228099173553719,0.3867768595041322,2.4318911035488573,2.2759415693330487,1.9331693680206534,0.18055555555555555,0.4225589225589226,0.3,0.1580318659543991
22,low_rating_bottom30_bayes_global_m25,content_only_core,DummyClassifier,0,2704,0.3039940828402367,0.3039940828402367,0.5,0.29411764705882354,0.3062730627306273,0.2957486136783734,0.04866180048661801,0.10097323600973236,0.19464720194647203,0.9675110920280521,1.00749679029637,0.9728762182315348,0.0,0.46625070901871807,0.05,0.21160551421756965
22,low_rating_bottom30_bayes_global_m25,content_only_core,LogisticRegression,0,2704,0.3039940828402367,0.5201260396516576,0.6956329783245551,0.6617647058823529,0.6715867158671587,0.5674676524953789,0.10948905109489052,0.22141119221411193,0.3734793187347932,2.176899957063117,2.2092098293245703,1.8667062437317572,0.41533546325878595,0.5212493599590374,0.3,0.18934491152825897
22,low_rating_bottom30_bayes_global_m25,content_only_core,LogisticRegressionBalanced,0,2704,0.3039940828402367,0.519287969865666,0.6957383432751305,0.6544117647058824,0.6678966789667896,0.5600739371534196,0.10827250608272507,0.22019464720194648,0.3686131386861314,2.152712179762416,2.1970713137788307,1.8423843382759688,0.5175751400916964,0.5175751400916964,0.5,0.21892311397801542
22,low_rating_bottom30_bayes_global_m25,content_only_core,HistGradientBoostingClassifier,0,2704,0.3039940828402367,0.5244992840540512,0.6960938691819801,0.7647058823529411,0.6642066420664207,0.5471349353049908,0.12652068126520682,0.21897810218978103,0.36009732360097324,2.515528839272935,2.1849327982330915,1.7998210037283393,0.26560951437066405,0.5079702444208289,0.3,0.1893995387437995
22,low_rating_bottom30_bayes_global_m25,content_only_core,ExtraTreesClassifier,0,2704,0.3039940828402367,0.5285792013195363,0.7130130238835841,0.6911764705882353,0.6457564575645757,0.5822550831792976,0.11435523114355231,0.21289537712895376,0.38321167883211676,2.273651066265922,2.1242402205043946,1.9153500546433342,0.3813559322033898,0.3813559322033898,0.5,0.19418380475276673
22,low_rating_bottom30_bayes_global_m25,content_only_core,XGBoostClassifier,0,2704,0.3039940828402367,0.5258193409290596,0.6985560476895988,0.7426470588235294,0.6494464944649446,0.5748613678373382,0.12287104622871046,0.2141119221411192,0.37834549878345497,2.4429655073708316,2.136378736050134,1.8910281491875456,0.3494293239683933,0.4949748743718593,0.35,0.18692031502723694
22,low_rating_bottom30_bayes_category_m25,content_only_core,DummyClassifier,0,2704,0.29770710059171596,0.29770710059171596,0.5,0.27941176470588236,0.2988929889298893,0.2957486136783734,0.04720496894409938,0.10062111801242236,0.19875776397515527,0.9385458531238583,1.0039834062936903,0.9934214302935673,0.0,0.45882017668851527,0.05,0.20908590511790204
22,low_rating_bottom30_bayes_category_m25,content_only_core,LogisticRegression,0,2704,0.29770710059171596,0.5300729254273335,0.7187162906923878,0.6764705882352942,0.6420664206642066,0.5730129390018485,0.11428571428571428,0.21614906832298136,0.38509316770186336,2.2722689075630256,2.1567050950012607,1.9247540211937868,0.43410852713178294,0.5346232179226069,0.3,0.18284266018328485
22,low_rating_bottom30_bayes_category_m25,content_only_core,LogisticRegressionBalanced,0,2704,0.29770710059171596,0.5301151801315618,0.7185776103146803,0.7058823529411765,0.6457564575645757,0.5674676524953789,0.11925465838509317,0.21739130434782608,0.3813664596273292,2.3710632078918525,2.169099951869084,1.906127369375782,0.5293217746047935,0.5289485873089393,0.45,0.21204698379636344
22,low_rating_bottom30_bayes_category_m25,content_only_core,HistGradientBoostingClassifier,0,2704,0.29770710059171596,0.5361823110555919,0.7207206146419004,0.7132352941176471,0.6642066420664207,0.5656192236598891,0.12049689440993788,0.2236024844720497,0.3801242236024845,2.3957617829740596,2.2310742362082006,1.8999184854364477,0.3646112600536193,0.5031367628607277,0.35,0.18083684361005997
22,low_rating_bottom30_bayes_category_m25,content_only_core,ExtraTreesClassifier,0,2704,0.29770710059171596,0.5345295246782519,0.7268369426209937,0.7205882352941176,0.6531365313653137,0.5656192236598891,0.12173913043478261,0.21987577639751552,0.3801242236024845,2.4204603580562662,2.193889665604731,1.8999184854364477,0.38301415487094087,0.1837837837837838,0.6,0.1896830718333661
22,low_rating_bottom30_bayes_category_m25,content_only_core,XGBoostClassifier,0,2704,0.29770710059171596,0.5488368272331815,0.7245330167234144,0.7279411764705882,0.6568265682656826,0.5970425138632163,0.12298136645962733,0.22111801242236026,0.4012422360248447,2.445158933138473,2.206284522472554,2.005469512405139,0.3853530950305144,0.5065502183406113,0.35,0.17911116778850555
22,low_rating_bottom30_category_relative,content_only_core,DummyClassifier,0,2704,0.3150887573964497,0.3150887573964497,0.5,0.3088235294117647,0.33210332103321033,0.3234750462107209,0.04929577464788732,0.1056338028169014,0.20539906103286384,0.9801159900579951,1.0539992723870901,1.0266156396171235,0.0,0.47919010123734535,0.05,0.21580841605297793
22,low_rating_bottom30_category_relative,content_only_core,LogisticRegression,0,2704,0.3150887573964497,0.5051220216733816,0.6785812064612295,0.6617647058823529,0.6014760147601476,0.5360443622920518,0.1056338028169014,0.19131455399061034,0.3403755868544601,2.100248550124275,1.9089097933232853,1.7012487742226619,0.3847944142746315,0.5191127890514393,0.3,0.19757453603518116
22,low_rating_bottom30_category_relative,content_only_core,LogisticRegressionBalanced,0,2704,0.3150887573964497,0.5044894019643595,0.678847382350257,0.6764705882352942,0.6051660516605166,0.5397412199630314,0.107981220657277,0.19248826291079812,0.3427230046948357,2.1469207401270367,1.9206208963498086,1.7129815243897146,0.5101134681795757,0.5201595037660611,0.45,0.22439233193296373
22,low_rating_bottom30_category_relative,content_only_core,HistGradientBoostingClassifier,0,2704,0.3150887573964497,0.5145211009438053,0.6869435656415092,0.7132352941176471,0.6051660516605166,0.5378927911275416,0.11384976525821597,0.19248826291079812,0.3415492957746479,2.263601215133941,1.9206208963498086,1.7071151493061885,0.27146814404432135,0.48786127167630056,0.35,0.19502413644201835
22,low_rating_bottom30_category_relative,content_only_core,ExtraTreesClassifier,0,2704,0.3150887573964497,0.5089813213950989,0.694309666494286,0.6470588235294118,0.6125461254612546,0.5415896487985212,0.10328638497652583,0.19483568075117372,0.3438967136150235,2.0535763601215136,1.944043102402855,1.718847899473241,0.337228714524207,0.337228714524207,0.5,0.20260757143621713
22,low_rating_bottom30_category_relative,content_only_core,XGBoostClassifier,0,2704,0.3150887573964497,0.52394641994067,0.689811293969722,0.7426470588235294,0.6568265682656826,0.532347504621072,0.11854460093896714,0.20892018779342722,0.3380281690140845,2.3569455951394644,2.0845763387211336,1.6895160240556089,0.3304647160068847,0.5011494252873563,0.35,0.19284456968307495
33,low_rating_bottom30_raw,content_only_core,DummyClassifier,0,2704,0.3021449704142012,0.3021449704142012,0.5,0.33088235294117646,0.3173431734317343,0.2920517560073937,0.05507955936352509,0.10526315789473684,0.193390452876377,1.095111239110087,1.0503010293260826,0.9665947958922797,0.0,0.4640727066174382,0.05,0.21085341472016084
33,low_rating_bottom30_raw,content_only_core,LogisticRegression,0,2704,0.3021449704142012,0.4841327311390566,0.680899201455037,0.6323529411764706,0.5830258302583026,0.5194085027726433,0.10526315789473684,0.193390452876377,0.34394124847001223,2.092879256965944,1.9296228213200124,1.719070491428675,0.36698717948717946,0.5076846802181457,0.3,0.1943685660752644
33,low_rating_bottom30_raw,content_only_core,LogisticRegressionBalanced,0,2704,0.3021449704142012,0.4815417874048048,0.6795376988335444,0.6323529411764706,0.5682656826568265,0.5249537892791127,0.10526315789473684,0.18849449204406366,0.34761321909424725,2.092879256965944,1.880771610653683,1.7374235571734649,0.5062034739454094,0.5026978417266187,0.45,0.2256986525321603
33,low_rating_bottom30_raw,content_only_core,HistGradientBoostingClassifier,0,2704,0.3021449704142012,0.4768526456185476,0.6815283856107529,0.5955882352941176,0.5535055350553506,0.5009242144177449,0.09914320685434516,0.1835985312117503,0.3317013463892289,1.9712002303981568,1.8319203999873537,1.6578936056127078,0.24952380952380954,0.47335811648079307,0.35,0.19254939706673715
33,low_rating_bottom30_raw,content_only_core,ExtraTreesClassifier,0,2704,0.3021449704142012,0.4975386664619714,0.7008093124444194,0.6323529411764706,0.5793357933579336,0.55637707948244,0.10526315789473684,0.19216646266829865,0.3684210526315789,2.092879256965944,1.9174100186534302,1.8414242630606092,0.34280792420327305,0.21138211382113822,0.55,0.19719900470998059
33,low_rating_bottom30_raw,content_only_core,XGBoostClassifier,0,2704,0.3021449704142012,0.4842980437997264,0.698722302113475,0.6102941176470589,0.5830258302583026,0.5304990757855823,0.10159118727050184,0.193390452876377,0.35128518971848227,2.019871841025272,1.9296228213200124,1.7557766229182552,0.32360742705570295,0.49667673716012084,0.35,0.18971239030361176
33,low_rating_bottom20_raw,content_only_core,DummyClassifier,0,2704,0.21856508875739644,0.21856508875739644,0.5,0.2867647058823529,0.25092250922509224,0.21072088724584104,0.06598984771573604,0.11505922165820642,0.19289340101522842,1.312033442818752,1.1480447799401852,0.96411045535153,0.0,0.35872534142640367,0.05,0.17085747396717946
33,low_rating_bottom20_raw,content_only_core,LogisticRegression,0,2704,0.21856508875739644,0.36270416606691464,0.6758419997709769,0.49264705882352944,0.44649446494464945,0.39186691312384475,0.11336717428087986,0.20473773265651438,0.3587140439932318,2.2540061709963175,2.0428443878347413,1.7929071625835469,0.24287484510532836,0.4190715181932246,0.25,0.16244732962948122
33,low_rating_bottom20_raw,content_only_core,LogisticRegressionBalanced,0,2704,0.21856508875739644,0.3615120403503131,0.6761639131858778,0.5073529411764706,0.44649446494464945,0.39371534195933455,0.116751269035533,0.20473773265651438,0.3604060913705584,2.321289937294715,2.0428443878347413,1.8013642718410163,0.4261725535610886,0.42292490118577075,0.55,0.2254739081578153
33,low_rating_bottom20_raw,content_only_core,HistGradientBoostingClassifier,0,2704,0.21856508875739644,0.37624688318168886,0.6916525929645102,0.4852941176470588,0.4317343173431734,0.4011090573012939,0.1116751269035533,0.19796954314720813,0.36717428087986465,2.2203642878471186,1.9753123419559069,1.8351927088708948,0.13649851632047477,0.39100346020761245,0.3,0.15766139247868344
33,low_rating_bottom20_raw,content_only_core,ExtraTreesClassifier,0,2704,0.21856508875739644,0.388506399477225,0.6951519999871875,0.4852941176470588,0.4612546125461255,0.4121996303142329,0.1116751269035533,0.21150592216582065,0.377326565143824,2.2203642878471186,2.1103764337135758,1.885935364415712,0.2125984251968504,0.2125984251968504,0.5,0.16813164546848292
33,low_rating_bottom20_raw,content_only_core,XGBoostClassifier,0,2704,0.21856508875739644,0.37817351785181763,0.6927784891370237,0.49264705882352944,0.4612546125461255,0.41035120147874304,0.11336717428087986,0.21150592216582065,0.3756345177664975,2.2540061709963175,2.1103764337135758,1.8774782551582423,0.16997167138810199,0.3990066225165563,0.3,0.15711331367492676
33,low_rating_bottom30_bayes_global_m25,content_only_core,DummyClassifier,0,2704,0.2980769230769231,0.2980769230769231,0.5,0.3161764705882353,0.30996309963099633,0.28650646950092423,0.05334987593052109,0.10421836228287841,0.19230769230769232,1.060721062618596,1.0398762052136652,0.9611829944547136,0.0,0.45925925925925926,0.05,0.2092333962903228
33,low_rating_bottom30_bayes_global_m25,content_only_core,LogisticRegression,0,2704,0.2980769230769231,0.5092643949524994,0.6960990673217466,0.6911764705882353,0.6199261992619927,0.5452865064695009,0.11662531017369727,0.20843672456575682,0.36600496277915634,2.318785578747628,2.0797524104273304,1.8293482797686484,0.4062992125984252,0.5201427842937277,0.3,0.18828161833962884
33,low_rating_bottom30_bayes_global_m25,content_only_core,LogisticRegressionBalanced,0,2704,0.2980769230769231,0.5057118534292158,0.6944550486734109,0.6985294117647058,0.6199261992619927,0.5471349353049908,0.11786600496277916,0.20843672456575682,0.36724565756823824,2.3434535104364325,2.0797524104273304,1.8355494603780336,0.5158002038735984,0.5158002038735984,0.5,0.22051476569324388
33,low_rating_bottom30_bayes_global_m25,content_only_core,HistGradientBoostingClassifier,0,2704,0.2980769230769231,0.4802684596576765,0.6897968868889022,0.5882352941176471,0.5830258302583026,0.5397412199630314,0.09925558312655088,0.19602977667493796,0.36228287841191065,1.9734345351043645,1.95595762409237,1.8107447379404924,0.2978723404255319,0.47793190416141235,0.35,0.18946707365152324
33,low_rating_bottom30_bayes_global_m25,content_only_core,ExtraTreesClassifier,0,2704,0.2980769230769231,0.5054426393793777,0.7019796207056141,0.6470588235294118,0.6125461254612546,0.5360443622920518,0.10918114143920596,0.20595533498759305,0.3598014888337469,2.170777988614801,2.054993453160338,1.7983423767217221,0.3641025641025641,0.22718052738336714,0.55,0.1952863663929718
33,low_rating_bottom30_bayes_global_m25,content_only_core,XGBoostClassifier,0,2704,0.2980769230769231,0.4929600907884891,0.6980045601089825,0.6102941176470589,0.5830258302583026,0.5508317929759704,0.10297766749379653,0.19602977667493796,0.369727047146402,2.0474383301707784,1.95595762409237,1.847951821596804,0.3288888888888889,0.4924433249370277,0.35,0.187404066324234
33,low_rating_bottom30_bayes_category_m25,content_only_core,DummyClassifier,0,2704,0.2947485207100592,0.2947485207100592,0.5,0.3161764705882353,0.30996309963099633,0.2809611829944547,0.053952321204516936,0.1053952321204517,0.19071518193224593,1.0726990921839248,1.0516188474306325,0.9532233862195802,0.0,0.4552984861468152,0.05,0.207915170519863
33,low_rating_bottom30_bayes_category_m25,content_only_core,LogisticRegression,0,2704,0.2947485207100592,0.521446311976525,0.7186657622087022,0.6911764705882353,0.6420664206642066,0.5711645101663586,0.11794228356336262,0.21831869510664995,0.3877038895859473,2.3449701084950916,2.1783533268205955,1.9378028048805942,0.45019607843137255,0.5219164118246687,0.3,0.18212285486227195
33,low_rating_bottom30_bayes_category_m25,content_only_core,LogisticRegressionBalanced,0,2704,0.2947485207100592,0.5193399524954376,0.7171182705991728,0.6911764705882353,0.6531365313653137,0.5637707948243993,0.11794228356336262,0.22208281053952322,0.38268506900878296,2.3449701084950916,2.215911142800261,1.9127179789274473,0.5230613279270147,0.5223048327137546,0.45,0.21367533323728577
33,low_rating_bottom30_bayes_category_m25,content_only_core,HistGradientBoostingClassifier,0,2704,0.2947485207100592,0.4985271595670405,0.7198441454878974,0.625,0.6088560885608856,0.5508317929759704,0.10664993726474278,0.20702634880803011,0.3739021329987453,2.1204516938519444,2.0656798788815993,1.8688195335094402,0.3002832861189802,0.5132408575031526,0.35,0.18337825943820915
33,low_rating_bottom30_bayes_category_m25,content_only_core,ExtraTreesClassifier,0,2704,0.2947485207100592,0.5049997700904894,0.7133390223827027,0.6838235294117647,0.6014760147601476,0.5397412199630314,0.11668757841907151,0.20451693851944794,0.36637390213299875,2.3200236179791864,2.0406413348951555,1.8311922945797199,0.3904052936311001,0.18985976267529667,0.6,0.19191984702924414
33,low_rating_bottom30_bayes_category_m25,content_only_core,XGBoostClassifier,0,2704,0.2947485207100592,0.5152008150314636,0.7263407152806243,0.6323529411764706,0.6346863468634686,0.5693160813308688,0.10790464240903387,0.21580928481806774,0.3864491844416562,2.1453981843678496,2.1533147828341517,1.9315315983923074,0.36298932384341637,0.5085995085995086,0.35,0.18038393557071686
33,low_rating_bottom30_category_relative,content_only_core,DummyClassifier,0,2704,0.3187869822485207,0.3187869822485207,0.5,0.35294117647058826,0.3505535055350554,0.31608133086876156,0.05568445475638051,0.11020881670533643,0.19837587006960558,1.1071379828033303,1.0996481194510321,0.9915126666695259,0.0,0.4834548513740886,0.05,0.21717673503786447
33,low_rating_bottom30_category_relative,content_only_core,LogisticRegression,0,2704,0.3187869822485207,0.4839883114278371,0.6632021332607804,0.6102941176470589,0.5719557195571956,0.512014787430684,0.0962877030162413,0.17981438515081208,0.3213457076566125,1.914426095264092,1.7941627212095788,1.6061345536108695,0.3698732289336316,0.514827018121911,0.25,0.20418985366867165
33,low_rating_bottom30_category_relative,content_only_core,LogisticRegressionBalanced,0,2704,0.3187869822485207,0.48208864427340914,0.6618468022501518,0.6029411764705882,0.5756457564575646,0.5101663585951941,0.0951276102088167,0.18097447795823665,0.32018561484918795,1.8913607206223557,1.8057379645722211,1.6003362339227436,0.5056124938994632,0.5144609991235758,0.45,0.23127395853142882
33,low_rating_bottom30_category_relative,content_only_core,HistGradientBoostingClassifier,0,2704,0.3187869822485207,0.471115880219423,0.6656167889739539,0.5735294117647058,0.5608856088560885,0.5249537892791127,0.09048723897911833,0.17633410672853828,0.3294663573085847,1.7990992220554114,1.7594369911216512,1.6467227914277505,0.2954739538855679,0.47959183673469385,0.35,0.20167838552838868
33,low_rating_bottom30_category_relative,content_only_core,ExtraTreesClassifier,0,2704,0.3187869822485207,0.5042754071855661,0.6869619927900421,0.625,0.5867158671586716,0.5582255083179297,0.09860788863109049,0.18445475638051045,0.3503480278422274,1.9605568445475638,1.8404636946601487,1.7510925458140163,0.34049586776859503,0.34049586776859503,0.5,0.20387945793711088
33,low_rating_bottom30_category_relative,content_only_core,XGBoostClassifier,0,2704,0.3187869822485207,0.48079092163022885,0.6722750415038632,0.5882352941176471,0.5867158671586716,0.5286506469500925,0.09280742459396751,0.18445475638051045,0.33178654292343385,1.8452299713388838,1.8404636946601487,1.6583194308040023,0.3283582089552239,0.4859598853868195,0.35,0.200088769197464
44,low_rating_bottom30_raw,content_only_core,DummyClassifier,0,2704,0.3021449704142012,0.3021449704142012,0.5,0.27941176470588236,0.28044280442804426,0.29944547134935307,0.046511627906976744,0.09302325581395349,0.19828641370869032,0.9247606019151847,0.928173002660259,0.9910655502186667,0.0,0.4640727066174382,0.05,0.21085341472016078
44,low_rating_bottom30_raw,content_only_core,LogisticRegression,0,2704,0.3021449704142012,0.507717956442086,0.6907099337799891,0.7132352941176471,0.6346863468634686,0.5360443622920518,0.11872705018359853,0.21052631578947367,0.35495716034271724,2.3605731154150766,2.100602058652165,1.7741296886630453,0.38767234387672345,0.5037556334501753,0.3,0.19000178872747572
44,low_rating_bottom30_raw,content_only_core,LogisticRegressionBalanced,0,2704,0.3021449704142012,0.5067747053523947,0.6910932820645542,0.7205882352941176,0.6309963099630996,0.5489833641404805,0.11995104039167687,0.20930232558139536,0.3635250917992656,2.384908920728634,2.0883892559855832,1.816953508734222,0.49924509310518367,0.5119638826185101,0.45,0.22117897483413287
44,low_rating_bottom30_raw,content_only_core,HistGradientBoostingClassifier,0,2704,0.3021449704142012,0.5139653760707636,0.6969602621557407,0.7058823529411765,0.6273062730627307,0.5471349353049908,0.1175030599755202,0.20807833537331702,0.3623011015911873,2.3362373101015192,2.076176453319001,1.8108358201526256,0.2763285024154589,0.4717101080737444,0.35,0.1884290055799371
44,low_rating_bottom30_raw,content_only_core,ExtraTreesClassifier,0,2704,0.3021449704142012,0.5087297452255015,0.6982186304671725,0.6764705882352942,0.6199261992619927,0.5452865064695009,0.11260709914320685,0.20563035495716034,0.36107711138310894,2.2388940888472892,2.051750847985836,1.8047181315710288,0.3465259454705365,0.3465259454705365,0.5,0.19639706087974426
44,low_rating_bottom30_raw,content_only_core,XGBoostClassifier,0,2704,0.3021449704142012,0.5220603828200906,0.7011556880517928,0.7279411764705882,0.6309963099630996,0.5378927911275416,0.1211750305997552,0.20930232558139536,0.3561811505507956,2.4092447260421914,2.0883892559855832,1.780247377244642,0.3174311926605505,0.48685857321652065,0.35,0.1866919845342636
44,low_rating_bottom20_raw,content_only_core,DummyClassifier,0,2704,0.22374260355029585,0.22374260355029585,0.5,0.19852941176470587,0.18450184501845018,0.2144177449168207,0.04462809917355372,0.08264462809917356,0.19173553719008266,0.8873116188624209,0.8246165106279162,0.958323276454683,0.0,0.36566938652160774,0.05,0.1736840121686125
44,low_rating_bottom20_raw,content_only_core,LogisticRegression,0,2704,0.22374260355029585,0.4020292322171435,0.6996602081274436,0.5073529411764706,0.5276752767527675,0.4214417744916821,0.1140495867768595,0.23636363636363636,0.3768595041322314,2.2675741370928537,2.3584032203958403,1.8836009226867907,0.2394904458598726,0.438058748403576,0.25,0.15865905470239752
44,low_rating_bottom20_raw,content_only_core,LogisticRegressionBalanced,0,2704,0.22374260355029585,0.40351523807417505,0.7019903220344988,0.5147058823529411,0.5202952029520295,0.4214417744916821,0.11570247933884298,0.23305785123966943,0.3768595041322314,2.3004375303840545,2.3254185599707236,1.8836009226867907,0.446242774566474,0.446242774566474,0.5,0.21730924319875833
44,low_rating_bottom20_raw,content_only_core,HistGradientBoostingClassifier,0,2704,0.22374260355029585,0.40965413121371574,0.69688596301269,0.5735294117647058,0.4833948339483395,0.4288354898336414,0.12892561983471074,0.21652892561983472,0.3834710743801653,2.5633446767136605,2.1604952578451404,1.916646552909366,0.1378299120234604,0.4055459272097054,0.3,0.15770835494295798
44,low_rating_bottom20_raw,content_only_core,ExtraTreesClassifier,0,2704,0.22374260355029585,0.4118967314279542,0.7119966611412755,0.5661764705882353,0.4870848708487085,0.4399260628465804,0.12727272727272726,0.21818181818181817,0.3933884297520661,2.53048128342246,2.176987588057699,1.9662149982432289,0.21957671957671956,0.12960235640648013,0.55,0.1667488453240162
44,low_rating_bottom20_raw,content_only_core,XGBoostClassifier,0,2704,0.22374260355029585,0.4413326358719213,0.7183845908519996,0.6029411764705882,0.5571955719557196,0.46210720887245843,0.13553719008264462,0.24958677685950414,0.4132231404958678,2.6947982498784637,2.490341862096307,2.065351888910955,0.1763869132290185,0.4349315068493151,0.3,0.15381641685962677
44,low_rating_bottom30_bayes_global_m25,content_only_core,DummyClassifier,0,2704,0.29511834319526625,0.29511834319526625,0.5,0.25,0.26199261992619927,0.2975970425138632,0.042606516290726815,0.08897243107769423,0.20175438596491227,0.8471177944862156,0.887754441454189,1.0083990011998574,0.0,0.4557395773843518,0.05,0.2080621144152061
44,low_rating_bottom30_bayes_global_m25,content_only_core,LogisticRegression,0,2704,0.29511834319526625,0.5191510800882473,0.6870810289101558,0.7720588235294118,0.6494464944649446,0.5526802218114603,0.13157894736842105,0.22055137844611528,0.37468671679197996,2.616099071207431,2.2006307281117925,1.8727410022283066,0.41050903119868637,0.5033801352054083,0.3,0.18706596849530321
44,low_rating_bottom30_bayes_global_m25,content_only_core,LogisticRegressionBalanced,0,2704,0.29511834319526625,0.5174011543828211,0.6873565077436509,0.7426470588235294,0.6531365313653137,0.5508317929759704,0.12656641604010024,0.22180451127819548,0.37343358395989973,2.516438154209052,2.213134311794246,1.866477654394767,0.5062370062370062,0.5062370062370062,0.5,0.22059219207881184
44,low_rating_bottom30_bayes_global_m25,content_only_core,HistGradientBoostingClassifier,0,2704,0.29511834319526625,0.5035284034683589,0.6943802317967005,0.7058823529411765,0.6088560885608856,0.5471349353049908,0.12030075187969924,0.20676691729323307,0.37092731829573933,2.3918620079610795,2.063091307604805,1.8539509587276883,0.275390625,0.4726072607260726,0.35,0.18625483762470252
44,low_rating_bottom30_bayes_global_m25,content_only_core,ExtraTreesClassifier,0,2704,0.29511834319526625,0.5113526354654234,0.6959535512443228,0.7205882352941176,0.6383763837638377,0.5397412199630314,0.12280701754385964,0.21679197994987467,0.3659147869674185,2.4416924664602684,2.1631199770644325,1.82889756739353,0.3572679509632224,0.3572679509632224,0.5,0.19424107286344033
44,low_rating_bottom30_bayes_global_m25,content_only_core,XGBoostClassifier,0,2704,0.29511834319526625,0.5124248315277428,0.7018461026648467,0.6911764705882353,0.6457564575645757,0.5637707948243993,0.11779448621553884,0.21929824561403508,0.38220551378446116,2.34203154946189,2.1881271444293393,1.9103210892295437,0.3283582089552239,0.4866920152091255,0.35,0.18395869433879852
44,low_rating_bottom30_bayes_category_m25,content_only_core,DummyClassifier,0,2704,0.3021449704142012,0.3021449704142012,0.5,0.27205882352941174,0.2656826568265683,0.2957486136783734,0.04528763769889841,0.08812729498164015,0.19583843329253367,0.9004247966016271,0.8793217919939298,0.9788301730554733,0.0,0.4640727066174382,0.05,0.21086047837559405
44,low_rating_bottom30_bayes_category_m25,content_only_core,LogisticRegression,0,2704,0.3021449704142012,0.5498065034099243,0.706197593662494,0.7941176470588235,0.7011070110701108,0.5711645101663586,0.13219094247246022,0.23255813953488372,0.37821297429620565,2.628266973864209,2.320432506650648,1.8903657717133826,0.431496062992126,0.52068345323741,0.25,0.1849752673774161
44,low_rating_bottom30_bayes_category_m25,content_only_core,LogisticRegressionBalanced,0,2704,0.3021449704142012,0.5480537406731165,0.7060367300845376,0.7867647058823529,0.6900369003690037,0.5767097966728281,0.13096695226438188,0.22888616891064872,0.3818849449204406,2.6039311685506514,2.2837940986509007,1.9087188374581727,0.5116751269035533,0.5149700598802395,0.45,0.2157030334640614
44,low_rating_bottom30_bayes_category_m25,content_only_core,HistGradientBoostingClassifier,0,2704,0.3021449704142012,0.549749327333628,0.7171077766513003,0.75,0.6789667896678967,0.5859519408502772,0.12484700122399021,0.2252141982864137,0.3880048959608323,2.482252141982864,2.247155690651154,1.9393072803661562,0.3373052245646196,0.5141776937618148,0.35,0.18248727095033734
44,low_rating_bottom30_bayes_category_m25,content_only_core,ExtraTreesClassifier,0,2704,0.3021449704142012,0.5322886650951454,0.7133054286917055,0.7279411764705882,0.6309963099630996,0.5452865064695009,0.1211750305997552,0.20930232558139536,0.36107711138310894,2.4092447260421914,2.0883892559855832,1.8047181315710288,0.3881578947368421,0.19766206163655686,0.6,0.1919863139477109
44,low_rating_bottom30_bayes_category_m25,content_only_core,XGBoostClassifier,0,2704,0.3021449704142012,0.5601429524059984,0.7245957167477795,0.75,0.7011070110701108,0.5933456561922366,0.12484700122399021,0.23255813953488372,0.3929008567931457,2.482252141982864,2.320432506650648,1.963778034692543,0.3691215616681455,0.528976572133169,0.35,0.18036016821861267
44,low_rating_bottom30_category_relative,content_only_core,DummyClassifier,0,2704,0.3150887573964497,0.3150887573964497,0.5,0.29411764705882354,0.2915129151291513,0.31053604436229204,0.046948356807511735,0.09272300469483569,0.19718309859154928,0.9334438000552334,0.9251771390953346,0.9855510140324386,0.0,0.47919010123734535,0.05,0.21580841605297793
44,low_rating_bottom30_category_relative,content_only_core,LogisticRegression,0,2704,0.3150887573964497,0.5196564408553576,0.6869004704975714,0.7426470588235294,0.6383763837638377,0.5526802218114603,0.11854460093896714,0.20305164319248825,0.35093896713615025,2.3569455951394644,2.0260208235885178,1.7540461499743998,0.39659178931061195,0.5212064090480678,0.3,0.19479040318203647
44,low_rating_bottom30_category_relative,content_only_core,LogisticRegressionBalanced,0,2704,0.3150887573964497,0.5192750093066993,0.6873219156551983,0.7352941176470589,0.6309963099630996,0.5619223659889094,0.11737089201877934,0.2007042253521127,0.3568075117370892,2.3336095001380834,2.002598617535471,1.7833780253920317,0.5151064883605745,0.5206684256816183,0.45,0.2223019375673137
44,low_rating_bottom30_category_relative,content_only_core,HistGradientBoostingClassifier,0,2704,0.3150887573964497,0.50490881200269,0.6791927772538762,0.6764705882352942,0.6346863468634686,0.5397412199630314,0.107981220657277,0.20187793427230047,0.3427230046948357,2.1469207401270367,2.0143097205619944,1.7129815243897146,0.224609375,0.47411764705882353,0.35,0.19686498149001846
44,low_rating_bottom30_category_relative,content_only_core,ExtraTreesClassifier,0,2704,0.3150887573964497,0.5117768117668055,0.6863617811983491,0.7205882352941176,0.6199261992619927,0.5434380776340111,0.11502347417840375,0.19718309859154928,0.34507042253521125,2.286937310135322,1.9674653084559015,1.7247142745567676,0.34309623430962344,0.4427792915531335,0.45,0.20269848278700772
44,low_rating_bottom30_category_relative,content_only_core,XGBoostClassifier,0,2704,0.3150887573964497,0.5190072414321771,0.6879144738843428,0.7058823529411765,0.6309963099630996,0.5471349353049908,0.11267605633802817,0.2007042253521127,0.3474178403755869,2.2402651201325603,2.002598617535471,1.7364470247238206,0.33620689655172414,0.4973730297723292,0.35,0.19344407320022583
55,low_rating_bottom30_raw,content_only_core,DummyClassifier,0,2704,0.3021449704142012,0.3021449704142012,0.5,0.2647058823529412,0.28044280442804426,0.2957486136783734,0.044063647490820076,0.09302325581395349,0.19583843329253367,0.8760889912880697,0.928173002660259,0.9788301730554733,0.0,0.4640727066174382,0.05,0.21085341472016084
55,low_rating_bottom30_raw,content_only_core,LogisticRegression,0,2704,0.3021449704142012,0.4710537285334929,0.6672770401620571,0.6691176470588235,0.5719557195571956,0.4713493530499076,0.11138310893512852,0.189718482252142,0.31211750305997554,2.2145582835337314,1.8929844133202656,1.5600105883071604,0.33971690258118237,0.5037332005973121,0.3,0.19717975717130296
55,low_rating_bottom30_raw,content_only_core,LogisticRegressionBalanced,0,2704,0.3021449704142012,0.4694256912460571,0.6667218013607243,0.6617647058823529,0.5867158671586716,0.4824399260628466,0.11015911872705018,0.19461444308445533,0.31946144430844553,2.190222478220174,1.941835623986595,1.5967167197967407,0.5027541311967952,0.5027541311967952,0.5,0.2271522707445467
55,low_rating_bottom30_raw,content_only_core,HistGradientBoostingClassifier,0,2704,0.3021449704142012,0.47663284750853674,0.6802881793161871,0.6544117647058824,0.5793357933579336,0.49353049907578556,0.10893512851897184,0.19216646266829865,0.3268053855569155,2.1658866729066166,1.9174100186534302,1.633422851286321,0.24094025465230168,0.45173267326732675,0.35,0.19268345453136002
55,low_rating_bottom30_raw,content_only_core,ExtraTreesClassifier,0,2704,0.3021449704142012,0.4815222399294363,0.6830617787490132,0.625,0.5608856088560885,0.5046210720887245,0.10403916768665851,0.18604651162790697,0.33414932680538556,2.0685434516523866,1.856346005320518,1.670128982775901,0.33814783347493627,0.21616161616161617,0.55,0.1992933848282687
55,low_rating_bottom30_raw,content_only_core,XGBoostClassifier,0,2704,0.3021449704142012,0.5011505746559729,0.6869328829153151,0.6838235294117647,0.6051660516605166,0.5194085027726433,0.11383108935128519,0.200734394124847,0.34394124847001223,2.2632298941608466,2.0028996373195067,1.719070491428675,0.29814814814814816,0.4784456587735276,0.35,0.19011937081813812
55,low_rating_bottom20_raw,content_only_core,DummyClassifier,0,2704,0.22633136094674555,0.22633136094674555,0.5,0.19852941176470587,0.22140221402214022,0.2365988909426987,0.04411764705882353,0.09803921568627451,0.20915032679738563,0.8771626297577855,0.9782215469213517,1.0453650344919236,0.0,0.3691194209891435,0.05,0.17510859497771694
55,low_rating_bottom20_raw,content_only_core,LogisticRegression,0,2704,0.22633136094674555,0.35849227306653175,0.6731705907347004,0.49264705882352944,0.4059040590405904,0.3567467652495379,0.10947712418300654,0.17973856209150327,0.315359477124183,2.176662821991542,1.7934061693558112,1.5762144660698538,0.20129032258064516,0.41492726122707146,0.25,0.16659324099592213
55,low_rating_bottom20_raw,content_only_core,LogisticRegressionBalanced,0,2704,0.22633136094674555,0.36085049368003047,0.6735470638223422,0.5073529411764706,0.41697416974169743,0.36414048059149723,0.11274509803921569,0.184640522875817,0.32189542483660133,2.2416378316032297,1.842317246701879,1.6088821233977264,0.4405797101449275,0.4405797101449275,0.5,0.22294711863601957
55,low_rating_bottom20_raw,content_only_core,HistGradientBoostingClassifier,0,2704,0.22633136094674555,0.39509739525027693,0.6897947674927205,0.5294117647058824,0.4907749077490775,0.4288354898336414,0.11764705882352941,0.2173202614379085,0.3790849673202614,2.3391003460207616,2.1683910956756627,1.8947241250166118,0.11436950146627566,0.400352733686067,0.3,0.16072074332919567
55,low_rating_bottom20_raw,content_only_core,ExtraTreesClassifier,0,2704,0.22633136094674555,0.39694357785967876,0.6870743198490359,0.5294117647058824,0.46494464944649444,0.43068391866913125,0.11764705882352941,0.20588235294117646,0.380718954248366,2.3391003460207616,2.054265248534838,1.90289103934858,0.2245430809399478,0.11386861313868613,0.55,0.17039988448744417
55,low_rating_bottom20_raw,content_only_core,XGBoostClassifier,0,2704,0.22633136094674555,0.4002054377981321,0.6907593821467402,0.5514705882352942,0.46494464944649444,0.41589648798521256,0.12254901960784313,0.20588235294117646,0.36764705882352944,2.4365628604382934,2.054265248534838,1.8375557246928347,0.1457142857142857,0.40033783783783783,0.3,0.16056481003761292
55,low_rating_bottom30_bayes_global_m25,content_only_core,DummyClassifier,0,2704,0.29289940828402367,0.29289940828402367,0.5,0.27205882352941174,0.28044280442804426,0.2920517560073937,0.04671717171717172,0.09595959595959595,0.1994949494949495,0.9288472964943553,0.9574713928957471,0.9971059952575664,0.0,0.45308924485125857,0.05,0.2071901179850902
55,low_rating_bottom30_bayes_global_m25,content_only_core,LogisticRegression,0,2704,0.29289940828402367,0.4935903369070984,0.6779206817125227,0.6911764705882353,0.6162361623616236,0.5212569316081331,0.11868686868686869,0.21085858585858586,0.3560606060606061,2.359774212715389,2.1039174028103917,1.779644877611606,0.39574816026165166,0.49460154241645243,0.3,0.19040745645210694
55,low_rating_bottom30_bayes_global_m25,content_only_core,LogisticRegressionBalanced,0,2704,0.29289940828402367,0.49109805884391844,0.6768885243649887,0.6838235294117647,0.6236162361623616,0.5249537892791127,0.11742424242424243,0.21338383838383837,0.35858585858585856,2.3346702317290555,2.1291140184129116,1.792266472488284,0.4927385892116183,0.4927385892116183,0.5,0.22357970716225362
55,low_rating_bottom30_bayes_global_m25,content_only_core,HistGradientBoostingClassifier,0,2704,0.29289940828402367,0.49579574110324426,0.686975006339546,0.6838235294117647,0.6051660516605166,0.5064695009242144,0.11742424242424243,0.20707070707070707,0.34595959595959597,2.3346702317290555,2.066122479406612,1.7291584981048935,0.3327272727272727,0.46977329974811083,0.35,0.18679124337755515
55,low_rating_bottom30_bayes_global_m25,content_only_core,ExtraTreesClassifier,0,2704,0.29289940828402367,0.5001411894989556,0.6974933698913823,0.6397058823529411,0.5867158671586716,0.5434380776340111,0.10984848484848485,0.20075757575757575,0.3712121212121212,2.1840463458110517,2.0031309404003133,1.8553744468716742,0.36363636363636365,0.2374616171954964,0.55,0.19469179189957042
55,low_rating_bottom30_bayes_global_m25,content_only_core,XGBoostClassifier,0,2704,0.29289940828402367,0.4999340351284033,0.6898535564853556,0.6985294117647058,0.6236162361623616,0.5231053604436229,0.11994949494949494,0.21338383838383837,0.3573232323232323,2.384878193701723,2.1291140184129116,1.7859556750499448,0.32382704691812325,0.4665012406947891,0.35,0.18593798577785492
55,low_rating_bottom30_bayes_category_m25,content_only_core,DummyClassifier,0,2704,0.2984467455621302,0.2984467455621302,0.5,0.2867647058823529,0.28413284132841327,0.30129390018484287,0.048327137546468404,0.09541511771995044,0.20198265179677818,0.9608572053356658,0.9520386653680663,1.009539908426041,0.0,0.459698091711763,0.05,0.20938012804746461
55,low_rating_bottom30_bayes_category_m25,content_only_core,LogisticRegression,0,2704,0.2984467455621302,0.4969924338460775,0.6873678455318807,0.7132352941176471,0.6014760147601476,0.49907578558225507,0.12019826517967781,0.20198265179677818,0.3345724907063197,2.3898243312194767,2.015354577337595,1.6722440200922153,0.3821656050955414,0.503006012024048,0.3,0.19192580937279405
55,low_rating_bottom30_bayes_category_m25,content_only_core,LogisticRegressionBalanced,0,2704,0.2984467455621302,0.4938213347628622,0.6849241514188907,0.6911764705882353,0.6014760147601476,0.5157116451016636,0.11648079306071871,0.20198265179677818,0.34572490706319703,2.3159122385013484,2.015354577337595,1.7279854874286222,0.49949849548645936,0.49949849548645936,0.5,0.22352059838476146
55,low_rating_bottom30_bayes_category_m25,content_only_core,HistGradientBoostingClassifier,0,2704,0.2984467455621302,0.49972178144262797,0.6992708110830445,0.6323529411764706,0.6014760147601476,0.5508317929759704,0.10656753407682776,0.20198265179677818,0.36926889714993805,2.11881332458634,2.015354577337595,1.8456619184721486,0.30655586334256696,0.4969021065675341,0.35,0.18709104804928908
55,low_rating_bottom30_bayes_category_m25,content_only_core,ExtraTreesClassifier,0,2704,0.2984467455621302,0.5082982031875438,0.6993792455184243,0.7058823529411765,0.6014760147601476,0.5341959334565619,0.11895910780669144,0.20198265179677818,0.35811648079306074,2.3651869669801004,2.015354577337595,1.7899204511357414,0.3752066115702479,0.18122977346278318,0.6,0.19432038521023934
55,low_rating_bottom30_bayes_category_m25,content_only_core,XGBoostClassifier,0,2704,0.2984467455621302,0.5160014604684882,0.7050903435215976,0.6470588235294118,0.6162361623616236,0.5545286506469501,0.1090458488228005,0.20693928128872366,0.37174721189591076,2.1680880530650923,2.0648111313826893,1.8580489112135725,0.3532513181019332,0.502127659574468,0.35,0.18506819009780884
55,low_rating_bottom30_category_relative,content_only_core,DummyClassifier,0,2704,0.3128698224852071,0.3128698224852071,0.5,0.2647058823529412,0.2915129151291513,0.3068391866913124,0.0425531914893617,0.0933806146572104,0.19621749408983452,0.8460575719649561,0.9317386790889185,0.9807247763750693,0.0,0.47661971830985916,0.05,0.2149948132062994
55,low_rating_bottom30_category_relative,content_only_core,LogisticRegression,0,2704,0.3128698224852071,0.4764825488876643,0.6579292917725915,0.6470588235294118,0.5682656826568265,0.49907578558225507,0.10401891252955082,0.18203309692671396,0.3191489361702128,2.0681407314698927,1.816300716198651,1.5951547567546307,0.34782608695652173,0.5058878944889308,0.3,0.20270016270890115
55,low_rating_bottom30_category_relative,content_only_core,LogisticRegressionBalanced,0,2704,0.3128698224852071,0.47460871916929703,0.6572167637486099,0.6544117647058824,0.5645756457564576,0.5009242144177449,0.10520094562647754,0.18085106382978725,0.3203309692671395,2.091642330691142,1.8045065557038549,1.6010627373352035,0.49703557312252966,0.5157288435976961,0.45,0.23038639525963098
55,low_rating_bottom30_category_relative,content_only_core,HistGradientBoostingClassifier,0,2704,0.3128698224852071,0.485505622200347,0.6703431840332649,0.625,0.6125461254612546,0.5157116451016636,0.10047281323877069,0.19621749408983452,0.32978723404255317,1.9976359338061465,1.9578306421362086,1.6483265819797852,0.27012025901942643,0.4833524684270953,0.35,0.1975220265987919
55,low_rating_bottom30_category_relative,content_only_core,ExtraTreesClassifier,0,2704,0.3128698224852071,0.4848342602541509,0.671686808307059,0.6323529411764706,0.5830258302583026,0.5231053604436229,0.1016548463356974,0.1867612293144208,0.33451536643026003,2.021137533027395,1.863477358177837,1.671958504302076,0.32139883430474603,0.32139883430474603,0.5,0.20477992349506655
55,low_rating_bottom30_category_relative,content_only_core,XGBoostClassifier,0,2704,0.3128698224852071,0.49752947851293394,0.6755382767509739,0.6544117647058824,0.5977859778597786,0.5304990757855823,0.10520094562647754,0.19148936170212766,0.3392434988179669,2.091642330691142,1.9106540001570227,1.695590426624367,0.30148992112182293,0.47793696275071634,0.35,0.19612914323806763
11,low_rating_bottom30_raw,content_plus_reliability,DummyClassifier,0,2704,0.3021449704142012,0.3021449704142012,0.5,0.2647058823529412,0.2693726937269373,0.27726432532347506,0.044063647490820076,0.08935128518971848,0.1835985312117503,0.8760889912880697,0.8915345946605121,0.9176532872395062,0.0,0.4640727066174382,0.05,0.21085341472016078
11,low_rating_bottom30_raw,content_plus_reliability,LogisticRegression,0,2704,0.3021449704142012,0.5012021854612226,0.704497499155142,0.6544117647058824,0.6051660516605166,0.5434380776340111,0.10893512851897184,0.200734394124847,0.3598531211750306,2.1658866729066166,2.0028996373195067,1.798600442989432,0.4065166795965865,0.5285204991087344,0.25,0.18976732566169263
11,low_rating_bottom30_raw,content_plus_reliability,LogisticRegressionBalanced,0,2704,0.3021449704142012,0.49934833755247177,0.7048795501527879,0.625,0.5940959409594095,0.5397412199630314,0.10403916768665851,0.19706242350061198,0.3574051407588739,2.0685434516523866,1.9662612293197594,1.7863650658262384,0.5229540918163673,0.5235697940503432,0.45,0.21760140759438604
11,low_rating_bottom30_raw,content_plus_reliability,HistGradientBoostingClassifier,0,2704,0.3021449704142012,0.4933331932770928,0.695919838046701,0.6838235294117647,0.6125461254612546,0.5175600739371534,0.11383108935128519,0.20318237454100369,0.3427172582619339,2.2632298941608466,2.0273252426526716,1.7129528028470782,0.30825688073394497,0.4839296543359612,0.35,0.1891809889934169
11,low_rating_bottom30_raw,content_plus_reliability,ExtraTreesClassifier,0,2704,0.3021449704142012,0.48814175059908965,0.6947308745854357,0.6323529411764706,0.5793357933579336,0.512014787430684,0.10526315789473684,0.19216646266829865,0.3390452876376989,2.092879256965944,1.9174100186534302,1.694599737102288,0.33562822719449226,0.33562822719449226,0.5,0.19683771794080027
11,low_rating_bottom30_raw,content_plus_reliability,XGBoostClassifier,0,2704,0.3021449704142012,0.5196651531725273,0.7060750000486483,0.6985294117647058,0.6346863468634686,0.5378927911275416,0.11627906976744186,0.21052631578947367,0.3561811505507956,2.3119015047879614,2.100602058652165,1.780247377244642,0.357080035180299,0.4496877168632894,0.4,0.18628472089767456
11,low_rating_bottom20_raw,content_plus_reliability,DummyClassifier,0,2704,0.21967455621301776,0.21967455621301776,0.5,0.18382352941176472,0.18450184501845018,0.20147874306839186,0.04208754208754209,0.08417508417508418,0.1835016835016835,0.8367993662111309,0.8398871867506553,0.917169227705272,0.0,0.3602183141297756,0.05,0.1714606209125423
11,low_rating_bottom20_raw,content_plus_reliability,LogisticRegression,0,2704,0.21967455621301776,0.40631174337580556,0.7292969186334115,0.5367647058823529,0.46863468634686345,0.4288354898336414,0.12289562289562289,0.2138047138047138,0.39057239057239057,2.443454149336502,2.1333134543466645,1.9521400075928725,0.29398148148148145,0.45957988542329725,0.25,0.15535953433156136
11,low_rating_bottom20_raw,content_plus_reliability,LogisticRegressionBalanced,0,2704,0.21967455621301776,0.4045239202863536,0.7294429284950612,0.5367647058823529,0.4797047970479705,0.4177449168207024,0.12289562289562289,0.21885521885521886,0.38047138047138046,2.443454149336502,2.1837066855517038,1.9016536280861605,0.46473029045643155,0.45609436435124506,0.55,0.2092469771029955
11,low_rating_bottom20_raw,content_plus_reliability,HistGradientBoostingClassifier,0,2704,0.21967455621301776,0.41194741682335856,0.7272743230089201,0.5367647058823529,0.46863468634686345,0.42513863216266173,0.12289562289562289,0.2138047138047138,0.3872053872053872,2.443454149336502,2.1333134543466645,1.9353112144239684,0.18846694796061886,0.4295942720763723,0.3,0.1526789489719682
11,low_rating_bottom20_raw,content_plus_reliability,ExtraTreesClassifier,0,2704,0.21967455621301776,0.39852805330487395,0.7141533821628608,0.5073529411764706,0.45018450184501846,0.39926062846580407,0.11616161616161616,0.2053872053872054,0.36363636363636365,2.309566250742721,2.049324735671599,1.81750966224164,0.2402022756005057,0.1471861471861472,0.55,0.16547011939957224
11,low_rating_bottom20_raw,content_plus_reliability,XGBoostClassifier,0,2704,0.21967455621301776,0.44038751862049214,0.7369013994606413,0.6102941176470589,0.5129151291512916,0.4214417744916821,0.13973063973063973,0.234006734006734,0.3838383838383838,2.7781738958209545,2.334886379166822,1.9184824212550644,0.25133689839572193,0.3794392523364486,0.35,0.15007951855659485
11,low_rating_bottom30_bayes_global_m25,content_plus_reliability,DummyClassifier,0,2704,0.29511834319526625,0.29511834319526625,0.5,0.23529411764705882,0.24354243542435425,0.2643253234750462,0.040100250626566414,0.08270676691729323,0.17919799498746866,0.7972873359870264,0.8252365230419222,0.8956587401961467,0.0,0.4557395773843518,0.05,0.2080621144152061
11,low_rating_bottom30_bayes_global_m25,content_plus_reliability,LogisticRegression,0,2704,0.29511834319526625,0.5130697595899139,0.6979469923497095,0.6985294117647058,0.6346863468634686,0.5600739371534196,0.11904761904761904,0.21553884711779447,0.37969924812030076,2.3669467787114846,2.150616393381979,1.8977943935624644,0.4097959183673469,0.5103305785123967,0.3,0.18591182668522516
11,low_rating_bottom30_bayes_global_m25,content_plus_reliability,LogisticRegressionBalanced,0,2704,0.29511834319526625,0.5113214110740023,0.6980068218815665,0.6911764705882353,0.6383763837638377,0.5508317929759704,0.11779448621553884,0.21679197994987467,0.37343358395989973,2.34203154946189,2.1631199770644325,1.866477654394767,0.5087538619979403,0.5087538619979403,0.5,0.2172651011504457
11,low_rating_bottom30_bayes_global_m25,content_plus_reliability,HistGradientBoostingClassifier,0,2704,0.29511834319526625,0.5115766218237601,0.6936859462402071,0.6911764705882353,0.6199261992619927,0.5434380776340111,0.11779448621553884,0.21052631578947367,0.3684210526315789,2.34203154946189,2.1006020586521656,1.841424263060609,0.34929078014184395,0.45871559633027525,0.4,0.18569100231996866
11,low_rating_bottom30_bayes_global_m25,content_plus_reliability,ExtraTreesClassifier,0,2704,0.29511834319526625,0.4951615463844179,0.695895694114615,0.6176470588235294,0.6125461254612546,0.5508317929759704,0.10526315789473684,0.20802005012531327,0.37343358395989973,2.0928792569659445,2.075594891287259,1.866477654394767,0.35745422842197033,0.22313203684749233,0.55,0.1945638692497578
11,low_rating_bottom30_bayes_global_m25,content_plus_reliability,XGBoostClassifier,0,2704,0.29511834319526625,0.5086866231687172,0.6919923102614879,0.6838235294117647,0.6162361623616236,0.5582255083179297,0.11654135338345864,0.20927318295739347,0.37844611528822053,2.3171163202122957,2.088098474969712,1.891531045728925,0.34929078014184395,0.490426189005559,0.35,0.18578284978866577
11,low_rating_bottom30_bayes_category_m25,content_plus_reliability,DummyClassifier,0,2704,0.29548816568047337,0.29548816568047337,0.5,0.2647058823529412,0.25092250922509224,0.26062846580406657,0.04505632040050062,0.0851063829787234,0.17647058823529413,0.8958256644334831,0.8491795556253434,0.8820267478525607,0.0,0.45618041678561233,0.05,0.20820693060134102
11,low_rating_bottom30_bayes_category_m25,content_plus_reliability,LogisticRegression,0,2704,0.29548816568047337,0.5240617702290777,0.7184985168468458,0.6985294117647058,0.6383763837638377,0.5637707948243993,0.11889862327909888,0.2165206508135169,0.38172715894868586,2.3639843922550248,2.160412692988006,1.907930199255539,0.425,0.5200823892893924,0.3,0.1829086065030086
11,low_rating_bottom30_bayes_category_m25,content_plus_reliability,LogisticRegressionBalanced,0,2704,0.29548816568047337,0.5223671427772748,0.7186857587732697,0.7058823529411765,0.6199261992619927,0.5582255083179297,0.12015018773466833,0.21026282853566958,0.37797246558197745,2.3888684384892884,2.0979730197802606,1.8891636727054844,0.5242518059855521,0.5241897604509159,0.45,0.21213158578089938
11,low_rating_bottom30_bayes_category_m25,content_plus_reliability,HistGradientBoostingClassifier,0,2704,0.29548816568047337,0.536329304637549,0.7202191716022982,0.7352941176470589,0.6531365313653137,0.5582255083179297,0.1251564455569462,0.22152690863579474,0.37797246558197745,2.488404623426342,2.2103644315542033,1.8891636727054844,0.3611859838274933,0.5080346106304079,0.35,0.18020462551139096
11,low_rating_bottom30_bayes_category_m25,content_plus_reliability,ExtraTreesClassifier,0,2704,0.29548816568047337,0.49122469543127123,0.7015810445471538,0.6323529411764706,0.5756457564575646,0.5101663585951941,0.10763454317897372,0.19524405506883605,0.3454317897371715,2.1400279761466536,1.9481178040816702,1.7265204426050123,0.3523489932885906,0.20399579390115669,0.6,0.1932522122889427
11,low_rating_bottom30_bayes_category_m25,content_plus_reliability,XGBoostClassifier,0,2704,0.29548816568047337,0.5335534653923841,0.7230343703908101,0.7279411764705882,0.6531365313653137,0.5804066543438078,0.12390488110137672,0.22152690863579474,0.392991239048811,2.463520577192078,2.2103644315542033,1.9642297789057024,0.3720524017467249,0.5126934984520124,0.35,0.17981716990470886
11,low_rating_bottom30_category_relative,content_plus_reliability,DummyClassifier,0,2704,0.3128698224852071,0.3128698224852071,0.5,0.2647058823529412,0.2730627306273063,0.2828096118299446,0.0425531914893617,0.08747044917257683,0.18085106382978725,0.8460575719649561,0.8727678766149364,0.9039210288276243,0.0,0.47661971830985916,0.05,0.21499481320629943
11,low_rating_bottom30_category_relative,content_plus_reliability,LogisticRegression,0,2704,0.3128698224852071,0.5114071358366652,0.699819577725356,0.6838235294117647,0.6051660516605166,0.5508317929759704,0.1099290780141844,0.1938534278959811,0.35224586288416077,2.1856487275761367,1.9342423211466158,1.7605782130106666,0.41486988847583645,0.5416842996191282,0.25,0.1936708132647173
11,low_rating_bottom30_category_relative,content_plus_reliability,LogisticRegressionBalanced,0,2704,0.3128698224852071,0.5087965020454539,0.7004086857166124,0.6470588235294118,0.6088560885608856,0.5415896487985212,0.10401891252955082,0.1950354609929078,0.3463356973995272,2.0681407314698927,1.946036481641412,1.731038310107803,0.5200783545543585,0.531656937584194,0.45,0.21897606077428422
11,low_rating_bottom30_category_relative,content_plus_reliability,HistGradientBoostingClassifier,0,2704,0.3128698224852071,0.511857007222162,0.6933845590087717,0.6985294117647058,0.6125461254612546,0.5268022181146026,0.11229314420803782,0.19621749408983452,0.33687943262411346,2.2326519260186344,1.9578306421362086,1.6837744654632214,0.2975653742110009,0.48235974551764027,0.35,0.19254022555005632
11,low_rating_bottom30_category_relative,content_plus_reliability,ExtraTreesClassifier,0,2704,0.3128698224852071,0.4925760484447456,0.6889039028722515,0.6029411764705882,0.5793357933579336,0.5360443622920518,0.09692671394799054,0.18557919621749408,0.34278959810874704,1.9271311361424,1.8516831976830406,1.713314368366085,0.33222591362126247,0.33222591362126247,0.5,0.2022589321255322
11,low_rating_bottom30_category_relative,content_plus_reliability,XGBoostClassifier,0,2704,0.3128698224852071,0.5302068947119595,0.7036322388393936,0.7132352941176471,0.6568265682656826,0.5434380776340111,0.11465721040189125,0.21040189125295508,0.3475177304964539,2.279655124461132,2.0993605680737657,1.7369462906883757,0.3609022556390977,0.5008556759840274,0.35,0.18981587886810303
22,low_rating_bottom30_raw,content_plus_reliability,DummyClassifier,0,2704,0.3021449704142012,0.3021449704142012,0.5,0.29411764705882354,0.3173431734317343,0.31053604436229204,0.04895960832313342,0.10526315789473684,0.20563035495716034,0.9734322125422997,1.0503010293260826,1.027771681708247,0.0,0.4640727066174382,0.05,0.21085341472016084
22,low_rating_bottom30_raw,content_plus_reliability,LogisticRegression,0,2704,0.3021449704142012,0.5085451248486484,0.7122578695046116,0.6764705882352942,0.6125461254612546,0.5545286506469501,0.11260709914320685,0.20318237454100369,0.3671970624235006,2.2388940888472892,2.0273252426526716,1.8353065744790125,0.40969507427677876,0.531328320802005,0.3,0.1870344006825998
22,low_rating_bottom30_raw,content_plus_reliability,LogisticRegressionBalanced,0,2704,0.3021449704142012,0.5073985204636509,0.711906304749562,0.6617647058823529,0.6199261992619927,0.5582255083179297,0.11015911872705018,0.20563035495716034,0.36964504283965727,2.190222478220174,2.051750847985836,1.8475419516422056,0.5283776996484179,0.5283018867924528,0.45,0.21470936614796163
22,low_rating_bottom30_raw,content_plus_reliability,HistGradientBoostingClassifier,0,2704,0.3021449704142012,0.5276529891052748,0.7197017018458447,0.7352941176470589,0.6125461254612546,0.5545286506469501,0.12239902080783353,0.20318237454100369,0.3671970624235006,2.4335805313557493,2.0273252426526716,1.8353065744790125,0.3391915641476274,0.5129716981132075,0.35,0.18318299745394734
22,low_rating_bottom30_raw,content_plus_reliability,ExtraTreesClassifier,0,2704,0.3021449704142012,0.5249642801266546,0.7265299715440114,0.6691176470588235,0.6088560885608856,0.5600739371534196,0.11138310893512852,0.20195838433292534,0.3708690330477356,2.2145582835337314,2.0151124399860887,1.8536596402238024,0.35223367697594504,0.35223367697594504,0.5,0.19315819699324802
22,low_rating_bottom30_raw,content_plus_reliability,XGBoostClassifier,0,2704,0.3021449704142012,0.5382723387818149,0.726614943837206,0.6838235294117647,0.6420664206642066,0.5674676524953789,0.11383108935128519,0.21297429620563035,0.37576499388004897,2.2632298941608466,2.12502766398533,1.878130394550189,0.3437221727515583,0.5170149253731343,0.35,0.1817493736743927
22,low_rating_bottom20_raw,content_plus_reliability,DummyClassifier,0,2704,0.22374260355029585,0.22374260355029585,0.5,0.19852941176470587,0.2177121771217712,0.22735674676524953,0.04462809917355372,0.09752066115702479,0.20330578512396694,0.8873116188624209,0.9730474825409411,1.0161531293441897,0.0,0.36566938652160774,0.05,0.1736840121686125
22,low_rating_bottom20_raw,content_plus_reliability,LogisticRegression,0,2704,0.22374260355029585,0.4082927574772487,0.7195894148728832,0.5294117647058824,0.4944649446494465,0.4491682070240296,0.11900826446280992,0.22148760330578512,0.40165289256198344,2.366164316966456,2.2099722484828157,2.007522036021448,0.29500580720092917,0.45123537061118335,0.25,0.15803020732204415
22,low_rating_bottom20_raw,content_plus_reliability,LogisticRegressionBalanced,0,2704,0.22374260355029585,0.4040756120524598,0.7192279676666181,0.49264705882352944,0.4907749077490775,0.45286506469500926,0.11074380165289256,0.21983471074380165,0.4049586776859504,2.201847350510452,2.193479918270257,2.024044851132736,0.4473684210526316,0.4473684210526316,0.5,0.20984069226378935
22,low_rating_bottom20_raw,content_plus_reliability,HistGradientBoostingClassifier,0,2704,0.22374260355029585,0.4310494818096907,0.7345646687324543,0.5735294117647058,0.5387453874538746,0.4565619223659889,0.12892561983471074,0.2413223140495868,0.40826446280991735,2.5633446767136605,2.4078802110335156,2.0405676662440233,0.19230769230769232,0.4015369836695485,0.35,0.15264245146138583
22,low_rating_bottom20_raw,content_plus_reliability,ExtraTreesClassifier,0,2704,0.22374260355029585,0.43272383930834024,0.7298674299843688,0.5735294117647058,0.4981549815498155,0.4584103512014787,0.12892561983471074,0.2231404958677686,0.4099173553719008,2.5633446767136605,2.226464578695374,2.048829073799667,0.2388451443569554,0.1376281112737921,0.55,0.16415219721167518
22,low_rating_bottom20_raw,content_plus_reliability,XGBoostClassifier,0,2704,0.22374260355029585,0.4436913441394087,0.7363207194295591,0.5955882352941176,0.5645756457564576,0.4491682070240296,0.13388429752066117,0.2528925619834711,0.40165289256198344,2.661934856587263,2.523326522521424,2.007522036021448,0.21467391304347827,0.41263940520446096,0.35,0.15168055891990662
22,low_rating_bottom30_bayes_global_m25,content_plus_reliability,DummyClassifier,0,2704,0.3039940828402367,0.3039940828402367,0.5,0.29411764705882354,0.3062730627306273,0.2957486136783734,0.04866180048661801,0.10097323600973236,0.19464720194647203,0.9675110920280521,1.00749679029637,0.9728762182315348,0.0,0.46625070901871807,0.05,0.21160551421756965
22,low_rating_bottom30_bayes_global_m25,content_plus_reliability,LogisticRegression,0,2704,0.3039940828402367,0.5193380402220062,0.6965941910945286,0.6544117647058824,0.6678966789667896,0.5693160813308688,0.10827250608272507,0.22019464720194648,0.3746958637469586,2.152712179762416,2.1970713137788307,1.8727867200957042,0.4166666666666667,0.5227156712608474,0.3,0.18919671569739627
22,low_rating_bottom30_bayes_global_m25,content_plus_reliability,LogisticRegressionBalanced,0,2704,0.3039940828402367,0.5178954333585843,0.6971003307037346,0.6544117647058824,0.6642066420664207,0.5656192236598891,0.10827250608272507,0.21897810218978103,0.3722627737226277,2.152712179762416,2.1849327982330915,1.8606257673678104,0.5201427842937277,0.5201427842937277,0.5,0.21863190645242336
22,low_rating_bottom30_bayes_global_m25,content_plus_reliability,HistGradientBoostingClassifier,0,2704,0.3039940828402367,0.5264333922625706,0.7151028698051201,0.7279411764705882,0.6420664206642066,0.5711645101663586,0.12043795620437957,0.2116788321167883,0.3759124087591241,2.3945899527694285,2.112101704958655,1.8788671964596515,0.3351063829787234,0.5027863777089784,0.35,0.18485255271701007
22,low_rating_bottom30_bayes_global_m25,content_plus_reliability,ExtraTreesClassifier,0,2704,0.3039940828402367,0.5356365950728977,0.7162101714022718,0.6838235294117647,0.6642066420664207,0.5711645101663586,0.11313868613138686,0.21897810218978103,0.3759124087591241,2.249463288965221,2.1849327982330915,1.8788671964596515,0.3956228956228956,0.3956228956228956,0.5,0.1937164085569384
22,low_rating_bottom30_bayes_global_m25,content_plus_reliability,XGBoostClassifier,0,2704,0.3039940828402367,0.5449181286902243,0.7163336358535597,0.7647058823529411,0.6789667896678967,0.5859519408502772,0.12652068126520682,0.22384428223844283,0.38564476885644766,2.515528839272935,2.233486860416049,1.927511007371228,0.3830888697152718,0.515451174289246,0.35,0.18307018280029297
22,low_rating_bottom30_bayes_category_m25,content_plus_reliability,DummyClassifier,0,2704,0.29770710059171596,0.29770710059171596,0.5,0.27941176470588236,0.2988929889298893,0.2957486136783734,0.04720496894409938,0.10062111801242236,0.19875776397515527,0.9385458531238583,1.0039834062936903,0.9934214302935673,0.0,0.45882017668851527,0.05,0.20908590511790204
22,low_rating_bottom30_bayes_category_m25,content_plus_reliability,LogisticRegression,0,2704,0.29770710059171596,0.5330322490207807,0.7271025286273587,0.6838235294117647,0.6642066420664207,0.55637707948244,0.115527950310559,0.2236024844720497,0.3739130434782609,2.296967482645232,2.2310742362082006,1.8688740657397735,0.4215456674473068,0.5455470737913486,0.3,0.18135402030994704
22,low_rating_bottom30_bayes_category_m25,content_plus_reliability,LogisticRegressionBalanced,0,2704,0.29770710059171596,0.5316100884859243,0.7271365445690606,0.6617647058823529,0.6568265682656826,0.5545286506469501,0.11180124223602485,0.22111801242236026,0.37267080745341613,2.222871757398612,2.206284522472554,1.8626651818004387,0.5500762582613117,0.5500762582613117,0.5,0.20981737833857594
22,low_rating_bottom30_bayes_category_m25,content_plus_reliability,HistGradientBoostingClassifier,0,2704,0.29770710059171596,0.5534639971674428,0.7355312864894566,0.75,0.6531365313653137,0.5914972273567468,0.1267080745341615,0.21987577639751552,0.39751552795031053,2.519254658385093,2.193889665604731,1.9868428605871347,0.33728350045578853,0.528069093152375,0.35,0.17806873643347915
22,low_rating_bottom30_bayes_category_m25,content_plus_reliability,ExtraTreesClassifier,0,2704,0.29770710059171596,0.5519448635294874,0.7390460490810788,0.7426470588235294,0.6715867158671587,0.5841035120147874,0.12546583850931678,0.22608695652173913,0.39254658385093166,2.4945560833028866,2.2558639499438473,1.9620073248297953,0.3989983305509182,0.30498533724340177,0.55,0.18766914696216938
22,low_rating_bottom30_bayes_category_m25,content_plus_reliability,XGBoostClassifier,0,2704,0.29770710059171596,0.5756223687604334,0.7487994662113764,0.7941176470588235,0.6937269372693727,0.6044362292051756,0.1341614906832298,0.23354037267080746,0.4062111801242236,2.667446108878334,2.3302330911507876,2.0303050481624783,0.3968531468531469,0.5210918114143921,0.35,0.17380079627037048
22,low_rating_bottom30_category_relative,content_plus_reliability,DummyClassifier,0,2704,0.3150887573964497,0.3150887573964497,0.5,0.3088235294117647,0.33210332103321033,0.3234750462107209,0.04929577464788732,0.1056338028169014,0.20539906103286384,0.9801159900579951,1.0539992723870901,1.0266156396171235,0.0,0.47919010123734535,0.05,0.21580841605297793
22,low_rating_bottom30_category_relative,content_plus_reliability,LogisticRegression,0,2704,0.3150887573964497,0.5167611662010431,0.7025972429247914,0.6985294117647058,0.6273062730627307,0.55637707948244,0.11150234741784038,0.19953051643192488,0.3532863849765258,2.2169290251311793,1.9908875145089482,1.7657789001414528,0.4087152516904583,0.5397894736842105,0.25,0.1929871592026353
22,low_rating_bottom30_category_relative,content_plus_reliability,LogisticRegressionBalanced,0,2704,0.3150887573964497,0.5154654939467536,0.7024483111773594,0.6911764705882353,0.6273062730627307,0.5582255083179297,0.11032863849765258,0.19953051643192488,0.3544600938967136,2.1935929301297983,1.9908875145089482,1.7716452752249787,0.5395894428152492,0.5404965404965405,0.4,0.21839395061332217
22,low_rating_bottom30_category_relative,content_plus_reliability,HistGradientBoostingClassifier,0,2704,0.3150887573964497,0.5260490115182348,0.7046353897322017,0.7205882352941176,0.6420664206642066,0.5471349353049908,0.11502347417840375,0.20422535211267606,0.3474178403755869,2.286937310135322,2.0377319266150407,1.7364470247238206,0.3039568345323741,0.508169014084507,0.35,0.19108390921374213
22,low_rating_bottom30_category_relative,content_plus_reliability,ExtraTreesClassifier,0,2704,0.3150887573964497,0.5219884178719097,0.7106439935509384,0.6323529411764706,0.6125461254612546,0.55637707948244,0.10093896713615023,0.19483568075117372,0.3532863849765258,2.0069041701187516,1.944043102402855,1.7657789001414528,0.3491271820448878,0.3491271820448878,0.5,0.2000584955354868
22,low_rating_bottom30_category_relative,content_plus_reliability,XGBoostClassifier,0,2704,0.3150887573964497,0.5308996587863232,0.7058636013344284,0.7647058823529411,0.6383763837638377,0.5452865064695009,0.12206572769953052,0.20305164319248825,0.34624413145539906,2.4269538801436066,2.0260208235885178,1.730580649640294,0.3275563258232236,0.4968873797396718,0.35,0.18981242179870605
33,low_rating_bottom30_raw,content_plus_reliability,DummyClassifier,0,2704,0.3021449704142012,0.3021449704142012,0.5,0.33088235294117646,0.3173431734317343,0.2920517560073937,0.05507955936352509,0.10526315789473684,0.193390452876377,1.095111239110087,1.0503010293260826,0.9665947958922797,0.0,0.4640727066174382,0.05,0.21085341472016084
33,low_rating_bottom30_raw,content_plus_reliability,LogisticRegression,0,2704,0.3021449704142012,0.4932472141894857,0.7014125508617552,0.6617647058823529,0.5830258302583026,0.5378927911275416,0.11015911872705018,0.193390452876377,0.3561811505507956,2.190222478220174,1.9296228213200124,1.780247377244642,0.39656518345042935,0.5273454868830592,0.25,0.1907419715170907
33,low_rating_bottom30_raw,content_plus_reliability,LogisticRegressionBalanced,0,2704,0.3021449704142012,0.49156697508208225,0.7010739589758958,0.6617647058823529,0.5867158671586716,0.532347504621072,0.11015911872705018,0.19461444308445533,0.3525091799265606,2.190222478220174,1.941835623986595,1.7618943114998518,0.5191447041272998,0.5297052154195011,0.45,0.2197787139548127
33,low_rating_bottom30_raw,content_plus_reliability,HistGradientBoostingClassifier,0,2704,0.3021449704142012,0.4892129316283585,0.7054075459288217,0.6029411764705882,0.5682656826568265,0.5304990757855823,0.1003671970624235,0.18849449204406366,0.35128518971848227,1.9955360357117142,1.880771610653683,1.7557766229182552,0.2836230558096981,0.5136612021857924,0.35,0.18834516783857952
33,low_rating_bottom30_raw,content_plus_reliability,ExtraTreesClassifier,0,2704,0.3021449704142012,0.504898749181883,0.7099519420060856,0.6397058823529411,0.6014760147601476,0.5489833641404805,0.10648714810281518,0.19951040391676866,0.3635250917992656,2.1172150622795014,1.990686834652924,1.816953508734222,0.34280792420327305,0.34280792420327305,0.5,0.1956068615522418
33,low_rating_bottom30_raw,content_plus_reliability,XGBoostClassifier,0,2704,0.3021449704142012,0.5004591871962364,0.7127508385338323,0.625,0.5940959409594095,0.5489833641404805,0.10403916768665851,0.19706242350061198,0.3635250917992656,2.0685434516523866,1.9662612293197594,1.816953508734222,0.3339130434782609,0.5121517486662714,0.35,0.1862361878156662
33,low_rating_bottom20_raw,content_plus_reliability,DummyClassifier,0,2704,0.21856508875739644,0.21856508875739644,0.5,0.2867647058823529,0.25092250922509224,0.21072088724584104,0.06598984771573604,0.11505922165820642,0.19289340101522842,1.312033442818752,1.1480447799401852,0.96411045535153,0.0,0.35872534142640367,0.05,0.17085747396717946
33,low_rating_bottom20_raw,content_plus_reliability,LogisticRegression,0,2704,0.21856508875739644,0.40103269935749825,0.7221142504342227,0.49264705882352944,0.47232472324723246,0.4195933456561922,0.11336717428087986,0.21658206429780033,0.3840947546531303,2.2540061709963175,2.1610254681227015,1.9197638014455902,0.29732868757259,0.4580152671755725,0.25,0.1565265133182589
33,low_rating_bottom20_raw,content_plus_reliability,LogisticRegressionBalanced,0,2704,0.21856508875739644,0.4040055925641114,0.7236413372059036,0.5441176470588235,0.4797047970479705,0.4214417744916821,0.12521150592216582,0.21996615905245348,0.38578680203045684,2.4894993530407086,2.194791491062119,1.92822091070306,0.462819750148721,0.462819750148721,0.5,0.21237619477154793
33,low_rating_bottom20_raw,content_plus_reliability,HistGradientBoostingClassifier,0,2704,0.21856508875739644,0.41833414702450344,0.7296623993119702,0.5220588235294118,0.4797047970479705,0.43622920517560076,0.12013536379018612,0.21996615905245348,0.3993231810490694,2.3885737035931127,2.194791491062119,1.9958777847628164,0.21333333333333335,0.4107806691449814,0.35,0.15162942138782004
33,low_rating_bottom20_raw,content_plus_reliability,ExtraTreesClassifier,0,2704,0.21856508875739644,0.4179650375224306,0.7241041878372784,0.5441176470588235,0.46494464944649444,0.43253234750462105,0.12521150592216582,0.2131979695431472,0.39593908629441626,2.4894993530407086,2.1272594451832845,1.978963566247877,0.23989569752281617,0.23989569752281617,0.5,0.16417424983364654
33,low_rating_bottom20_raw,content_plus_reliability,XGBoostClassifier,0,2704,0.21856508875739644,0.4149141675313606,0.7311918884225682,0.5294117647058824,0.4944649446494465,0.4399260628465804,0.1218274111675127,0.22673434856175972,0.4027072758037225,2.422215586742311,2.2623235369409533,2.0127920032777555,0.20463847203274216,0.4003690036900369,0.35,0.15150140225887299
33,low_rating_bottom30_bayes_global_m25,content_plus_reliability,DummyClassifier,0,2704,0.2980769230769231,0.2980769230769231,0.5,0.3161764705882353,0.30996309963099633,0.28650646950092423,0.05334987593052109,0.10421836228287841,0.19230769230769232,1.060721062618596,1.0398762052136652,0.9611829944547136,0.0,0.45925925925925926,0.05,0.2092333962903228
33,low_rating_bottom30_bayes_global_m25,content_plus_reliability,LogisticRegression,0,2704,0.2980769230769231,0.5083828988117338,0.6964540184653037,0.6985294117647058,0.6162361623616236,0.5452865064695009,0.11786600496277916,0.20719602977667495,0.36600496277915634,2.3434535104364325,2.067372931793834,1.8293482797686484,0.40784313725490196,0.5173116089613035,0.3,0.18826434925026544
33,low_rating_bottom30_bayes_global_m25,content_plus_reliability,LogisticRegressionBalanced,0,2704,0.2980769230769231,0.506252167203278,0.6951505698828857,0.6838235294117647,0.6199261992619927,0.5415896487985212,0.11538461538461539,0.20843672456575682,0.36352357320099254,2.294117647058824,2.0797524104273304,1.8169459185498777,0.5135273098519653,0.5135273098519653,0.5,0.22038425707368706
33,low_rating_bottom30_bayes_global_m25,content_plus_reliability,HistGradientBoostingClassifier,0,2704,0.2980769230769231,0.49018646409664435,0.6905505860942824,0.6470588235294118,0.5756457564575646,0.5471349353049908,0.10918114143920596,0.1935483870967742,0.36724565756823824,2.170777988614801,1.9311986668253778,1.8355494603780336,0.27981220657276995,0.49592986850344395,0.35,0.18848658390217712
33,low_rating_bottom30_bayes_global_m25,content_plus_reliability,ExtraTreesClassifier,0,2704,0.2980769230769231,0.5118089278241721,0.7022378264177781,0.6764705882352942,0.5940959409594095,0.5415896487985212,0.1141439205955335,0.19975186104218362,0.36352357320099254,2.269449715370019,1.9930960599928578,1.8169459185498777,0.35708154506437767,0.35708154506437767,0.5,0.19471835528026749
33,low_rating_bottom30_bayes_global_m25,content_plus_reliability,XGBoostClassifier,0,2704,0.2980769230769231,0.5075441325921124,0.7066247087831778,0.6397058823529411,0.6236162361623616,0.5600739371534196,0.10794044665012408,0.20967741935483872,0.3759305210918114,2.146110056925996,2.092131889060826,1.8789577246437301,0.37683664649956783,0.5095619987661937,0.35,0.18489502370357513
33,low_rating_bottom30_bayes_category_m25,content_plus_reliability,DummyClassifier,0,2704,0.2947485207100592,0.2947485207100592,0.5,0.3161764705882353,0.30996309963099633,0.2809611829944547,0.053952321204516936,0.1053952321204517,0.19071518193224593,1.0726990921839248,1.0516188474306325,0.9532233862195802,0.0,0.4552984861468152,0.05,0.207915170519863
33,low_rating_bottom30_bayes_category_m25,content_plus_reliability,LogisticRegression,0,2704,0.2947485207100592,0.525279828458326,0.723104273432293,0.6985294117647058,0.6642066420664207,0.5804066543438078,0.1191969887076537,0.2258469259723965,0.39397741530740277,2.3699165990109967,2.2534689587799264,1.9691588373220277,0.4492641363284276,0.529620253164557,0.3,0.18133433523212708
33,low_rating_bottom30_bayes_category_m25,content_plus_reliability,LogisticRegressionBalanced,0,2704,0.2947485207100592,0.5230079493183362,0.7217508762210676,0.7058823529411765,0.6715867158671587,0.5711645101663586,0.12045169385194479,0.22835633626097868,0.3877038895859473,2.3948630895269023,2.27850750276637,1.9378028048805942,0.5274390243902439,0.5307262569832403,0.45,0.21220820010348326
33,low_rating_bottom30_bayes_category_m25,content_plus_reliability,HistGradientBoostingClassifier,0,2704,0.2947485207100592,0.5176764725929479,0.7259702910560643,0.6911764705882353,0.6383763837638377,0.5452865064695009,0.11794228356336262,0.21706398996235884,0.370138017565872,2.3449701084950916,2.1658340548273736,1.8500059140445801,0.3333333333333333,0.5065015479876162,0.35,0.18091836446916057
33,low_rating_bottom30_bayes_category_m25,content_plus_reliability,ExtraTreesClassifier,0,2704,0.2947485207100592,0.513965991052667,0.7223265799448508,0.6838235294117647,0.6051660516605166,0.5452865064695009,0.11668757841907151,0.205771643663739,0.370138017565872,2.3200236179791864,2.0531606068883774,1.8500059140445801,0.3841714756801319,0.202991452991453,0.6,0.19073524954282822
33,low_rating_bottom30_bayes_category_m25,content_plus_reliability,XGBoostClassifier,0,2704,0.2947485207100592,0.5290808839201715,0.7379258480444825,0.6617647058823529,0.6457564575645757,0.5859519408502772,0.11292346298619825,0.21957340025094102,0.397741530740276,2.2451841464314706,2.1908725988138174,1.9879724567868877,0.3903281519861831,0.5380401704199634,0.35,0.17730668187141418
33,low_rating_bottom30_category_relative,content_plus_reliability,DummyClassifier,0,2704,0.3187869822485207,0.3187869822485207,0.5,0.35294117647058826,0.3505535055350554,0.31608133086876156,0.05568445475638051,0.11020881670533643,0.19837587006960558,1.1071379828033303,1.0996481194510321,0.9915126666695259,0.0,0.4834548513740886,0.05,0.21717673503786447
33,low_rating_bottom30_category_relative,content_plus_reliability,LogisticRegression,0,2704,0.3187869822485207,0.49594874229216945,0.683630977123121,0.6838235294117647,0.5867158671586716,0.5341959334565619,0.10788863109048724,0.18445475638051045,0.3352668213457077,2.145079841681452,1.8404636946601487,1.67571438986838,0.39941477688368693,0.5363598150483396,0.25,0.20026326427675445
33,low_rating_bottom30_category_relative,content_plus_reliability,LogisticRegressionBalanced,0,2704,0.3187869822485207,0.4934327135439609,0.6829262301896204,0.6838235294117647,0.5904059040590406,0.532347504621072,0.10788863109048724,0.18561484918793503,0.33410672853828305,2.145079841681452,1.8520389380227908,1.669916070180254,0.5157232704402516,0.5364859355890746,0.4,0.22579656959564315
33,low_rating_bottom30_category_relative,content_plus_reliability,HistGradientBoostingClassifier,0,2704,0.3187869822485207,0.49401909862489013,0.68345211373696,0.6029411764705882,0.5904059040590406,0.5415896487985212,0.0951276102088167,0.18561484918793503,0.339907192575406,1.8913607206223557,1.8520389380227908,1.6989076686208833,0.34021469859620146,0.45933636955107354,0.4,0.19793219350666147
33,low_rating_bottom30_category_relative,content_plus_reliability,ExtraTreesClassifier,0,2704,0.3187869822485207,0.5082367552166167,0.6994106325465863,0.6397058823529411,0.5940959409594095,0.5508317929759704,0.10092807424593968,0.18677494199535963,0.345707656612529,2.006687593831036,1.8636141813854332,1.7278992670615128,0.3471208434712084,0.3471208434712084,0.5,0.20246202525401874
33,low_rating_bottom30_category_relative,content_plus_reliability,XGBoostClassifier,0,2704,0.3187869822485207,0.49299175408225304,0.6916716420918451,0.6397058823529411,0.6014760147601476,0.5378927911275416,0.10092807424593968,0.18909512761020883,0.3375870069605568,2.006687593831036,1.8867646681107182,1.6873110292446318,0.3229604709840202,0.5011185682326622,0.35,0.19635532796382904
44,low_rating_bottom30_raw,content_plus_reliability,DummyClassifier,0,2704,0.3021449704142012,0.3021449704142012,0.5,0.27941176470588236,0.28044280442804426,0.29944547134935307,0.046511627906976744,0.09302325581395349,0.19828641370869032,0.9247606019151847,0.928173002660259,0.9910655502186667,0.0,0.4640727066174382,0.05,0.21085341472016078
44,low_rating_bottom30_raw,content_plus_reliability,LogisticRegression,0,2704,0.3021449704142012,0.5264437508746534,0.7099383204934361,0.75,0.6826568265682657,0.5489833641404805,0.12484700122399021,0.22643818849449204,0.3635250917992656,2.482252141982864,2.259368493317736,1.816953508734222,0.4107850911974623,0.5292035398230088,0.25,0.18598936473207675
44,low_rating_bottom30_raw,content_plus_reliability,LogisticRegressionBalanced,0,2704,0.3021449704142012,0.5251006671635028,0.7106680443853746,0.7720588235294118,0.6678966789667896,0.5489833641404805,0.12851897184822522,0.2215422276621787,0.3635250917992656,2.5552595579235367,2.2105172826514066,1.816953508734222,0.5200803212851406,0.5314622000905387,0.45,0.21522475761239643
44,low_rating_bottom30_raw,content_plus_reliability,HistGradientBoostingClassifier,0,2704,0.3021449704142012,0.5385271098694565,0.7197425663837933,0.7573529411764706,0.6789667896678967,0.55637707948244,0.12607099143206854,0.2252141982864137,0.3684210526315789,2.5065879472964214,2.247155690651154,1.8414242630606092,0.3258845437616387,0.4978381717109327,0.35,0.18291382798925204
44,low_rating_bottom30_raw,content_plus_reliability,ExtraTreesClassifier,0,2704,0.3021449704142012,0.5287085062154767,0.71927878631025,0.6838235294117647,0.6420664206642066,0.5656192236598891,0.11383108935128519,0.21297429620563035,0.37454100367197063,2.2632298941608466,2.12502766398533,1.8720127059685927,0.3576388888888889,0.3576388888888889,0.5,0.19356918668242437
44,low_rating_bottom30_raw,content_plus_reliability,XGBoostClassifier,0,2704,0.3021449704142012,0.550323853405534,0.7229942160462717,0.7794117647058824,0.6752767527675276,0.5693160813308688,0.12974296205630356,0.22399020807833536,0.3769889840881273,2.579595363237094,2.2349428879845714,1.8842480831317858,0.3448905109489051,0.5063752276867031,0.35,0.18166640400886536
44,low_rating_bottom20_raw,content_plus_reliability,DummyClassifier,0,2704,0.22374260355029585,0.22374260355029585,0.5,0.19852941176470587,0.18450184501845018,0.2144177449168207,0.04462809917355372,0.08264462809917356,0.19173553719008266,0.8873116188624209,0.8246165106279162,0.958323276454683,0.0,0.36566938652160774,0.05,0.1736840121686125
44,low_rating_bottom20_raw,content_plus_reliability,LogisticRegression,0,2704,0.22374260355029585,0.4489098054271796,0.737498769583312,0.6544117647058824,0.5424354243542435,0.4565619223659889,0.14710743801652892,0.24297520661157024,0.40826446280991735,2.9248420029168694,2.4243725412460737,2.0405676662440233,0.33410138248847926,0.47247119078104993,0.25,0.1521322018877734
44,low_rating_bottom20_raw,content_plus_reliability,LogisticRegressionBalanced,0,2704,0.22374260355029585,0.4456267180381773,0.7397674610893026,0.6397058823529411,0.5350553505535055,0.4565619223659889,0.14380165289256197,0.2396694214876033,0.40826446280991735,2.8591152163344677,2.391387880820957,2.0405676662440233,0.4756242568370987,0.4756242568370987,0.5,0.2044297283353499
44,low_rating_bottom20_raw,content_plus_reliability,HistGradientBoostingClassifier,0,2704,0.22374260355029585,0.4436289011491905,0.7522535327723946,0.5661764705882353,0.5239852398523985,0.46395563770794823,0.12727272727272726,0.23471074380165288,0.41487603305785126,2.53048128342246,2.341910890183282,2.0736132964665983,0.16833095577746077,0.403921568627451,0.35,0.15058478430815897
44,low_rating_bottom20_raw,content_plus_reliability,ExtraTreesClassifier,0,2704,0.22374260355029585,0.44088566242985516,0.7459435622630217,0.5808823529411765,0.5129151291512916,0.4602587800369686,0.1305785123966942,0.22975206611570248,0.4115702479338843,2.5962080700048618,2.2924338995456073,2.057090481355311,0.2335958005249344,0.2335958005249344,0.5,0.16249852016970742
44,low_rating_bottom20_raw,content_plus_reliability,XGBoostClassifier,0,2704,0.22374260355029585,0.456288609086132,0.7581485083412408,0.5661764705882353,0.5424354243542435,0.47689463955637706,0.12727272727272726,0.24297520661157024,0.42644628099173554,2.53048128342246,2.4243725412460737,2.1314431493561052,0.208955223880597,0.4323308270676692,0.35,0.14880715310573578
44,low_rating_bottom30_bayes_global_m25,content_plus_reliability,DummyClassifier,0,2704,0.29511834319526625,0.29511834319526625,0.5,0.25,0.26199261992619927,0.2975970425138632,0.042606516290726815,0.08897243107769423,0.20175438596491227,0.8471177944862156,0.887754441454189,1.0083990011998574,0.0,0.4557395773843518,0.05,0.2080621144152061
44,low_rating_bottom30_bayes_global_m25,content_plus_reliability,LogisticRegression,0,2704,0.29511834319526625,0.5184240416947627,0.6869981880198923,0.75,0.6605166051660517,0.5489833641404805,0.12781954887218044,0.22431077694235588,0.37218045112781956,2.5413533834586466,2.238141479159153,1.8602143065612273,0.4049382716049383,0.5002610966057441,0.3,0.1872899131908316
44,low_rating_bottom30_bayes_global_m25,content_plus_reliability,LogisticRegressionBalanced,0,2704,0.29511834319526625,0.516036798037609,0.687205947712934,0.7426470588235294,0.6531365313653137,0.5526802218114603,0.12656641604010024,0.22180451127819548,0.37468671679197996,2.516438154209052,2.213134311794246,1.8727410022283066,0.502092050209205,0.502092050209205,0.5,0.22064285101309244
44,low_rating_bottom30_bayes_global_m25,content_plus_reliability,HistGradientBoostingClassifier,0,2704,0.29511834319526625,0.5268630050834646,0.7109562994579839,0.6985294117647058,0.6457564575645757,0.5637707948243993,0.11904761904761904,0.21929824561403508,0.38220551378446116,2.3669467787114846,2.1881271444293393,1.9103210892295437,0.29816069699903197,0.5176767676767676,0.35,0.18260391517938662
44,low_rating_bottom30_bayes_global_m25,content_plus_reliability,ExtraTreesClassifier,0,2704,0.29511834319526625,0.5169413620704275,0.7013112529487412,0.7279411764705882,0.6273062730627307,0.5545286506469501,0.12406015037593984,0.21303258145363407,0.37593984962406013,2.466607695709863,2.1256092260170725,1.879004350061846,0.3657042869641295,0.3657042869641295,0.5,0.193612295734563
44,low_rating_bottom30_bayes_global_m25,content_plus_reliability,XGBoostClassifier,0,2704,0.29511834319526625,0.5295164849110251,0.7071314829571305,0.7573529411764706,0.6605166051660517,0.5637707948243993,0.12907268170426064,0.22431077694235588,0.38220551378446116,2.5662686127082415,2.238141479159153,1.9103210892295437,0.3771224307417337,0.49746835443037973,0.35,0.18201296031475067
44,low_rating_bottom30_bayes_category_m25,content_plus_reliability,DummyClassifier,0,2704,0.3021449704142012,0.3021449704142012,0.5,0.27205882352941174,0.2656826568265683,0.2957486136783734,0.04528763769889841,0.08812729498164015,0.19583843329253367,0.9004247966016271,0.8793217919939298,0.9788301730554733,0.0,0.4640727066174382,0.05,0.21086047837559405
44,low_rating_bottom30_bayes_category_m25,content_plus_reliability,LogisticRegression,0,2704,0.3021449704142012,0.5557309118317466,0.7113893359123398,0.7794117647058824,0.7121771217712177,0.5785582255083179,0.12974296205630356,0.23623011015911874,0.38310893512851896,2.579595363237094,2.357070914650395,1.9148365260397695,0.4399690162664601,0.5182144689584403,0.3,0.18409579360766334
44,low_rating_bottom30_bayes_category_m25,content_plus_reliability,LogisticRegressionBalanced,0,2704,0.3021449704142012,0.5541347175805434,0.7117733328403644,0.7867647058823529,0.7121771217712177,0.5785582255083179,0.13096695226438188,0.23623011015911874,0.38310893512851896,2.6039311685506514,2.357070914650395,1.9148365260397695,0.5130035696073432,0.5262668526266853,0.45,0.21371038122580915
44,low_rating_bottom30_bayes_category_m25,content_plus_reliability,HistGradientBoostingClassifier,0,2704,0.3021449704142012,0.576638808365226,0.7414182848699372,0.7573529411764706,0.6937269372693727,0.6210720887245841,0.12607099143206854,0.23011015911872704,0.4112607099143207,2.5065879472964214,2.296006901317483,2.055543363416494,0.3546617915904936,0.5325077399380805,0.35,0.1774008274743692
44,low_rating_bottom30_bayes_category_m25,content_plus_reliability,ExtraTreesClassifier,0,2704,0.3021449704142012,0.5432554335164665,0.7207174775034232,0.75,0.6420664206642066,0.5711645101663586,0.12484700122399021,0.21297429620563035,0.37821297429620565,2.482252141982864,2.12502766398533,1.8903657717133826,0.3950207468879668,0.19745222929936307,0.6,0.19048477842618688
44,low_rating_bottom30_bayes_category_m25,content_plus_reliability,XGBoostClassifier,0,2704,0.3021449704142012,0.5866539300223287,0.7443352345073131,0.8088235294117647,0.7306273062730627,0.6136783733826248,0.1346389228886169,0.2423500611995104,0.40636474908200737,2.676938584491324,2.418134927983307,2.031072609090107,0.3943908851884312,0.5386503067484663,0.35,0.17548242211341858
44,low_rating_bottom30_category_relative,content_plus_reliability,DummyClassifier,0,2704,0.3150887573964497,0.3150887573964497,0.5,0.29411764705882354,0.2915129151291513,0.31053604436229204,0.046948356807511735,0.09272300469483569,0.19718309859154928,0.9334438000552334,0.9251771390953346,0.9855510140324386,0.0,0.47919010123734535,0.05,0.21580841605297793
44,low_rating_bottom30_category_relative,content_plus_reliability,LogisticRegression,0,2704,0.3150887573964497,0.5374605911043732,0.7048806518013769,0.7720588235294118,0.6900369003690037,0.5619223659889094,0.12323943661971831,0.21948356807511737,0.3568075117370892,2.4502899751449876,2.1899762659598427,1.7833780253920317,0.4301717699775952,0.534466477809254,0.3,0.19077955984647849
44,low_rating_bottom30_category_relative,content_plus_reliability,LogisticRegressionBalanced,0,2704,0.3150887573964497,0.536471544513456,0.7057032620488952,0.75,0.7011070110701108,0.5582255083179297,0.11971830985915492,0.22300469483568075,0.3544600938967136,2.380281690140845,2.2251095750394123,1.7716452752249787,0.5273972602739726,0.5447263017356475,0.45,0.21665202806201225
44,low_rating_bottom30_category_relative,content_plus_reliability,HistGradientBoostingClassifier,0,2704,0.3150887573964497,0.5345724225506163,0.6983720175625386,0.7573529411764706,0.6863468634686347,0.5711645101663586,0.12089201877934272,0.21830985915492956,0.3626760563380282,2.403617785142226,2.1782651629333194,1.8127099008096639,0.2704761904761905,0.4899135446685879,0.35,0.19228308312854275
44,low_rating_bottom30_category_relative,content_plus_reliability,ExtraTreesClassifier,0,2704,0.3150887573964497,0.536391479855949,0.7102985986473195,0.7279411764705882,0.6494464944649446,0.5600739371534196,0.11619718309859155,0.20657276995305165,0.35563380281690143,2.3102734051367024,2.0611541326680873,1.7775116503085053,0.3511705685618729,0.3511705685618729,0.5,0.19927404102801158
44,low_rating_bottom30_category_relative,content_plus_reliability,XGBoostClassifier,0,2704,0.3150887573964497,0.5472981927448219,0.7148780914428253,0.7573529411764706,0.6826568265682657,0.5656192236598891,0.12089201877934272,0.21713615023474178,0.3591549295774648,2.403617785142226,2.166554059906796,1.7951107755590847,0.34917891097666376,0.5177664974619289,0.35,0.18791456520557404
55,low_rating_bottom30_raw,content_plus_reliability,DummyClassifier,0,2704,0.3021449704142012,0.3021449704142012,0.5,0.2647058823529412,0.28044280442804426,0.2957486136783734,0.044063647490820076,0.09302325581395349,0.19583843329253367,0.8760889912880697,0.928173002660259,0.9788301730554733,0.0,0.4640727066174382,0.05,0.21085341472016084
55,low_rating_bottom30_raw,content_plus_reliability,LogisticRegression,0,2704,0.3021449704142012,0.4836263200291367,0.6889754611692835,0.625,0.5645756457564576,0.49722735674676527,0.10403916768665851,0.18727050183598531,0.3292533659730722,2.0685434516523866,1.8685588079871007,1.6456582284495145,0.3692551505546751,0.5206574855619724,0.25,0.1940726903229302
55,low_rating_bottom30_raw,content_plus_reliability,LogisticRegressionBalanced,0,2704,0.3021449704142012,0.4829658464016806,0.6887425981673229,0.6470588235294118,0.5645756457564576,0.5009242144177449,0.10771113831089352,0.18727050183598531,0.3317013463892289,2.1415508675930592,1.8685588079871007,1.6578936056127078,0.5120240480961924,0.5177434030937216,0.45,0.222092145378542
55,low_rating_bottom30_raw,content_plus_reliability,HistGradientBoostingClassifier,0,2704,0.3021449704142012,0.49714052750582544,0.699880455010414,0.6029411764705882,0.5645756457564576,0.5175600739371534,0.1003671970624235,0.18727050183598531,0.3427172582619339,1.9955360357117142,1.8685588079871007,1.7129528028470782,0.2965641952983725,0.49236192714453586,0.35,0.18881252377317398
55,low_rating_bottom30_raw,content_plus_reliability,ExtraTreesClassifier,0,2704,0.3021449704142012,0.4908702307484324,0.6916900340472952,0.6397058823529411,0.5719557195571956,0.5212569316081331,0.10648714810281518,0.189718482252142,0.34516523867809057,2.1172150622795014,1.8929844133202656,1.7251881800102717,0.3401360544217687,0.3401360544217687,0.5,0.19792207381463503
55,low_rating_bottom30_raw,content_plus_reliability,XGBoostClassifier,0,2704,0.3021449704142012,0.5005854200911946,0.7013807673322398,0.6470588235294118,0.6014760147601476,0.5157116451016636,0.10771113831089352,0.19951040391676866,0.34149326805385555,2.1415508675930592,1.990686834652924,1.7068351142654814,0.31446540880503143,0.4949314251639833,0.35,0.1881568729877472
55,low_rating_bottom20_raw,content_plus_reliability,DummyClassifier,0,2704,0.22633136094674555,0.22633136094674555,0.5,0.19852941176470587,0.22140221402214022,0.2365988909426987,0.04411764705882353,0.09803921568627451,0.20915032679738563,0.8771626297577855,0.9782215469213517,1.0453650344919236,0.0,0.3691194209891435,0.05,0.17510859497771694
55,low_rating_bottom20_raw,content_plus_reliability,LogisticRegression,0,2704,0.22633136094674555,0.4060391040097006,0.7219183881328184,0.5514705882352942,0.46863468634686345,0.4121996303142329,0.12254901960784313,0.20751633986928106,0.36437908496732024,2.4365628604382934,2.0705689409835273,1.8212218960288984,0.2876712328767123,0.45448838669177655,0.25,0.15993055697558278
55,low_rating_bottom20_raw,content_plus_reliability,LogisticRegressionBalanced,0,2704,0.22633136094674555,0.4085791727955378,0.7222409677701546,0.5441176470588235,0.4575645756457565,0.4177449168207024,0.12091503267973856,0.20261437908496732,0.369281045751634,2.404075355632449,2.02165786363746,1.845722639024803,0.46386946386946387,0.46371226718047526,0.55,0.20995346591765313
55,low_rating_bottom20_raw,content_plus_reliability,HistGradientBoostingClassifier,0,2704,0.22633136094674555,0.4308962625650634,0.7392400554868219,0.5514705882352942,0.5202952029520295,0.45286506469500926,0.12254901960784313,0.23039215686274508,0.40032679738562094,2.4365628604382934,2.298820635265176,2.000894011332198,0.1673525377229081,0.3969319271332694,0.35,0.15379050652626072
55,low_rating_bottom20_raw,content_plus_reliability,ExtraTreesClassifier,0,2704,0.22633136094674555,0.42447006870829446,0.7243435933965683,0.5588235294117647,0.4907749077490775,0.4399260628465804,0.12418300653594772,0.2173202614379085,0.3888888888888889,2.469050365244137,2.1683910956756627,1.9437256110084207,0.22762148337595908,0.13933236574746008,0.55,0.16592458463715434
55,low_rating_bottom20_raw,content_plus_reliability,XGBoostClassifier,0,2704,0.22633136094674555,0.4314787044960935,0.7311365113285595,0.5808823529411765,0.5276752767527675,0.43068391866913125,0.12908496732026145,0.23366013071895425,0.380718954248366,2.5665128796616687,2.3314280201625546,1.90289103934858,0.20408163265306123,0.3886792452830189,0.35,0.1548611968755722
55,low_rating_bottom30_bayes_global_m25,content_plus_reliability,DummyClassifier,0,2704,0.29289940828402367,0.29289940828402367,0.5,0.27205882352941174,0.28044280442804426,0.2920517560073937,0.04671717171717172,0.09595959595959595,0.1994949494949495,0.9288472964943553,0.9574713928957471,0.9971059952575664,0.0,0.45308924485125857,0.05,0.2071901179850902
55,low_rating_bottom30_bayes_global_m25,content_plus_reliability,LogisticRegression,0,2704,0.29289940828402367,0.4918926658846251,0.6783631291999493,0.7058823529411765,0.6199261992619927,0.5231053604436229,0.12121212121212122,0.21212121212121213,0.3573232323232323,2.409982174688057,2.116515710611652,1.7859556750499448,0.3967479674796748,0.49124613800205974,0.3,0.19057646081863228
55,low_rating_bottom30_bayes_global_m25,content_plus_reliability,LogisticRegressionBalanced,0,2704,0.29289940828402367,0.4890664043684375,0.6773567262583999,0.6911764705882353,0.6199261992619927,0.5212569316081331,0.11868686868686869,0.21212121212121213,0.3560606060606061,2.359774212715389,2.116515710611652,1.779644877611606,0.48390446521287644,0.48390446521287644,0.5,0.223693482080979
55,low_rating_bottom30_bayes_global_m25,content_plus_reliability,HistGradientBoostingClassifier,0,2704,0.29289940828402367,0.49879553656768705,0.6950156639617936,0.7205882352941176,0.5940959409594095,0.5249537892791127,0.12373737373737374,0.2032828282828283,0.35858585858585856,2.460190136660725,2.0283275560028327,1.792266472488284,0.3312444046553268,0.4856269113149847,0.35,0.1856591583740357
55,low_rating_bottom30_bayes_global_m25,content_plus_reliability,ExtraTreesClassifier,0,2704,0.29289940828402367,0.503910950626615,0.7027109483960949,0.6544117647058824,0.5977859778597786,0.5378927911275416,0.11237373737373738,0.20454545454545456,0.36742424242424243,2.23425430778372,2.040925863804093,1.8364420545566573,0.35844155844155845,0.35844155844155845,0.5,0.19414178790932907
55,low_rating_bottom30_bayes_global_m25,content_plus_reliability,XGBoostClassifier,0,2704,0.29289940828402367,0.5127667835225737,0.7047442257301044,0.7279411764705882,0.6273062730627307,0.5194085027726433,0.125,0.21464646464646464,0.3547979797979798,2.485294117647059,2.1417123262141713,1.7733340801732669,0.3315018315018315,0.5033434650455927,0.35,0.18312668800354004
55,low_rating_bottom30_bayes_category_m25,content_plus_reliability,DummyClassifier,0,2704,0.2984467455621302,0.2984467455621302,0.5,0.2867647058823529,0.28413284132841327,0.30129390018484287,0.048327137546468404,0.09541511771995044,0.20198265179677818,0.9608572053356658,0.9520386653680663,1.009539908426041,0.0,0.459698091711763,0.05,0.20938012804746461
55,low_rating_bottom30_bayes_category_m25,content_plus_reliability,LogisticRegression,0,2704,0.2984467455621302,0.4999723093331405,0.6933735455251526,0.7205882352941176,0.5904059040590406,0.5286506469500925,0.12143742255266418,0.1982651796778191,0.3543990086741016,2.4144616954588525,1.9782621618037741,1.7713399620236059,0.3905511811023622,0.5112331502745882,0.3,0.1912963755728509
55,low_rating_bottom30_bayes_category_m25,content_plus_reliability,LogisticRegressionBalanced,0,2704,0.2984467455621302,0.49680011708333016,0.691338113593563,0.7132352941176471,0.5904059040590406,0.5157116451016636,0.12019826517967781,0.1982651796778191,0.34572490706319703,2.3898243312194767,1.9782621618037741,1.7279854874286222,0.5149700598802395,0.5149700598802395,0.5,0.2221756922577392
55,low_rating_bottom30_bayes_category_m25,content_plus_reliability,HistGradientBoostingClassifier,0,2704,0.2984467455621302,0.5147882327953717,0.7175988435402145,0.6764705882352942,0.6088560885608856,0.5434380776340111,0.11400247831474597,0.20446096654275092,0.3643122676579926,2.2666375100225964,2.040082854360142,1.820887932989301,0.31607629427792916,0.5137395459976105,0.35,0.18352852746030068
55,low_rating_bottom30_bayes_category_m25,content_plus_reliability,ExtraTreesClassifier,0,2704,0.2984467455621302,0.5069747977811496,0.7067429888319063,0.6985294117647058,0.6014760147601476,0.532347504621072,0.11771995043370508,0.20198265179677818,0.35687732342007433,2.340549602740724,2.015354577337595,1.7837269547650294,0.38040816326530613,0.1925133689839572,0.6,0.19342090493475111
55,low_rating_bottom30_bayes_category_m25,content_plus_reliability,XGBoostClassifier,0,2704,0.2984467455621302,0.5253554631911234,0.7212131069797156,0.6911764705882353,0.6309963099630996,0.5637707948243993,0.11648079306071871,0.21189591078066913,0.37794299876084264,2.3159122385013484,2.1142676854277838,1.8890163930671322,0.36221837088388215,0.517406962785114,0.35,0.18213118612766266
55,low_rating_bottom30_category_relative,content_plus_reliability,DummyClassifier,0,2704,0.3128698224852071,0.3128698224852071,0.5,0.2647058823529412,0.2915129151291513,0.3068391866913124,0.0425531914893617,0.0933806146572104,0.19621749408983452,0.8460575719649561,0.9317386790889185,0.9807247763750693,0.0,0.47661971830985916,0.05,0.2149948132062994
55,low_rating_bottom30_category_relative,content_plus_reliability,LogisticRegression,0,2704,0.3128698224852071,0.4894317464573348,0.6798439818101775,0.6544117647058824,0.5645756457564576,0.5027726432532348,0.10520094562647754,0.18085106382978725,0.3215130023640662,2.091642330691142,1.8045065557038549,1.6069707179157764,0.3804511278195489,0.5234672304439746,0.25,0.19931886476373836
55,low_rating_bottom30_category_relative,content_plus_reliability,LogisticRegressionBalanced,0,2704,0.3128698224852071,0.487712054171651,0.6793407588932403,0.6397058823529411,0.5608856088560885,0.5046210720887245,0.10283687943262411,0.17966903073286053,0.32269503546099293,2.0446391322486437,1.7927123952090582,1.6128786984963488,0.516256157635468,0.5212718316166592,0.45,0.22511801734888984
55,low_rating_bottom30_category_relative,content_plus_reliability,HistGradientBoostingClassifier,0,2704,0.3128698224852071,0.5047088869056655,0.686937452763209,0.6323529411764706,0.6088560885608856,0.5268022181146026,0.1016548463356974,0.1950354609929078,0.33687943262411346,2.021137533027395,1.946036481641412,1.6837744654632214,0.3276157804459691,0.489749430523918,0.35,0.19422366571819982
55,low_rating_bottom30_category_relative,content_plus_reliability,ExtraTreesClassifier,0,2704,0.3128698224852071,0.4914946656253023,0.6825350474721796,0.6617647058823529,0.5793357933579336,0.5249537892791127,0.10638297872340426,0.18557919621749408,0.33569739952718675,2.1151439299123904,1.8516831976830406,1.6778664848826486,0.3250414593698176,0.2139352306182532,0.55,0.20308820023109933
55,low_rating_bottom30_category_relative,content_plus_reliability,XGBoostClassifier,0,2704,0.3128698224852071,0.5055297951206492,0.694483251774322,0.6617647058823529,0.5904059040590406,0.5249537892791127,0.10638297872340426,0.18912529550827423,0.33569739952718675,2.1151439299123904,1.8870656791674298,1.6778664848826486,0.3119584055459272,0.4977728285077951,0.35,0.1929679661989212
11,low_rating_bottom30_raw,content_plus_quantity,DummyClassifier,0,2704,0.3021449704142012,0.3021449704142012,0.5,0.2647058823529412,0.2693726937269373,0.27726432532347506,0.044063647490820076,0.08935128518971848,0.1835985312117503,0.8760889912880697,0.8915345946605121,0.9176532872395062,0.0,0.4640727066174382,0.05,0.21085341472016078
11,low_rating_bottom30_raw,content_plus_quantity,LogisticRegression,0,2704,0.3021449704142012,0.4819718071908516,0.6787859210639828,0.6029411764705882,0.5682656826568265,0.5083179297597042,0.1003671970624235,0.18849449204406366,0.33659730722154224,1.9955360357117142,1.880771610653683,1.6823643599390945,0.362753036437247,0.49320583794665324,0.3,0.19502456109269253
11,low_rating_bottom30_raw,content_plus_quantity,LogisticRegressionBalanced,0,2704,0.3021449704142012,0.48000950886737903,0.6790142435617272,0.5882352941176471,0.5793357933579336,0.5064695009242144,0.09791921664626684,0.19216646266829865,0.3353733170134639,1.9468644250845994,1.9174100186534302,1.6762466713574977,0.4937154348919055,0.5109489051094891,0.45,0.22457069065733232
11,low_rating_bottom30_raw,content_plus_quantity,HistGradientBoostingClassifier,0,2704,0.3021449704142012,0.48252400508300236,0.6719090031063535,0.6691176470588235,0.5977859778597786,0.5157116451016636,0.11138310893512852,0.19828641370869032,0.34149326805385555,2.2145582835337314,1.9784740319863419,1.7068351142654814,0.2933579335793358,0.46861404599129897,0.35,0.1932473355405908
11,low_rating_bottom30_raw,content_plus_quantity,ExtraTreesClassifier,0,2704,0.3021449704142012,0.4765762562259929,0.6791400803928704,0.5955882352941176,0.5645756457564576,0.5175600739371534,0.09914320685434516,0.18727050183598531,0.3427172582619339,1.9712002303981568,1.8685588079871007,1.7129528028470782,0.30201931518876207,0.1998001998001998,0.55,0.1993575021840646
11,low_rating_bottom30_raw,content_plus_quantity,XGBoostClassifier,0,2704,0.3021449704142012,0.49540486697277786,0.6877287684401228,0.6397058823529411,0.5977859778597786,0.5231053604436229,0.10648714810281518,0.19828641370869032,0.3463892288861689,2.1172150622795014,1.9784740319863419,1.731305868591868,0.32332155477031804,0.4283667621776504,0.4,0.1906709372997284
11,low_rating_bottom20_raw,content_plus_quantity,DummyClassifier,0,2704,0.21967455621301776,0.21967455621301776,0.5,0.18382352941176472,0.18450184501845018,0.20147874306839186,0.04208754208754209,0.08417508417508418,0.1835016835016835,0.8367993662111309,0.8398871867506553,0.917169227705272,0.0,0.3602183141297756,0.05,0.1714606209125423
11,low_rating_bottom20_raw,content_plus_quantity,LogisticRegression,0,2704,0.21967455621301776,0.3686331824485326,0.673265833692374,0.5073529411764706,0.44649446494464945,0.37153419593345655,0.11616161616161616,0.2037037037037037,0.3383838383838384,2.309566250742721,2.032526991936586,1.6912937134748594,0.22756005056890014,0.4137039431157078,0.25,0.16324030302190265
11,low_rating_bottom20_raw,content_plus_quantity,LogisticRegressionBalanced,0,2704,0.21967455621301776,0.3648605647266457,0.6736264700719676,0.4852941176470588,0.44649446494464945,0.37153419593345655,0.1111111111111111,0.2037037037037037,0.3383838383838384,2.2091503267973853,2.032526991936586,1.6912937134748594,0.4205552274069699,0.4056795131845842,0.55,0.22358019304293658
11,low_rating_bottom20_raw,content_plus_quantity,HistGradientBoostingClassifier,0,2704,0.21967455621301776,0.38743981803908534,0.6848492827165814,0.5,0.47232472324723246,0.39371534195933455,0.11447811447811448,0.21548821548821548,0.35858585858585856,2.276094276094276,2.1501111980816776,1.7922664724882837,0.16402877697841728,0.3924268502581756,0.3,0.1578300489974199
11,low_rating_bottom20_raw,content_plus_quantity,ExtraTreesClassifier,0,2704,0.21967455621301776,0.3739220927387934,0.6704629230695581,0.5,0.44280442804428044,0.39186691312384475,0.11447811447811448,0.20202020202020202,0.3569023569023569,2.276094276094276,2.015729248201573,1.7838520759038319,0.22538860103626943,0.22538860103626943,0.5,0.16928366280782456
11,low_rating_bottom20_raw,content_plus_quantity,XGBoostClassifier,0,2704,0.21967455621301776,0.4060819374302061,0.6907367514002585,0.5735294117647058,0.4833948339483395,0.4011090573012939,0.13131313131313133,0.22053872053872053,0.3653198653198653,2.610814022578728,2.200504429286717,1.825924058826092,0.19436619718309858,0.39867109634551495,0.3,0.1564602553844452
11,low_rating_bottom30_bayes_global_m25,content_plus_quantity,DummyClassifier,0,2704,0.29511834319526625,0.29511834319526625,0.5,0.23529411764705882,0.24354243542435425,0.2643253234750462,0.040100250626566414,0.08270676691729323,0.17919799498746866,0.7972873359870264,0.8252365230419222,0.8956587401961467,0.0,0.4557395773843518,0.05,0.2080621144152061
11,low_rating_bottom30_bayes_global_m25,content_plus_quantity,LogisticRegression,0,2704,0.29511834319526625,0.5101272830147634,0.695698453899702,0.6691176470588235,0.6236162361623616,0.5637707948243993,0.11403508771929824,0.21177944862155387,0.38220551378446116,2.2672858617131064,2.113105642334619,1.9103210892295437,0.40520748576078114,0.5153246753246753,0.3,0.18667164103253117
11,low_rating_bottom30_bayes_global_m25,content_plus_quantity,LogisticRegressionBalanced,0,2704,0.29511834319526625,0.5078315715207824,0.695346708849774,0.6764705882352942,0.6125461254612546,0.5526802218114603,0.11528822055137844,0.20802005012531327,0.37468671679197996,2.2922010909627013,2.075594891287259,1.8727410022283066,0.5098855359001041,0.5098855359001041,0.5,0.21806240240017813
11,low_rating_bottom30_bayes_global_m25,content_plus_quantity,HistGradientBoostingClassifier,0,2704,0.29511834319526625,0.502003376268289,0.6775924596380773,0.6691176470588235,0.6273062730627307,0.5360443622920518,0.11403508771929824,0.21303258145363407,0.3634085213032581,2.2672858617131064,2.1256092260170725,1.8163708717264513,0.3231197771587744,0.4836683417085427,0.35,0.18790615800621438
11,low_rating_bottom30_bayes_global_m25,content_plus_quantity,ExtraTreesClassifier,0,2704,0.29511834319526625,0.4837328557665241,0.6881139101689165,0.6176470588235294,0.6014760147601476,0.5286506469500925,0.10526315789473684,0.20426065162907267,0.3583959899749373,2.0928792569659445,2.038084140239899,1.7913174803922933,0.3436123348017621,0.3436123348017621,0.5,0.19568107148489214
11,low_rating_bottom30_bayes_global_m25,content_plus_quantity,XGBoostClassifier,0,2704,0.29511834319526625,0.5062607489695193,0.6866056799922157,0.7279411764705882,0.6125461254612546,0.532347504621072,0.12406015037593984,0.20802005012531327,0.3609022556390977,2.466607695709863,2.075594891287259,1.8038441760593722,0.3318304779080252,0.481411468178954,0.35,0.18661464750766754
11,low_rating_bottom30_bayes_category_m25,content_plus_quantity,DummyClassifier,0,2704,0.29548816568047337,0.29548816568047337,0.5,0.2647058823529412,0.25092250922509224,0.26062846580406657,0.04505632040050062,0.0851063829787234,0.17647058823529413,0.8958256644334831,0.8491795556253434,0.8820267478525607,0.0,0.45618041678561233,0.05,0.20820693060134102
11,low_rating_bottom30_bayes_category_m25,content_plus_quantity,LogisticRegression,0,2704,0.29548816568047337,0.5115934342416877,0.7057056228422011,0.6911764705882353,0.6051660516605166,0.5471349353049908,0.11764705882352941,0.20525657071339173,0.3704630788485607,2.339100346020761,2.048021281214064,1.8516306196053756,0.4098101265822785,0.5059004617752694,0.3,0.18609988443468728
11,low_rating_bottom30_bayes_category_m25,content_plus_quantity,LogisticRegressionBalanced,0,2704,0.29548816568047337,0.5088570212516688,0.7057003669284768,0.6911764705882353,0.5904059040590406,0.5360443622920518,0.11764705882352941,0.2002503128911139,0.36295369211514394,2.339100346020761,1.998069542647867,1.8140975665052665,0.5110087045570917,0.5210401891252955,0.45,0.215742534041522
11,low_rating_bottom30_bayes_category_m25,content_plus_quantity,HistGradientBoostingClassifier,0,2704,0.29548816568047337,0.4908115019758102,0.69026834724508,0.6764705882352942,0.6162361623616236,0.5157116451016636,0.11514392991239049,0.20901126408010012,0.34918648310387984,2.2893322535522347,2.085485085138711,1.7452869691550668,0.3118580765639589,0.46813880126182966,0.35,0.18763648262891724
11,low_rating_bottom30_bayes_category_m25,content_plus_quantity,ExtraTreesClassifier,0,2704,0.29548816568047337,0.4901652458599376,0.6923207815543708,0.6544117647058824,0.5756457564575646,0.5064695009242144,0.1113892365456821,0.19524405506883605,0.3429286608260325,2.214680114849444,1.9481178040816702,1.7140094249049758,0.35475578406169667,0.19037433155080213,0.6,0.1939305745755292
11,low_rating_bottom30_bayes_category_m25,content_plus_quantity,XGBoostClassifier,0,2704,0.29548816568047337,0.5202015074303133,0.7061543464764026,0.6764705882352942,0.6457564575645757,0.55637707948244,0.11514392991239049,0.2190237797246558,0.376720901126408,2.2893322535522347,2.1853885622711045,1.8829081638554666,0.3482142857142857,0.5,0.35,0.1832892894744873
11,low_rating_bottom30_category_relative,content_plus_quantity,DummyClassifier,0,2704,0.3128698224852071,0.3128698224852071,0.5,0.2647058823529412,0.2730627306273063,0.2828096118299446,0.0425531914893617,0.08747044917257683,0.18085106382978725,0.8460575719649561,0.8727678766149364,0.9039210288276243,0.0,0.47661971830985916,0.05,0.21499481320629943
11,low_rating_bottom30_category_relative,content_plus_quantity,LogisticRegression,0,2704,0.3128698224852071,0.49120457300958864,0.6742404578501503,0.6102941176470589,0.5756457564575646,0.5212569316081331,0.09810874704491726,0.18439716312056736,0.3333333333333333,1.950632735363649,1.8398890371882441,1.6660505237215035,0.374323279195669,0.5088305489260143,0.3,0.19916727039099683
11,low_rating_bottom30_category_relative,content_plus_quantity,LogisticRegressionBalanced,0,2704,0.3128698224852071,0.48878437243583756,0.6739299992111297,0.625,0.5830258302583026,0.5175600739371534,0.10047281323877069,0.1867612293144208,0.3309692671394799,1.9976359338061465,1.863477358177837,1.6542345625603578,0.5094715852442672,0.517426273458445,0.45,0.2261001604931573
11,low_rating_bottom30_category_relative,content_plus_quantity,HistGradientBoostingClassifier,0,2704,0.3128698224852071,0.4901574615061527,0.6693520066570475,0.6544117647058824,0.5977859778597786,0.5101663585951941,0.10520094562647754,0.19148936170212766,0.3262411347517731,2.091642330691142,1.9106540001570227,1.6306026402380671,0.2872531418312388,0.4734073641145529,0.35,0.19740397601559528
11,low_rating_bottom30_category_relative,content_plus_quantity,ExtraTreesClassifier,0,2704,0.3128698224852071,0.48566244581540546,0.6784354665913424,0.6323529411764706,0.5756457564575646,0.5157116451016636,0.1016548463356974,0.18439716312056736,0.32978723404255317,2.021137533027395,1.8398890371882441,1.6483265819797852,0.31160033869602033,0.31160033869602033,0.5,0.20335430556523099
11,low_rating_bottom30_category_relative,content_plus_quantity,XGBoostClassifier,0,2704,0.3128698224852071,0.5010057642726553,0.6752220924403322,0.6838235294117647,0.6051660516605166,0.5304990757855823,0.1099290780141844,0.1938534278959811,0.3392434988179669,2.1856487275761367,1.9342423211466158,1.695590426624367,0.3425692695214106,0.44133333333333336,0.4,0.19587242603302002
22,low_rating_bottom30_raw,content_plus_quantity,DummyClassifier,0,2704,0.3021449704142012,0.3021449704142012,0.5,0.29411764705882354,0.3173431734317343,0.31053604436229204,0.04895960832313342,0.10526315789473684,0.20563035495716034,0.9734322125422997,1.0503010293260826,1.027771681708247,0.0,0.4640727066174382,0.05,0.21085341472016084
22,low_rating_bottom30_raw,content_plus_quantity,LogisticRegression,0,2704,0.3021449704142012,0.4966125746685178,0.6881711432795024,0.6397058823529411,0.6199261992619927,0.5268022181146026,0.10648714810281518,0.20563035495716034,0.3488372093023256,2.1172150622795014,2.051750847985836,1.7435412457550616,0.3957654723127036,0.5124875124875125,0.3,0.1915685588036034
22,low_rating_bottom30_raw,content_plus_quantity,LogisticRegressionBalanced,0,2704,0.3021449704142012,0.49582226994854817,0.6880271444314933,0.6470588235294118,0.6051660516605166,0.5341959334565619,0.10771113831089352,0.200734394124847,0.3537331701346389,2.1415508675930592,2.0028996373195067,1.7680120000814485,0.5087983911513323,0.5087983911513323,0.5,0.221013172330252
22,low_rating_bottom30_raw,content_plus_quantity,HistGradientBoostingClassifier,0,2704,0.3021449704142012,0.5001191497907636,0.6980778748364608,0.6617647058823529,0.5793357933579336,0.5304990757855823,0.11015911872705018,0.19216646266829865,0.35128518971848227,2.190222478220174,1.9174100186534302,1.7557766229182552,0.2909423604757548,0.4830977258758451,0.35,0.18872971194308358
22,low_rating_bottom30_raw,content_plus_quantity,ExtraTreesClassifier,0,2704,0.3021449704142012,0.517790759081788,0.7118719266462085,0.6617647058823529,0.6199261992619927,0.5508317929759704,0.11015911872705018,0.20563035495716034,0.36474908200734396,2.190222478220174,2.051750847985836,1.823071197315819,0.3368237347294939,0.3368237347294939,0.5,0.19490355786761115
22,low_rating_bottom30_raw,content_plus_quantity,XGBoostClassifier,0,2704,0.3021449704142012,0.5187747140218298,0.7062877551033646,0.7205882352941176,0.5867158671586716,0.5286506469500925,0.11995104039167687,0.19461444308445533,0.35006119951040393,2.384908920728634,1.941835623986595,1.7496589343366584,0.31103074141048825,0.49206349206349204,0.35,0.18657012283802032
22,low_rating_bottom20_raw,content_plus_quantity,DummyClassifier,0,2704,0.22374260355029585,0.22374260355029585,0.5,0.19852941176470587,0.2177121771217712,0.22735674676524953,0.04462809917355372,0.09752066115702479,0.20330578512396694,0.8873116188624209,0.9730474825409411,1.0161531293441897,0.0,0.36566938652160774,0.05,0.1736840121686125
22,low_rating_bottom20_raw,content_plus_quantity,LogisticRegression,0,2704,0.22374260355029585,0.3630819585273838,0.6704955921552568,0.4632352941176471,0.4317343173431734,0.39371534195933455,0.10413223140495868,0.1933884297520661,0.35206611570247937,2.0703937773456493,1.9296026348693238,1.7596798093521333,0.2244640605296343,0.4144144144144144,0.25,0.16576185805170815
22,low_rating_bottom20_raw,content_plus_quantity,LogisticRegressionBalanced,0,2704,0.22374260355029585,0.3627240412703233,0.6706215868241074,0.47794117647058826,0.43911439114391143,0.39186691312384475,0.10743801652892562,0.19669421487603306,0.3504132231404959,2.136120563928051,1.9625872952944405,1.7514184017964898,0.41193680514921005,0.41193680514921005,0.5,0.2231250470469423
22,low_rating_bottom20_raw,content_plus_quantity,HistGradientBoostingClassifier,0,2704,0.22374260355029585,0.38836526676945377,0.6829415030376527,0.5220588235294118,0.4797047970479705,0.41589648798521256,0.11735537190082644,0.21487603305785125,0.371900826446281,2.3333009236752553,2.1440029276325823,1.8588167000198592,0.12316715542521994,0.3993174061433447,0.3,0.16000045613224875
22,low_rating_bottom20_raw,content_plus_quantity,ExtraTreesClassifier,0,2704,0.22374260355029585,0.40632698790492405,0.6969402982136319,0.5367647058823529,0.4870848708487085,0.4232902033271719,0.1206611570247934,0.21818181818181817,0.3785123966942149,2.399027710257657,2.176987588057699,1.8918623302424344,0.2245430809399478,0.2245430809399478,0.5,0.16746455304760902
22,low_rating_bottom20_raw,content_plus_quantity,XGBoostClassifier,0,2704,0.22374260355029585,0.39882373791112574,0.6915926119876052,0.5441176470588235,0.5055350553505535,0.43622920517560076,0.12231404958677686,0.22644628099173553,0.39008264462809916,2.4318911035488573,2.2594492391204906,1.9496921831319414,0.17622377622377622,0.41245791245791247,0.3,0.15862879157066345
22,low_rating_bottom30_bayes_global_m25,content_plus_quantity,DummyClassifier,0,2704,0.3039940828402367,0.3039940828402367,0.5,0.29411764705882354,0.3062730627306273,0.2957486136783734,0.04866180048661801,0.10097323600973236,0.19464720194647203,0.9675110920280521,1.00749679029637,0.9728762182315348,0.0,0.46625070901871807,0.05,0.21160551421756965
22,low_rating_bottom30_bayes_global_m25,content_plus_quantity,LogisticRegression,0,2704,0.3039940828402367,0.5186618873067295,0.6950195345325545,0.6691176470588235,0.6715867158671587,0.5693160813308688,0.11070559610705596,0.22141119221411193,0.3746958637469586,2.201087734363818,2.2092098293245703,1.8727867200957042,0.4172661870503597,0.5168195718654435,0.3,0.1896255674526666
22,low_rating_bottom30_bayes_global_m25,content_plus_quantity,LogisticRegressionBalanced,0,2704,0.3039940828402367,0.5175932885232248,0.6947758376836776,0.6617647058823529,0.6789667896678967,0.5600739371534196,0.10948905109489052,0.22384428223844283,0.3686131386861314,2.176899957063117,2.233486860416049,1.8423843382759688,0.5134722928317235,0.5134722928317235,0.5,0.2193396686310226
22,low_rating_bottom30_bayes_global_m25,content_plus_quantity,HistGradientBoostingClassifier,0,2704,0.3039940828402367,0.5197014241710722,0.7038824721849459,0.7279411764705882,0.6457564575645757,0.5526802218114603,0.12043795620437957,0.21289537712895376,0.3637469586374696,2.3945899527694285,2.1242402205043946,1.8180624328201807,0.31123388581952116,0.49411764705882355,0.35,0.18732093922709134
22,low_rating_bottom30_bayes_global_m25,content_plus_quantity,ExtraTreesClassifier,0,2704,0.3039940828402367,0.5318060698715544,0.712117098598323,0.7058823529411765,0.6457564575645757,0.5933456561922366,0.11678832116788321,0.21289537712895376,0.3905109489051095,2.322026620867325,2.1242402205043946,1.9518329128270164,0.3729683490162532,0.3729683490162532,0.5,0.19408398057297196
22,low_rating_bottom30_bayes_global_m25,content_plus_quantity,XGBoostClassifier,0,2704,0.3039940828402367,0.5352331630928697,0.7081455510134427,0.7279411764705882,0.6715867158671587,0.5804066543438078,0.12043795620437957,0.22141119221411193,0.3819951338199513,2.3945899527694285,2.2092098293245703,1.909269578279387,0.3617208077260755,0.5037688442211056,0.35,0.18500041961669922
22,low_rating_bottom30_bayes_category_m25,content_plus_quantity,DummyClassifier,0,2704,0.29770710059171596,0.29770710059171596,0.5,0.27941176470588236,0.2988929889298893,0.2957486136783734,0.04720496894409938,0.10062111801242236,0.19875776397515527,0.9385458531238583,1.0039834062936903,0.9934214302935673,0.0,0.45882017668851527,0.05,0.20908590511790204
22,low_rating_bottom30_bayes_category_m25,content_plus_quantity,LogisticRegression,0,2704,0.29770710059171596,0.5262292814123674,0.7170220351345429,0.6985294117647058,0.6457564575645757,0.5600739371534196,0.11801242236024845,0.21739130434782608,0.3763975155279503,2.3463646328096455,2.169099951869084,1.881291833618443,0.42668735453840184,0.5314256515074093,0.3,0.18359580691048005
22,low_rating_bottom30_bayes_category_m25,content_plus_quantity,LogisticRegressionBalanced,0,2704,0.29770710059171596,0.5256101045326007,0.7164332976820098,0.7058823529411765,0.6383763837638377,0.5637707948243993,0.11925465838509317,0.21490683229813665,0.37888198757763975,2.3710632078918525,2.1443102381334374,1.8937096014971129,0.5285714285714286,0.5309158530915853,0.45,0.21282230105174843
22,low_rating_bottom30_bayes_category_m25,content_plus_quantity,HistGradientBoostingClassifier,0,2704,0.29770710059171596,0.5383740257394604,0.7168846630622852,0.7205882352941176,0.6346863468634686,0.5730129390018485,0.12173913043478261,0.21366459627329193,0.38509316770186336,2.4204603580562662,2.131915381265614,1.9247540211937868,0.3333333333333333,0.5037783375314862,0.35,0.18158407855900893
22,low_rating_bottom30_bayes_category_m25,content_plus_quantity,ExtraTreesClassifier,0,2704,0.29770710059171596,0.5364598978639957,0.7273955890481751,0.7279411764705882,0.6568265682656826,0.5582255083179297,0.12298136645962733,0.22111801242236026,0.37515527950310557,2.445158933138473,2.206284522472554,1.8750829496791082,0.38813559322033897,0.2940603700097371,0.55,0.189273335273112
22,low_rating_bottom30_bayes_category_m25,content_plus_quantity,XGBoostClassifier,0,2704,0.29770710059171596,0.5525755733263038,0.7254089272222385,0.75,0.6568265682656826,0.5859519408502772,0.1267080745341615,0.22111801242236026,0.3937888198757764,2.519254658385093,2.206284522472554,1.9682162087691302,0.36395759717314485,0.5229415461973601,0.35,0.17894785106182098
22,low_rating_bottom30_category_relative,content_plus_quantity,DummyClassifier,0,2704,0.3150887573964497,0.3150887573964497,0.5,0.3088235294117647,0.33210332103321033,0.3234750462107209,0.04929577464788732,0.1056338028169014,0.20539906103286384,0.9801159900579951,1.0539992723870901,1.0266156396171235,0.0,0.47919010123734535,0.05,0.21580841605297793
22,low_rating_bottom30_category_relative,content_plus_quantity,LogisticRegression,0,2704,0.3150887573964497,0.5043881101588352,0.6783555907076729,0.6764705882352942,0.6162361623616236,0.532347504621072,0.107981220657277,0.1960093896713615,0.3380281690140845,2.1469207401270367,1.9557542054293782,1.6895160240556089,0.3848531684698609,0.5215333648840511,0.3,0.19772838400967943
22,low_rating_bottom30_category_relative,content_plus_quantity,LogisticRegressionBalanced,0,2704,0.3150887573964497,0.50289551237787,0.6781020898609802,0.6764705882352942,0.6088560885608856,0.5360443622920518,0.107981220657277,0.1936619718309859,0.3403755868544601,2.1469207401270367,1.9323319993763317,1.7012487742226619,0.5095917363502214,0.5197339246119734,0.45,0.2245141131243
22,low_rating_bottom30_category_relative,content_plus_quantity,HistGradientBoostingClassifier,0,2704,0.3150887573964497,0.5185122632147785,0.6954979517131588,0.7058823529411765,0.6236162361623616,0.5434380776340111,0.11267605633802817,0.1983568075117371,0.34507042253521125,2.2402651201325603,1.9791764114824246,1.7247142745567676,0.29695885509839,0.5103686635944701,0.35,0.1932976945955392
22,low_rating_bottom30_category_relative,content_plus_quantity,ExtraTreesClassifier,0,2704,0.3150887573964497,0.51496559223057,0.6974480069763433,0.6470588235294118,0.6014760147601476,0.5619223659889094,0.10328638497652583,0.19131455399061034,0.3568075117370892,2.0535763601215136,1.9089097933232853,1.7833780253920317,0.34285714285714286,0.34285714285714286,0.5,0.20149156473981122
22,low_rating_bottom30_category_relative,content_plus_quantity,XGBoostClassifier,0,2704,0.3150887573964497,0.5148856544338437,0.6913598672669568,0.6985294117647058,0.6051660516605166,0.5508317929759704,0.11150234741784038,0.19248826291079812,0.34976525821596244,2.2169290251311793,1.9206208963498086,1.7481797748908732,0.3304794520547945,0.4927703875072296,0.35,0.19345946609973907
33,low_rating_bottom30_raw,content_plus_quantity,DummyClassifier,0,2704,0.3021449704142012,0.3021449704142012,0.5,0.33088235294117646,0.3173431734317343,0.2920517560073937,0.05507955936352509,0.10526315789473684,0.193390452876377,1.095111239110087,1.0503010293260826,0.9665947958922797,0.0,0.4640727066174382,0.05,0.21085341472016084
33,low_rating_bottom30_raw,content_plus_quantity,LogisticRegression,0,2704,0.3021449704142012,0.47720052197959917,0.6804282863034392,0.6102941176470589,0.5830258302583026,0.512014787430684,0.10159118727050184,0.193390452876377,0.3390452876376989,2.019871841025272,1.9296228213200124,1.694599737102288,0.3665594855305466,0.5045992115637319,0.25,0.19483467288425763
33,low_rating_bottom30_raw,content_plus_quantity,LogisticRegressionBalanced,0,2704,0.3021449704142012,0.47415486099254933,0.6785965171738085,0.6323529411764706,0.5719557195571956,0.5157116451016636,0.10526315789473684,0.189718482252142,0.34149326805385555,2.092879256965944,1.8929844133202656,1.7068351142654814,0.5024925224327019,0.5036297640653358,0.45,0.22565344437962534
33,low_rating_bottom30_raw,content_plus_quantity,HistGradientBoostingClassifier,0,2704,0.3021449704142012,0.4745587628187728,0.6887082200639693,0.5808823529411765,0.5350553505535055,0.5212569316081331,0.0966952264381885,0.17747858017135862,0.34516523867809057,1.922528619771042,1.7708563866544418,1.7251881800102717,0.2332695984703633,0.48157248157248156,0.35,0.19191059940660649
33,low_rating_bottom30_raw,content_plus_quantity,ExtraTreesClassifier,0,2704,0.3021449704142012,0.5010900614425806,0.7016376301422022,0.6102941176470589,0.5904059040590406,0.5397412199630314,0.10159118727050184,0.19583843329253367,0.3574051407588739,2.019871841025272,1.9540484266531772,1.7863650658262384,0.32727272727272727,0.2150101419878296,0.55,0.1964247652893755
33,low_rating_bottom30_raw,content_plus_quantity,XGBoostClassifier,0,2704,0.3021449704142012,0.4830951172884479,0.6971328013159679,0.5735294117647058,0.5977859778597786,0.5415896487985212,0.09547123623011015,0.19828641370869032,0.35862913096695226,1.8981928144574842,1.9784740319863419,1.7924827544078352,0.3116651825467498,0.49038461538461536,0.35,0.18986845016479492
33,low_rating_bottom20_raw,content_plus_quantity,DummyClassifier,0,2704,0.21856508875739644,0.21856508875739644,0.5,0.2867647058823529,0.25092250922509224,0.21072088724584104,0.06598984771573604,0.11505922165820642,0.19289340101522842,1.312033442818752,1.1480447799401852,0.96411045535153,0.0,0.35872534142640367,0.05,0.17085747396717946
33,low_rating_bottom20_raw,content_plus_quantity,LogisticRegression,0,2704,0.21856508875739644,0.359357999911613,0.6770039310272481,0.4632352941176471,0.4575645756457565,0.39926062846580407,0.1065989847715736,0.2098138747884941,0.36548223350253806,2.1194386383995223,2.0934934222438675,1.8267355996134251,0.24257425742574257,0.4176656151419558,0.25,0.16263901385322585
33,low_rating_bottom20_raw,content_plus_quantity,LogisticRegressionBalanced,0,2704,0.21856508875739644,0.35816422140697163,0.6772914109176695,0.47794117647058826,0.45387453874538747,0.39371534195933455,0.10998307952622674,0.20812182741116753,0.3604060913705584,2.18672240469792,2.0766104107741588,1.8013642718410163,0.4254821741671537,0.4128862590401052,0.55,0.22512030365961871
33,low_rating_bottom20_raw,content_plus_quantity,HistGradientBoostingClassifier,0,2704,0.21856508875739644,0.3802542093362546,0.6958719008826995,0.47058823529411764,0.42435424354243545,0.41404805914972276,0.10829103214890017,0.19458544839255498,0.3790186125211506,2.153080521548721,1.9415463190164899,1.8943924736731816,0.12612612612612611,0.39795046968403075,0.3,0.1569755512120701
33,low_rating_bottom20_raw,content_plus_quantity,ExtraTreesClassifier,0,2704,0.21856508875739644,0.3960533718855018,0.7041239350631775,0.4632352941176471,0.43911439114391143,0.4121996303142329,0.1065989847715736,0.20135363790186125,0.377326565143824,2.1194386383995223,2.0090783648953243,1.885935364415712,0.22164276401564537,0.22164276401564537,0.5,0.16665962332927725
33,low_rating_bottom20_raw,content_plus_quantity,XGBoostClassifier,0,2704,0.21856508875739644,0.36879785016188354,0.6878576982550211,0.4632352941176471,0.4317343173431734,0.4029574861367837,0.1065989847715736,0.19796954314720813,0.3688663282571912,2.1194386383995223,1.9753123419559069,1.8436498181283643,0.14992927864214992,0.3904448105436573,0.3,0.1586722582578659
33,low_rating_bottom30_bayes_global_m25,content_plus_quantity,DummyClassifier,0,2704,0.2980769230769231,0.2980769230769231,0.5,0.3161764705882353,0.30996309963099633,0.28650646950092423,0.05334987593052109,0.10421836228287841,0.19230769230769232,1.060721062618596,1.0398762052136652,0.9611829944547136,0.0,0.45925925925925926,0.05,0.2092333962903228
33,low_rating_bottom30_bayes_global_m25,content_plus_quantity,LogisticRegression,0,2704,0.2980769230769231,0.5005962092372908,0.6930960368364768,0.6691176470588235,0.6162361623616236,0.5452865064695009,0.11290322580645161,0.20719602977667495,0.36600496277915634,2.2447817836812143,2.067372931793834,1.8293482797686484,0.4060031595576619,0.517118037812979,0.3,0.18935985352927684
33,low_rating_bottom30_bayes_global_m25,content_plus_quantity,LogisticRegressionBalanced,0,2704,0.2980769230769231,0.4969789646308785,0.6918971779096188,0.6544117647058824,0.6383763837638377,0.5452865064695009,0.11042183622828784,0.21464019851116625,0.36600496277915634,2.195445920303605,2.1416498035948104,1.8293482797686484,0.5112704918032787,0.5165810368986455,0.45,0.2209192467736555
33,low_rating_bottom30_bayes_global_m25,content_plus_quantity,HistGradientBoostingClassifier,0,2704,0.2980769230769231,0.4895115702633624,0.6933849657599616,0.6176470588235294,0.5645756457564576,0.5471349353049908,0.10421836228287841,0.18982630272952852,0.36724565756823824,2.0721062618595827,1.89406023092489,1.8355494603780336,0.27109004739336495,0.5003142677561282,0.35,0.18828626362141154
33,low_rating_bottom30_bayes_global_m25,content_plus_quantity,ExtraTreesClassifier,0,2704,0.2980769230769231,0.5036399431781798,0.6988099004567954,0.6617647058823529,0.6088560885608856,0.5452865064695009,0.11166253101736973,0.20471464019851116,0.36600496277915634,2.22011385199241,2.042613974526842,1.8293482797686484,0.3502626970227671,0.3502626970227671,0.5,0.19497625152112588
33,low_rating_bottom30_bayes_global_m25,content_plus_quantity,XGBoostClassifier,0,2704,0.2980769230769231,0.48671437738911083,0.6940961754177702,0.625,0.6051660516605166,0.5397412199630314,0.1054590570719603,0.20347394540942929,0.36228287841191065,2.096774193548387,2.030234495893346,1.8107447379404924,0.34355828220858897,0.4906832298136646,0.35,0.1883278787136078
33,low_rating_bottom30_bayes_category_m25,content_plus_quantity,DummyClassifier,0,2704,0.2947485207100592,0.2947485207100592,0.5,0.3161764705882353,0.30996309963099633,0.2809611829944547,0.053952321204516936,0.1053952321204517,0.19071518193224593,1.0726990921839248,1.0516188474306325,0.9532233862195802,0.0,0.4552984861468152,0.05,0.207915170519863
33,low_rating_bottom30_bayes_category_m25,content_plus_quantity,LogisticRegression,0,2704,0.2947485207100592,0.5155961291988344,0.7164129512941491,0.6911764705882353,0.6457564575645757,0.5730129390018485,0.11794228356336262,0.21957340025094102,0.3889585947302384,2.3449701084950916,2.1908725988138174,1.944074011368881,0.4318360914105595,0.5239320638188368,0.3,0.18284018468112917
33,low_rating_bottom30_bayes_category_m25,content_plus_quantity,LogisticRegressionBalanced,0,2704,0.2947485207100592,0.5130712055098725,0.7150213931503758,0.6764705882352942,0.6568265682656826,0.5600739371534196,0.11543287327478043,0.2233375156838143,0.38017565872020076,2.2950771274632813,2.2284304147934826,1.900175565950874,0.5248590466427473,0.5209302325581395,0.45,0.21398440327723964
33,low_rating_bottom30_bayes_category_m25,content_plus_quantity,HistGradientBoostingClassifier,0,2704,0.2947485207100592,0.5017127580852075,0.7203448432408106,0.5882352941176471,0.6162361623616236,0.5508317929759704,0.10037641154328733,0.2095357590966123,0.3739021329987453,1.9957192412724185,2.0907184228680427,1.8688195335094402,0.3262279888785913,0.5089561457689932,0.35,0.18263625302301004
33,low_rating_bottom30_bayes_category_m25,content_plus_quantity,ExtraTreesClassifier,0,2704,0.2947485207100592,0.5065602417574874,0.7142680437061107,0.6544117647058824,0.6162361623616236,0.5286506469500925,0.11166875784190715,0.2095357590966123,0.3588456712672522,2.2202376559155654,2.0907184228680427,1.7935650556499998,0.3803169307756464,0.2782101167315175,0.55,0.19144600425706776
33,low_rating_bottom30_bayes_category_m25,content_plus_quantity,XGBoostClassifier,0,2704,0.2947485207100592,0.5237292228793287,0.7244984633645178,0.6838235294117647,0.6420664206642066,0.5619223659889094,0.11668757841907151,0.21831869510664995,0.38143036386449186,2.3200236179791864,2.1783533268205955,1.9064467724391605,0.3797909407665505,0.5278121137206427,0.35,0.17978733777999878
33,low_rating_bottom30_category_relative,content_plus_quantity,DummyClassifier,0,2704,0.3187869822485207,0.3187869822485207,0.5,0.35294117647058826,0.3505535055350554,0.31608133086876156,0.05568445475638051,0.11020881670533643,0.19837587006960558,1.1071379828033303,1.0996481194510321,0.9915126666695259,0.0,0.4834548513740886,0.05,0.21717673503786447
33,low_rating_bottom30_category_relative,content_plus_quantity,LogisticRegression,0,2704,0.3187869822485207,0.47564876585511184,0.6613196591015011,0.6102941176470589,0.5830258302583026,0.5101663585951941,0.0962877030162413,0.18329466357308585,0.32018561484918795,1.914426095264092,1.828888451297506,1.6003362339227436,0.3617181612660136,0.5101449275362319,0.25,0.20501321112069512
33,low_rating_bottom30_category_relative,content_plus_quantity,LogisticRegressionBalanced,0,2704,0.3187869822485207,0.47342272498474536,0.6595392126484125,0.5955882352941176,0.5830258302583026,0.512014787430684,0.09396751740139211,0.18329466357308585,0.3213457076566125,1.8682953459806197,1.828888451297506,1.6061345536108695,0.5002461841457411,0.5094922737306843,0.45,0.23174360635034594
33,low_rating_bottom30_category_relative,content_plus_quantity,HistGradientBoostingClassifier,0,2704,0.3187869822485207,0.4677129055765935,0.6641367574335372,0.5735294117647058,0.5276752767527675,0.5175600739371534,0.09048723897911833,0.16589327146171692,0.3248259860788863,1.7990992220554114,1.6552598008578694,1.623529512675247,0.24014336917562723,0.4789533560864619,0.35,0.20185846820020265
33,low_rating_bottom30_category_relative,content_plus_quantity,ExtraTreesClassifier,0,2704,0.3187869822485207,0.5030670223605973,0.6949938405495892,0.6176470588235294,0.5867158671586716,0.5526802218114603,0.09744779582366589,0.18445475638051045,0.3468677494199536,1.9374914699058279,1.8404636946601487,1.7336975867496387,0.3236514522821577,0.3236514522821577,0.5,0.20293784925645186
33,low_rating_bottom30_category_relative,content_plus_quantity,XGBoostClassifier,0,2704,0.3187869822485207,0.4800233546769279,0.67655201775534,0.6029411764705882,0.5940959409594095,0.5286506469500925,0.0951276102088167,0.18677494199535963,0.33178654292343385,1.8913607206223557,1.8636141813854332,1.6583194308040023,0.31905961376994124,0.4968873797396718,0.35,0.19976259768009186
44,low_rating_bottom30_raw,content_plus_quantity,DummyClassifier,0,2704,0.3021449704142012,0.3021449704142012,0.5,0.27941176470588236,0.28044280442804426,0.29944547134935307,0.046511627906976744,0.09302325581395349,0.19828641370869032,0.9247606019151847,0.928173002660259,0.9910655502186667,0.0,0.4640727066174382,0.05,0.21085341472016078
44,low_rating_bottom30_raw,content_plus_quantity,LogisticRegression,0,2704,0.3021449704142012,0.5057847250162728,0.6898109139451208,0.6985294117647058,0.6420664206642066,0.5360443622920518,0.11627906976744186,0.21297429620563035,0.35495716034271724,2.3119015047879614,2.12502766398533,1.7741296886630453,0.3863080684596577,0.506454816285998,0.3,0.1903786935377646
44,low_rating_bottom30_raw,content_plus_quantity,LogisticRegressionBalanced,0,2704,0.3021449704142012,0.5046686905849412,0.6897642116160367,0.7352941176470589,0.6383763837638377,0.5378927911275416,0.12239902080783353,0.211750305997552,0.3561811505507956,2.4335805313557493,2.112814861318748,1.780247377244642,0.5037631710988459,0.5037631710988459,0.5,0.22176875120496944
44,low_rating_bottom30_raw,content_plus_quantity,HistGradientBoostingClassifier,0,2704,0.3021449704142012,0.5016762287879358,0.6849947362583262,0.6911764705882353,0.6014760147601476,0.5341959334565619,0.11505507955936352,0.19951040391676866,0.3537331701346389,2.287565699474404,1.990686834652924,1.7680120000814485,0.29935720844811753,0.48635235732009924,0.35,0.1901759241609664
44,low_rating_bottom30_raw,content_plus_quantity,ExtraTreesClassifier,0,2704,0.3021449704142012,0.5091402903333587,0.6963920504852177,0.7058823529411765,0.6346863468634686,0.5452865064695009,0.1175030599755202,0.21052631578947367,0.36107711138310894,2.3362373101015192,2.100602058652165,1.8047181315710288,0.3485915492957746,0.3485915492957746,0.5,0.19630480296090122
44,low_rating_bottom30_raw,content_plus_quantity,XGBoostClassifier,0,2704,0.3021449704142012,0.5124364423951695,0.6926844044707102,0.6985294117647058,0.6383763837638377,0.5452865064695009,0.11627906976744186,0.211750305997552,0.36107711138310894,2.3119015047879614,2.112814861318748,1.8047181315710288,0.3226982680036463,0.4900181488203267,0.35,0.18823112547397614
44,low_rating_bottom20_raw,content_plus_quantity,DummyClassifier,0,2704,0.22374260355029585,0.22374260355029585,0.5,0.19852941176470587,0.18450184501845018,0.2144177449168207,0.04462809917355372,0.08264462809917356,0.19173553719008266,0.8873116188624209,0.8246165106279162,0.958323276454683,0.0,0.36566938652160774,0.05,0.1736840121686125
44,low_rating_bottom20_raw,content_plus_quantity,LogisticRegression,0,2704,0.22374260355029585,0.40147902275376046,0.6970143200815816,0.5441176470588235,0.5055350553505535,0.41589648798521256,0.12231404958677686,0.22644628099173553,0.371900826446281,2.4318911035488573,2.2594492391204906,1.8588167000198592,0.25495049504950495,0.44048376830044556,0.25,0.15927117992390133
44,low_rating_bottom20_raw,content_plus_quantity,LogisticRegressionBalanced,0,2704,0.22374260355029585,0.4028076387740668,0.6995822489260923,0.5294117647058824,0.5055350553505535,0.4177449168207024,0.11900826446280992,0.22644628099173553,0.37355371900826445,2.366164316966456,2.2594492391204906,1.8670781075755032,0.447520184544406,0.4370860927152318,0.55,0.21819806464063618
44,low_rating_bottom20_raw,content_plus_quantity,HistGradientBoostingClassifier,0,2704,0.22374260355029585,0.40176276918351395,0.699765728662606,0.5367647058823529,0.5166051660516605,0.42513863216266173,0.1206611570247934,0.23140495867768596,0.38016528925619836,2.399027710257657,2.3089262297581654,1.9001237377980784,0.1492109038737446,0.4054982817869416,0.3,0.15776158268286722
44,low_rating_bottom20_raw,content_plus_quantity,ExtraTreesClassifier,0,2704,0.22374260355029585,0.4168783991034009,0.7177191815071325,0.5514705882352942,0.4981549815498155,0.45471349353049906,0.12396694214876033,0.2231404958677686,0.4066115702479339,2.4647544968400585,2.226464578695374,2.0323062586883793,0.21571238348868177,0.12481426448736999,0.55,0.16570962840362774
44,low_rating_bottom20_raw,content_plus_quantity,XGBoostClassifier,0,2704,0.22374260355029585,0.43394644477168365,0.7139125675744845,0.6029411764705882,0.5276752767527675,0.46210720887245843,0.13553719008264462,0.23636363636363636,0.4132231404958678,2.6947982498784637,2.3584032203958403,2.065351888910955,0.18104667609618105,0.4412017167381974,0.3,0.15430593490600586
44,low_rating_bottom30_bayes_global_m25,content_plus_quantity,DummyClassifier,0,2704,0.29511834319526625,0.29511834319526625,0.5,0.25,0.26199261992619927,0.2975970425138632,0.042606516290726815,0.08897243107769423,0.20175438596491227,0.8471177944862156,0.887754441454189,1.0083990011998574,0.0,0.4557395773843518,0.05,0.2080621144152061
44,low_rating_bottom30_bayes_global_m25,content_plus_quantity,LogisticRegression,0,2704,0.29511834319526625,0.5154425722709299,0.6846556317341097,0.7426470588235294,0.6494464944649446,0.5526802218114603,0.12656641604010024,0.22055137844611528,0.37468671679197996,2.516438154209052,2.2006307281117925,1.8727410022283066,0.4062244062244062,0.49662337662337663,0.3,0.18780346977859835
44,low_rating_bottom30_bayes_global_m25,content_plus_quantity,LogisticRegressionBalanced,0,2704,0.29511834319526625,0.5136829957167827,0.6842401123480264,0.7352941176470589,0.6568265682656826,0.5508317929759704,0.12531328320802004,0.22305764411027568,0.37343358395989973,2.4915229249594577,2.2256378954766993,1.866477654394767,0.4986985944820406,0.4986985944820406,0.5,0.2217084798554221
44,low_rating_bottom30_bayes_global_m25,content_plus_quantity,HistGradientBoostingClassifier,0,2704,0.29511834319526625,0.5027264833036014,0.6878259394551437,0.6838235294117647,0.6346863468634686,0.5452865064695009,0.11654135338345864,0.21553884711779447,0.36967418546365916,2.3171163202122957,2.150616393381979,1.8476876108941487,0.3192488262910798,0.4686894770819884,0.35,0.18663425565033034
44,low_rating_bottom30_bayes_global_m25,content_plus_quantity,ExtraTreesClassifier,0,2704,0.29511834319526625,0.5014891936127401,0.6945939086961896,0.6764705882352942,0.6199261992619927,0.5249537892791127,0.11528822055137844,0.21052631578947367,0.3558897243107769,2.2922010909627013,2.1006020586521656,1.7787907847252142,0.3392857142857143,0.3392857142857143,0.5,0.19460678463430414
44,low_rating_bottom30_bayes_global_m25,content_plus_quantity,XGBoostClassifier,0,2704,0.29511834319526625,0.4991570897644703,0.6919305083274818,0.6838235294117647,0.6383763837638377,0.5397412199630314,0.11654135338345864,0.21679197994987467,0.3659147869674185,2.3171163202122957,2.1631199770644325,1.82889756739353,0.33639705882352944,0.4781491002570694,0.35,0.18625685572624207
44,low_rating_bottom30_bayes_category_m25,content_plus_quantity,DummyClassifier,0,2704,0.3021449704142012,0.3021449704142012,0.5,0.27205882352941174,0.2656826568265683,0.2957486136783734,0.04528763769889841,0.08812729498164015,0.19583843329253367,0.9004247966016271,0.8793217919939298,0.9788301730554733,0.0,0.4640727066174382,0.05,0.21086047837559405
44,low_rating_bottom30_bayes_category_m25,content_plus_quantity,LogisticRegression,0,2704,0.3021449704142012,0.5448497951261513,0.7027429185971918,0.7867647058823529,0.6974169741697417,0.5674676524953789,0.13096695226438188,0.23133414932680538,0.37576499388004897,2.6039311685506514,2.3082197039840655,1.878130394550189,0.4282315622521808,0.509462915601023,0.3,0.1860376724921452
44,low_rating_bottom30_bayes_category_m25,content_plus_quantity,LogisticRegressionBalanced,0,2704,0.3021449704142012,0.5430383632697664,0.7025963251753444,0.7794117647058824,0.6974169741697417,0.5693160813308688,0.12974296205630356,0.23133414932680538,0.3769889840881273,2.579595363237094,2.3082197039840655,1.8842480831317858,0.5091836734693878,0.5128913443830571,0.45,0.21697120599109862
44,low_rating_bottom30_bayes_category_m25,content_plus_quantity,HistGradientBoostingClassifier,0,2704,0.3021449704142012,0.5481931624794902,0.7201408334679268,0.7279411764705882,0.6642066420664207,0.5767097966728281,0.1211750305997552,0.22031823745410037,0.3818849449204406,2.4092447260421914,2.198304479984824,1.9087188374581727,0.328110599078341,0.5094577553593947,0.35,0.1824413461503292
44,low_rating_bottom30_bayes_category_m25,content_plus_quantity,ExtraTreesClassifier,0,2704,0.3021449704142012,0.5237433479320088,0.7047725239819703,0.7426470588235294,0.6420664206642066,0.5286506469500925,0.12362301101591187,0.21297429620563035,0.35006119951040393,2.4579163366693066,2.12502766398533,1.7496589343366584,0.3704945515507125,0.18669527896995708,0.6,0.19300994908709532
44,low_rating_bottom30_bayes_category_m25,content_plus_quantity,XGBoostClassifier,0,2704,0.3021449704142012,0.5566076226321544,0.7206143431933625,0.7794117647058824,0.7011070110701108,0.5970425138632163,0.12974296205630356,0.23255813953488372,0.3953488372093023,2.579595363237094,2.320432506650648,1.9760134118557366,0.374113475177305,0.5076828518746158,0.35,0.18097220361232758
44,low_rating_bottom30_category_relative,content_plus_quantity,DummyClassifier,0,2704,0.3150887573964497,0.3150887573964497,0.5,0.29411764705882354,0.2915129151291513,0.31053604436229204,0.046948356807511735,0.09272300469483569,0.19718309859154928,0.9334438000552334,0.9251771390953346,0.9855510140324386,0.0,0.47919010123734535,0.05,0.21580841605297793
44,low_rating_bottom30_category_relative,content_plus_quantity,LogisticRegression,0,2704,0.3150887573964497,0.5159375415177224,0.6847539520782,0.7205882352941176,0.6346863468634686,0.5582255083179297,0.11502347417840375,0.20187793427230047,0.3544600938967136,2.286937310135322,2.0143097205619944,1.7716452752249787,0.39692307692307693,0.5223529411764706,0.3,0.1954734219156118
44,low_rating_bottom30_category_relative,content_plus_quantity,LogisticRegressionBalanced,0,2704,0.3150887573964497,0.516007864538252,0.6850404080349628,0.7058823529411765,0.6162361623616236,0.5600739371534196,0.11267605633802817,0.1960093896713615,0.35563380281690143,2.2402651201325603,1.9557542054293782,1.7775116503085053,0.515686274509804,0.5215859030837005,0.45,0.2233380149840197
44,low_rating_bottom30_category_relative,content_plus_quantity,HistGradientBoostingClassifier,0,2704,0.3150887573964497,0.4962721020178535,0.6749364980379033,0.6691176470588235,0.6162361623616236,0.5212569316081331,0.1068075117370892,0.1960093896713615,0.33098591549295775,2.1235846451256557,1.9557542054293782,1.6543177735544508,0.20278330019880716,0.48559670781893005,0.35,0.19807120794960234
44,low_rating_bottom30_category_relative,content_plus_quantity,ExtraTreesClassifier,0,2704,0.3150887573964497,0.5205046488801166,0.6978643821170363,0.6838235294117647,0.6457564575645757,0.5545286506469501,0.10915492957746478,0.20539906103286384,0.352112676056338,2.1702568351284177,2.049443029641564,1.7599125250579262,0.3435897435897436,0.3435897435897436,0.5,0.20084399340475634
44,low_rating_bottom30_category_relative,content_plus_quantity,XGBoostClassifier,0,2704,0.3150887573964497,0.5170945198015469,0.6893702024964763,0.6544117647058824,0.6236162361623616,0.5600739371534196,0.10446009389671361,0.1983568075117371,0.35563380281690143,2.076912455122894,1.9791764114824246,1.7775116503085053,0.33304721030042916,0.5011547344110855,0.35,0.19365933537483215
55,low_rating_bottom30_raw,content_plus_quantity,DummyClassifier,0,2704,0.3021449704142012,0.3021449704142012,0.5,0.2647058823529412,0.28044280442804426,0.2957486136783734,0.044063647490820076,0.09302325581395349,0.19583843329253367,0.8760889912880697,0.928173002660259,0.9788301730554733,0.0,0.4640727066174382,0.05,0.21085341472016084
55,low_rating_bottom30_raw,content_plus_quantity,LogisticRegression,0,2704,0.3021449704142012,0.47147157059008127,0.6681144388682729,0.6764705882352942,0.5793357933579336,0.48428835489833644,0.11260709914320685,0.19216646266829865,0.32068543451652387,2.2388940888472892,1.9174100186534302,1.6028344083783375,0.34271523178807944,0.501996007984032,0.3,0.1971496017293947
55,low_rating_bottom30_raw,content_plus_quantity,LogisticRegressionBalanced,0,2704,0.3021449704142012,0.4718197989353534,0.6672990940396801,0.6691176470588235,0.5830258302583026,0.49353049907578556,0.11138310893512852,0.193390452876377,0.3268053855569155,2.2145582835337314,1.9296228213200124,1.633422851286321,0.5,0.5109289617486339,0.45,0.22689577417381168
55,low_rating_bottom30_raw,content_plus_quantity,HistGradientBoostingClassifier,0,2704,0.3021449704142012,0.48403168613198466,0.685871053572112,0.6544117647058824,0.5719557195571956,0.5101663585951941,0.10893512851897184,0.189718482252142,0.3378212974296206,2.1658866729066166,1.8929844133202656,1.6884820485206913,0.27057710501419113,0.48112058465286234,0.35,0.19146830073018303
55,low_rating_bottom30_raw,content_plus_quantity,ExtraTreesClassifier,0,2704,0.3021449704142012,0.48049983596459944,0.674225957543691,0.6397058823529411,0.5830258302583026,0.5064695009242144,0.10648714810281518,0.193390452876377,0.3353733170134639,2.1172150622795014,1.9296228213200124,1.6762466713574977,0.3275563258232236,0.3275563258232236,0.5,0.1998471664942529
55,low_rating_bottom30_raw,content_plus_quantity,XGBoostClassifier,0,2704,0.3021449704142012,0.501277217253906,0.6898011842932283,0.7352941176470589,0.5904059040590406,0.5212569316081331,0.12239902080783353,0.19583843329253367,0.34516523867809057,2.4335805313557493,1.9540484266531772,1.7251881800102717,0.29357798165137616,0.4749536178107607,0.35,0.1898152232170105
55,low_rating_bottom20_raw,content_plus_quantity,DummyClassifier,0,2704,0.22633136094674555,0.22633136094674555,0.5,0.19852941176470587,0.22140221402214022,0.2365988909426987,0.04411764705882353,0.09803921568627451,0.20915032679738563,0.8771626297577855,0.9782215469213517,1.0453650344919236,0.0,0.3691194209891435,0.05,0.17510859497771694
55,low_rating_bottom20_raw,content_plus_quantity,LogisticRegression,0,2704,0.22633136094674555,0.3560285153846674,0.6731901173471301,0.47058823529411764,0.42066420664206644,0.37153419593345655,0.10457516339869281,0.18627450980392157,0.3284313725490196,2.07920030757401,1.8586209391505681,1.641549780725599,0.19430051813471502,0.42164883574575207,0.25,0.16706567894173116
55,low_rating_bottom20_raw,content_plus_quantity,LogisticRegressionBalanced,0,2704,0.22633136094674555,0.3557002116391042,0.6734822354690762,0.49264705882352944,0.41697416974169743,0.3752310536044362,0.10947712418300654,0.184640522875817,0.33169934640522875,2.176662821991542,1.842317246701879,1.6578836093895353,0.4361334867663982,0.4073107049608355,0.55,0.22298470197722142
55,low_rating_bottom20_raw,content_plus_quantity,HistGradientBoostingClassifier,0,2704,0.22633136094674555,0.3992969744883994,0.6939554980692085,0.5661764705882353,0.4907749077490775,0.4177449168207024,0.12581699346405228,0.2173202614379085,0.369281045751634,2.501537870049981,2.1683910956756627,1.845722639024803,0.09253731343283582,0.3890845070422535,0.3,0.16033793886315958
55,low_rating_bottom20_raw,content_plus_quantity,ExtraTreesClassifier,0,2704,0.22633136094674555,0.39583227866745924,0.6899939389395019,0.49264705882352944,0.4833948339483395,0.41035120147874304,0.10947712418300654,0.21405228758169934,0.3627450980392157,2.176662821991542,2.135783710778284,1.8130549816969301,0.18733509234828497,0.12298682284040996,0.55,0.1697191693870075
55,low_rating_bottom20_raw,content_plus_quantity,XGBoostClassifier,0,2704,0.22633136094674555,0.3824504885625867,0.6861682850323049,0.5,0.45018450184501846,0.39926062846580407,0.1111111111111111,0.19934640522875818,0.35294117647058826,2.2091503267973858,1.9890504787400816,1.7640534957051213,0.13802816901408452,0.38215488215488214,0.3,0.16214725375175476
55,low_rating_bottom30_bayes_global_m25,content_plus_quantity,DummyClassifier,0,2704,0.29289940828402367,0.29289940828402367,0.5,0.27205882352941174,0.28044280442804426,0.2920517560073937,0.04671717171717172,0.09595959595959595,0.1994949494949495,0.9288472964943553,0.9574713928957471,0.9971059952575664,0.0,0.45308924485125857,0.05,0.2071901179850902
55,low_rating_bottom30_bayes_global_m25,content_plus_quantity,LogisticRegression,0,2704,0.29289940828402367,0.4890808930928978,0.676197777989096,0.6911764705882353,0.6273062730627307,0.5231053604436229,0.11868686868686869,0.21464646464646464,0.3573232323232323,2.359774212715389,2.1417123262141713,1.7859556750499448,0.38587848932676516,0.48973305954825463,0.3,0.19098765127196393
55,low_rating_bottom30_bayes_global_m25,content_plus_quantity,LogisticRegressionBalanced,0,2704,0.29289940828402367,0.4908351648319488,0.6753657125649803,0.6764705882352942,0.6162361623616236,0.5249537892791127,0.11616161616161616,0.21085858585858586,0.35858585858585856,2.3095662507427215,2.1039174028103917,1.792266472488284,0.49226006191950467,0.49226006191950467,0.5,0.22413732069185596
55,low_rating_bottom30_bayes_global_m25,content_plus_quantity,HistGradientBoostingClassifier,0,2704,0.29289940828402367,0.49674547828745763,0.68741547271882,0.6764705882352942,0.5977859778597786,0.5138632162661737,0.11616161616161616,0.20454545454545456,0.351010101010101,2.3095662507427215,2.040925863804093,1.7544016878582496,0.3014218009478673,0.47029393370856787,0.35,0.18640633967684286
55,low_rating_bottom30_bayes_global_m25,content_plus_quantity,ExtraTreesClassifier,0,2704,0.29289940828402367,0.5022368582480813,0.6980058165335362,0.6764705882352942,0.5904059040590406,0.5471349353049908,0.11616161616161616,0.20202020202020202,0.37373737373737376,2.3095662507427215,2.015729248201573,1.8679960417483525,0.34782608695652173,0.34782608695652173,0.5,0.19421072697004882
55,low_rating_bottom30_bayes_global_m25,content_plus_quantity,XGBoostClassifier,0,2704,0.29289940828402367,0.4949797595048717,0.6902960039727822,0.6838235294117647,0.6236162361623616,0.5157116451016636,0.11742424242424243,0.21338383838383837,0.3522727272727273,2.3346702317290555,2.1291140184129116,1.7607124852965887,0.3330266789328427,0.47371675943104513,0.35,0.18618297576904297
55,low_rating_bottom30_bayes_category_m25,content_plus_quantity,DummyClassifier,0,2704,0.2984467455621302,0.2984467455621302,0.5,0.2867647058823529,0.28413284132841327,0.30129390018484287,0.048327137546468404,0.09541511771995044,0.20198265179677818,0.9608572053356658,0.9520386653680663,1.009539908426041,0.0,0.459698091711763,0.05,0.20938012804746461
55,low_rating_bottom30_bayes_category_m25,content_plus_quantity,LogisticRegression,0,2704,0.2984467455621302,0.4907816082803206,0.6853520101849981,0.6911764705882353,0.5904059040590406,0.5101663585951941,0.11648079306071871,0.1982651796778191,0.3420074349442379,2.3159122385013484,1.9782621618037741,1.7094049983164867,0.3803486529318542,0.4969818913480885,0.3,0.19271511580884637
55,low_rating_bottom30_bayes_category_m25,content_plus_quantity,LogisticRegressionBalanced,0,2704,0.2984467455621302,0.4881663191457215,0.6830069522150346,0.6985294117647058,0.5904059040590406,0.512014787430684,0.11771995043370508,0.1982651796778191,0.34324659231722426,2.340549602740724,1.9782621618037741,1.7155984946871987,0.49899193548387094,0.49899193548387094,0.5,0.22411366014127568
55,low_rating_bottom30_bayes_category_m25,content_plus_quantity,HistGradientBoostingClassifier,0,2704,0.2984467455621302,0.5008400008942274,0.7036016563033395,0.6544117647058824,0.5793357933579336,0.5249537892791127,0.11028500619578686,0.19454770755885997,0.35192069392812886,2.192725417304468,1.9411697462699535,1.758952969282182,0.2825070159027128,0.4878048780487805,0.35,0.1865748879313019
55,low_rating_bottom30_bayes_category_m25,content_plus_quantity,ExtraTreesClassifier,0,2704,0.2984467455621302,0.5060267600677163,0.6990748452359723,0.7132352941176471,0.6125461254612546,0.5286506469500925,0.12019826517967781,0.2057001239157373,0.3543990086741016,2.3898243312194767,2.0524469928714155,1.7713399620236059,0.37271214642262895,0.1810344827586207,0.6,0.1938978054850882
55,low_rating_bottom30_bayes_category_m25,content_plus_quantity,XGBoostClassifier,0,2704,0.2984467455621302,0.5258525212199948,0.7105473391430674,0.6911764705882353,0.6236162361623616,0.55637707948244,0.11648079306071871,0.2094175960346964,0.37298636926889717,2.3159122385013484,2.0895394084052366,1.8642424075842845,0.34519572953736655,0.5146341463414634,0.35,0.18368315696716309
55,low_rating_bottom30_category_relative,content_plus_quantity,DummyClassifier,0,2704,0.3128698224852071,0.3128698224852071,0.5,0.2647058823529412,0.2915129151291513,0.3068391866913124,0.0425531914893617,0.0933806146572104,0.19621749408983452,0.8460575719649561,0.9317386790889185,0.9807247763750693,0.0,0.47661971830985916,0.05,0.2149948132062994
55,low_rating_bottom30_category_relative,content_plus_quantity,LogisticRegression,0,2704,0.3128698224852071,0.4759035739018571,0.657877760728,0.6323529411764706,0.5645756457564576,0.5101663585951941,0.1016548463356974,0.18085106382978725,0.3262411347517731,2.021137533027395,1.8045065557038549,1.6306026402380671,0.35395458104933436,0.5084586466165414,0.3,0.20282946481707043
55,low_rating_bottom30_category_relative,content_plus_quantity,LogisticRegressionBalanced,0,2704,0.3128698224852071,0.47420663462015417,0.6569374782106385,0.6470588235294118,0.5682656826568265,0.5027726432532348,0.10401891252955082,0.18203309692671396,0.3215130023640662,2.0681407314698927,1.816300716198651,1.6069707179157764,0.4967837704106878,0.514489522960321,0.45,0.23046421826608093
55,low_rating_bottom30_category_relative,content_plus_quantity,HistGradientBoostingClassifier,0,2704,0.3128698224852071,0.48391294035572235,0.6728472110889718,0.6617647058823529,0.5682656826568265,0.5138632162661737,0.10638297872340426,0.18203309692671396,0.32860520094562645,2.1151439299123904,1.816300716198651,1.6424186013992124,0.22072936660268713,0.49017341040462425,0.35,0.19782266508670668
55,low_rating_bottom30_category_relative,content_plus_quantity,ExtraTreesClassifier,0,2704,0.3128698224852071,0.48632653575432283,0.6684670722986917,0.6617647058823529,0.5793357933579336,0.5083179297597042,0.10638297872340426,0.18557919621749408,0.32505910165484636,2.1151439299123904,1.8516831976830406,1.6246946596574943,0.3271812080536913,0.3271812080536913,0.5,0.2047809159868138
55,low_rating_bottom30_category_relative,content_plus_quantity,XGBoostClassifier,0,2704,0.3128698224852071,0.5069983660446525,0.675422490947077,0.7132352941176471,0.6273062730627307,0.5268022181146026,0.11465721040189125,0.20094562647754138,0.33687943262411346,2.279655124461132,2.0050072841153943,1.6837744654632214,0.32077125328659073,0.48488305761551626,0.35,0.19553612172603607
11,low_rating_bottom30_raw,content_quantity_plus_reliability,DummyClassifier,0,2704,0.3021449704142012,0.3021449704142012,0.5,0.2647058823529412,0.2693726937269373,0.27726432532347506,0.044063647490820076,0.08935128518971848,0.1835985312117503,0.8760889912880697,0.8915345946605121,0.9176532872395062,0.0,0.4640727066174382,0.05,0.21085341472016078
11,low_rating_bottom30_raw,content_quantity_plus_reliability,LogisticRegression,0,2704,0.3021449704142012,0.5015882312118718,0.704013611134354,0.6544117647058824,0.5977859778597786,0.5471349353049908,0.10893512851897184,0.19828641370869032,0.3623011015911873,2.1658866729066166,1.9784740319863419,1.8108358201526256,0.4114906832298137,0.5197401299350325,0.3,0.18984045737318217
11,low_rating_bottom30_raw,content_quantity_plus_reliability,LogisticRegressionBalanced,0,2704,0.3021449704142012,0.49942943948762886,0.7043074466215081,0.6397058823529411,0.5904059040590406,0.5471349353049908,0.10648714810281518,0.19583843329253367,0.3623011015911873,2.1172150622795014,1.9540484266531772,1.8108358201526256,0.5227841762643965,0.5215004574565416,0.45,0.21795838544651322
11,low_rating_bottom30_raw,content_quantity_plus_reliability,HistGradientBoostingClassifier,0,2704,0.3021449704142012,0.49172656112914187,0.6928154304495294,0.6764705882352942,0.6162361623616236,0.5249537892791127,0.11260709914320685,0.204406364749082,0.34761321909424725,2.2388940888472892,2.0395380453192535,1.7374235571734649,0.29084041548630785,0.48034398034398035,0.35,0.18964151192772796
11,low_rating_bottom30_raw,content_quantity_plus_reliability,ExtraTreesClassifier,0,2704,0.3021449704142012,0.4837806953769989,0.6936658020249352,0.5808823529411765,0.5830258302583026,0.5027726432532348,0.0966952264381885,0.193390452876377,0.3329253365973072,1.922528619771042,1.9296228213200124,1.6640112941943046,0.33275862068965517,0.33275862068965517,0.5,0.19720505528609059
11,low_rating_bottom30_raw,content_quantity_plus_reliability,XGBoostClassifier,0,2704,0.3021449704142012,0.5163763460030315,0.7081344430325639,0.6911764705882353,0.6088560885608856,0.5434380776340111,0.11505507955936352,0.20195838433292534,0.3598531211750306,2.287565699474404,2.0151124399860887,1.798600442989432,0.34615384615384615,0.4472753007784855,0.4,0.18615062534809113
11,low_rating_bottom20_raw,content_quantity_plus_reliability,DummyClassifier,0,2704,0.21967455621301776,0.21967455621301776,0.5,0.18382352941176472,0.18450184501845018,0.20147874306839186,0.04208754208754209,0.08417508417508418,0.1835016835016835,0.8367993662111309,0.8398871867506553,0.917169227705272,0.0,0.3602183141297756,0.05,0.1714606209125423
11,low_rating_bottom20_raw,content_quantity_plus_reliability,LogisticRegression,0,2704,0.21967455621301776,0.41084952384274986,0.7284487848468891,0.5441176470588235,0.4870848708487085,0.43253234750462105,0.12457912457912458,0.2222222222222222,0.3939393939393939,2.4769261239849474,2.21730217302173,1.9689688007617765,0.3105022831050228,0.4610472541507024,0.25,0.15529181918836676
11,low_rating_bottom20_raw,content_quantity_plus_reliability,LogisticRegressionBalanced,0,2704,0.21967455621301776,0.40884382106552025,0.7283482534667368,0.5294117647058824,0.4797047970479705,0.4195933456561922,0.12121212121212122,0.21885521885521886,0.38215488215488214,2.4099821746880568,2.1837066855517038,1.9100680246706123,0.4607142857142857,0.45687952600395,0.55,0.20962930651426018
11,low_rating_bottom20_raw,content_quantity_plus_reliability,HistGradientBoostingClassifier,0,2704,0.21967455621301776,0.4243320916349329,0.7347184323487641,0.5588235294117647,0.5018450184501845,0.4399260628465804,0.12794612794612795,0.22895622895622897,0.4006734006734007,2.543870073281838,2.2844931479617823,2.002626387099585,0.17069701280227595,0.4325177584846093,0.3,0.15106145337656232
11,low_rating_bottom20_raw,content_quantity_plus_reliability,ExtraTreesClassifier,0,2704,0.21967455621301776,0.3955455450867278,0.7061938500327126,0.5147058823529411,0.46494464944649444,0.4048059149722736,0.11784511784511785,0.21212121212121213,0.3686868686868687,2.343038225391166,2.1165157106116514,1.842752851994996,0.22395833333333334,0.22395833333333334,0.5,0.16558330266843044
11,low_rating_bottom20_raw,content_quantity_plus_reliability,XGBoostClassifier,0,2704,0.21967455621301776,0.43956937731300133,0.7341814671198558,0.5882352941176471,0.5092250922509225,0.4269870609981516,0.13468013468013468,0.23232323232323232,0.3888888888888889,2.677757971875619,2.318088635431809,1.9437256110084207,0.24032042723631508,0.3870967741935484,0.35,0.15051811933517456
11,low_rating_bottom30_bayes_global_m25,content_quantity_plus_reliability,DummyClassifier,0,2704,0.29511834319526625,0.29511834319526625,0.5,0.23529411764705882,0.24354243542435425,0.2643253234750462,0.040100250626566414,0.08270676691729323,0.17919799498746866,0.7972873359870264,0.8252365230419222,0.8956587401961467,0.0,0.4557395773843518,0.05,0.2080621144152061
11,low_rating_bottom30_bayes_global_m25,content_quantity_plus_reliability,LogisticRegression,0,2704,0.29511834319526625,0.5107615226995319,0.6969640786120601,0.6838235294117647,0.6309963099630996,0.5600739371534196,0.11654135338345864,0.21428571428571427,0.37969924812030076,2.3171163202122957,2.1381128096995257,1.8977943935624644,0.4091279543602282,0.5116279069767442,0.3,0.18639736287241226
11,low_rating_bottom30_bayes_global_m25,content_quantity_plus_reliability,LogisticRegressionBalanced,0,2704,0.29511834319526625,0.5085929991024247,0.6968694033089018,0.6911764705882353,0.6199261992619927,0.55637707948244,0.11779448621553884,0.21052631578947367,0.37719298245614036,2.34203154946189,2.1006020586521656,1.8852676978953857,0.5051652892561983,0.5051652892561983,0.5,0.2177585638655278
11,low_rating_bottom30_bayes_global_m25,content_quantity_plus_reliability,HistGradientBoostingClassifier,0,2704,0.29511834319526625,0.5096454285366534,0.6930429431395908,0.7058823529411765,0.6236162361623616,0.55637707948244,0.12030075187969924,0.21177944862155387,0.37719298245614036,2.3918620079610795,2.113105642334619,1.8852676978953857,0.3455684870188004,0.504424778761062,0.35,0.18539086402430732
11,low_rating_bottom30_bayes_global_m25,content_quantity_plus_reliability,ExtraTreesClassifier,0,2704,0.29511834319526625,0.4984088228781818,0.6950094280822727,0.6397058823529411,0.6236162361623616,0.5415896487985212,0.10902255639097744,0.21177944862155387,0.36716791979949875,2.1676249447147278,2.113105642334619,1.8351609152270696,0.35481023830538394,0.35481023830538394,0.5,0.1941871432290203
11,low_rating_bottom30_bayes_global_m25,content_quantity_plus_reliability,XGBoostClassifier,0,2704,0.29511834319526625,0.5172315845959456,0.6961514489266186,0.6985294117647058,0.6162361623616236,0.5619223659889094,0.11904761904761904,0.20927318295739347,0.38095238095238093,2.3669467787114846,2.088098474969712,1.904057741396004,0.34767025089605735,0.5071119356833642,0.35,0.18469181656837463
11,low_rating_bottom30_bayes_category_m25,content_quantity_plus_reliability,DummyClassifier,0,2704,0.29548816568047337,0.29548816568047337,0.5,0.2647058823529412,0.25092250922509224,0.26062846580406657,0.04505632040050062,0.0851063829787234,0.17647058823529413,0.8958256644334831,0.8491795556253434,0.8820267478525607,0.0,0.45618041678561233,0.05,0.20820693060134102
11,low_rating_bottom30_bayes_category_m25,content_quantity_plus_reliability,LogisticRegression,0,2704,0.29548816568047337,0.5219890178701085,0.7169703599315418,0.7132352941176471,0.6273062730627307,0.5582255083179297,0.1214017521902378,0.2127659574468085,0.37797246558197745,2.4137524847235516,2.122948889063359,1.8891636727054844,0.4265625,0.522680412371134,0.3,0.18341824688326347
11,low_rating_bottom30_bayes_category_m25,content_quantity_plus_reliability,LogisticRegressionBalanced,0,2704,0.29548816568047337,0.5196736738341462,0.7173665244285015,0.6985294117647058,0.6273062730627307,0.5526802218114603,0.11889862327909888,0.2127659574468085,0.3742177722152691,2.3639843922550248,2.122948889063359,1.87039714615543,0.5218733916623778,0.5304592314901593,0.45,0.21270547051474253
11,low_rating_bottom30_bayes_category_m25,content_quantity_plus_reliability,HistGradientBoostingClassifier,0,2704,0.29548816568047337,0.5200779523252317,0.7143470019939623,0.7132352941176471,0.6457564575645757,0.5489833641404805,0.1214017521902378,0.2190237797246558,0.3717146433041302,2.4137524847235516,2.1853885622711045,1.8578861284553936,0.34923492349234925,0.5015556938394524,0.35,0.1821611315693567
11,low_rating_bottom30_bayes_category_m25,content_quantity_plus_reliability,ExtraTreesClassifier,0,2704,0.29548816568047337,0.5000571570148171,0.7090069936501993,0.6691176470588235,0.6014760147601476,0.512014787430684,0.11389236545682102,0.20400500625782228,0.34668335419274093,2.264448207317971,2.0355333465725143,1.7327759514550305,0.34812286689419797,0.19766206163655686,0.6,0.19154861161416165
11,low_rating_bottom30_bayes_category_m25,content_quantity_plus_reliability,XGBoostClassifier,0,2704,0.29548816568047337,0.5296017018513901,0.7200752909640988,0.7132352941176471,0.6494464944649446,0.5619223659889094,0.1214017521902378,0.2202753441802253,0.3804755944931164,2.4137524847235516,2.1978764969126536,1.9016746904055208,0.37389770723104054,0.5037128712871287,0.35,0.18046113848686218
11,low_rating_bottom30_category_relative,content_quantity_plus_reliability,DummyClassifier,0,2704,0.3128698224852071,0.3128698224852071,0.5,0.2647058823529412,0.2730627306273063,0.2828096118299446,0.0425531914893617,0.08747044917257683,0.18085106382978725,0.8460575719649561,0.8727678766149364,0.9039210288276243,0.0,0.47661971830985916,0.05,0.21499481320629943
11,low_rating_bottom30_category_relative,content_quantity_plus_reliability,LogisticRegression,0,2704,0.3128698224852071,0.5094946273635725,0.6980223530220095,0.6691176470588235,0.6014760147601476,0.5434380776340111,0.10756501182033097,0.19267139479905437,0.3475177304964539,2.138645529133639,1.9224481606518191,1.7369462906883757,0.4155455904334828,0.53771597134429,0.25,0.19419888475208022
11,low_rating_bottom30_category_relative,content_quantity_plus_reliability,LogisticRegressionBalanced,0,2704,0.3128698224852071,0.5072184193392878,0.6983474439329511,0.6470588235294118,0.6014760147601476,0.5434380776340111,0.10401891252955082,0.19267139479905437,0.3475177304964539,2.0681407314698927,1.9224481606518191,1.7369462906883757,0.5238798621368784,0.5287561301827909,0.45,0.21972027343369252
11,low_rating_bottom30_category_relative,content_quantity_plus_reliability,HistGradientBoostingClassifier,0,2704,0.3128698224852071,0.5220945509446749,0.6980299872508379,0.7205882352941176,0.6162361623616236,0.5471349353049908,0.11583924349881797,0.19739952718676124,0.34988179669030733,2.3031567236823807,1.9696248026310048,1.7487622518495214,0.31010452961672474,0.48327566320645904,0.35,0.19139447516089655
11,low_rating_bottom30_category_relative,content_quantity_plus_reliability,ExtraTreesClassifier,0,2704,0.3128698224852071,0.5009934435519273,0.6941021765186389,0.6470588235294118,0.5940959409594095,0.5415896487985212,0.10401891252955082,0.19030732860520094,0.3463356973995272,2.0681407314698927,1.898859839662226,1.731038310107803,0.32550335570469796,0.32550335570469796,0.5,0.20099247109954826
11,low_rating_bottom30_category_relative,content_quantity_plus_reliability,XGBoostClassifier,0,2704,0.3128698224852071,0.5188937914351202,0.6958103352189879,0.6985294117647058,0.6273062730627307,0.5526802218114603,0.11229314420803782,0.20094562647754138,0.3534278959810875,2.2326519260186344,2.0050072841153943,1.7664861935912393,0.33305012744265083,0.4585818422796554,0.4,0.19148042798042297
22,low_rating_bottom30_raw,content_quantity_plus_reliability,DummyClassifier,0,2704,0.3021449704142012,0.3021449704142012,0.5,0.29411764705882354,0.3173431734317343,0.31053604436229204,0.04895960832313342,0.10526315789473684,0.20563035495716034,0.9734322125422997,1.0503010293260826,1.027771681708247,0.0,0.4640727066174382,0.05,0.21085341472016084
22,low_rating_bottom30_raw,content_quantity_plus_reliability,LogisticRegression,0,2704,0.3021449704142012,0.5075702209597375,0.710892475022362,0.6691176470588235,0.6162361623616236,0.5471349353049908,0.11138310893512852,0.204406364749082,0.3623011015911873,2.2145582835337314,2.0395380453192535,1.8108358201526256,0.4015810276679842,0.5245737211634904,0.3,0.18739719438699826
22,low_rating_bottom30_raw,content_quantity_plus_reliability,LogisticRegressionBalanced,0,2704,0.3021449704142012,0.5059504468919369,0.710551937206124,0.6691176470588235,0.6125461254612546,0.5545286506469501,0.11138310893512852,0.20318237454100369,0.3671970624235006,2.2145582835337314,2.0273252426526716,1.8353065744790125,0.5274282838449924,0.5293577981651376,0.45,0.21505749340836777
22,low_rating_bottom30_raw,content_quantity_plus_reliability,HistGradientBoostingClassifier,0,2704,0.3021449704142012,0.5228036166669203,0.7171687491364935,0.6985294117647058,0.6273062730627307,0.5397412199630314,0.11627906976744186,0.20807833537331702,0.3574051407588739,2.3119015047879614,2.076176453319001,1.7863650658262384,0.31152073732718893,0.5077658303464755,0.35,0.18406201082420304
22,low_rating_bottom30_raw,content_quantity_plus_reliability,ExtraTreesClassifier,0,2704,0.3021449704142012,0.5268291598137973,0.7267589426852153,0.6764705882352942,0.6273062730627307,0.55637707948244,0.11260709914320685,0.20807833537331702,0.3684210526315789,2.2388940888472892,2.076176453319001,1.8414242630606092,0.34355828220858897,0.34355828220858897,0.5,0.1929814302792392
22,low_rating_bottom30_raw,content_quantity_plus_reliability,XGBoostClassifier,0,2704,0.3021449704142012,0.5337062958681793,0.7269172116893334,0.7352941176470589,0.6273062730627307,0.5711645101663586,0.12239902080783353,0.20807833537331702,0.37821297429620565,2.4335805313557493,2.076176453319001,1.8903657717133826,0.33807829181494664,0.5194805194805194,0.35,0.18187591433525085
22,low_rating_bottom20_raw,content_quantity_plus_reliability,DummyClassifier,0,2704,0.22374260355029585,0.22374260355029585,0.5,0.19852941176470587,0.2177121771217712,0.22735674676524953,0.04462809917355372,0.09752066115702479,0.20330578512396694,0.8873116188624209,0.9730474825409411,1.0161531293441897,0.0,0.36566938652160774,0.05,0.1736840121686125
22,low_rating_bottom20_raw,content_quantity_plus_reliability,LogisticRegression,0,2704,0.22374260355029585,0.40646339897553857,0.7173396225672202,0.5294117647058824,0.4907749077490775,0.45286506469500926,0.11900826446280992,0.21983471074380165,0.4049586776859504,2.366164316966456,2.193479918270257,2.024044851132736,0.29988465974625145,0.4489528795811518,0.25,0.15860248920760997
22,low_rating_bottom20_raw,content_quantity_plus_reliability,LogisticRegressionBalanced,0,2704,0.22374260355029585,0.40329758861674225,0.7177593423078286,0.5073529411764706,0.4797047970479705,0.44731977818853974,0.1140495867768595,0.21487603305785125,0.4,2.2675741370928537,2.1440029276325823,1.999260628465804,0.453125,0.453125,0.5,0.21018732054895875
22,low_rating_bottom20_raw,content_quantity_plus_reliability,HistGradientBoostingClassifier,0,2704,0.22374260355029585,0.442542657533347,0.7411313533796101,0.5367647058823529,0.5276752767527675,0.46395563770794823,0.1206611570247934,0.23636363636363636,0.41487603305785126,2.399027710257657,2.3584032203958403,2.0736132964665983,0.17158931082981715,0.41941747572815535,0.35,0.15150456642208582
22,low_rating_bottom20_raw,content_quantity_plus_reliability,ExtraTreesClassifier,0,2704,0.22374260355029585,0.4337309987895346,0.7344756849975785,0.5661764705882353,0.5129151291512916,0.4510166358595194,0.12727272727272726,0.22975206611570248,0.4033057851239669,2.53048128342246,2.2924338995456073,2.015783443577092,0.23468057366362452,0.23468057366362452,0.5,0.16320083579303818
22,low_rating_bottom20_raw,content_quantity_plus_reliability,XGBoostClassifier,0,2704,0.22374260355029585,0.43542104958215366,0.7414006669842783,0.5514705882352942,0.5276752767527675,0.4602587800369686,0.12396694214876033,0.23636363636363636,0.4115702479338843,2.4647544968400585,2.3584032203958403,2.057090481355311,0.19538670284938942,0.4045155221072437,0.35,0.15180367231369019
22,low_rating_bottom30_bayes_global_m25,content_quantity_plus_reliability,DummyClassifier,0,2704,0.3039940828402367,0.3039940828402367,0.5,0.29411764705882354,0.3062730627306273,0.2957486136783734,0.04866180048661801,0.10097323600973236,0.19464720194647203,0.9675110920280521,1.00749679029637,0.9728762182315348,0.0,0.46625070901871807,0.05,0.21160551421756965
22,low_rating_bottom30_bayes_global_m25,content_quantity_plus_reliability,LogisticRegression,0,2704,0.3039940828402367,0.5184574613272899,0.6961979413110762,0.6617647058823529,0.6642066420664207,0.5711645101663586,0.10948905109489052,0.21897810218978103,0.3759124087591241,2.176899957063117,2.1849327982330915,1.8788671964596515,0.4211369095276221,0.5188583078491336,0.3,0.1894668769139419
22,low_rating_bottom30_bayes_global_m25,content_quantity_plus_reliability,LogisticRegressionBalanced,0,2704,0.3039940828402367,0.5166123212345903,0.6959555372836788,0.6617647058823529,0.6678966789667896,0.5637707948243993,0.10948905109489052,0.22019464720194648,0.3710462287104623,2.176899957063117,2.1970713137788307,1.8545452910038631,0.5158002038735984,0.5158002038735984,0.5,0.2190580917576947
22,low_rating_bottom30_bayes_global_m25,content_quantity_plus_reliability,HistGradientBoostingClassifier,0,2704,0.3039940828402367,0.5325446370430938,0.7116187159179936,0.6838235294117647,0.6974169741697417,0.5785582255083179,0.11313868613138686,0.22992700729927007,0.38077858880778587,2.249463288965221,2.294179438144746,1.9031891019154399,0.36155202821869487,0.5110294117647058,0.35,0.18476416122939524
22,low_rating_bottom30_bayes_global_m25,content_quantity_plus_reliability,ExtraTreesClassifier,0,2704,0.3039940828402367,0.541247193827306,0.724025923656306,0.6911764705882353,0.6457564575645757,0.5767097966728281,0.11435523114355231,0.21289537712895376,0.3795620437956204,2.273651066265922,2.1242402205043946,1.8971086255514926,0.38143459915611816,0.38143459915611816,0.5,0.19232472142345078
22,low_rating_bottom30_bayes_global_m25,content_quantity_plus_reliability,XGBoostClassifier,0,2704,0.3039940828402367,0.5395615999258163,0.7163646635690665,0.7132352941176471,0.6420664206642066,0.5970425138632163,0.11800486618004866,0.2116788321167883,0.3929440389294404,2.3462143981680263,2.112101704958655,1.9639938655549107,0.3736075407026564,0.5187032418952618,0.35,0.1834918111562729
22,low_rating_bottom30_bayes_category_m25,content_quantity_plus_reliability,DummyClassifier,0,2704,0.29770710059171596,0.29770710059171596,0.5,0.27941176470588236,0.2988929889298893,0.2957486136783734,0.04720496894409938,0.10062111801242236,0.19875776397515527,0.9385458531238583,1.0039834062936903,0.9934214302935673,0.0,0.45882017668851527,0.05,0.20908590511790204
22,low_rating_bottom30_bayes_category_m25,content_quantity_plus_reliability,LogisticRegression,0,2704,0.29770710059171596,0.5289086519764314,0.7251557701176494,0.6764705882352942,0.6642066420664207,0.5526802218114603,0.11428571428571428,0.2236024844720497,0.37142857142857144,2.2722689075630256,2.2310742362082006,1.8564562978611039,0.4193296960249415,0.5486005089058524,0.3,0.18218866656697225
22,low_rating_bottom30_bayes_category_m25,content_quantity_plus_reliability,LogisticRegressionBalanced,0,2704,0.29770710059171596,0.5271712208874964,0.725040639238043,0.6764705882352942,0.6531365313653137,0.5526802218114603,0.11428571428571428,0.21987577639751552,0.37142857142857144,2.2722689075630256,2.193889665604731,1.8564562978611039,0.5531914893617021,0.5531914893617021,0.5,0.210534720746663
22,low_rating_bottom30_bayes_category_m25,content_quantity_plus_reliability,HistGradientBoostingClassifier,0,2704,0.29770710059171596,0.561890698303029,0.7393763962072225,0.7794117647058824,0.7047970479704797,0.5748613678373382,0.13167701863354037,0.2372670807453416,0.38633540372670805,2.6180489587139206,2.3674176617542573,1.9309629051331212,0.3577386468952734,0.526381129733085,0.35,0.17698253701430652
22,low_rating_bottom30_bayes_category_m25,content_quantity_plus_reliability,ExtraTreesClassifier,0,2704,0.29770710059171596,0.5482090463615246,0.7379817425974442,0.75,0.6531365313653137,0.5674676524953789,0.1267080745341615,0.21987577639751552,0.3813664596273292,2.519254658385093,2.193889665604731,1.906127369375782,0.3969849246231156,0.2859960552268245,0.55,0.1875301206996515
22,low_rating_bottom30_bayes_category_m25,content_quantity_plus_reliability,XGBoostClassifier,0,2704,0.29770710059171596,0.5651850741826705,0.7396740356971142,0.7794117647058824,0.6900369003690037,0.5841035120147874,0.13167701863354037,0.23229813664596274,0.39254658385093166,2.6180489587139206,2.317838234282964,1.9620073248297953,0.3882149046793761,0.5296296296296297,0.35,0.175937682390213
22,low_rating_bottom30_category_relative,content_quantity_plus_reliability,DummyClassifier,0,2704,0.3150887573964497,0.3150887573964497,0.5,0.3088235294117647,0.33210332103321033,0.3234750462107209,0.04929577464788732,0.1056338028169014,0.20539906103286384,0.9801159900579951,1.0539992723870901,1.0266156396171235,0.0,0.47919010123734535,0.05,0.21580841605297793
22,low_rating_bottom30_category_relative,content_quantity_plus_reliability,LogisticRegression,0,2704,0.3150887573964497,0.5156469226073083,0.7010318751964632,0.6617647058823529,0.6346863468634686,0.55637707948244,0.1056338028169014,0.20187793427230047,0.3532863849765258,2.100248550124275,2.0143097205619944,1.7657789001414528,0.4086826347305389,0.5363075462743236,0.3,0.1933452009536778
22,low_rating_bottom30_category_relative,content_quantity_plus_reliability,LogisticRegressionBalanced,0,2704,0.3150887573964497,0.5142168146735983,0.7008208357415914,0.6838235294117647,0.6383763837638377,0.5526802218114603,0.10915492957746478,0.20305164319248825,0.35093896713615025,2.1702568351284177,2.0260208235885178,1.7540461499743998,0.5398230088495575,0.5308477585441633,0.45,0.2187892358098037
22,low_rating_bottom30_category_relative,content_quantity_plus_reliability,HistGradientBoostingClassifier,0,2704,0.3150887573964497,0.5221842403618329,0.705859798821728,0.6838235294117647,0.6199261992619927,0.5452865064695009,0.10915492957746478,0.19718309859154928,0.34624413145539906,2.1702568351284177,1.9674653084559015,1.730580649640294,0.2799634034766697,0.5011363636363636,0.35,0.1915572745244718
22,low_rating_bottom30_category_relative,content_quantity_plus_reliability,ExtraTreesClassifier,0,2704,0.3150887573964497,0.529375766739921,0.7147405672334947,0.6691176470588235,0.6088560885608856,0.5693160813308688,0.1068075117370892,0.1936619718309859,0.3615023474178404,2.1235846451256557,1.9323319993763317,1.8068435257261375,0.33866891322662174,0.33866891322662174,0.5,0.19921944442738662
22,low_rating_bottom30_category_relative,content_quantity_plus_reliability,XGBoostClassifier,0,2704,0.3150887573964497,0.5278047873010111,0.7147700367069226,0.6691176470588235,0.6199261992619927,0.5600739371534196,0.1068075117370892,0.19718309859154928,0.35563380281690143,2.1235846451256557,1.9674653084559015,1.7775116503085053,0.31724137931034485,0.4774951076320939,0.4,0.18902264535427094
33,low_rating_bottom30_raw,content_quantity_plus_reliability,DummyClassifier,0,2704,0.3021449704142012,0.3021449704142012,0.5,0.33088235294117646,0.3173431734317343,0.2920517560073937,0.05507955936352509,0.10526315789473684,0.193390452876377,1.095111239110087,1.0503010293260826,0.9665947958922797,0.0,0.4640727066174382,0.05,0.21085341472016084
33,low_rating_bottom30_raw,content_quantity_plus_reliability,LogisticRegression,0,2704,0.3021449704142012,0.4884391518899179,0.7000912641347519,0.6764705882352942,0.6051660516605166,0.5341959334565619,0.11260709914320685,0.200734394124847,0.3537331701346389,2.2388940888472892,2.0028996373195067,1.7680120000814485,0.39377431906614785,0.5260811413285778,0.25,0.19130490712074777
33,low_rating_bottom30_raw,content_quantity_plus_reliability,LogisticRegressionBalanced,0,2704,0.3021449704142012,0.48655309995687107,0.6996910511202398,0.6544117647058824,0.6051660516605166,0.5286506469500925,0.10893512851897184,0.200734394124847,0.35006119951040393,2.1658866729066166,2.0028996373195067,1.7496589343366584,0.5179640718562875,0.5264598540145985,0.45,0.21985223053748548
33,low_rating_bottom30_raw,content_quantity_plus_reliability,HistGradientBoostingClassifier,0,2704,0.3021449704142012,0.49193005218603847,0.7036983704130367,0.625,0.5719557195571956,0.5304990757855823,0.10403916768665851,0.189718482252142,0.35128518971848227,2.0685434516523866,1.8929844133202656,1.7557766229182552,0.30384271671134944,0.498220640569395,0.35,0.18825853874818516
33,low_rating_bottom30_raw,content_quantity_plus_reliability,ExtraTreesClassifier,0,2704,0.3021449704142012,0.5062090001875121,0.7139839097503435,0.6397058823529411,0.5977859778597786,0.5360443622920518,0.10648714810281518,0.19828641370869032,0.35495716034271724,2.1172150622795014,1.9784740319863419,1.7741296886630453,0.34865568083261056,0.34865568083261056,0.5,0.194910536856972
33,low_rating_bottom30_raw,content_quantity_plus_reliability,XGBoostClassifier,0,2704,0.3021449704142012,0.4899595911912894,0.7109411232818246,0.6176470588235294,0.5830258302583026,0.5360443622920518,0.10281517747858017,0.193390452876377,0.35495716034271724,2.0442076463388292,1.9296228213200124,1.7741296886630453,0.3342082239720035,0.517867603983597,0.35,0.18720757961273193
33,low_rating_bottom20_raw,content_quantity_plus_reliability,DummyClassifier,0,2704,0.21856508875739644,0.21856508875739644,0.5,0.2867647058823529,0.25092250922509224,0.21072088724584104,0.06598984771573604,0.11505922165820642,0.19289340101522842,1.312033442818752,1.1480447799401852,0.96411045535153,0.0,0.35872534142640367,0.05,0.17085747396717946
33,low_rating_bottom20_raw,content_quantity_plus_reliability,LogisticRegression,0,2704,0.21856508875739644,0.40015653683128777,0.7226507727923906,0.5073529411764706,0.4833948339483395,0.4288354898336414,0.116751269035533,0.22165820642978004,0.3925549915397631,2.321289937294715,2.2116745025318276,1.962049347732938,0.3099885189437428,0.4636942675159236,0.25,0.15643083432797666
33,low_rating_bottom20_raw,content_quantity_plus_reliability,LogisticRegressionBalanced,0,2704,0.21856508875739644,0.402019076637129,0.7236741691711049,0.5367647058823529,0.47601476014760147,0.43253234750462105,0.12351945854483926,0.2182741116751269,0.39593908629441626,2.45585746989151,2.17790847959241,1.978963566247877,0.4602510460251046,0.4602510460251046,0.5,0.21211547274882492
33,low_rating_bottom20_raw,content_quantity_plus_reliability,HistGradientBoostingClassifier,0,2704,0.21856508875739644,0.40507380008311245,0.7199569500866043,0.5,0.4612546125461255,0.41035120147874304,0.11505922165820642,0.21150592216582065,0.3756345177664975,2.287648054145516,2.1103764337135758,1.8774782551582423,0.18333333333333332,0.3770028275212064,0.35,0.15339683957342481
33,low_rating_bottom20_raw,content_quantity_plus_reliability,ExtraTreesClassifier,0,2704,0.21856508875739644,0.4100635893488006,0.7285661319861017,0.5147058823529411,0.47601476014760147,0.4399260628465804,0.11844331641285956,0.2182741116751269,0.4027072758037225,2.3549318204439134,2.17790847959241,2.0127920032777555,0.21635883905013192,0.21635883905013192,0.5,0.16334608024955588
33,low_rating_bottom20_raw,content_quantity_plus_reliability,XGBoostClassifier,0,2704,0.21856508875739644,0.4192423547963341,0.7354848680675505,0.5294117647058824,0.5055350553505535,0.4454713493530499,0.1218274111675127,0.23181049069373943,0.4077834179357022,2.422215586742311,2.312972571350079,2.038163331050164,0.21081081081081082,0.4082013047530289,0.35,0.1506379246711731
33,low_rating_bottom30_bayes_global_m25,content_quantity_plus_reliability,DummyClassifier,0,2704,0.2980769230769231,0.2980769230769231,0.5,0.3161764705882353,0.30996309963099633,0.28650646950092423,0.05334987593052109,0.10421836228287841,0.19230769230769232,1.060721062618596,1.0398762052136652,0.9611829944547136,0.0,0.45925925925925926,0.05,0.2092333962903228
33,low_rating_bottom30_bayes_global_m25,content_quantity_plus_reliability,LogisticRegression,0,2704,0.2980769230769231,0.4999646411515942,0.6936680115153211,0.6617647058823529,0.6125461254612546,0.5415896487985212,0.11166253101736973,0.20595533498759305,0.36352357320099254,2.22011385199241,2.054993453160338,1.8169459185498777,0.4119496855345912,0.5140234574196838,0.3,0.18927615420914234
33,low_rating_bottom30_bayes_global_m25,content_quantity_plus_reliability,LogisticRegressionBalanced,0,2704,0.2980769230769231,0.49690269347725263,0.6924658841617269,0.6470588235294118,0.6236162361623616,0.5378927911275416,0.10918114143920596,0.20967741935483872,0.3610421836228288,2.170777988614801,2.092131889060826,1.8045435573311075,0.5138461538461538,0.5138461538461538,0.5,0.22073154462852612
33,low_rating_bottom30_bayes_global_m25,content_quantity_plus_reliability,HistGradientBoostingClassifier,0,2704,0.2980769230769231,0.4991056088002545,0.6961866611582781,0.6323529411764706,0.6199261992619927,0.5600739371534196,0.10669975186104218,0.20843672456575682,0.3759305210918114,2.121442125237192,2.0797524104273304,1.8789577246437301,0.3525305410122164,0.5003073140749846,0.35,0.18692723024129265
33,low_rating_bottom30_bayes_global_m25,content_quantity_plus_reliability,ExtraTreesClassifier,0,2704,0.2980769230769231,0.5118835225256593,0.7085223573462467,0.6911764705882353,0.6162361623616236,0.5545286506469501,0.11662531017369727,0.20719602977667495,0.37220843672456577,2.318785578747628,2.067372931793834,1.8603541828155745,0.3404255319148936,0.2292732855680655,0.55,0.19396715265835512
33,low_rating_bottom30_bayes_global_m25,content_quantity_plus_reliability,XGBoostClassifier,0,2704,0.2980769230769231,0.5119546405451076,0.7054114687786804,0.6691176470588235,0.6125461254612546,0.5711645101663586,0.11290322580645161,0.20595533498759305,0.38337468982630274,2.2447817836812143,2.054993453160338,1.9161648083000418,0.3680555555555556,0.504914004914005,0.35,0.18454554677009583
33,low_rating_bottom30_bayes_category_m25,content_quantity_plus_reliability,DummyClassifier,0,2704,0.2947485207100592,0.2947485207100592,0.5,0.3161764705882353,0.30996309963099633,0.2809611829944547,0.053952321204516936,0.1053952321204517,0.19071518193224593,1.0726990921839248,1.0516188474306325,0.9532233862195802,0.0,0.4552984861468152,0.05,0.207915170519863
33,low_rating_bottom30_bayes_category_m25,content_quantity_plus_reliability,LogisticRegression,0,2704,0.2947485207100592,0.5185353465561979,0.721083059901479,0.6985294117647058,0.6605166051660517,0.5693160813308688,0.1191969887076537,0.2245922208281054,0.3864491844416562,2.3699165990109967,2.240949686786705,1.9315315983923074,0.4428904428904429,0.5225773718924404,0.3,0.18203735141571753
33,low_rating_bottom30_bayes_category_m25,content_quantity_plus_reliability,LogisticRegressionBalanced,0,2704,0.2947485207100592,0.5174184209766222,0.7200553465111368,0.7132352941176471,0.6642066420664207,0.5656192236598891,0.12170639899623588,0.2258469259723965,0.383939774153074,2.4198095800428074,2.2534689587799264,1.9189891854157342,0.518935516888434,0.5325222274216191,0.45,0.21249170893795913
33,low_rating_bottom30_bayes_category_m25,content_quantity_plus_reliability,HistGradientBoostingClassifier,0,2704,0.2947485207100592,0.5203623331154805,0.7295679458693751,0.6838235294117647,0.6236162361623616,0.5693160813308688,0.11668757841907151,0.2120451693851945,0.3864491844416562,2.3200236179791864,2.1157569668544864,1.9315315983923074,0.35031277926720283,0.5221078134463961,0.35,0.17968168519064986
33,low_rating_bottom30_bayes_category_m25,content_quantity_plus_reliability,ExtraTreesClassifier,0,2704,0.2947485207100592,0.5158025734691496,0.7215396751978282,0.6544117647058824,0.6273062730627307,0.55637707948244,0.11166875784190715,0.21329987452948557,0.37766624843161856,2.2202376559155654,2.1282762388477083,1.8876331529743007,0.37142857142857144,0.1905781584582441,0.6,0.1901892682749993
33,low_rating_bottom30_bayes_category_m25,content_quantity_plus_reliability,XGBoostClassifier,0,2704,0.2947485207100592,0.5408135662511704,0.7372718486142646,0.6985294117647058,0.6605166051660517,0.5822550831792976,0.1191969887076537,0.2245922208281054,0.39523212045169387,2.3699165990109967,2.240949686786705,1.9754300438103145,0.40344827586206894,0.5322679778733866,0.35,0.17648974061012268
33,low_rating_bottom30_category_relative,content_quantity_plus_reliability,DummyClassifier,0,2704,0.3187869822485207,0.3187869822485207,0.5,0.35294117647058826,0.3505535055350554,0.31608133086876156,0.05568445475638051,0.11020881670533643,0.19837587006960558,1.1071379828033303,1.0996481194510321,0.9915126666695259,0.0,0.4834548513740886,0.05,0.21717673503786447
33,low_rating_bottom30_category_relative,content_quantity_plus_reliability,LogisticRegression,0,2704,0.3187869822485207,0.4892773743679325,0.6808881952684337,0.6617647058823529,0.5830258302583026,0.5286506469500925,0.10440835266821345,0.18329466357308585,0.33178654292343385,2.075883717756244,1.828888451297506,1.6583194308040023,0.3956043956043956,0.5333333333333333,0.25,0.20133341244745329
33,low_rating_bottom30_category_relative,content_quantity_plus_reliability,LogisticRegressionBalanced,0,2704,0.3187869822485207,0.4873395952724383,0.6802243853775403,0.6691176470588235,0.5940959409594095,0.5249537892791127,0.10556844547563805,0.18677494199535963,0.3294663573085847,2.09894909239798,1.8636141813854332,1.6467227914277505,0.5080135988343856,0.5351882160392799,0.4,0.22647221537158085
33,low_rating_bottom30_category_relative,content_quantity_plus_reliability,HistGradientBoostingClassifier,0,2704,0.3187869822485207,0.48309361146678087,0.6842979360172918,0.5367647058823529,0.5498154981549815,0.5231053604436229,0.08468677494199536,0.1728538283062645,0.32830626450116007,1.6837723488467313,1.724711261033724,1.6409244717396245,0.30950378469301937,0.486908077994429,0.35,0.19856448771112556
33,low_rating_bottom30_category_relative,content_quantity_plus_reliability,ExtraTreesClassifier,0,2704,0.3187869822485207,0.5145084501066846,0.6989641038818393,0.6617647058823529,0.6236162361623616,0.5452865064695009,0.10440835266821345,0.19605568445475638,0.3422273781902552,2.075883717756244,1.9562161282865729,1.7105043079971352,0.34234234234234234,0.34234234234234234,0.5,0.20181717863395857
33,low_rating_bottom30_category_relative,content_quantity_plus_reliability,XGBoostClassifier,0,2704,0.3187869822485207,0.49490613172815634,0.6897205196611169,0.6029411764705882,0.6162361623616236,0.5397412199630314,0.0951276102088167,0.1937354988399072,0.33874709976798145,1.8913607206223557,1.933065641561288,1.6931093489327573,0.33499170812603646,0.46124031007751937,0.4,0.19663873314857483
44,low_rating_bottom30_raw,content_quantity_plus_reliability,DummyClassifier,0,2704,0.3021449704142012,0.3021449704142012,0.5,0.27941176470588236,0.28044280442804426,0.29944547134935307,0.046511627906976744,0.09302325581395349,0.19828641370869032,0.9247606019151847,0.928173002660259,0.9910655502186667,0.0,0.4640727066174382,0.05,0.21085341472016078
44,low_rating_bottom30_raw,content_quantity_plus_reliability,LogisticRegression,0,2704,0.3021449704142012,0.5237357410010424,0.7083277387834951,0.7647058823529411,0.6826568265682657,0.5471349353049908,0.12729498164014688,0.22643818849449204,0.3623011015911873,2.530923752609979,2.259368493317736,1.8108358201526256,0.4154818325434439,0.5197007481296758,0.3,0.18650902805142705
44,low_rating_bottom30_raw,content_quantity_plus_reliability,LogisticRegressionBalanced,0,2704,0.3021449704142012,0.5227746469597654,0.7089776795299152,0.7647058823529411,0.6715867158671587,0.5434380776340111,0.12729498164014688,0.22276621787025705,0.3598531211750306,2.530923752609979,2.222730085317989,1.798600442989432,0.5157107231920199,0.5230488361478777,0.45,0.21588231563415805
44,low_rating_bottom30_raw,content_quantity_plus_reliability,HistGradientBoostingClassifier,0,2704,0.3021449704142012,0.5393027180641505,0.7235890220986341,0.75,0.6678966789667896,0.5841035120147874,0.12484700122399021,0.2215422276621787,0.386780905752754,2.482252141982864,2.2105172826514066,1.9331895917845594,0.32995391705069127,0.5040247678018576,0.35,0.18231912881648857
44,low_rating_bottom30_raw,content_quantity_plus_reliability,ExtraTreesClassifier,0,2704,0.3021449704142012,0.5235291636610148,0.716186702938809,0.6911764705882353,0.6309963099630996,0.5674676524953789,0.11505507955936352,0.20930232558139536,0.37576499388004897,2.287565699474404,2.0883892559855832,1.878130394550189,0.33541480820695807,0.33541480820695807,0.5,0.19370962435093145
44,low_rating_bottom30_raw,content_quantity_plus_reliability,XGBoostClassifier,0,2704,0.3021449704142012,0.5438055537564015,0.7247954989333059,0.7426470588235294,0.6605166051660517,0.5619223659889094,0.12362301101591187,0.21909424724602203,0.37209302325581395,2.4579163366693066,2.186091677318242,1.8597773288053991,0.34507678410117437,0.45545977011494254,0.4,0.18190470337867737
44,low_rating_bottom20_raw,content_quantity_plus_reliability,DummyClassifier,0,2704,0.22374260355029585,0.22374260355029585,0.5,0.19852941176470587,0.18450184501845018,0.2144177449168207,0.04462809917355372,0.08264462809917356,0.19173553719008266,0.8873116188624209,0.8246165106279162,0.958323276454683,0.0,0.36566938652160774,0.05,0.1736840121686125
44,low_rating_bottom20_raw,content_quantity_plus_reliability,LogisticRegression,0,2704,0.22374260355029585,0.448006416537039,0.7343804015292603,0.6838235294117647,0.5350553505535055,0.4565619223659889,0.1537190082644628,0.2396694214876033,0.40826446280991735,3.0562955760816726,2.391387880820957,2.0405676662440233,0.3318077803203661,0.4716379859783301,0.25,0.15289971904204047
44,low_rating_bottom20_raw,content_quantity_plus_reliability,LogisticRegressionBalanced,0,2704,0.22374260355029585,0.4452004226907297,0.7368246981049614,0.6397058823529411,0.5350553505535055,0.45286506469500926,0.14380165289256197,0.2396694214876033,0.4049586776859504,2.8591152163344677,2.391387880820957,2.024044851132736,0.47602131438721135,0.4812623274161736,0.55,0.20555230454536266
44,low_rating_bottom20_raw,content_quantity_plus_reliability,HistGradientBoostingClassifier,0,2704,0.22374260355029585,0.4436978532028588,0.7455647907897897,0.5955882352941176,0.5239852398523985,0.4436229205175601,0.13388429752066117,0.23471074380165288,0.39669421487603307,2.661934856587263,2.341910890183282,1.9827378133545166,0.1781609195402299,0.4396135265700483,0.3,0.15140317491940752
44,low_rating_bottom20_raw,content_quantity_plus_reliability,ExtraTreesClassifier,0,2704,0.22374260355029585,0.4441734407737765,0.7461955516007228,0.5808823529411765,0.5313653136531366,0.46210720887245843,0.1305785123966942,0.23801652892561984,0.4132231404958678,2.5962080700048618,2.374895550608399,2.065351888910955,0.21293800539083557,0.21293800539083557,0.5,0.16199833076710904
44,low_rating_bottom20_raw,content_quantity_plus_reliability,XGBoostClassifier,0,2704,0.22374260355029585,0.4643244934519332,0.7555093137621615,0.6029411764705882,0.5461254612546126,0.45471349353049906,0.13553719008264462,0.24462809917355371,0.4066115702479339,2.6947982498784637,2.4408648714586323,2.0323062586883793,0.2213225371120108,0.4091778202676864,0.35,0.14881014823913574
44,low_rating_bottom30_bayes_global_m25,content_quantity_plus_reliability,DummyClassifier,0,2704,0.29511834319526625,0.29511834319526625,0.5,0.25,0.26199261992619927,0.2975970425138632,0.042606516290726815,0.08897243107769423,0.20175438596491227,0.8471177944862156,0.887754441454189,1.0083990011998574,0.0,0.4557395773843518,0.05,0.2080621144152061
44,low_rating_bottom30_bayes_global_m25,content_quantity_plus_reliability,LogisticRegression,0,2704,0.29511834319526625,0.5156414253862682,0.6848153963081891,0.7352941176470589,0.6605166051660517,0.5508317929759704,0.12531328320802004,0.22431077694235588,0.37343358395989973,2.4915229249594577,2.238141479159153,1.866477654394767,0.40294840294840295,0.5007808433107757,0.3,0.1879689344145651
44,low_rating_bottom30_bayes_global_m25,content_quantity_plus_reliability,LogisticRegressionBalanced,0,2704,0.29511834319526625,0.513603242948417,0.6842302503372807,0.7132352941176471,0.6752767527675276,0.5471349353049908,0.12155388471177944,0.22932330827067668,0.37092731829573933,2.416777237210674,2.288155813888966,1.8539509587276883,0.5020833333333333,0.5020833333333333,0.5,0.22177061790230707
44,low_rating_bottom30_bayes_global_m25,content_quantity_plus_reliability,HistGradientBoostingClassifier,0,2704,0.29511834319526625,0.5086661034611764,0.7002902061028753,0.6838235294117647,0.6494464944649446,0.5545286506469501,0.11654135338345864,0.22055137844611528,0.37593984962406013,2.3171163202122957,2.2006307281117925,1.879004350061846,0.3236124176857949,0.4965430546825896,0.35,0.18477768892604943
44,low_rating_bottom30_bayes_global_m25,content_quantity_plus_reliability,ExtraTreesClassifier,0,2704,0.29511834319526625,0.5133894538435614,0.7030417071009106,0.6764705882352942,0.6383763837638377,0.5378927911275416,0.11528822055137844,0.21679197994987467,0.36466165413533835,2.2922010909627013,2.1631199770644325,1.8226342195599907,0.3685589519650655,0.4454022988505747,0.45,0.19305137518325888
44,low_rating_bottom30_bayes_global_m25,content_quantity_plus_reliability,XGBoostClassifier,0,2704,0.29511834319526625,0.5266320342894218,0.7080384592120386,0.7279411764705882,0.6752767527675276,0.5656192236598891,0.12406015037593984,0.22932330827067668,0.38345864661654133,2.466607695709863,2.288155813888966,1.9165844370630831,0.37209302325581395,0.4975247524752475,0.35,0.18208929896354675
44,low_rating_bottom30_bayes_category_m25,content_quantity_plus_reliability,DummyClassifier,0,2704,0.3021449704142012,0.3021449704142012,0.5,0.27205882352941174,0.2656826568265683,0.2957486136783734,0.04528763769889841,0.08812729498164015,0.19583843329253367,0.9004247966016271,0.8793217919939298,0.9788301730554733,0.0,0.4640727066174382,0.05,0.21086047837559405
44,low_rating_bottom30_bayes_category_m25,content_quantity_plus_reliability,LogisticRegression,0,2704,0.3021449704142012,0.5506191899730717,0.7081960641612164,0.7941176470588235,0.7047970479704797,0.5674676524953789,0.13219094247246022,0.23378212974296206,0.37576499388004897,2.628266973864209,2.3326453093172304,1.878130394550189,0.43268482490272375,0.5194672131147541,0.3,0.1851723856323176
44,low_rating_bottom30_bayes_category_m25,content_quantity_plus_reliability,LogisticRegressionBalanced,0,2704,0.3021449704142012,0.5493216130428826,0.7083510899480372,0.7794117647058824,0.7121771217712177,0.5748613678373382,0.12974296205630356,0.23623011015911874,0.3806609547123623,2.579595363237094,2.357070914650395,1.902601148876576,0.5132382892057027,0.5132382892057027,0.5,0.21510777430826147
44,low_rating_bottom30_bayes_category_m25,content_quantity_plus_reliability,HistGradientBoostingClassifier,0,2704,0.3021449704142012,0.5735035762919445,0.7399750531725476,0.7647058823529411,0.6974169741697417,0.6062846580406654,0.12729498164014688,0.23133414932680538,0.401468788249694,2.530923752609979,2.3082197039840655,2.00660185476372,0.35571687840290384,0.5303867403314917,0.35,0.17792738253370974
44,low_rating_bottom30_bayes_category_m25,content_quantity_plus_reliability,ExtraTreesClassifier,0,2704,0.3021449704142012,0.5423711651367813,0.72091661104549,0.7426470588235294,0.6346863468634686,0.5600739371534196,0.12362301101591187,0.21052631578947367,0.3708690330477356,2.4579163366693066,2.100602058652165,1.8536596402238024,0.3808724832214765,0.1913978494623656,0.6,0.190379790875557
44,low_rating_bottom30_bayes_category_m25,content_quantity_plus_reliability,XGBoostClassifier,0,2704,0.3021449704142012,0.5833528830209904,0.7420597932513836,0.7867647058823529,0.7011070110701108,0.6192236598890942,0.13096695226438188,0.23255813953488372,0.41003671970624234,2.6039311685506514,2.320432506650648,2.0494256748348967,0.4069264069264069,0.5274861025324274,0.35,0.17599399387836456
44,low_rating_bottom30_category_relative,content_quantity_plus_reliability,DummyClassifier,0,2704,0.3150887573964497,0.3150887573964497,0.5,0.29411764705882354,0.2915129151291513,0.31053604436229204,0.046948356807511735,0.09272300469483569,0.19718309859154928,0.9334438000552334,0.9251771390953346,0.9855510140324386,0.0,0.47919010123734535,0.05,0.21580841605297793
44,low_rating_bottom30_category_relative,content_quantity_plus_reliability,LogisticRegression,0,2704,0.3150887573964497,0.5327118502666107,0.7020332035408998,0.7720588235294118,0.7011070110701108,0.5656192236598891,0.12323943661971831,0.22300469483568075,0.3591549295774648,2.4502899751449876,2.2251095750394123,1.7951107755590847,0.4274013402829486,0.5298013245033113,0.3,0.19177661262348308
44,low_rating_bottom30_category_relative,content_quantity_plus_reliability,LogisticRegressionBalanced,0,2704,0.3150887573964497,0.5319446230143671,0.703054811953072,0.7352941176470589,0.6974169741697417,0.5600739371534196,0.11737089201877934,0.22183098591549297,0.35563380281690143,2.3336095001380834,2.213398472012889,1.7775116503085053,0.5257985257985258,0.5257985257985258,0.5,0.21776314688401197
44,low_rating_bottom30_category_relative,content_quantity_plus_reliability,HistGradientBoostingClassifier,0,2704,0.3150887573964497,0.5286103991569626,0.7016523185187438,0.7205882352941176,0.6605166051660517,0.5730129390018485,0.11502347417840375,0.21009389671361503,0.36384976525821594,2.286937310135322,2.096287441747657,1.8185762758931905,0.2672897196261682,0.5079726651480638,0.35,0.19187175876856635
44,low_rating_bottom30_category_relative,content_quantity_plus_reliability,ExtraTreesClassifier,0,2704,0.3150887573964497,0.5280718389376438,0.7111535302527909,0.7058823529411765,0.6162361623616236,0.5582255083179297,0.11267605633802817,0.1960093896713615,0.3544600938967136,2.2402651201325603,1.9557542054293782,1.7716452752249787,0.3378607809847199,0.44846796657381616,0.45,0.19941180939514164
44,low_rating_bottom30_category_relative,content_quantity_plus_reliability,XGBoostClassifier,0,2704,0.3150887573964497,0.5407665439465896,0.7092025243614313,0.7205882352941176,0.6605166051660517,0.5711645101663586,0.11502347417840375,0.21009389671361503,0.3626760563380282,2.286937310135322,2.096287441747657,1.8127099008096639,0.35111876075731496,0.5126760563380282,0.35,0.1890753209590912
55,low_rating_bottom30_raw,content_quantity_plus_reliability,DummyClassifier,0,2704,0.3021449704142012,0.3021449704142012,0.5,0.2647058823529412,0.28044280442804426,0.2957486136783734,0.044063647490820076,0.09302325581395349,0.19583843329253367,0.8760889912880697,0.928173002660259,0.9788301730554733,0.0,0.4640727066174382,0.05,0.21085341472016084
55,low_rating_bottom30_raw,content_quantity_plus_reliability,LogisticRegression,0,2704,0.3021449704142012,0.48233218373393816,0.6880582793175493,0.625,0.5756457564575646,0.5046210720887245,0.10403916768665851,0.1909424724602203,0.33414932680538556,2.0685434516523866,1.9051972159868475,1.670128982775901,0.3695479777954005,0.5242114615726344,0.25,0.19435303696163506
55,low_rating_bottom30_raw,content_quantity_plus_reliability,LogisticRegressionBalanced,0,2704,0.3021449704142012,0.4835281935205935,0.6880602252479276,0.6617647058823529,0.5830258302583026,0.5064695009242144,0.11015911872705018,0.193390452876377,0.3353733170134639,2.190222478220174,1.9296228213200124,1.6762466713574977,0.5160320641282565,0.5177434030937216,0.45,0.22231201536313533
55,low_rating_bottom30_raw,content_quantity_plus_reliability,HistGradientBoostingClassifier,0,2704,0.3021449704142012,0.4942354917730557,0.6996119166181807,0.6102941176470589,0.5904059040590406,0.5231053604436229,0.10159118727050184,0.19583843329253367,0.3463892288861689,2.019871841025272,1.9540484266531772,1.731305868591868,0.30363636363636365,0.4907241172950329,0.35,0.1886882216450076
55,low_rating_bottom30_raw,content_quantity_plus_reliability,ExtraTreesClassifier,0,2704,0.3021449704142012,0.4991256988587976,0.6977250127944923,0.6617647058823529,0.5867158671586716,0.5249537892791127,0.11015911872705018,0.19461444308445533,0.34761321909424725,2.190222478220174,1.941835623986595,1.7374235571734649,0.3263888888888889,0.3263888888888889,0.5,0.19643167698678635
55,low_rating_bottom30_raw,content_quantity_plus_reliability,XGBoostClassifier,0,2704,0.3021449704142012,0.5089344976377808,0.7079534715073631,0.6838235294117647,0.5977859778597786,0.5360443622920518,0.11383108935128519,0.19828641370869032,0.35495716034271724,2.2632298941608466,1.9784740319863419,1.7741296886630453,0.3241317898486198,0.4985198342214328,0.35,0.18677879869937897
55,low_rating_bottom20_raw,content_quantity_plus_reliability,DummyClassifier,0,2704,0.22633136094674555,0.22633136094674555,0.5,0.19852941176470587,0.22140221402214022,0.2365988909426987,0.04411764705882353,0.09803921568627451,0.20915032679738563,0.8771626297577855,0.9782215469213517,1.0453650344919236,0.0,0.3691194209891435,0.05,0.17510859497771694
55,low_rating_bottom20_raw,content_quantity_plus_reliability,LogisticRegression,0,2704,0.22633136094674555,0.4004669306458513,0.7204632649745686,0.5367647058823529,0.47232472324723246,0.4177449168207024,0.119281045751634,0.20915032679738563,0.369281045751634,2.371587850826605,2.0868726334322165,1.845722639024803,0.27720504009163804,0.4547738693467337,0.25,0.16047584617958716
55,low_rating_bottom20_raw,content_quantity_plus_reliability,LogisticRegressionBalanced,0,2704,0.22633136094674555,0.4021285656120333,0.720786625676402,0.5147058823529411,0.46863468634686345,0.4288354898336414,0.11437908496732026,0.20751633986928106,0.3790849673202614,2.274125336409073,2.0705689409835273,1.8947241250166118,0.4612676056338028,0.46284224250325945,0.55,0.21046430344208059
55,low_rating_bottom20_raw,content_quantity_plus_reliability,HistGradientBoostingClassifier,0,2704,0.22633136094674555,0.429166953698713,0.7330259063472425,0.5955882352941176,0.4833948339483395,0.43807763401109057,0.1323529411764706,0.21405228758169934,0.3872549019607843,2.6314878892733566,2.135783710778284,1.9355586966764524,0.1414141414141414,0.4384858044164038,0.3,0.15457665652226782
55,low_rating_bottom20_raw,content_quantity_plus_reliability,ExtraTreesClassifier,0,2704,0.22633136094674555,0.42021427493534,0.7203468863644884,0.5955882352941176,0.4870848708487085,0.4399260628465804,0.1323529411764706,0.21568627450980393,0.3888888888888889,2.6314878892733566,2.1520874032269734,1.9437256110084207,0.22193211488250653,0.3271939328277356,0.45,0.16577496374119244
55,low_rating_bottom20_raw,content_quantity_plus_reliability,XGBoostClassifier,0,2704,0.22633136094674555,0.4232028376037787,0.7265829053099889,0.5367647058823529,0.4981549815498155,0.4343807763401109,0.119281045751634,0.22058823529411764,0.3839869281045752,2.371587850826605,2.200998480573041,1.9192248680125163,0.1906040268456376,0.37243947858473,0.35,0.155959352850914
55,low_rating_bottom30_bayes_global_m25,content_quantity_plus_reliability,DummyClassifier,0,2704,0.29289940828402367,0.29289940828402367,0.5,0.27205882352941174,0.28044280442804426,0.2920517560073937,0.04671717171717172,0.09595959595959595,0.1994949494949495,0.9288472964943553,0.9574713928957471,0.9971059952575664,0.0,0.45308924485125857,0.05,0.2071901179850902
55,low_rating_bottom30_bayes_global_m25,content_quantity_plus_reliability,LogisticRegression,0,2704,0.29289940828402367,0.48757570280248086,0.676445416508178,0.6985294117647058,0.6346863468634686,0.5138632162661737,0.11994949494949494,0.21717171717171718,0.351010101010101,2.384878193701723,2.1669089418166907,1.7544016878582496,0.39183673469387753,0.4951505870342011,0.3,0.1911963396626552
55,low_rating_bottom30_bayes_global_m25,content_quantity_plus_reliability,LogisticRegressionBalanced,0,2704,0.29289940828402367,0.4882450001714672,0.675494484594903,0.6838235294117647,0.6383763837638377,0.5157116451016636,0.11742424242424243,0.21843434343434343,0.3522727272727273,2.3346702317290555,2.179507249617951,1.7607124852965887,0.48556701030927835,0.48556701030927835,0.5,0.22425460710408898
55,low_rating_bottom30_bayes_global_m25,content_quantity_plus_reliability,HistGradientBoostingClassifier,0,2704,0.29289940828402367,0.4952777386200316,0.6933581368074047,0.6470588235294118,0.6088560885608856,0.5397412199630314,0.1111111111111111,0.20833333333333334,0.3686868686868687,2.2091503267973858,2.078720787207872,1.842752851994996,0.33394160583941607,0.4780185758513932,0.35,0.18590809895898902
55,low_rating_bottom30_bayes_global_m25,content_quantity_plus_reliability,ExtraTreesClassifier,0,2704,0.29289940828402367,0.5079494996468935,0.7027697212712904,0.6691176470588235,0.6088560885608856,0.5434380776340111,0.1148989898989899,0.20833333333333334,0.3712121212121212,2.2844622697563874,2.078720787207872,1.8553744468716742,0.3525243578387954,0.3525243578387954,0.5,0.19339544358491398
55,low_rating_bottom30_bayes_global_m25,content_quantity_plus_reliability,XGBoostClassifier,0,2704,0.29289940828402367,0.5148481312502327,0.7060154367947254,0.7426470588235294,0.6273062730627307,0.5397412199630314,0.1275252525252525,0.21464646464646464,0.3686868686868687,2.535502079619727,2.1417123262141713,1.842752851994996,0.3360730593607306,0.4797047970479705,0.35,0.18287037312984467
55,low_rating_bottom30_bayes_category_m25,content_quantity_plus_reliability,DummyClassifier,0,2704,0.2984467455621302,0.2984467455621302,0.5,0.2867647058823529,0.28413284132841327,0.30129390018484287,0.048327137546468404,0.09541511771995044,0.20198265179677818,0.9608572053356658,0.9520386653680663,1.009539908426041,0.0,0.459698091711763,0.05,0.20938012804746461
55,low_rating_bottom30_bayes_category_m25,content_quantity_plus_reliability,LogisticRegression,0,2704,0.2984467455621302,0.4931438144993381,0.6911192850643322,0.6985294117647058,0.5867158671586716,0.512014787430684,0.11771995043370508,0.1970260223048327,0.34324659231722426,2.340549602740724,1.9658980232925007,1.7155984946871987,0.39436619718309857,0.5108094519859225,0.3,0.19223899631972705
55,low_rating_bottom30_bayes_category_m25,content_quantity_plus_reliability,LogisticRegressionBalanced,0,2704,0.2984467455621302,0.49217779080981916,0.689391519512646,0.6985294117647058,0.5830258302583026,0.5138632162661737,0.11771995043370508,0.19578686493184635,0.3444857496902107,2.340549602740724,1.953533884781227,1.7217919910579103,0.5130784708249497,0.5130784708249497,0.5,0.22292394499431212
55,low_rating_bottom30_bayes_category_m25,content_quantity_plus_reliability,HistGradientBoostingClassifier,0,2704,0.2984467455621302,0.5178863852302306,0.719259327484406,0.6691176470588235,0.6199261992619927,0.5471349353049908,0.1127633209417596,0.20817843866171004,0.3667905824039653,2.24200014578322,2.0771752698939627,1.833274925730725,0.359825327510917,0.5053763440860215,0.35,0.1829936692309604
55,low_rating_bottom30_bayes_category_m25,content_quantity_plus_reliability,ExtraTreesClassifier,0,2704,0.2984467455621302,0.5108701182830268,0.7051791813722704,0.6985294117647058,0.6236162361623616,0.5415896487985212,0.11771995043370508,0.2094175960346964,0.3630731102850062,2.340549602740724,2.0895394084052366,1.814694436618589,0.37489539748953976,0.27674190382728164,0.55,0.19286180388601407
55,low_rating_bottom30_bayes_category_m25,content_quantity_plus_reliability,XGBoostClassifier,0,2704,0.2984467455621302,0.5247649602756461,0.721906826078351,0.6985294117647058,0.6088560885608856,0.5434380776340111,0.11771995043370508,0.20446096654275092,0.3643122676579926,2.340549602740724,2.040082854360142,1.820887932989301,0.35170603674540685,0.5227272727272727,0.35,0.1822127103805542
55,low_rating_bottom30_category_relative,content_quantity_plus_reliability,DummyClassifier,0,2704,0.3128698224852071,0.3128698224852071,0.5,0.2647058823529412,0.2915129151291513,0.3068391866913124,0.0425531914893617,0.0933806146572104,0.19621749408983452,0.8460575719649561,0.9317386790889185,0.9807247763750693,0.0,0.47661971830985916,0.05,0.2149948132062994
55,low_rating_bottom30_category_relative,content_quantity_plus_reliability,LogisticRegression,0,2704,0.3128698224852071,0.48787783570263854,0.6783069570727314,0.6323529411764706,0.5682656826568265,0.5083179297597042,0.1016548463356974,0.18203309692671396,0.32505910165484636,2.021137533027395,1.816300716198651,1.6246946596574943,0.3716012084592145,0.531977975434138,0.25,0.19976379081847012
55,low_rating_bottom30_category_relative,content_quantity_plus_reliability,LogisticRegressionBalanced,0,2704,0.3128698224852071,0.4869189871698304,0.6777420241394314,0.6470588235294118,0.5682656826568265,0.5009242144177449,0.10401891252955082,0.18203309692671396,0.3203309692671395,2.0681407314698927,1.816300716198651,1.6010627373352035,0.5093411996066863,0.5205724508050089,0.45,0.22568074665006035
55,low_rating_bottom30_category_relative,content_quantity_plus_reliability,HistGradientBoostingClassifier,0,2704,0.3128698224852071,0.49780986547468076,0.6947472688546367,0.6691176470588235,0.5498154981549815,0.5212569316081331,0.10756501182033097,0.17612293144208038,0.3333333333333333,2.138645529133639,1.757329913724669,1.6660505237215035,0.26523297491039427,0.5056179775280899,0.35,0.1938200509280922
55,low_rating_bottom30_category_relative,content_quantity_plus_reliability,ExtraTreesClassifier,0,2704,0.3128698224852071,0.496930584118601,0.6901832723867399,0.6470588235294118,0.5940959409594095,0.5212569316081331,0.10401891252955082,0.19030732860520094,0.3333333333333333,2.0681407314698927,1.898859839662226,1.6660505237215035,0.33500837520938026,0.33500837520938026,0.5,0.20202588690705717
55,low_rating_bottom30_category_relative,content_quantity_plus_reliability,XGBoostClassifier,0,2704,0.3128698224852071,0.5127471029676466,0.6962925640066469,0.6838235294117647,0.5904059040590406,0.5378927911275416,0.1099290780141844,0.18912529550827423,0.34397163120567376,2.1856487275761367,1.8870656791674298,1.7192223489466578,0.3288364249578415,0.5069175428887659,0.35,0.19229383766651154
11,low_rating_bottom30_raw,content_quantity_interactions,DummyClassifier,0,2704,0.3021449704142012,0.3021449704142012,0.5,0.2647058823529412,0.2693726937269373,0.27726432532347506,0.044063647490820076,0.08935128518971848,0.1835985312117503,0.8760889912880697,0.8915345946605121,0.9176532872395062,0.0,0.4640727066174382,0.05,0.21085341472016078
11,low_rating_bottom30_raw,content_quantity_interactions,LogisticRegression,0,2704,0.3021449704142012,0.48240512593157275,0.678606246825701,0.6102941176470589,0.5719557195571956,0.512014787430684,0.10159118727050184,0.189718482252142,0.3390452876376989,2.019871841025272,1.8929844133202656,1.694599737102288,0.36378334680679064,0.4927099044746104,0.3,0.1950068416793292
11,low_rating_bottom30_raw,content_quantity_interactions,LogisticRegressionBalanced,0,2704,0.3021449704142012,0.48108523405752834,0.6787482997433317,0.6029411764705882,0.5830258302583026,0.5046210720887245,0.1003671970624235,0.193390452876377,0.33414932680538556,1.9955360357117142,1.9296228213200124,1.670128982775901,0.4969758064516129,0.5106769650159019,0.45,0.22437472430479985
11,low_rating_bottom30_raw,content_quantity_interactions,HistGradientBoostingClassifier,0,2704,0.3021449704142012,0.4777592680174762,0.6700285857172602,0.6176470588235294,0.5535055350553506,0.5268022181146026,0.10281517747858017,0.1835985312117503,0.3488372093023256,2.0442076463388292,1.8319203999873537,1.7435412457550616,0.28153564899451555,0.4618296529968454,0.35,0.19389422382312582
11,low_rating_bottom30_raw,content_quantity_interactions,ExtraTreesClassifier,0,2704,0.3021449704142012,0.4760671503771921,0.6756354597811866,0.625,0.5571955719557196,0.5138632162661737,0.10403916768665851,0.18482252141982863,0.3402692778457772,2.0685434516523866,1.8441332026539359,1.7007174256838846,0.29955947136563876,0.29955947136563876,0.5,0.19953386377087295
11,low_rating_bottom30_raw,content_quantity_interactions,XGBoostClassifier,0,2704,0.3021449704142012,0.4939611785256243,0.6885989236410432,0.6764705882352942,0.5719557195571956,0.5194085027726433,0.11260709914320685,0.189718482252142,0.34394124847001223,2.2388940888472892,1.8929844133202656,1.719070491428675,0.3159752868490733,0.47066090179122916,0.35,0.19067071378231049
11,low_rating_bottom20_raw,content_quantity_interactions,DummyClassifier,0,2704,0.21967455621301776,0.21967455621301776,0.5,0.18382352941176472,0.18450184501845018,0.20147874306839186,0.04208754208754209,0.08417508417508418,0.1835016835016835,0.8367993662111309,0.8398871867506553,0.917169227705272,0.0,0.3602183141297756,0.05,0.1714606209125423
11,low_rating_bottom20_raw,content_quantity_interactions,LogisticRegression,0,2704,0.21967455621301776,0.3703673175794915,0.6728828570060799,0.4852941176470588,0.45387453874538747,0.3733826247689464,0.1111111111111111,0.20707070707070707,0.3400673400673401,2.2091503267973853,2.066122479406612,1.6997081100593114,0.23008849557522124,0.4134802333117304,0.25,0.16314490126114917
11,low_rating_bottom20_raw,content_quantity_interactions,LogisticRegressionBalanced,0,2704,0.21967455621301776,0.36680131178989794,0.6733168972505466,0.49264705882352944,0.45018450184501846,0.37153419593345655,0.1127946127946128,0.2053872053872054,0.3383838383838384,2.242622301445831,2.049324735671599,1.6912937134748594,0.4222353636901242,0.4222353636901242,0.5,0.22325446274116845
11,low_rating_bottom20_raw,content_quantity_interactions,HistGradientBoostingClassifier,0,2704,0.21967455621301776,0.39068695897693917,0.6847367833149823,0.5367647058823529,0.47601476014760147,0.4048059149722736,0.12289562289562289,0.21717171717171718,0.3686868686868687,2.443454149336502,2.1669089418166907,1.842752851994996,0.17304964539007092,0.39453458582408196,0.3,0.15764908773844147
11,low_rating_bottom20_raw,content_quantity_interactions,ExtraTreesClassifier,0,2704,0.21967455621301776,0.37967129655567866,0.6742966792729826,0.5147058823529411,0.45387453874538747,0.3974121996303142,0.11784511784511785,0.20707070707070707,0.36195286195286197,2.343038225391166,2.066122479406612,1.809095265657188,0.22916666666666666,0.14492753623188406,0.55,0.16875881096340384
11,low_rating_bottom20_raw,content_quantity_interactions,XGBoostClassifier,0,2704,0.21967455621301776,0.3904916706118039,0.6819841383822427,0.5808823529411765,0.4797047970479705,0.39186691312384475,0.132996632996633,0.21885521885521886,0.3569023569023569,2.6442859972271737,2.1837066855517038,1.7838520759038319,0.20448179271708683,0.3784246575342466,0.3,0.1581978052854538
11,low_rating_bottom30_bayes_global_m25,content_quantity_interactions,DummyClassifier,0,2704,0.29511834319526625,0.29511834319526625,0.5,0.23529411764705882,0.24354243542435425,0.2643253234750462,0.040100250626566414,0.08270676691729323,0.17919799498746866,0.7972873359870264,0.8252365230419222,0.8956587401961467,0.0,0.4557395773843518,0.05,0.2080621144152061
11,low_rating_bottom30_bayes_global_m25,content_quantity_interactions,LogisticRegression,0,2704,0.29511834319526625,0.5108738776283961,0.6956695253348482,0.6911764705882353,0.6236162361623616,0.5619223659889094,0.11779448621553884,0.21177944862155387,0.38095238095238093,2.34203154946189,2.113105642334619,1.904057741396004,0.4061738424045491,0.5127405096203849,0.3,0.18658050297123868
11,low_rating_bottom30_bayes_global_m25,content_quantity_interactions,LogisticRegressionBalanced,0,2704,0.29511834319526625,0.5082798157344606,0.6954519036310609,0.6911764705882353,0.6162361623616236,0.5526802218114603,0.11779448621553884,0.20927318295739347,0.37468671679197996,2.34203154946189,2.088098474969712,1.8727410022283066,0.5148514851485149,0.5148514851485149,0.5,0.2178427989471784
11,low_rating_bottom30_bayes_global_m25,content_quantity_interactions,HistGradientBoostingClassifier,0,2704,0.29511834319526625,0.5005311363593695,0.6791171264993543,0.7205882352941176,0.6125461254612546,0.5249537892791127,0.12280701754385964,0.20802005012531327,0.3558897243107769,2.4416924664602684,2.075594891287259,1.7787907847252142,0.3065279091769158,0.46559485530546624,0.35,0.18797161402042292
11,low_rating_bottom30_bayes_global_m25,content_quantity_interactions,ExtraTreesClassifier,0,2704,0.29511834319526625,0.4917261958623537,0.6924071721801881,0.6470588235294118,0.6162361623616236,0.5249537892791127,0.11027568922305764,0.20927318295739347,0.3558897243107769,2.1925401739643227,2.088098474969712,1.7787907847252142,0.3469750889679715,0.23421588594704684,0.55,0.19502778897598966
11,low_rating_bottom30_bayes_global_m25,content_quantity_interactions,XGBoostClassifier,0,2704,0.29511834319526625,0.5163576821683301,0.6887855131006951,0.7205882352941176,0.6309963099630996,0.5452865064695009,0.12280701754385964,0.21428571428571427,0.36967418546365916,2.4416924664602684,2.1381128096995257,1.8476876108941487,0.34270172257479603,0.48070841239721696,0.35,0.1855393648147583
11,low_rating_bottom30_bayes_category_m25,content_quantity_interactions,DummyClassifier,0,2704,0.29548816568047337,0.29548816568047337,0.5,0.2647058823529412,0.25092250922509224,0.26062846580406657,0.04505632040050062,0.0851063829787234,0.17647058823529413,0.8958256644334831,0.8491795556253434,0.8820267478525607,0.0,0.45618041678561233,0.05,0.20820693060134102
11,low_rating_bottom30_bayes_category_m25,content_quantity_interactions,LogisticRegression,0,2704,0.29548816568047337,0.5116030238757637,0.7056688314461318,0.6911764705882353,0.6014760147601476,0.5452865064695009,0.11764705882352941,0.20400500625782228,0.3692115143929912,2.339100346020761,2.0355333465725143,1.8453751107553573,0.414614773629865,0.5069408740359898,0.3,0.18607387247929552
11,low_rating_bottom30_bayes_category_m25,content_quantity_interactions,LogisticRegressionBalanced,0,2704,0.29548816568047337,0.5094810288948841,0.705647807791235,0.6911764705882353,0.5867158671586716,0.5397412199630314,0.11764705882352941,0.19899874843554444,0.36545682102628285,2.339100346020761,1.985581608006318,1.8266085842053026,0.5069551777434312,0.5229314420803782,0.45,0.21539686736342845
11,low_rating_bottom30_bayes_category_m25,content_quantity_interactions,HistGradientBoostingClassifier,0,2704,0.29548816568047337,0.4914819678457195,0.6896205558785753,0.6470588235294118,0.6125461254612546,0.5286506469500925,0.11013767209011265,0.20775969962453067,0.3579474342928661,2.189796068615181,2.0729971504971623,1.789075531105194,0.29961832061068705,0.46094750320102434,0.35,0.18752957127415654
11,low_rating_bottom30_bayes_category_m25,content_quantity_interactions,ExtraTreesClassifier,0,2704,0.29548816568047337,0.48865373754955266,0.6950801362595633,0.625,0.5830258302583026,0.5175600739371534,0.10638297872340426,0.19774718397997496,0.3504380475594493,2.1151439299123904,1.9730936733647686,1.751542478005085,0.35823429541595925,0.18181818181818182,0.6,0.1936774424952576
11,low_rating_bottom30_bayes_category_m25,content_quantity_interactions,XGBoostClassifier,0,2704,0.29548816568047337,0.514124766313866,0.7066681120429408,0.7279411764705882,0.6420664206642066,0.5434380776340111,0.12390488110137672,0.21777221526908636,0.36795994993742176,2.463520577192078,2.1729006276295553,1.839119601905339,0.3582887700534759,0.4860759493670886,0.35,0.18365345895290375
11,low_rating_bottom30_category_relative,content_quantity_interactions,DummyClassifier,0,2704,0.3128698224852071,0.3128698224852071,0.5,0.2647058823529412,0.2730627306273063,0.2828096118299446,0.0425531914893617,0.08747044917257683,0.18085106382978725,0.8460575719649561,0.8727678766149364,0.9039210288276243,0.0,0.47661971830985916,0.05,0.21499481320629943
11,low_rating_bottom30_category_relative,content_quantity_interactions,LogisticRegression,0,2704,0.3128698224852071,0.4914876750508566,0.6737493224621915,0.625,0.5756457564575646,0.5249537892791127,0.10047281323877069,0.18439716312056736,0.33569739952718675,1.9976359338061465,1.8398890371882441,1.6778664848826486,0.3727764887857695,0.5131641933939685,0.3,0.19920440003949968
11,low_rating_bottom30_category_relative,content_quantity_interactions,LogisticRegressionBalanced,0,2704,0.3128698224852071,0.4890893457876063,0.6734763987815772,0.6176470588235294,0.5793357933579336,0.5231053604436229,0.09929078014184398,0.18557919621749408,0.33451536643026003,1.9741343345848978,1.8516831976830406,1.671958504302076,0.511255627813907,0.5151515151515151,0.45,0.22604233549291267
11,low_rating_bottom30_category_relative,content_quantity_interactions,HistGradientBoostingClassifier,0,2704,0.3128698224852071,0.49225247663989413,0.6740375146004627,0.6764705882352942,0.5977859778597786,0.5231053604436229,0.10874704491725769,0.19148936170212766,0.33451536643026003,2.162147128354888,1.9106540001570227,1.671958504302076,0.3022847100175747,0.4715542521994135,0.35,0.19663355151318354
11,low_rating_bottom30_category_relative,content_quantity_interactions,ExtraTreesClassifier,0,2704,0.3128698224852071,0.48142532931412535,0.6777522031112027,0.5955882352941176,0.5608856088560885,0.512014787430684,0.09574468085106383,0.17966903073286053,0.32742316784869974,1.9036295369211513,1.7927123952090582,1.63651062081864,0.3189873417721519,0.2084942084942085,0.55,0.20381696461619983
11,low_rating_bottom30_category_relative,content_quantity_interactions,XGBoostClassifier,0,2704,0.3128698224852071,0.5001342817002635,0.6734611303239203,0.6691176470588235,0.6088560885608856,0.512014787430684,0.10756501182033097,0.1950354609929078,0.32742316784869974,2.138645529133639,1.946036481641412,1.63651062081864,0.32213608957795004,0.42598794373744137,0.4,0.19646427035331726
22,low_rating_bottom30_raw,content_quantity_interactions,DummyClassifier,0,2704,0.3021449704142012,0.3021449704142012,0.5,0.29411764705882354,0.3173431734317343,0.31053604436229204,0.04895960832313342,0.10526315789473684,0.20563035495716034,0.9734322125422997,1.0503010293260826,1.027771681708247,0.0,0.4640727066174382,0.05,0.21085341472016084
22,low_rating_bottom30_raw,content_quantity_interactions,LogisticRegression,0,2704,0.3021449704142012,0.4976556258524176,0.6887789222010549,0.6470588235294118,0.6273062730627307,0.5231053604436229,0.10771113831089352,0.20807833537331702,0.3463892288861689,2.1415508675930592,2.076176453319001,1.731305868591868,0.39902676399026765,0.5149700598802395,0.3,0.19140935633411524
22,low_rating_bottom30_raw,content_quantity_interactions,LogisticRegressionBalanced,0,2704,0.3021449704142012,0.49710959868102383,0.6886465989353165,0.6470588235294118,0.6162361623616236,0.532347504621072,0.10771113831089352,0.204406364749082,0.3525091799265606,2.1415508675930592,2.0395380453192535,1.7618943114998518,0.5103170608958228,0.5103170608958228,0.5,0.22084628337269765
22,low_rating_bottom30_raw,content_quantity_interactions,HistGradientBoostingClassifier,0,2704,0.3021449704142012,0.5060615918125434,0.703560209356163,0.6911764705882353,0.6199261992619927,0.5268022181146026,0.11505507955936352,0.20563035495716034,0.3488372093023256,2.287565699474404,2.051750847985836,1.7435412457550616,0.293282876064333,0.48034398034398035,0.35,0.18778972081668824
22,low_rating_bottom30_raw,content_quantity_interactions,ExtraTreesClassifier,0,2704,0.3021449704142012,0.5107874672602517,0.7063740246834782,0.6323529411764706,0.6088560885608856,0.55637707948244,0.10526315789473684,0.20195838433292534,0.3684210526315789,2.092879256965944,2.0151124399860887,1.8414242630606092,0.3350877192982456,0.3350877192982456,0.5,0.19571266416129507
22,low_rating_bottom30_raw,content_quantity_interactions,XGBoostClassifier,0,2704,0.3021449704142012,0.5154475503496048,0.7059556496521001,0.7132352941176471,0.5904059040590406,0.5471349353049908,0.11872705018359853,0.19583843329253367,0.3623011015911873,2.3605731154150766,1.9540484266531772,1.8108358201526256,0.3107497741644083,0.4910769230769231,0.35,0.18652310967445374
22,low_rating_bottom20_raw,content_quantity_interactions,DummyClassifier,0,2704,0.22374260355029585,0.22374260355029585,0.5,0.19852941176470587,0.2177121771217712,0.22735674676524953,0.04462809917355372,0.09752066115702479,0.20330578512396694,0.8873116188624209,0.9730474825409411,1.0161531293441897,0.0,0.36566938652160774,0.05,0.1736840121686125
22,low_rating_bottom20_raw,content_quantity_interactions,LogisticRegression,0,2704,0.22374260355029585,0.36418969621338193,0.6710176825643065,0.4411764705882353,0.43911439114391143,0.3955637707948244,0.09917355371900827,0.19669421487603306,0.3537190082644628,1.9718035974720467,1.9625872952944405,1.7679412169077773,0.22835633626097868,0.4211204121056021,0.25,0.16564495206970697
22,low_rating_bottom20_raw,content_quantity_interactions,LogisticRegressionBalanced,0,2704,0.22374260355029585,0.3642199556461887,0.6706814342918115,0.45588235294117646,0.44649446494464945,0.39926062846580407,0.1024793388429752,0.2,0.35702479338842974,2.037530384054448,1.9955719557195573,1.7844640320190648,0.41431924882629106,0.41431924882629106,0.5,0.2229777569717592
22,low_rating_bottom20_raw,content_quantity_interactions,HistGradientBoostingClassifier,0,2704,0.22374260355029585,0.3942998072299657,0.6875631449844278,0.5661764705882353,0.5129151291512916,0.41035120147874304,0.12727272727272726,0.22975206611570248,0.3669421487603306,2.53048128342246,2.2924338995456073,1.8340324773529277,0.12148148148148148,0.39588688946015427,0.3,0.15919473923877236
22,low_rating_bottom20_raw,content_quantity_interactions,ExtraTreesClassifier,0,2704,0.22374260355029585,0.4056976658208655,0.7022375865721182,0.5147058823529411,0.5055350553505535,0.4288354898336414,0.11570247933884298,0.22644628099173553,0.3834710743801653,2.3004375303840545,2.2594492391204906,1.916646552909366,0.2002635046113307,0.2002635046113307,0.5,0.16716124423049294
22,low_rating_bottom20_raw,content_quantity_interactions,XGBoostClassifier,0,2704,0.22374260355029585,0.40645405816404995,0.6959118667291391,0.5955882352941176,0.4981549815498155,0.4269870609981516,0.13388429752066117,0.2231404958677686,0.38181818181818183,2.661934856587263,2.226464578695374,1.9083851453537222,0.17923186344238975,0.4208782104391052,0.3,0.15777568519115448
22,low_rating_bottom30_bayes_global_m25,content_quantity_interactions,DummyClassifier,0,2704,0.3039940828402367,0.3039940828402367,0.5,0.29411764705882354,0.3062730627306273,0.2957486136783734,0.04866180048661801,0.10097323600973236,0.19464720194647203,0.9675110920280521,1.00749679029637,0.9728762182315348,0.0,0.46625070901871807,0.05,0.21160551421756965
22,low_rating_bottom30_bayes_global_m25,content_quantity_interactions,LogisticRegression,0,2704,0.3039940828402367,0.5194012055878209,0.6955062818195685,0.6691176470588235,0.6752767527675276,0.5674676524953789,0.11070559610705596,0.22262773722627738,0.3734793187347932,2.201087734363818,2.2213483448703095,1.8667062437317572,0.4134078212290503,0.5163265306122449,0.3,0.18944147533117603
22,low_rating_bottom30_bayes_global_m25,content_quantity_interactions,LogisticRegressionBalanced,0,2704,0.3039940828402367,0.5180876690496301,0.6952115185222534,0.6764705882352942,0.6826568265682657,0.5619223659889094,0.11192214111922141,0.22506082725060828,0.36982968369829683,2.22527551166452,2.2456253759617884,1.848464814639916,0.515274949083503,0.515274949083503,0.5,0.21924138400392462
22,low_rating_bottom30_bayes_global_m25,content_quantity_interactions,HistGradientBoostingClassifier,0,2704,0.3039940828402367,0.5194619785583302,0.6968960649099809,0.6764705882352942,0.6383763837638377,0.5619223659889094,0.11192214111922141,0.21046228710462286,0.36982968369829683,2.22527551166452,2.099963189412916,1.848464814639916,0.3016759776536313,0.4879594423320659,0.35,0.18801501833482137
22,low_rating_bottom30_bayes_global_m25,content_quantity_interactions,ExtraTreesClassifier,0,2704,0.3039940828402367,0.5284217335384032,0.7123181323383779,0.6764705882352942,0.6568265682656826,0.5841035120147874,0.11192214111922141,0.21654501216545013,0.3844282238442822,2.22527551166452,2.1606557671416127,1.921430531007281,0.3686477174849268,0.23588709677419356,0.55,0.1942702431315736
22,low_rating_bottom30_bayes_global_m25,content_quantity_interactions,XGBoostClassifier,0,2704,0.3039940828402367,0.5288344056441512,0.6957157188992401,0.7058823529411765,0.6568265682656826,0.5878003696857671,0.11678832116788321,0.21654501216545013,0.38686131386861317,2.322026620867325,2.1606557671416127,1.9335914837351753,0.36042402826855124,0.5084745762711864,0.35,0.1868162900209427
22,low_rating_bottom30_bayes_category_m25,content_quantity_interactions,DummyClassifier,0,2704,0.29770710059171596,0.29770710059171596,0.5,0.27941176470588236,0.2988929889298893,0.2957486136783734,0.04720496894409938,0.10062111801242236,0.19875776397515527,0.9385458531238583,1.0039834062936903,0.9934214302935673,0.0,0.45882017668851527,0.05,0.20908590511790204
22,low_rating_bottom30_bayes_category_m25,content_quantity_interactions,LogisticRegression,0,2704,0.29770710059171596,0.5274608904821947,0.7176179682670514,0.7058823529411765,0.6309963099630996,0.5637707948243993,0.11925465838509317,0.2124223602484472,0.37888198757763975,2.3710632078918525,2.1195205243977906,1.8937096014971129,0.4277992277992278,0.5299846232701179,0.3,0.1834084853324876
22,low_rating_bottom30_bayes_category_m25,content_quantity_interactions,LogisticRegressionBalanced,0,2704,0.29770710059171596,0.5270261692375178,0.7174249932131656,0.7058823529411765,0.6457564575645757,0.5656192236598891,0.11925465838509317,0.21739130434782608,0.3801242236024845,2.3710632078918525,2.169099951869084,1.8999184854364477,0.5312820512820513,0.5312820512820513,0.5,0.2126247985701113
22,low_rating_bottom30_bayes_category_m25,content_quantity_interactions,HistGradientBoostingClassifier,0,2704,0.29770710059171596,0.5449004418244532,0.7228989432162727,0.7573529411764706,0.6715867158671587,0.5859519408502772,0.12795031055900621,0.22608695652173913,0.3937888198757764,2.5439532334673,2.2558639499438473,1.9682162087691302,0.36576576576576575,0.5164141414141414,0.35,0.17985442218023648
22,low_rating_bottom30_bayes_category_m25,content_quantity_interactions,ExtraTreesClassifier,0,2704,0.29770710059171596,0.5427897405462974,0.7296269039932753,0.7132352941176471,0.6531365313653137,0.5656192236598891,0.12049689440993788,0.21987577639751552,0.3801242236024845,2.3957617829740596,2.193889665604731,1.8999184854364477,0.3843537414965986,0.2926829268292683,0.55,0.18854755380665694
22,low_rating_bottom30_bayes_category_m25,content_quantity_interactions,XGBoostClassifier,0,2704,0.29770710059171596,0.5403950632722357,0.7187404943432143,0.7132352941176471,0.6678966789667896,0.5637707948243993,0.12049689440993788,0.2248447204968944,0.37888198757763975,2.3957617829740596,2.243469093076024,1.8937096014971129,0.36893203883495146,0.5112781954887218,0.35,0.1808905303478241
22,low_rating_bottom30_category_relative,content_quantity_interactions,DummyClassifier,0,2704,0.3150887573964497,0.3150887573964497,0.5,0.3088235294117647,0.33210332103321033,0.3234750462107209,0.04929577464788732,0.1056338028169014,0.20539906103286384,0.9801159900579951,1.0539992723870901,1.0266156396171235,0.0,0.47919010123734535,0.05,0.21580841605297793
22,low_rating_bottom30_category_relative,content_quantity_interactions,LogisticRegression,0,2704,0.3150887573964497,0.5057545544914901,0.6793169926687556,0.6617647058823529,0.6088560885608856,0.5415896487985212,0.1056338028169014,0.1936619718309859,0.3438967136150235,2.100248550124275,1.9323319993763317,1.718847899473241,0.3892307692307692,0.5165876777251185,0.3,0.19745050179805573
22,low_rating_bottom30_category_relative,content_quantity_interactions,LogisticRegressionBalanced,0,2704,0.3150887573964497,0.5037787817239648,0.6790267341992922,0.6764705882352942,0.6014760147601476,0.5434380776340111,0.107981220657277,0.19131455399061034,0.34507042253521125,2.1469207401270367,1.9089097933232853,1.7247142745567676,0.5145967342899554,0.5135254988913526,0.45,0.22429416665450613
22,low_rating_bottom30_category_relative,content_quantity_interactions,HistGradientBoostingClassifier,0,2704,0.3150887573964497,0.507175842585736,0.6872883267930114,0.6764705882352942,0.6051660516605166,0.5378927911275416,0.107981220657277,0.19248826291079812,0.3415492957746479,2.1469207401270367,1.9206208963498086,1.7071151493061885,0.26887661141804786,0.49421296296296297,0.35,0.19522630084616857
22,low_rating_bottom30_category_relative,content_quantity_interactions,ExtraTreesClassifier,0,2704,0.3150887573964497,0.5154870838422799,0.6996775469230068,0.6764705882352942,0.6014760147601476,0.5619223659889094,0.107981220657277,0.19131455399061034,0.3568075117370892,2.1469207401270367,1.9089097933232853,1.7833780253920317,0.33221476510067116,0.33221476510067116,0.5,0.20130660329848593
22,low_rating_bottom30_category_relative,content_quantity_interactions,XGBoostClassifier,0,2704,0.3150887573964497,0.5207476695108071,0.696008122167128,0.7205882352941176,0.6457564575645757,0.55637707948244,0.11502347417840375,0.20539906103286384,0.3532863849765258,2.286937310135322,2.049443029641564,1.7657789001414528,0.3412969283276451,0.5051783659378596,0.35,0.1922641098499298
33,low_rating_bottom30_raw,content_quantity_interactions,DummyClassifier,0,2704,0.3021449704142012,0.3021449704142012,0.5,0.33088235294117646,0.3173431734317343,0.2920517560073937,0.05507955936352509,0.10526315789473684,0.193390452876377,1.095111239110087,1.0503010293260826,0.9665947958922797,0.0,0.4640727066174382,0.05,0.21085341472016084
33,low_rating_bottom30_raw,content_quantity_interactions,LogisticRegression,0,2704,0.3021449704142012,0.47809855207092405,0.6798496963375644,0.625,0.5830258302583026,0.5194085027726433,0.10403916768665851,0.193390452876377,0.34394124847001223,2.0685434516523866,1.9296228213200124,1.719070491428675,0.3709677419354839,0.5048458149779735,0.25,0.19503416546455887
33,low_rating_bottom30_raw,content_quantity_interactions,LogisticRegressionBalanced,0,2704,0.3021449704142012,0.47523398787270277,0.6781781421424303,0.625,0.5867158671586716,0.5175600739371534,0.10403916768665851,0.19461444308445533,0.3427172582619339,2.0685434516523866,1.941835623986595,1.7129528028470782,0.5004995004995005,0.5063752276867031,0.45,0.22551691266268914
33,low_rating_bottom30_raw,content_quantity_interactions,HistGradientBoostingClassifier,0,2704,0.3021449704142012,0.4812247715658917,0.6904446386050533,0.5808823529411765,0.5461254612546126,0.5341959334565619,0.0966952264381885,0.18115055079559364,0.3537331701346389,1.922528619771042,1.807494794654189,1.7680120000814485,0.2883046237533998,0.4927007299270073,0.35,0.19096503238009185
33,low_rating_bottom30_raw,content_quantity_interactions,ExtraTreesClassifier,0,2704,0.3021449704142012,0.4986741177363201,0.6998318067509514,0.6470588235294118,0.5904059040590406,0.5471349353049908,0.10771113831089352,0.19583843329253367,0.3623011015911873,2.1415508675930592,1.9540484266531772,1.8108358201526256,0.3356643356643357,0.3356643356643357,0.5,0.1966296181352517
33,low_rating_bottom30_raw,content_quantity_interactions,XGBoostClassifier,0,2704,0.3021449704142012,0.4819919772368796,0.6950007102645881,0.6176470588235294,0.5682656826568265,0.5341959334565619,0.10281517747858017,0.18849449204406366,0.3537331701346389,2.0442076463388292,1.880771610653683,1.7680120000814485,0.3036837376460018,0.4909310761789601,0.35,0.19021059572696686
33,low_rating_bottom20_raw,content_quantity_interactions,DummyClassifier,0,2704,0.21856508875739644,0.21856508875739644,0.5,0.2867647058823529,0.25092250922509224,0.21072088724584104,0.06598984771573604,0.11505922165820642,0.19289340101522842,1.312033442818752,1.1480447799401852,0.96411045535153,0.0,0.35872534142640367,0.05,0.17085747396717946
33,low_rating_bottom20_raw,content_quantity_interactions,LogisticRegression,0,2704,0.21856508875739644,0.3609112399717018,0.6759356909887466,0.47794117647058826,0.45018450184501846,0.39186691312384475,0.10998307952622674,0.20642978003384094,0.3587140439932318,2.18672240469792,2.05972739930445,1.7929071625835469,0.2466091245376079,0.4126984126984127,0.25,0.16262627892808088
33,low_rating_bottom20_raw,content_quantity_interactions,LogisticRegressionBalanced,0,2704,0.21856508875739644,0.3595966392824598,0.6765418811755124,0.4852941176470588,0.45387453874538747,0.39186691312384475,0.1116751269035533,0.20812182741116753,0.3587140439932318,2.2203642878471186,2.0766104107741588,1.7929071625835469,0.41933605125218404,0.41933605125218404,0.5,0.224666739736921
33,low_rating_bottom20_raw,content_quantity_interactions,HistGradientBoostingClassifier,0,2704,0.21856508875739644,0.37372800553573504,0.6913995465985683,0.4338235294117647,0.44280442804428044,0.3974121996303142,0.09983079526226735,0.20304568527918782,0.3637901861252115,1.9848711058027273,2.0259613763650326,1.8182784903559555,0.12371134020618557,0.41230257689110555,0.3,0.15763501801279792
33,low_rating_bottom20_raw,content_quantity_interactions,ExtraTreesClassifier,0,2704,0.21856508875739644,0.3976411753496692,0.699475409258454,0.49264705882352944,0.4612546125461255,0.4232902033271719,0.11336717428087986,0.21150592216582065,0.38747884940778343,2.2540061709963175,2.1103764337135758,1.9366780199605294,0.21550591327201052,0.13353115727002968,0.55,0.1665449942671542
33,low_rating_bottom20_raw,content_quantity_interactions,XGBoostClassifier,0,2704,0.21856508875739644,0.3734459109550789,0.688620040471403,0.47794117647058826,0.45387453874538747,0.3974121996303142,0.10998307952622674,0.20812182741116753,0.3637901861252115,2.18672240469792,2.0766104107741588,1.8182784903559555,0.17039106145251395,0.3993371996685998,0.3,0.158023402094841
33,low_rating_bottom30_bayes_global_m25,content_quantity_interactions,DummyClassifier,0,2704,0.2980769230769231,0.2980769230769231,0.5,0.3161764705882353,0.30996309963099633,0.28650646950092423,0.05334987593052109,0.10421836228287841,0.19230769230769232,1.060721062618596,1.0398762052136652,0.9611829944547136,0.0,0.45925925925925926,0.05,0.2092333962903228
33,low_rating_bottom30_bayes_global_m25,content_quantity_interactions,LogisticRegression,0,2704,0.2980769230769231,0.5004427649421407,0.6927443541196557,0.6544117647058824,0.6236162361623616,0.5378927911275416,0.11042183622828784,0.20967741935483872,0.3610421836228288,2.195445920303605,2.092131889060826,1.8045435573311075,0.4015810276679842,0.5154320987654321,0.3,0.18955659160558233
33,low_rating_bottom30_bayes_global_m25,content_quantity_interactions,LogisticRegressionBalanced,0,2704,0.2980769230769231,0.4969550376904016,0.6916415869388438,0.6544117647058824,0.6273062730627307,0.5360443622920518,0.11042183622828784,0.2109181141439206,0.3598014888337469,2.195445920303605,2.104511367694322,1.7983423767217221,0.5147286821705427,0.5147286821705427,0.5,0.220781492356001
33,low_rating_bottom30_bayes_global_m25,content_quantity_interactions,HistGradientBoostingClassifier,0,2704,0.2980769230769231,0.49252559572882754,0.6957016266306181,0.6176470588235294,0.5904059040590406,0.5508317929759704,0.10421836228287841,0.19851116625310175,0.369727047146402,2.0721062618595827,1.980716581359362,1.847951821596804,0.2971216341689879,0.4902084649399874,0.35,0.1877361447182016
33,low_rating_bottom30_bayes_global_m25,content_quantity_interactions,ExtraTreesClassifier,0,2704,0.2980769230769231,0.5004990152245179,0.6996283145115532,0.6470588235294118,0.5867158671586716,0.5268022181146026,0.10918114143920596,0.19727047146401985,0.3535980148883375,2.170777988614801,1.9683371027258663,1.7673364736747958,0.3253333333333333,0.2192622950819672,0.55,0.1953250566005598
33,low_rating_bottom30_bayes_global_m25,content_quantity_interactions,XGBoostClassifier,0,2704,0.2980769230769231,0.49284743342767434,0.6945263003762613,0.6029411764705882,0.6236162361623616,0.5508317929759704,0.10173697270471464,0.20967741935483872,0.369727047146402,2.022770398481973,2.092131889060826,1.847951821596804,0.33807829181494664,0.4975062344139651,0.35,0.18755313754081726
33,low_rating_bottom30_bayes_category_m25,content_quantity_interactions,DummyClassifier,0,2704,0.2947485207100592,0.2947485207100592,0.5,0.3161764705882353,0.30996309963099633,0.2809611829944547,0.053952321204516936,0.1053952321204517,0.19071518193224593,1.0726990921839248,1.0516188474306325,0.9532233862195802,0.0,0.4552984861468152,0.05,0.207915170519863
33,low_rating_bottom30_bayes_category_m25,content_quantity_interactions,LogisticRegression,0,2704,0.2947485207100592,0.5149367462461385,0.7162175410016192,0.6911764705882353,0.6531365313653137,0.5674676524953789,0.11794228356336262,0.22208281053952322,0.3851944792973651,2.3449701084950916,2.215911142800261,1.9252603919040205,0.43037974683544306,0.5271794871794871,0.3,0.1830989782164533
33,low_rating_bottom30_bayes_category_m25,content_quantity_interactions,LogisticRegressionBalanced,0,2704,0.2947485207100592,0.5113886849734361,0.714750318939863,0.6838235294117647,0.6531365313653137,0.5582255083179297,0.11668757841907151,0.22208281053952322,0.37892095357590966,2.3200236179791864,2.215911142800261,1.893904359462587,0.5277777777777778,0.5217798594847776,0.45,0.21409611346455232
33,low_rating_bottom30_bayes_category_m25,content_quantity_interactions,HistGradientBoostingClassifier,0,2704,0.2947485207100592,0.49979318757581653,0.7174143467999755,0.6176470588235294,0.6162361623616236,0.5526802218114603,0.1053952321204517,0.2095357590966123,0.3751568381430364,2.0955052033360393,2.0907184228680427,1.875090739997727,0.2958015267175573,0.5074812967581047,0.35,0.18353555533932153
33,low_rating_bottom30_bayes_category_m25,content_quantity_interactions,ExtraTreesClassifier,0,2704,0.2947485207100592,0.5082026522235855,0.7149134898238609,0.6985294117647058,0.6014760147601476,0.532347504621072,0.1191969887076537,0.20451693851944794,0.3613550815558344,2.3699165990109967,2.0406413348951555,1.806107468626573,0.3815899581589958,0.18498367791077258,0.6,0.19120885890718634
33,low_rating_bottom30_bayes_category_m25,content_quantity_interactions,XGBoostClassifier,0,2704,0.2947485207100592,0.519209499972853,0.7221963064164977,0.6911764705882353,0.6273062730627307,0.5600739371534196,0.11794228356336262,0.21329987452948557,0.38017565872020076,2.3449701084950916,2.1282762388477083,1.900175565950874,0.3787085514834206,0.5071119356833642,0.35,0.1806071251630783
33,low_rating_bottom30_category_relative,content_quantity_interactions,DummyClassifier,0,2704,0.3187869822485207,0.3187869822485207,0.5,0.35294117647058826,0.3505535055350554,0.31608133086876156,0.05568445475638051,0.11020881670533643,0.19837587006960558,1.1071379828033303,1.0996481194510321,0.9915126666695259,0.0,0.4834548513740886,0.05,0.21717673503786447
33,low_rating_bottom30_category_relative,content_quantity_interactions,LogisticRegression,0,2704,0.3187869822485207,0.47772851664323024,0.6615419787328914,0.6102941176470589,0.5756457564575646,0.5231053604436229,0.0962877030162413,0.18097447795823665,0.32830626450116007,1.914426095264092,1.8057379645722211,1.6409244717396245,0.3640483383685801,0.5126924677486475,0.25,0.2049431666290727
33,low_rating_bottom30_category_relative,content_quantity_interactions,LogisticRegressionBalanced,0,2704,0.3187869822485207,0.47546454315591724,0.6596783985932773,0.5955882352941176,0.5867158671586716,0.512014787430684,0.09396751740139211,0.18445475638051045,0.3213457076566125,1.8682953459806197,1.8404636946601487,1.6061345536108695,0.5058939096267191,0.5081749889527176,0.45,0.2314493908282505
33,low_rating_bottom30_category_relative,content_quantity_interactions,HistGradientBoostingClassifier,0,2704,0.3187869822485207,0.47548989957199755,0.6649769115079694,0.5955882352941176,0.5608856088560885,0.512014787430684,0.09396751740139211,0.17633410672853828,0.3213457076566125,1.8682953459806197,1.7594369911216512,1.6061345536108695,0.26619343389529726,0.47705382436260624,0.35,0.2011106468106994
33,low_rating_bottom30_category_relative,content_quantity_interactions,ExtraTreesClassifier,0,2704,0.3187869822485207,0.5019183710740694,0.6921150217533147,0.6323529411764706,0.5830258302583026,0.5471349353049908,0.09976798143851508,0.18329466357308585,0.3433874709976798,1.9836222191892998,1.828888451297506,1.7163026276852613,0.3421487603305785,0.19863680623174293,0.55,0.20317516516123654
33,low_rating_bottom30_category_relative,content_quantity_interactions,XGBoostClassifier,0,2704,0.3187869822485207,0.48406865205897937,0.6785875334739049,0.5735294117647058,0.5756457564575646,0.5415896487985212,0.09048723897911833,0.18097447795823665,0.339907192575406,1.7990992220554114,1.8057379645722211,1.6989076686208833,0.32053422370617696,0.4918032786885246,0.35,0.19914792478084564
44,low_rating_bottom30_raw,content_quantity_interactions,DummyClassifier,0,2704,0.3021449704142012,0.3021449704142012,0.5,0.27941176470588236,0.28044280442804426,0.29944547134935307,0.046511627906976744,0.09302325581395349,0.19828641370869032,0.9247606019151847,0.928173002660259,0.9910655502186667,0.0,0.4640727066174382,0.05,0.21085341472016078
44,low_rating_bottom30_raw,content_quantity_interactions,LogisticRegression,0,2704,0.3021449704142012,0.5073034009879411,0.6900081015568091,0.7058823529411765,0.6494464944649446,0.532347504621072,0.1175030599755202,0.21542227662178703,0.3525091799265606,2.3362373101015192,2.149453269318495,1.7618943114998518,0.3892068683565004,0.5099601593625498,0.3,0.19024540907928744
44,low_rating_bottom30_raw,content_quantity_interactions,LogisticRegressionBalanced,0,2704,0.3021449704142012,0.5060710461878726,0.6896649691667331,0.7352941176470589,0.6383763837638377,0.532347504621072,0.12239902080783353,0.211750305997552,0.3525091799265606,2.4335805313557493,2.112814861318748,1.7618943114998518,0.5072827724761426,0.5168842863574966,0.45,0.22179182082480703
44,low_rating_bottom30_raw,content_quantity_interactions,HistGradientBoostingClassifier,0,2704,0.3021449704142012,0.5044318145426274,0.690564637645061,0.6911764705882353,0.5977859778597786,0.532347504621072,0.11505507955936352,0.19828641370869032,0.3525091799265606,2.287565699474404,1.9784740319863419,1.7618943114998518,0.26044703595724006,0.48064918851435706,0.35,0.18936493007641425
44,low_rating_bottom30_raw,content_quantity_interactions,ExtraTreesClassifier,0,2704,0.3021449704142012,0.5064893946998443,0.6994633772659549,0.6470588235294118,0.6051660516605166,0.5434380776340111,0.10771113831089352,0.200734394124847,0.3598531211750306,2.1415508675930592,2.0028996373195067,1.798600442989432,0.3351063829787234,0.21479229989868287,0.55,0.1962751483668781
44,low_rating_bottom30_raw,content_quantity_interactions,XGBoostClassifier,0,2704,0.3021449704142012,0.518637751397079,0.6976549593008661,0.6911764705882353,0.6383763837638377,0.5471349353049908,0.11505507955936352,0.211750305997552,0.3623011015911873,2.287565699474404,2.112814861318748,1.8108358201526256,0.31868131868131866,0.49693251533742333,0.35,0.1872771829366684
44,low_rating_bottom20_raw,content_quantity_interactions,DummyClassifier,0,2704,0.22374260355029585,0.22374260355029585,0.5,0.19852941176470587,0.18450184501845018,0.2144177449168207,0.04462809917355372,0.08264462809917356,0.19173553719008266,0.8873116188624209,0.8246165106279162,0.958323276454683,0.0,0.36566938652160774,0.05,0.1736840121686125
44,low_rating_bottom20_raw,content_quantity_interactions,LogisticRegression,0,2704,0.22374260355029585,0.40316337156260534,0.6965402651400313,0.5514705882352942,0.5129151291512916,0.41589648798521256,0.12396694214876033,0.22975206611570248,0.371900826446281,2.4647544968400585,2.2924338995456073,1.8588167000198592,0.2655086848635236,0.433015873015873,0.25,0.15924921116396362
44,low_rating_bottom20_raw,content_quantity_interactions,LogisticRegressionBalanced,0,2704,0.22374260355029585,0.40400465070815017,0.69875462144508,0.5367647058823529,0.5055350553505535,0.41589648798521256,0.1206611570247934,0.22644628099173553,0.371900826446281,2.399027710257657,2.2594492391204906,1.8588167000198592,0.45313398504887864,0.43432343234323434,0.55,0.21833892975335212
44,low_rating_bottom20_raw,content_quantity_interactions,HistGradientBoostingClassifier,0,2704,0.22374260355029585,0.400592766567268,0.7023706684410916,0.5220588235294118,0.47601476014760147,0.4399260628465804,0.11735537190082644,0.21322314049586777,0.3933884297520661,2.3333009236752553,2.1275105974200237,1.9662149982432289,0.1264705882352941,0.41688654353562005,0.3,0.158029944272261
44,low_rating_bottom20_raw,content_quantity_interactions,ExtraTreesClassifier,0,2704,0.22374260355029585,0.40600031294921424,0.7104233027140039,0.5294117647058824,0.4907749077490775,0.4436229205175601,0.11900826446280992,0.21983471074380165,0.39669421487603307,2.366164316966456,2.193479918270257,1.9827378133545166,0.20533333333333334,0.20533333333333334,0.5,0.1666254611908777
44,low_rating_bottom20_raw,content_quantity_interactions,XGBoostClassifier,0,2704,0.22374260355029585,0.42683323143230734,0.71337827143189,0.5588235294117647,0.5239852398523985,0.45471349353049906,0.1256198347107438,0.23471074380165288,0.4066115702479339,2.4976178901312593,2.341910890183282,2.0323062586883793,0.1659513590844063,0.43410852713178294,0.3,0.15507139265537262
44,low_rating_bottom30_bayes_global_m25,content_quantity_interactions,DummyClassifier,0,2704,0.29511834319526625,0.29511834319526625,0.5,0.25,0.26199261992619927,0.2975970425138632,0.042606516290726815,0.08897243107769423,0.20175438596491227,0.8471177944862156,0.887754441454189,1.0083990011998574,0.0,0.4557395773843518,0.05,0.2080621144152061
44,low_rating_bottom30_bayes_global_m25,content_quantity_interactions,LogisticRegression,0,2704,0.29511834319526625,0.5154982527190869,0.6846720684186858,0.7573529411764706,0.6568265682656826,0.55637707948244,0.12907268170426064,0.22305764411027568,0.37719298245614036,2.5662686127082415,2.2256378954766993,1.8852676978953857,0.40491803278688526,0.5,0.3,0.18785558362411336
44,low_rating_bottom30_bayes_global_m25,content_quantity_interactions,LogisticRegressionBalanced,0,2704,0.29511834319526625,0.5128528777607185,0.6839843575360226,0.7352941176470589,0.6605166051660517,0.5508317929759704,0.12531328320802004,0.22431077694235588,0.37343358395989973,2.4915229249594577,2.238141479159153,1.866477654394767,0.5007759958613555,0.5007759958613555,0.5,0.22189637277732838
44,low_rating_bottom30_bayes_global_m25,content_quantity_interactions,HistGradientBoostingClassifier,0,2704,0.29511834319526625,0.5029856202517344,0.696855596493858,0.6544117647058824,0.6273062730627307,0.5471349353049908,0.11152882205513784,0.21303258145363407,0.37092731829573933,2.217455403213917,2.1256092260170725,1.8539509587276883,0.29865125240847784,0.48226950354609927,0.35,0.18569320926721614
44,low_rating_bottom30_bayes_global_m25,content_quantity_interactions,ExtraTreesClassifier,0,2704,0.29511834319526625,0.5006000515104281,0.6932033651810535,0.6985294117647058,0.6088560885608856,0.5378927911275416,0.11904761904761904,0.20676691729323307,0.36466165413533835,2.3669467787114846,2.063091307604805,1.8226342195599907,0.3492063492063492,0.3492063492063492,0.5,0.19457397659126208
44,low_rating_bottom30_bayes_global_m25,content_quantity_interactions,XGBoostClassifier,0,2704,0.29511834319526625,0.5073626757705783,0.693242813224036,0.6985294117647058,0.6605166051660517,0.5526802218114603,0.11904761904761904,0.22431077694235588,0.37468671679197996,2.3669467787114846,2.238141479159153,1.8727410022283066,0.3467889908256881,0.48222365869424694,0.35,0.1855422854423523
44,low_rating_bottom30_bayes_category_m25,content_quantity_interactions,DummyClassifier,0,2704,0.3021449704142012,0.3021449704142012,0.5,0.27205882352941174,0.2656826568265683,0.2957486136783734,0.04528763769889841,0.08812729498164015,0.19583843329253367,0.9004247966016271,0.8793217919939298,0.9788301730554733,0.0,0.4640727066174382,0.05,0.21086047837559405
44,low_rating_bottom30_bayes_category_m25,content_quantity_interactions,LogisticRegression,0,2704,0.3021449704142012,0.5445244973014736,0.7023161112008401,0.8014705882352942,0.6937269372693727,0.5656192236598891,0.13341493268053856,0.23011015911872704,0.37454100367197063,2.6526027791777667,2.296006901317483,1.8720127059685927,0.4311565696302124,0.5174574753804835,0.25,0.1861880185030872
44,low_rating_bottom30_bayes_category_m25,content_quantity_interactions,LogisticRegressionBalanced,0,2704,0.3021449704142012,0.5418336270061592,0.7014488748954872,0.7720588235294118,0.6863468634686347,0.5656192236598891,0.12851897184822522,0.22766217870257038,0.37454100367197063,2.5552595579235367,2.2715812959843187,1.8720127059685927,0.5038090401218893,0.5135259055479138,0.45,0.2174101617241879
44,low_rating_bottom30_bayes_category_m25,content_quantity_interactions,HistGradientBoostingClassifier,0,2704,0.3021449704142012,0.5465127495813225,0.7180048505557901,0.7794117647058824,0.6457564575645757,0.5951940850277264,0.12974296205630356,0.2141982864137087,0.39412484700122397,2.579595363237094,2.1372404666519125,1.9698957232741399,0.3219871205151794,0.5199501246882793,0.35,0.18269579046200438
44,low_rating_bottom30_bayes_category_m25,content_quantity_interactions,ExtraTreesClassifier,0,2704,0.3021449704142012,0.5249149101265622,0.7079690389503911,0.7205882352941176,0.6273062730627307,0.5434380776340111,0.11995104039167687,0.20807833537331702,0.3598531211750306,2.384908920728634,2.076176453319001,1.798600442989432,0.37061769616026713,0.18025751072961374,0.6,0.19258440079025263
44,low_rating_bottom30_bayes_category_m25,content_quantity_interactions,XGBoostClassifier,0,2704,0.3021449704142012,0.5597936085357501,0.7219278461988521,0.7941176470588235,0.6863468634686347,0.6025878003696857,0.13219094247246022,0.22766217870257038,0.3990208078335373,2.628266973864209,2.2715812959843187,1.9943664776005265,0.36557231588287487,0.5158878504672897,0.35,0.1807279735803604
44,low_rating_bottom30_category_relative,content_quantity_interactions,DummyClassifier,0,2704,0.3150887573964497,0.3150887573964497,0.5,0.29411764705882354,0.2915129151291513,0.31053604436229204,0.046948356807511735,0.09272300469483569,0.19718309859154928,0.9334438000552334,0.9251771390953346,0.9855510140324386,0.0,0.47919010123734535,0.05,0.21580841605297793
44,low_rating_bottom30_category_relative,content_quantity_interactions,LogisticRegression,0,2704,0.3150887573964497,0.5170915772840273,0.6847057869173283,0.7426470588235294,0.6494464944649446,0.5545286506469501,0.11854460093896714,0.20657276995305165,0.352112676056338,2.3569455951394644,2.0611541326680873,1.7599125250579262,0.40030792917628943,0.5195294117647059,0.3,0.19540489631686966
44,low_rating_bottom30_category_relative,content_quantity_interactions,LogisticRegressionBalanced,0,2704,0.3150887573964497,0.5170208275616693,0.6846348066802543,0.7426470588235294,0.6346863468634686,0.5619223659889094,0.11854460093896714,0.20187793427230047,0.3568075117370892,2.3569455951394644,2.0143097205619944,1.7833780253920317,0.5127952755905512,0.5213186813186813,0.45,0.22327685599853267
44,low_rating_bottom30_category_relative,content_quantity_interactions,HistGradientBoostingClassifier,0,2704,0.3150887573964497,0.49780641719204566,0.6765823522850566,0.6691176470588235,0.6014760147601476,0.5397412199630314,0.1068075117370892,0.19131455399061034,0.3427230046948357,2.1235846451256557,1.9089097933232853,1.7129815243897146,0.21743388834476005,0.4850574712643678,0.35,0.1974687265571085
44,low_rating_bottom30_category_relative,content_quantity_interactions,ExtraTreesClassifier,0,2704,0.3150887573964497,0.5124068740168596,0.6901294375323214,0.6911764705882353,0.6273062730627307,0.5508317929759704,0.11032863849765258,0.19953051643192488,0.34976525821596244,2.1935929301297983,1.9908875145089482,1.7481797748908732,0.3353191489361702,0.3353191489361702,0.5,0.20205560915109372
44,low_rating_bottom30_category_relative,content_quantity_interactions,XGBoostClassifier,0,2704,0.3150887573964497,0.521847562248855,0.6917391679088208,0.7058823529411765,0.6420664206642066,0.5637707948243993,0.11267605633802817,0.20422535211267606,0.357981220657277,2.2402651201325603,2.0377319266150407,1.7892444004755583,0.3339041095890411,0.496,0.35,0.19297803938388824
55,low_rating_bottom30_raw,content_quantity_interactions,DummyClassifier,0,2704,0.3021449704142012,0.3021449704142012,0.5,0.2647058823529412,0.28044280442804426,0.2957486136783734,0.044063647490820076,0.09302325581395349,0.19583843329253367,0.8760889912880697,0.928173002660259,0.9788301730554733,0.0,0.4640727066174382,0.05,0.21085341472016084
55,low_rating_bottom30_raw,content_quantity_interactions,LogisticRegression,0,2704,0.3021449704142012,0.4679034184351299,0.6690958364224978,0.6544117647058824,0.5904059040590406,0.4787430683918669,0.10893512851897184,0.19583843329253367,0.31701346389228885,2.1658866729066166,1.9540484266531772,1.5844813426335473,0.34710743801652894,0.5027652086475616,0.3,0.19717407444317
55,low_rating_bottom30_raw,content_quantity_interactions,LogisticRegressionBalanced,0,2704,0.3021449704142012,0.4702918912288902,0.6684737873448363,0.6544117647058824,0.5830258302583026,0.4879852125693161,0.10893512851897184,0.193390452876377,0.32313341493268055,2.1658866729066166,1.9296228213200124,1.6150697855415308,0.4979757085020243,0.4979757085020243,0.5,0.2267021845134352
55,low_rating_bottom30_raw,content_quantity_interactions,HistGradientBoostingClassifier,0,2704,0.3021449704142012,0.4885551102793878,0.6858580807029219,0.6617647058823529,0.5756457564575646,0.5249537892791127,0.11015911872705018,0.1909424724602203,0.34761321909424725,2.190222478220174,1.9051972159868475,1.7374235571734649,0.24877571008814886,0.47384615384615386,0.35,0.19105311635688993
55,low_rating_bottom30_raw,content_quantity_interactions,ExtraTreesClassifier,0,2704,0.3021449704142012,0.48959943772015374,0.6849850066064337,0.6470588235294118,0.5756457564575646,0.532347504621072,0.10771113831089352,0.1909424724602203,0.3525091799265606,2.1415508675930592,1.9051972159868475,1.7618943114998518,0.3373287671232877,0.3373287671232877,0.5,0.1983023049499587
55,low_rating_bottom30_raw,content_quantity_interactions,XGBoostClassifier,0,2704,0.3021449704142012,0.49806804393717086,0.6905964211745765,0.6544117647058824,0.6051660516605166,0.5194085027726433,0.10893512851897184,0.200734394124847,0.34394124847001223,2.1658866729066166,2.0028996373195067,1.719070491428675,0.31616982836495033,0.4768856447688564,0.35,0.18991829454898834
55,low_rating_bottom20_raw,content_quantity_interactions,DummyClassifier,0,2704,0.22633136094674555,0.22633136094674555,0.5,0.19852941176470587,0.22140221402214022,0.2365988909426987,0.04411764705882353,0.09803921568627451,0.20915032679738563,0.8771626297577855,0.9782215469213517,1.0453650344919236,0.0,0.3691194209891435,0.05,0.17510859497771694
55,low_rating_bottom20_raw,content_quantity_interactions,LogisticRegression,0,2704,0.22633136094674555,0.35580156238673866,0.6742055011934666,0.4632352941176471,0.42435424354243545,0.37153419593345655,0.10294117647058823,0.18790849673202614,0.3284313725490196,2.0467128027681665,1.8749246315992574,1.641549780725599,0.2,0.41992433795712486,0.25,0.1670873193632261
55,low_rating_bottom20_raw,content_quantity_interactions,LogisticRegressionBalanced,0,2704,0.22633136094674555,0.35744618604369705,0.6746999150201828,0.47794117647058826,0.42066420664206644,0.36968576709796674,0.10620915032679738,0.18627450980392157,0.32679738562091504,2.111687812379854,1.8586209391505681,1.633382866393631,0.4289855072463768,0.4289855072463768,0.5,0.22246445230339074
55,low_rating_bottom20_raw,content_quantity_interactions,HistGradientBoostingClassifier,0,2704,0.22633136094674555,0.391720982330946,0.6876819880278434,0.5588235294117647,0.4280442804428044,0.4066543438077634,0.12418300653594772,0.1895424836601307,0.35947712418300654,2.469050365244137,1.8912283240479464,1.7967211530329938,0.12427745664739884,0.38581314878892736,0.3,0.16133689914060376
55,low_rating_bottom20_raw,content_quantity_interactions,ExtraTreesClassifier,0,2704,0.22633136094674555,0.39744530593856503,0.6915740324173009,0.5367647058823529,0.4944649446494465,0.4121996303142329,0.119281045751634,0.21895424836601307,0.36437908496732024,2.371587850826605,2.184694788124352,1.8212218960288984,0.2065359477124183,0.10089020771513353,0.55,0.16934478172782164
55,low_rating_bottom20_raw,content_quantity_interactions,XGBoostClassifier,0,2704,0.22633136094674555,0.40634029218809964,0.6972730695209887,0.5367647058823529,0.4907749077490775,0.4029574861367837,0.119281045751634,0.2173202614379085,0.3562091503267974,2.371587850826605,2.1683910956756627,1.7803873243690576,0.1673758865248227,0.3823279524214104,0.3,0.15976980328559875
55,low_rating_bottom30_bayes_global_m25,content_quantity_interactions,DummyClassifier,0,2704,0.29289940828402367,0.29289940828402367,0.5,0.27205882352941174,0.28044280442804426,0.2920517560073937,0.04671717171717172,0.09595959595959595,0.1994949494949495,0.9288472964943553,0.9574713928957471,0.9971059952575664,0.0,0.45308924485125857,0.05,0.2071901179850902
55,low_rating_bottom30_bayes_global_m25,content_quantity_interactions,LogisticRegression,0,2704,0.29289940828402367,0.4904521064382594,0.6769605046278687,0.6985294117647058,0.6236162361623616,0.5194085027726433,0.11994949494949494,0.21338383838383837,0.3547979797979798,2.384878193701723,2.1291140184129116,1.7733340801732669,0.3888888888888889,0.49249870667356443,0.3,0.1907895281906414
55,low_rating_bottom30_bayes_global_m25,content_quantity_interactions,LogisticRegressionBalanced,0,2704,0.29289940828402367,0.4887038016889779,0.6765259815730527,0.6911764705882353,0.6273062730627307,0.5212569316081331,0.11868686868686869,0.21464646464646464,0.3560606060606061,2.359774212715389,2.1417123262141713,1.779644877611606,0.4935064935064935,0.4935064935064935,0.5,0.22369842847641835
55,low_rating_bottom30_bayes_global_m25,content_quantity_interactions,HistGradientBoostingClassifier,0,2704,0.29289940828402367,0.4957339000255477,0.6865563321499514,0.7205882352941176,0.6014760147601476,0.5064695009242144,0.12373737373737374,0.2058080808080808,0.34595959595959597,2.460190136660725,2.0535241716053525,1.7291584981048935,0.33121019108280253,0.4751102709514808,0.35,0.18682370941422224
55,low_rating_bottom30_bayes_global_m25,content_quantity_interactions,ExtraTreesClassifier,0,2704,0.29289940828402367,0.4995243893339754,0.69391152635138,0.6691176470588235,0.6051660516605166,0.5304990757855823,0.1148989898989899,0.20707070707070707,0.36237373737373735,2.2844622697563874,2.066122479406612,1.8111988648033013,0.3618881118881119,0.3618881118881119,0.5,0.19454202822413214
55,low_rating_bottom30_bayes_global_m25,content_quantity_interactions,XGBoostClassifier,0,2704,0.29289940828402367,0.49515988186002813,0.6875369806855164,0.6838235294117647,0.5977859778597786,0.5101663585951941,0.11742424242424243,0.20454545454545456,0.3484848484848485,2.3346702317290555,2.040925863804093,1.7417800929815719,0.3244729605866178,0.47206528562460764,0.35,0.18671420216560364
55,low_rating_bottom30_bayes_category_m25,content_quantity_interactions,DummyClassifier,0,2704,0.2984467455621302,0.2984467455621302,0.5,0.2867647058823529,0.28413284132841327,0.30129390018484287,0.048327137546468404,0.09541511771995044,0.20198265179677818,0.9608572053356658,0.9520386653680663,1.009539908426041,0.0,0.459698091711763,0.05,0.20938012804746461
55,low_rating_bottom30_bayes_category_m25,content_quantity_interactions,LogisticRegression,0,2704,0.2984467455621302,0.4905080488093005,0.6858791583136225,0.6985294117647058,0.5904059040590406,0.5083179297597042,0.11771995043370508,0.1982651796778191,0.34076827757125155,2.340549602740724,1.9782621618037741,1.7032115019457748,0.37928286852589643,0.4949392712550607,0.3,0.19262350679067647
55,low_rating_bottom30_bayes_category_m25,content_quantity_interactions,LogisticRegressionBalanced,0,2704,0.2984467455621302,0.488168601853604,0.6839867814503955,0.6985294117647058,0.5904059040590406,0.5138632162661737,0.11771995043370508,0.1982651796778191,0.3444857496902107,2.340549602740724,1.9782621618037741,1.7217919910579103,0.4967188288743059,0.4967188288743059,0.5,0.22381969884399888
55,low_rating_bottom30_bayes_category_m25,content_quantity_interactions,HistGradientBoostingClassifier,0,2704,0.2984467455621302,0.5080110893271752,0.7072342098885672,0.6691176470588235,0.5940959409594095,0.5434380776340111,0.1127633209417596,0.19950433705080545,0.3643122676579926,2.24200014578322,1.9906263003150475,1.820887932989301,0.315018315018315,0.5015441630636195,0.35,0.18539632282687063
55,low_rating_bottom30_bayes_category_m25,content_quantity_interactions,ExtraTreesClassifier,0,2704,0.2984467455621302,0.5074408585417177,0.7003335991936659,0.6911764705882353,0.6236162361623616,0.532347504621072,0.11648079306071871,0.2094175960346964,0.35687732342007433,2.3159122385013484,2.0895394084052366,1.7837269547650294,0.3786488740617181,0.1790722761596548,0.6,0.19373934807217585
55,low_rating_bottom30_bayes_category_m25,content_quantity_interactions,XGBoostClassifier,0,2704,0.2984467455621302,0.5216948622975026,0.7035232699645106,0.6691176470588235,0.6309963099630996,0.5656192236598891,0.1127633209417596,0.21189591078066913,0.379182156133829,2.24200014578322,2.1142676854277838,1.8952098894378442,0.35106382978723405,0.4996967859308672,0.35,0.1847880482673645
55,low_rating_bottom30_category_relative,content_quantity_interactions,DummyClassifier,0,2704,0.3128698224852071,0.3128698224852071,0.5,0.2647058823529412,0.2915129151291513,0.3068391866913124,0.0425531914893617,0.0933806146572104,0.19621749408983452,0.8460575719649561,0.9317386790889185,0.9807247763750693,0.0,0.47661971830985916,0.05,0.2149948132062994
55,low_rating_bottom30_category_relative,content_quantity_interactions,LogisticRegression,0,2704,0.3128698224852071,0.4745801640550318,0.6591533131280745,0.6176470588235294,0.5719557195571956,0.5064695009242144,0.09929078014184398,0.18321513002364065,0.32387706855791965,1.9741343345848978,1.8280948766934477,1.6187866790769216,0.3622170179547229,0.5070821529745042,0.3,0.20276139011505007
55,low_rating_bottom30_category_relative,content_quantity_interactions,LogisticRegressionBalanced,0,2704,0.3128698224852071,0.47643979041637885,0.6581252369791866,0.6397058823529411,0.5608856088560885,0.5009242144177449,0.10283687943262411,0.17966903073286053,0.3203309692671395,2.0446391322486437,1.7927123952090582,1.6010627373352035,0.495794161306284,0.5151515151515151,0.45,0.23000497174469775
55,low_rating_bottom30_category_relative,content_quantity_interactions,HistGradientBoostingClassifier,0,2704,0.3128698224852071,0.4859167893403655,0.6759066282919431,0.6764705882352942,0.5830258302583026,0.5231053604436229,0.10874704491725769,0.1867612293144208,0.33451536643026003,2.162147128354888,1.863477358177837,1.671958504302076,0.2608695652173913,0.470314318975553,0.35,0.19704191455517037
55,low_rating_bottom30_category_relative,content_quantity_interactions,ExtraTreesClassifier,0,2704,0.3128698224852071,0.4890536844909716,0.6746654299215965,0.6323529411764706,0.6014760147601476,0.5212569316081331,0.1016548463356974,0.19267139479905437,0.3333333333333333,2.021137533027395,1.9224481606518191,1.6660505237215035,0.3385631709331131,0.3385631709331131,0.5,0.20390207091314674
55,low_rating_bottom30_category_relative,content_quantity_interactions,XGBoostClassifier,0,2704,0.3128698224852071,0.5066882292745428,0.6787701002883193,0.6985294117647058,0.6236162361623616,0.5249537892791127,0.11229314420803782,0.19976359338061467,0.33569739952718675,2.2326519260186344,1.9932131236205979,1.6778664848826486,0.32111692844677137,0.4820809248554913,0.35,0.19520573318004608
11,low_rating_bottom30_raw,full_content_quantity_interactions_plus_reliability,DummyClassifier,0,2704,0.3021449704142012,0.3021449704142012,0.5,0.2647058823529412,0.2693726937269373,0.27726432532347506,0.044063647490820076,0.08935128518971848,0.1835985312117503,0.8760889912880697,0.8915345946605121,0.9176532872395062,0.0,0.4640727066174382,0.05,0.21085341472016078
11,low_rating_bottom30_raw,full_content_quantity_interactions_plus_reliability,LogisticRegression,0,2704,0.3021449704142012,0.5023180857949365,0.7038274504614774,0.6470588235294118,0.5940959409594095,0.5508317929759704,0.10771113831089352,0.19706242350061198,0.36474908200734396,2.1415508675930592,1.9662612293197594,1.823071197315819,0.41518202943454685,0.5265033407572383,0.25,0.18982469405603003
11,low_rating_bottom30_raw,full_content_quantity_interactions_plus_reliability,LogisticRegressionBalanced,0,2704,0.3021449704142012,0.5001226550979876,0.7042652847966404,0.6323529411764706,0.5940959409594095,0.5471349353049908,0.10526315789473684,0.19706242350061198,0.3623011015911873,2.092879256965944,1.9662612293197594,1.8108358201526256,0.5217391304347826,0.521978021978022,0.45,0.21772145855456693
11,low_rating_bottom30_raw,full_content_quantity_interactions_plus_reliability,HistGradientBoostingClassifier,0,2704,0.3021449704142012,0.49533610802365774,0.6944117420033612,0.6617647058823529,0.6014760147601476,0.5286506469500925,0.11015911872705018,0.19951040391676866,0.35006119951040393,2.190222478220174,1.990686834652924,1.7496589343366584,0.3090745732255166,0.4775212636695018,0.35,0.18948994746387504
11,low_rating_bottom30_raw,full_content_quantity_interactions_plus_reliability,ExtraTreesClassifier,0,2704,0.3021449704142012,0.4872245422592654,0.6967338855883748,0.6176470588235294,0.5719557195571956,0.5175600739371534,0.10281517747858017,0.189718482252142,0.3427172582619339,2.0442076463388292,1.8929844133202656,1.7129528028470782,0.31615720524017465,0.31615720524017465,0.5,0.19660913560989443
11,low_rating_bottom30_raw,full_content_quantity_interactions_plus_reliability,XGBoostClassifier,0,2704,0.3021449704142012,0.5150603133840939,0.7100232927866306,0.6911764705882353,0.6014760147601476,0.5471349353049908,0.11505507955936352,0.19951040391676866,0.3623011015911873,2.287565699474404,1.990686834652924,1.8108358201526256,0.34375,0.49221556886227547,0.35,0.1858900636434555
11,low_rating_bottom20_raw,full_content_quantity_interactions_plus_reliability,DummyClassifier,0,2704,0.21967455621301776,0.21967455621301776,0.5,0.18382352941176472,0.18450184501845018,0.20147874306839186,0.04208754208754209,0.08417508417508418,0.1835016835016835,0.8367993662111309,0.8398871867506553,0.917169227705272,0.0,0.3602183141297756,0.05,0.1714606209125423
11,low_rating_bottom20_raw,full_content_quantity_interactions_plus_reliability,LogisticRegression,0,2704,0.21967455621301776,0.41166174123969684,0.7286139435428536,0.5441176470588235,0.4797047970479705,0.4288354898336414,0.12457912457912458,0.21885521885521886,0.39057239057239057,2.4769261239849474,2.1837066855517038,1.9521400075928725,0.3052391799544419,0.4558258642765685,0.25,0.15525183096142228
11,low_rating_bottom20_raw,full_content_quantity_interactions_plus_reliability,LogisticRegressionBalanced,0,2704,0.21967455621301776,0.40969217347866166,0.728709687714427,0.5294117647058824,0.47232472324723246,0.4269870609981516,0.12121212121212122,0.21548821548821548,0.3888888888888889,2.4099821746880568,2.1501111980816776,1.9437256110084207,0.46642685851318944,0.4544859201047806,0.55,0.20925216852967016
11,low_rating_bottom20_raw,full_content_quantity_interactions_plus_reliability,HistGradientBoostingClassifier,0,2704,0.21967455621301776,0.42340621374003673,0.7335535449279524,0.5294117647058824,0.4944649446494465,0.43068391866913125,0.12121212121212122,0.2255892255892256,0.39225589225589225,2.4099821746880568,2.2508976604917565,1.9605544041773246,0.19327731092436976,0.44025157232704404,0.3,0.1512564956422266
11,low_rating_bottom20_raw,full_content_quantity_interactions_plus_reliability,ExtraTreesClassifier,0,2704,0.21967455621301776,0.3948727953613395,0.7096398423412641,0.5073529411764706,0.44649446494464945,0.39926062846580407,0.11616161616161616,0.2037037037037037,0.36363636363636365,2.309566250742721,2.032526991936586,1.81750966224164,0.22164276401564537,0.22164276401564537,0.5,0.1649742700779139
11,low_rating_bottom20_raw,full_content_quantity_interactions_plus_reliability,XGBoostClassifier,0,2704,0.21967455621301776,0.4461596750668023,0.730313402588284,0.625,0.5276752767527675,0.4214417744916821,0.14309764309764308,0.24074074074074073,0.3838383838383838,2.845117845117845,2.4020773541068743,1.9184824212550644,0.24234354194407456,0.3928905519176801,0.35,0.15060386061668396
11,low_rating_bottom30_bayes_global_m25,full_content_quantity_interactions_plus_reliability,DummyClassifier,0,2704,0.29511834319526625,0.29511834319526625,0.5,0.23529411764705882,0.24354243542435425,0.2643253234750462,0.040100250626566414,0.08270676691729323,0.17919799498746866,0.7972873359870264,0.8252365230419222,0.8956587401961467,0.0,0.4557395773843518,0.05,0.2080621144152061
11,low_rating_bottom30_bayes_global_m25,full_content_quantity_interactions_plus_reliability,LogisticRegression,0,2704,0.29511834319526625,0.5120756067621117,0.6971133237080109,0.6985294117647058,0.6346863468634686,0.5600739371534196,0.11904761904761904,0.21553884711779447,0.37969924812030076,2.3669467787114846,2.150616393381979,1.8977943935624644,0.40942323314378554,0.5134575569358178,0.3,0.18626989023726728
11,low_rating_bottom30_bayes_global_m25,full_content_quantity_interactions_plus_reliability,LogisticRegressionBalanced,0,2704,0.29511834319526625,0.509197692188871,0.6971560590879087,0.6838235294117647,0.6346863468634686,0.5545286506469501,0.11654135338345864,0.21553884711779447,0.37593984962406013,2.3171163202122957,2.150616393381979,1.879004350061846,0.5090532850491464,0.5090532850491464,0.5,0.21747825743962282
11,low_rating_bottom30_bayes_global_m25,full_content_quantity_interactions_plus_reliability,HistGradientBoostingClassifier,0,2704,0.29511834319526625,0.5061994559633107,0.690680662832317,0.6691176470588235,0.6383763837638377,0.5360443622920518,0.11403508771929824,0.21679197994987467,0.3634085213032581,2.2672858617131064,2.1631199770644325,1.8163708717264513,0.3333333333333333,0.49622166246851385,0.35,0.18615215708942728
11,low_rating_bottom30_bayes_global_m25,full_content_quantity_interactions_plus_reliability,ExtraTreesClassifier,0,2704,0.29511834319526625,0.5024022030530254,0.6984506123651205,0.6617647058823529,0.6457564575645757,0.5360443622920518,0.11278195488721804,0.21929824561403508,0.3634085213032581,2.242370632463512,2.1881271444293393,1.8163708717264513,0.3579697239536955,0.3579697239536955,0.5,0.19365294685581289
11,low_rating_bottom30_bayes_global_m25,full_content_quantity_interactions_plus_reliability,XGBoostClassifier,0,2704,0.29511834319526625,0.5194824422710119,0.6956313922266316,0.7279411764705882,0.6420664206642066,0.5489833641404805,0.12406015037593984,0.21804511278195488,0.37218045112781956,2.466607695709863,2.1756235607468857,1.8602143065612273,0.35575221238938054,0.4937810945273632,0.35,0.18452878296375275
11,low_rating_bottom30_bayes_category_m25,full_content_quantity_interactions_plus_reliability,DummyClassifier,0,2704,0.29548816568047337,0.29548816568047337,0.5,0.2647058823529412,0.25092250922509224,0.26062846580406657,0.04505632040050062,0.0851063829787234,0.17647058823529413,0.8958256644334831,0.8491795556253434,0.8820267478525607,0.0,0.45618041678561233,0.05,0.20820693060134102
11,low_rating_bottom30_bayes_category_m25,full_content_quantity_interactions_plus_reliability,LogisticRegression,0,2704,0.29548816568047337,0.5218973265982019,0.7171957072324657,0.7058823529411765,0.6199261992619927,0.5619223659889094,0.12015018773466833,0.21026282853566958,0.3804755944931164,2.3888684384892884,2.0979730197802606,1.9016746904055208,0.4252336448598131,0.520973588814086,0.3,0.183352275917273
11,low_rating_bottom30_bayes_category_m25,full_content_quantity_interactions_plus_reliability,LogisticRegressionBalanced,0,2704,0.29548816568047337,0.5202537847617981,0.7173862341049673,0.6985294117647058,0.6199261992619927,0.5526802218114603,0.11889862327909888,0.21026282853566958,0.3742177722152691,2.3639843922550248,2.0979730197802606,1.87039714615543,0.5237113402061856,0.525129168623767,0.45,0.21237386890575013
11,low_rating_bottom30_bayes_category_m25,full_content_quantity_interactions_plus_reliability,HistGradientBoostingClassifier,0,2704,0.29548816568047337,0.5347777654209623,0.722197366130235,0.75,0.6531365313653137,0.5489833641404805,0.1276595744680851,0.22152690863579474,0.3717146433041302,2.5381727158948686,2.2103644315542033,1.8578861284553936,0.3784722222222222,0.5084745762711864,0.35,0.18019694100099612
11,low_rating_bottom30_bayes_category_m25,full_content_quantity_interactions_plus_reliability,ExtraTreesClassifier,0,2704,0.29548816568047337,0.49571745124275984,0.7031354810310789,0.6323529411764706,0.5904059040590406,0.5194085027726433,0.10763454317897372,0.2002503128911139,0.35168961201501875,2.1400279761466536,1.998069542647867,1.7577979868551032,0.36348267117497884,0.2693798449612403,0.55,0.19250525071435762
11,low_rating_bottom30_bayes_category_m25,full_content_quantity_interactions_plus_reliability,XGBoostClassifier,0,2704,0.29548816568047337,0.5344222786719752,0.7228050811545929,0.75,0.6457564575645757,0.5693160813308688,0.1276595744680851,0.2190237797246558,0.3854818523153942,2.5381727158948686,2.1853885622711045,1.9266967258055934,0.3783783783783784,0.5120892746435214,0.35,0.17959800362586975
11,low_rating_bottom30_category_relative,full_content_quantity_interactions_plus_reliability,DummyClassifier,0,2704,0.3128698224852071,0.3128698224852071,0.5,0.2647058823529412,0.2730627306273063,0.2828096118299446,0.0425531914893617,0.08747044917257683,0.18085106382978725,0.8460575719649561,0.8727678766149364,0.9039210288276243,0.0,0.47661971830985916,0.05,0.21499481320629943
11,low_rating_bottom30_category_relative,full_content_quantity_interactions_plus_reliability,LogisticRegression,0,2704,0.3128698224852071,0.5094260585586348,0.6976514567380977,0.6764705882352942,0.5977859778597786,0.5526802218114603,0.10874704491725769,0.19148936170212766,0.3534278959810875,2.162147128354888,1.9106540001570227,1.7664861935912393,0.4155455904334828,0.5388205345778532,0.25,0.19432807579947983
11,low_rating_bottom30_category_relative,full_content_quantity_interactions_plus_reliability,LogisticRegressionBalanced,0,2704,0.3128698224852071,0.5071982798986973,0.6983149984604305,0.6617647058823529,0.5977859778597786,0.5508317929759704,0.10638297872340426,0.19148936170212766,0.35224586288416077,2.1151439299123904,1.9106540001570227,1.7605782130106666,0.5204938271604939,0.5311240483654277,0.45,0.21958693124932144
11,low_rating_bottom30_category_relative,full_content_quantity_interactions_plus_reliability,HistGradientBoostingClassifier,0,2704,0.3128698224852071,0.5093208927405066,0.6925314339372008,0.6691176470588235,0.6014760147601476,0.5378927911275416,0.10756501182033097,0.19267139479905437,0.34397163120567376,2.138645529133639,1.9224481606518191,1.7192223489466578,0.2773722627737226,0.48822515795519816,0.35,0.1930661359508378
11,low_rating_bottom30_category_relative,full_content_quantity_interactions_plus_reliability,ExtraTreesClassifier,0,2704,0.3128698224852071,0.49864126974818657,0.6927572798733735,0.625,0.5940959409594095,0.5286506469500925,0.10047281323877069,0.19030732860520094,0.3380614657210402,1.9976359338061465,1.898859839662226,1.6896824460437943,0.3269069572506287,0.22350674373795762,0.55,0.20146761212729217
11,low_rating_bottom30_category_relative,full_content_quantity_interactions_plus_reliability,XGBoostClassifier,0,2704,0.3128698224852071,0.519336641210546,0.6989511841961284,0.6838235294117647,0.6309963099630996,0.5378927911275416,0.1099290780141844,0.20212765957446807,0.34397163120567376,2.1856487275761367,2.0168014446101905,1.7192223489466578,0.3305084745762712,0.4856486796785304,0.35,0.1912255436182022
22,low_rating_bottom30_raw,full_content_quantity_interactions_plus_reliability,DummyClassifier,0,2704,0.3021449704142012,0.3021449704142012,0.5,0.29411764705882354,0.3173431734317343,0.31053604436229204,0.04895960832313342,0.10526315789473684,0.20563035495716034,0.9734322125422997,1.0503010293260826,1.027771681708247,0.0,0.4640727066174382,0.05,0.21085341472016084
22,low_rating_bottom30_raw,full_content_quantity_interactions_plus_reliability,LogisticRegression,0,2704,0.3021449704142012,0.5078809682371108,0.7114671731274798,0.6544117647058824,0.6125461254612546,0.5471349353049908,0.10893512851897184,0.20318237454100369,0.3623011015911873,2.1658866729066166,2.0273252426526716,1.8108358201526256,0.40723270440251574,0.5284348263714141,0.3,0.18727162916890683
22,low_rating_bottom30_raw,full_content_quantity_interactions_plus_reliability,LogisticRegressionBalanced,0,2704,0.3021449704142012,0.5063298413221103,0.710887285874686,0.6764705882352942,0.6162361623616236,0.5545286506469501,0.11260709914320685,0.204406364749082,0.3671970624235006,2.2388940888472892,2.0395380453192535,1.8353065744790125,0.5271629778672032,0.5295464956481906,0.45,0.21494122283439318
22,low_rating_bottom30_raw,full_content_quantity_interactions_plus_reliability,HistGradientBoostingClassifier,0,2704,0.3021449704142012,0.5217783666056196,0.7191574899833234,0.6911764705882353,0.6273062730627307,0.5600739371534196,0.11505507955936352,0.20807833537331702,0.3708690330477356,2.287565699474404,2.076176453319001,1.8536596402238024,0.30612244897959184,0.5062388591800356,0.35,0.18419878734053172
22,low_rating_bottom30_raw,full_content_quantity_interactions_plus_reliability,ExtraTreesClassifier,0,2704,0.3021449704142012,0.5283859379520931,0.7233846994088912,0.6617647058823529,0.6568265682656826,0.5656192236598891,0.11015911872705018,0.2178702570379437,0.37454100367197063,2.190222478220174,2.1738788746516597,1.8720127059685927,0.3480565371024735,0.3480565371024735,0.5,0.19319592369696392
22,low_rating_bottom30_raw,full_content_quantity_interactions_plus_reliability,XGBoostClassifier,0,2704,0.3021449704142012,0.5474303682375443,0.7295487582045289,0.7352941176470589,0.6420664206642066,0.5730129390018485,0.12239902080783353,0.21297429620563035,0.379436964504284,2.4335805313557493,2.12502766398533,1.8964834602949794,0.33955555555555555,0.5305882352941177,0.35,0.18077056109905243
22,low_rating_bottom20_raw,full_content_quantity_interactions_plus_reliability,DummyClassifier,0,2704,0.22374260355029585,0.22374260355029585,0.5,0.19852941176470587,0.2177121771217712,0.22735674676524953,0.04462809917355372,0.09752066115702479,0.20330578512396694,0.8873116188624209,0.9730474825409411,1.0161531293441897,0.0,0.36566938652160774,0.05,0.1736840121686125
22,low_rating_bottom20_raw,full_content_quantity_interactions_plus_reliability,LogisticRegression,0,2704,0.22374260355029585,0.40623556596294697,0.7175301895038566,0.5294117647058824,0.4907749077490775,0.45471349353049906,0.11900826446280992,0.21983471074380165,0.4066115702479339,2.366164316966456,2.193479918270257,2.0323062586883793,0.29988465974625145,0.45140247879973905,0.25,0.1585084040498697
22,low_rating_bottom20_raw,full_content_quantity_interactions_plus_reliability,LogisticRegressionBalanced,0,2704,0.22374260355029585,0.40384072127129883,0.7179648711113911,0.5147058823529411,0.4797047970479705,0.4565619223659889,0.11570247933884298,0.21487603305785125,0.40826446280991735,2.3004375303840545,2.1440029276325823,2.0405676662440233,0.4481725584182145,0.4481725584182145,0.5,0.21008468909984873
22,low_rating_bottom20_raw,full_content_quantity_interactions_plus_reliability,HistGradientBoostingClassifier,0,2704,0.22374260355029585,0.4532560618641314,0.7485981124423673,0.5808823529411765,0.5424354243542435,0.47689463955637706,0.1305785123966942,0.24297520661157024,0.42644628099173554,2.5962080700048618,2.4243725412460737,2.1314431493561052,0.1835883171070932,0.4053794428434198,0.35,0.15009614770937185
22,low_rating_bottom20_raw,full_content_quantity_interactions_plus_reliability,ExtraTreesClassifier,0,2704,0.22374260355029585,0.42887533646859444,0.7279948342185771,0.5441176470588235,0.5129151291512916,0.4565619223659889,0.12231404958677686,0.22975206611570248,0.40826446280991735,2.4318911035488573,2.2924338995456073,2.0405676662440233,0.22251308900523561,0.22251308900523561,0.5,0.16414564154028083
22,low_rating_bottom20_raw,full_content_quantity_interactions_plus_reliability,XGBoostClassifier,0,2704,0.22374260355029585,0.44229736935120517,0.737646025852531,0.5735294117647058,0.5498154981549815,0.4676524953789279,0.12892561983471074,0.2462809917355372,0.41818181818181815,2.5633446767136605,2.4573572016711904,2.0901361115778863,0.216,0.42696629213483145,0.35,0.15168370306491852
22,low_rating_bottom30_bayes_global_m25,full_content_quantity_interactions_plus_reliability,DummyClassifier,0,2704,0.3039940828402367,0.3039940828402367,0.5,0.29411764705882354,0.3062730627306273,0.2957486136783734,0.04866180048661801,0.10097323600973236,0.19464720194647203,0.9675110920280521,1.00749679029637,0.9728762182315348,0.0,0.46625070901871807,0.05,0.21160551421756965
22,low_rating_bottom30_bayes_global_m25,full_content_quantity_interactions_plus_reliability,LogisticRegression,0,2704,0.3039940828402367,0.5190157647620007,0.6965780308260353,0.6691176470588235,0.6752767527675276,0.5693160813308688,0.11070559610705596,0.22262773722627738,0.3746958637469586,2.201087734363818,2.2213483448703095,1.8727867200957042,0.416733708769107,0.5170831208567057,0.3,0.18932854972327318
22,low_rating_bottom30_bayes_global_m25,full_content_quantity_interactions_plus_reliability,LogisticRegressionBalanced,0,2704,0.3039940828402367,0.5175948275228772,0.6963854004255968,0.6764705882352942,0.6752767527675276,0.5619223659889094,0.11192214111922141,0.22262773722627738,0.36982968369829683,2.22527551166452,2.2213483448703095,1.848464814639916,0.5155691679428279,0.5155691679428279,0.5,0.21899482927701452
22,low_rating_bottom30_bayes_global_m25,full_content_quantity_interactions_plus_reliability,HistGradientBoostingClassifier,0,2704,0.3039940828402367,0.5316384261411661,0.7146335756080786,0.7205882352941176,0.6605166051660517,0.5767097966728281,0.1192214111922141,0.21776155717761558,0.3795620437956204,2.3704021754687274,2.1727942826873523,1.8971086255514926,0.35751295336787564,0.5143906919779547,0.35,0.18449482822961302
22,low_rating_bottom30_bayes_global_m25,full_content_quantity_interactions_plus_reliability,ExtraTreesClassifier,0,2704,0.3039940828402367,0.5404966628321455,0.7185023438853422,0.7205882352941176,0.6642066420664207,0.5804066543438078,0.1192214111922141,0.21897810218978103,0.3819951338199513,2.3704021754687274,2.1849327982330915,1.909269578279387,0.3889845094664372,0.3889845094664372,0.5,0.19294213558776696
22,low_rating_bottom30_bayes_global_m25,full_content_quantity_interactions_plus_reliability,XGBoostClassifier,0,2704,0.3039940828402367,0.5368137804899784,0.7154823129093395,0.7279411764705882,0.6605166051660517,0.5951940850277264,0.12043795620437957,0.21776155717761558,0.39172749391727496,2.3945899527694285,2.1727942826873523,1.9579133891909637,0.37317282889079967,0.5172197871008141,0.35,0.18333692848682404
22,low_rating_bottom30_bayes_category_m25,full_content_quantity_interactions_plus_reliability,DummyClassifier,0,2704,0.29770710059171596,0.29770710059171596,0.5,0.27941176470588236,0.2988929889298893,0.2957486136783734,0.04720496894409938,0.10062111801242236,0.19875776397515527,0.9385458531238583,1.0039834062936903,0.9934214302935673,0.0,0.45882017668851527,0.05,0.20908590511790204
22,low_rating_bottom30_bayes_category_m25,full_content_quantity_interactions_plus_reliability,LogisticRegression,0,2704,0.29770710059171596,0.5292446194878486,0.7258308557298874,0.6838235294117647,0.6642066420664207,0.5545286506469501,0.115527950310559,0.2236024844720497,0.37267080745341613,2.296967482645232,2.2310742362082006,1.8626651818004387,0.41867704280155643,0.5480427046263345,0.3,0.18201260021307217
22,low_rating_bottom30_bayes_category_m25,full_content_quantity_interactions_plus_reliability,LogisticRegressionBalanced,0,2704,0.29770710059171596,0.5277739573834711,0.7255534949744717,0.6764705882352942,0.6494464944649446,0.5471349353049908,0.11428571428571428,0.2186335403726708,0.36770186335403726,2.2722689075630256,2.1814948087369075,1.8378296460430996,0.5500505561172901,0.5500505561172901,0.5,0.21040944016973523
22,low_rating_bottom30_bayes_category_m25,full_content_quantity_interactions_plus_reliability,HistGradientBoostingClassifier,0,2704,0.29770710059171596,0.5462787484926869,0.7328754264258077,0.7279411764705882,0.6715867158671587,0.5656192236598891,0.12298136645962733,0.22608695652173913,0.3801242236024845,2.445158933138473,2.2558639499438473,1.8999184854364477,0.3391384051329056,0.5257924176507147,0.35,0.17885222766758677
22,low_rating_bottom30_bayes_category_m25,full_content_quantity_interactions_plus_reliability,ExtraTreesClassifier,0,2704,0.29770710059171596,0.5481439477635649,0.7369717307899876,0.7205882352941176,0.6457564575645757,0.5674676524953789,0.12173913043478261,0.21739130434782608,0.3813664596273292,2.4204603580562662,2.169099951869084,1.906127369375782,0.3816793893129771,0.28937007874015747,0.55,0.18761727012147086
22,low_rating_bottom30_bayes_category_m25,full_content_quantity_interactions_plus_reliability,XGBoostClassifier,0,2704,0.29770710059171596,0.5628370892826141,0.741222415197276,0.7794117647058824,0.6678966789667896,0.5914972273567468,0.13167701863354037,0.2248447204968944,0.39751552795031053,2.6180489587139206,2.243469093076024,1.9868428605871347,0.38990426457789384,0.5281862745098039,0.35,0.1759086400270462
22,low_rating_bottom30_category_relative,full_content_quantity_interactions_plus_reliability,DummyClassifier,0,2704,0.3150887573964497,0.3150887573964497,0.5,0.3088235294117647,0.33210332103321033,0.3234750462107209,0.04929577464788732,0.1056338028169014,0.20539906103286384,0.9801159900579951,1.0539992723870901,1.0266156396171235,0.0,0.47919010123734535,0.05,0.21580841605297793
22,low_rating_bottom30_category_relative,full_content_quantity_interactions_plus_reliability,LogisticRegression,0,2704,0.3150887573964497,0.5177039475170998,0.7024939413297641,0.6617647058823529,0.6383763837638377,0.5545286506469501,0.1056338028169014,0.20305164319248825,0.352112676056338,2.100248550124275,2.0260208235885178,1.7599125250579262,0.4110612855007474,0.5370370370370371,0.25,0.19301429699650283
22,low_rating_bottom30_category_relative,full_content_quantity_interactions_plus_reliability,LogisticRegressionBalanced,0,2704,0.3150887573964497,0.5153161262023819,0.7020084872083473,0.6617647058823529,0.6420664206642066,0.5526802218114603,0.1056338028169014,0.20422535211267606,0.35093896713615025,2.100248550124275,2.0377319266150407,1.7540461499743998,0.5441103992114342,0.5416666666666666,0.4,0.21854520974427763
22,low_rating_bottom30_category_relative,full_content_quantity_interactions_plus_reliability,HistGradientBoostingClassifier,0,2704,0.3150887573964497,0.5242152355997884,0.7064713696143745,0.7132352941176471,0.6199261992619927,0.5397412199630314,0.11384976525821597,0.19718309859154928,0.3427230046948357,2.263601215133941,1.9674653084559015,1.7129815243897146,0.30115146147032773,0.5184357541899441,0.35,0.19084845819190066
22,low_rating_bottom30_category_relative,full_content_quantity_interactions_plus_reliability,ExtraTreesClassifier,0,2704,0.3150887573964497,0.5234601414837188,0.7143273608533853,0.6617647058823529,0.5904059040590406,0.5711645101663586,0.1056338028169014,0.18779342723004694,0.3626760563380282,2.100248550124275,1.8737764842437157,1.8127099008096639,0.3273960983884648,0.3273960983884648,0.5,0.19941756438298333
22,low_rating_bottom30_category_relative,full_content_quantity_interactions_plus_reliability,XGBoostClassifier,0,2704,0.3150887573964497,0.5303207568379485,0.708963282937365,0.7132352941176471,0.5904059040590406,0.5711645101663586,0.11384976525821597,0.18779342723004694,0.3626760563380282,2.263601215133941,1.8737764842437157,1.8127099008096639,0.31533847472150817,0.4698874917273329,0.4,0.1897054761648178
33,low_rating_bottom30_raw,full_content_quantity_interactions_plus_reliability,DummyClassifier,0,2704,0.3021449704142012,0.3021449704142012,0.5,0.33088235294117646,0.3173431734317343,0.2920517560073937,0.05507955936352509,0.10526315789473684,0.193390452876377,1.095111239110087,1.0503010293260826,0.9665947958922797,0.0,0.4640727066174382,0.05,0.21085341472016084
33,low_rating_bottom30_raw,full_content_quantity_interactions_plus_reliability,LogisticRegression,0,2704,0.3021449704142012,0.4879739363433432,0.6998356986117085,0.6617647058823529,0.5977859778597786,0.5397412199630314,0.11015911872705018,0.19828641370869032,0.3574051407588739,2.190222478220174,1.9784740319863419,1.7863650658262384,0.3956386292834891,0.5213100044863167,0.25,0.19141978348762675
33,low_rating_bottom30_raw,full_content_quantity_interactions_plus_reliability,LogisticRegressionBalanced,0,2704,0.3021449704142012,0.48625383123637206,0.6997176455020793,0.6617647058823529,0.5977859778597786,0.5304990757855823,0.11015911872705018,0.19828641370869032,0.35128518971848227,2.190222478220174,1.9784740319863419,1.7557766229182552,0.5210843373493976,0.5279560036663611,0.45,0.219581193290524
33,low_rating_bottom30_raw,full_content_quantity_interactions_plus_reliability,HistGradientBoostingClassifier,0,2704,0.3021449704142012,0.49411407394179424,0.7022739493759725,0.6397058823529411,0.5867158671586716,0.5360443622920518,0.10648714810281518,0.19461444308445533,0.35495716034271724,2.1172150622795014,1.941835623986595,1.7741296886630453,0.2755388940955951,0.48184019370460046,0.35,0.18844399603109702
33,low_rating_bottom30_raw,full_content_quantity_interactions_plus_reliability,ExtraTreesClassifier,0,2704,0.3021449704142012,0.505698664535484,0.7114626326232634,0.6544117647058824,0.5904059040590406,0.5471349353049908,0.10893512851897184,0.19583843329253367,0.3623011015911873,2.1658866729066166,1.9540484266531772,1.8108358201526256,0.3327526132404181,0.3327526132404181,0.5,0.19507294898351474
33,low_rating_bottom30_raw,full_content_quantity_interactions_plus_reliability,XGBoostClassifier,0,2704,0.3021449704142012,0.5065895796987038,0.7107620976870023,0.6470588235294118,0.6125461254612546,0.5434380776340111,0.10771113831089352,0.20318237454100369,0.3598531211750306,2.1415508675930592,2.0273252426526716,1.798600442989432,0.34385964912280703,0.513189448441247,0.35,0.18601979315280914
33,low_rating_bottom20_raw,full_content_quantity_interactions_plus_reliability,DummyClassifier,0,2704,0.21856508875739644,0.21856508875739644,0.5,0.2867647058823529,0.25092250922509224,0.21072088724584104,0.06598984771573604,0.11505922165820642,0.19289340101522842,1.312033442818752,1.1480447799401852,0.96411045535153,0.0,0.35872534142640367,0.05,0.17085747396717946
33,low_rating_bottom20_raw,full_content_quantity_interactions_plus_reliability,LogisticRegression,0,2704,0.21856508875739644,0.40124506655736847,0.7223008320901229,0.5,0.4944649446494465,0.4288354898336414,0.11505922165820642,0.22673434856175972,0.3925549915397631,2.287648054145516,2.2623235369409533,1.962049347732938,0.3140877598152425,0.4648786717752235,0.25,0.1563793285317377
33,low_rating_bottom20_raw,full_content_quantity_interactions_plus_reliability,LogisticRegressionBalanced,0,2704,0.21856508875739644,0.40315034935186667,0.7234115134494945,0.5294117647058824,0.4870848708487085,0.42513863216266173,0.1218274111675127,0.2233502538071066,0.38917089678510997,2.422215586742311,2.228557514001536,1.945135129217999,0.46172248803827753,0.4575807334428024,0.45,0.21157244261800495
33,low_rating_bottom20_raw,full_content_quantity_interactions_plus_reliability,HistGradientBoostingClassifier,0,2704,0.21856508875739644,0.40481593797069254,0.7214480017745277,0.5220588235294118,0.44649446494464945,0.41589648798521256,0.12013536379018612,0.20473773265651438,0.38071065989847713,2.3885737035931127,2.0428443878347413,1.902849582930651,0.1645021645021645,0.3700862895493768,0.35,0.15308860894762508
33,low_rating_bottom20_raw,full_content_quantity_interactions_plus_reliability,ExtraTreesClassifier,0,2704,0.21856508875739644,0.414620564195317,0.7253093611940585,0.5147058823529411,0.47601476014760147,0.4288354898336414,0.11844331641285956,0.2182741116751269,0.3925549915397631,2.3549318204439134,2.17790847959241,1.962049347732938,0.22804718217562253,0.22804718217562253,0.5,0.1636019347267868
33,low_rating_bottom20_raw,full_content_quantity_interactions_plus_reliability,XGBoostClassifier,0,2704,0.21856508875739644,0.4135467895635009,0.7337623910639398,0.5441176470588235,0.4575645756457565,0.43622920517560076,0.12521150592216582,0.2098138747884941,0.3993231810490694,2.4894993530407086,2.0934934222438675,1.9958777847628164,0.21983914209115282,0.4059590316573557,0.35,0.15141326189041138
33,low_rating_bottom30_bayes_global_m25,full_content_quantity_interactions_plus_reliability,DummyClassifier,0,2704,0.2980769230769231,0.2980769230769231,0.5,0.3161764705882353,0.30996309963099633,0.28650646950092423,0.05334987593052109,0.10421836228287841,0.19230769230769232,1.060721062618596,1.0398762052136652,0.9611829944547136,0.0,0.45925925925925926,0.05,0.2092333962903228
33,low_rating_bottom30_bayes_global_m25,full_content_quantity_interactions_plus_reliability,LogisticRegression,0,2704,0.2980769230769231,0.4997975143213786,0.6933483593805154,0.6397058823529411,0.6273062730627307,0.5341959334565619,0.10794044665012408,0.2109181141439206,0.358560794044665,2.146110056925996,2.104511367694322,1.7921411961123368,0.4009508716323296,0.5105074320861097,0.3,0.18946765058452386
33,low_rating_bottom30_bayes_global_m25,full_content_quantity_interactions_plus_reliability,LogisticRegressionBalanced,0,2704,0.2980769230769231,0.4961507521289412,0.69234625974318,0.6323529411764706,0.6236162361623616,0.5415896487985212,0.10669975186104218,0.20967741935483872,0.36352357320099254,2.121442125237192,2.092131889060826,1.8169459185498777,0.5107913669064749,0.5215355805243446,0.45,0.22056056739762425
33,low_rating_bottom30_bayes_global_m25,full_content_quantity_interactions_plus_reliability,HistGradientBoostingClassifier,0,2704,0.2980769230769231,0.5035213716404283,0.6972573977570748,0.625,0.5977859778597786,0.5619223659889094,0.1054590570719603,0.20099255583126552,0.3771712158808933,2.096774193548387,2.005475538626354,1.8851589052531155,0.3257918552036199,0.5015518311607697,0.35,0.18656508307452152
33,low_rating_bottom30_bayes_global_m25,full_content_quantity_interactions_plus_reliability,ExtraTreesClassifier,0,2704,0.2980769230769231,0.5104492256775891,0.7053827066234015,0.6691176470588235,0.5977859778597786,0.5452865064695009,0.11290322580645161,0.20099255583126552,0.36600496277915634,2.2447817836812143,2.005475538626354,1.8293482797686484,0.34956521739130436,0.23553299492385787,0.55,0.19409585578527933
33,low_rating_bottom30_bayes_global_m25,full_content_quantity_interactions_plus_reliability,XGBoostClassifier,0,2704,0.2980769230769231,0.5126246789507609,0.7089021485329993,0.6102941176470589,0.6457564575645757,0.5711645101663586,0.10297766749379653,0.21712158808933002,0.38337468982630274,2.0474383301707784,2.166408760861802,1.9161648083000418,0.37249782419495214,0.4987562189054726,0.35,0.18424257636070251
33,low_rating_bottom30_bayes_category_m25,full_content_quantity_interactions_plus_reliability,DummyClassifier,0,2704,0.2947485207100592,0.2947485207100592,0.5,0.3161764705882353,0.30996309963099633,0.2809611829944547,0.053952321204516936,0.1053952321204517,0.19071518193224593,1.0726990921839248,1.0516188474306325,0.9532233862195802,0.0,0.4552984861468152,0.05,0.207915170519863
33,low_rating_bottom30_bayes_category_m25,full_content_quantity_interactions_plus_reliability,LogisticRegression,0,2704,0.2947485207100592,0.5173335800677843,0.721138985406075,0.6838235294117647,0.6531365313653137,0.5693160813308688,0.11668757841907151,0.22208281053952322,0.3864491844416562,2.3200236179791864,2.215911142800261,1.9315315983923074,0.43993759750390016,0.5235920852359208,0.3,0.18223323715854625
33,low_rating_bottom30_bayes_category_m25,full_content_quantity_interactions_plus_reliability,LogisticRegressionBalanced,0,2704,0.2947485207100592,0.5160060191903838,0.7200000789536535,0.6911764705882353,0.6531365313653137,0.5619223659889094,0.11794228356336262,0.22208281053952322,0.38143036386449186,2.3449701084950916,2.215911142800261,1.9064467724391605,0.5222278998467041,0.5336448598130841,0.45,0.2124411775386324
33,low_rating_bottom30_bayes_category_m25,full_content_quantity_interactions_plus_reliability,HistGradientBoostingClassifier,0,2704,0.2947485207100592,0.518400932743171,0.7303798526066877,0.6985294117647058,0.5977859778597786,0.5637707948243993,0.1191969887076537,0.20326223337515684,0.38268506900878296,2.3699165990109967,2.0281220629019336,1.9127179789274473,0.33122171945701356,0.5167990226023214,0.35,0.18005814656682062
33,low_rating_bottom30_bayes_category_m25,full_content_quantity_interactions_plus_reliability,ExtraTreesClassifier,0,2704,0.2947485207100592,0.5170251498150961,0.7212435989970254,0.6691176470588235,0.6088560885608856,0.55637707948244,0.11417816813048934,0.20702634880803011,0.37766624843161856,2.2701306369473757,2.0656798788815993,1.8876331529743007,0.38294314381270905,0.1939655172413793,0.6,0.19019581205098368
33,low_rating_bottom30_bayes_category_m25,full_content_quantity_interactions_plus_reliability,XGBoostClassifier,0,2704,0.2947485207100592,0.5361907016711803,0.7344775472257988,0.6691176470588235,0.6457564575645757,0.5841035120147874,0.11417816813048934,0.21957340025094102,0.39648682559598497,2.2701306369473757,2.1908725988138174,1.981701250298601,0.387263339070568,0.5230024213075061,0.35,0.17753136157989502
33,low_rating_bottom30_category_relative,full_content_quantity_interactions_plus_reliability,DummyClassifier,0,2704,0.3187869822485207,0.3187869822485207,0.5,0.35294117647058826,0.3505535055350554,0.31608133086876156,0.05568445475638051,0.11020881670533643,0.19837587006960558,1.1071379828033303,1.0996481194510321,0.9915126666695259,0.0,0.4834548513740886,0.05,0.21717673503786447
33,low_rating_bottom30_category_relative,full_content_quantity_interactions_plus_reliability,LogisticRegression,0,2704,0.3187869822485207,0.4900167463371328,0.6815242939304851,0.6764705882352942,0.5830258302583026,0.5360443622920518,0.10672853828306264,0.18329466357308585,0.33642691415313225,2.1220144670397163,1.828888451297506,1.681512709556506,0.4023408924652524,0.529637526652452,0.25,0.20120747618133525
33,low_rating_bottom30_category_relative,full_content_quantity_interactions_plus_reliability,LogisticRegressionBalanced,0,2704,0.3187869822485207,0.4872972726387457,0.6808932336736775,0.6691176470588235,0.5867158671586716,0.5286506469500925,0.10556844547563805,0.18445475638051045,0.33178654292343385,2.09894909239798,1.8404636946601487,1.6583194308040023,0.512621359223301,0.5315203955500618,0.4,0.2260022970095506
33,low_rating_bottom30_category_relative,full_content_quantity_interactions_plus_reliability,HistGradientBoostingClassifier,0,2704,0.3187869822485207,0.4811011652694684,0.68143549203806,0.5882352941176471,0.5867158671586716,0.5231053604436229,0.09280742459396751,0.18445475638051045,0.32830626450116007,1.8452299713388838,1.8404636946601487,1.6409244717396245,0.3030821917808219,0.4907769703745109,0.35,0.19844588459850282
33,low_rating_bottom30_category_relative,full_content_quantity_interactions_plus_reliability,ExtraTreesClassifier,0,2704,0.3187869822485207,0.5195269226755207,0.704454705996458,0.6470588235294118,0.6162361623616236,0.5508317929759704,0.10208816705336426,0.1937354988399072,0.345707656612529,2.029752968472772,1.933065641561288,1.7278992670615128,0.35130718954248363,0.35130718954248363,0.5,0.20107928773298187
33,low_rating_bottom30_category_relative,full_content_quantity_interactions_plus_reliability,XGBoostClassifier,0,2704,0.3187869822485207,0.5019846632963069,0.6947450692906681,0.6323529411764706,0.6125461254612546,0.5526802218114603,0.09976798143851508,0.1925754060324826,0.3468677494199536,1.9836222191892998,1.9214903981986458,1.7336975867496387,0.3338926174496644,0.4749034749034749,0.4,0.1952393501996994
44,low_rating_bottom30_raw,full_content_quantity_interactions_plus_reliability,DummyClassifier,0,2704,0.3021449704142012,0.3021449704142012,0.5,0.27941176470588236,0.28044280442804426,0.29944547134935307,0.046511627906976744,0.09302325581395349,0.19828641370869032,0.9247606019151847,0.928173002660259,0.9910655502186667,0.0,0.4640727066174382,0.05,0.21085341472016078
44,low_rating_bottom30_raw,full_content_quantity_interactions_plus_reliability,LogisticRegression,0,2704,0.3021449704142012,0.5243662911492332,0.7080468761655312,0.75,0.6752767527675276,0.5526802218114603,0.12484700122399021,0.22399020807833536,0.3659730722154223,2.482252141982864,2.2349428879845714,1.8291888858974157,0.4066193853427896,0.5218263923733065,0.3,0.18654090425834952
44,low_rating_bottom30_raw,full_content_quantity_interactions_plus_reliability,LogisticRegressionBalanced,0,2704,0.3021449704142012,0.5238706014565818,0.7088732479329355,0.7647058823529411,0.6752767527675276,0.5471349353049908,0.12729498164014688,0.22399020807833536,0.3623011015911873,2.530923752609979,2.2349428879845714,1.8108358201526256,0.518555667001003,0.518555667001003,0.5,0.21589185003039466
44,low_rating_bottom30_raw,full_content_quantity_interactions_plus_reliability,HistGradientBoostingClassifier,0,2704,0.3021449704142012,0.5284456905980667,0.7145826076634632,0.7205882352941176,0.6199261992619927,0.5545286506469501,0.11995104039167687,0.20563035495716034,0.3671970624235006,2.384908920728634,2.051750847985836,1.8353065744790125,0.29747427502338636,0.4897959183673469,0.35,0.184502997098826
44,low_rating_bottom30_raw,full_content_quantity_interactions_plus_reliability,ExtraTreesClassifier,0,2704,0.3021449704142012,0.5242027023915079,0.7125452185571706,0.6911764705882353,0.6457564575645757,0.5452865064695009,0.11505507955936352,0.2141982864137087,0.36107711138310894,2.287565699474404,2.1372404666519125,1.8047181315710288,0.34797891036906853,0.34797891036906853,0.5,0.1939725081343657
44,low_rating_bottom30_raw,full_content_quantity_interactions_plus_reliability,XGBoostClassifier,0,2704,0.3021449704142012,0.5460400198504245,0.7264462965377357,0.7279411764705882,0.6605166051660517,0.5619223659889094,0.1211750305997552,0.21909424724602203,0.37209302325581395,2.4092447260421914,2.186091677318242,1.8597773288053991,0.3500897666068223,0.5157766990291263,0.35,0.18141253292560577
44,low_rating_bottom20_raw,full_content_quantity_interactions_plus_reliability,DummyClassifier,0,2704,0.22374260355029585,0.22374260355029585,0.5,0.19852941176470587,0.18450184501845018,0.2144177449168207,0.04462809917355372,0.08264462809917356,0.19173553719008266,0.8873116188624209,0.8246165106279162,0.958323276454683,0.0,0.36566938652160774,0.05,0.1736840121686125
44,low_rating_bottom20_raw,full_content_quantity_interactions_plus_reliability,LogisticRegression,0,2704,0.22374260355029585,0.4482499690406578,0.7330661196398127,0.6691176470588235,0.5424354243542435,0.45286506469500926,0.15041322314049588,0.24297520661157024,0.4049586776859504,2.9905687894992705,2.4243725412460737,2.024044851132736,0.325635103926097,0.4708146247594612,0.25,0.15299605026444357
44,low_rating_bottom20_raw,full_content_quantity_interactions_plus_reliability,LogisticRegressionBalanced,0,2704,0.22374260355029585,0.44613968213240335,0.7353670972796963,0.6544117647058824,0.5350553505535055,0.4565619223659889,0.14710743801652892,0.2396694214876033,0.40826446280991735,2.9248420029168694,2.391387880820957,2.0405676662440233,0.47568208778173193,0.48057932850559576,0.55,0.20588113188051307
44,low_rating_bottom20_raw,full_content_quantity_interactions_plus_reliability,HistGradientBoostingClassifier,0,2704,0.22374260355029585,0.4395068801237781,0.7454419459876603,0.5882352941176471,0.5239852398523985,0.4343807763401109,0.1322314049586777,0.23471074380165288,0.3884297520661157,2.6290714632960626,2.341910890183282,1.9414307755762974,0.12220566318926974,0.44019138755980863,0.3,0.15180229047991542
44,low_rating_bottom20_raw,full_content_quantity_interactions_plus_reliability,ExtraTreesClassifier,0,2704,0.22374260355029585,0.432332570170006,0.7436906200906375,0.5367647058823529,0.5018450184501845,0.47504621072088726,0.1206611570247934,0.22479338842975208,0.42479338842975206,2.399027710257657,2.242956908907932,2.1231817418004617,0.21080368906455862,0.21080368906455862,0.5,0.1625484312399045
44,low_rating_bottom20_raw,full_content_quantity_interactions_plus_reliability,XGBoostClassifier,0,2704,0.22374260355029585,0.46382386229111916,0.7544293032101079,0.6102941176470589,0.5424354243542435,0.4805914972273567,0.1371900826446281,0.24297520661157024,0.4297520661157025,2.727661643169665,2.4243725412460737,2.1479659644673927,0.22402159244264508,0.4187380497131931,0.35,0.14883895218372345
44,low_rating_bottom30_bayes_global_m25,full_content_quantity_interactions_plus_reliability,DummyClassifier,0,2704,0.29511834319526625,0.29511834319526625,0.5,0.25,0.26199261992619927,0.2975970425138632,0.042606516290726815,0.08897243107769423,0.20175438596491227,0.8471177944862156,0.887754441454189,1.0083990011998574,0.0,0.4557395773843518,0.05,0.2080621144152061
44,low_rating_bottom30_bayes_global_m25,full_content_quantity_interactions_plus_reliability,LogisticRegression,0,2704,0.29511834319526625,0.5150391584184005,0.6847858102759522,0.75,0.6531365313653137,0.5471349353049908,0.12781954887218044,0.22180451127819548,0.37092731829573933,2.5413533834586466,2.213134311794246,1.8539509587276883,0.40196882690730107,0.5023449713392392,0.3,0.1880445059870078
44,low_rating_bottom30_bayes_global_m25,full_content_quantity_interactions_plus_reliability,LogisticRegressionBalanced,0,2704,0.29511834319526625,0.5125044215579195,0.6837871173211096,0.7352941176470589,0.6605166051660517,0.5434380776340111,0.12531328320802004,0.22431077694235588,0.3684210526315789,2.4915229249594577,2.238141479159153,1.841424263060609,0.5031185031185031,0.5031185031185031,0.5,0.2219408802089931
44,low_rating_bottom30_bayes_global_m25,full_content_quantity_interactions_plus_reliability,HistGradientBoostingClassifier,0,2704,0.29511834319526625,0.5148835328045678,0.7058589548372505,0.7058823529411765,0.6531365313653137,0.5600739371534196,0.12030075187969924,0.22180451127819548,0.37969924812030076,2.3918620079610795,2.213134311794246,1.8977943935624644,0.3462246777163904,0.5012594458438288,0.35,0.1833937545584029
44,low_rating_bottom30_bayes_global_m25,full_content_quantity_interactions_plus_reliability,ExtraTreesClassifier,0,2704,0.29511834319526625,0.5062940386678972,0.6938845013898861,0.7279411764705882,0.6199261992619927,0.5378927911275416,0.12406015037593984,0.21052631578947367,0.36466165413533835,2.466607695709863,2.1006020586521656,1.8226342195599907,0.356140350877193,0.356140350877193,0.5,0.19423139693032465
44,low_rating_bottom30_bayes_global_m25,full_content_quantity_interactions_plus_reliability,XGBoostClassifier,0,2704,0.29511834319526625,0.5258762948520316,0.7074178100024457,0.7279411764705882,0.6715867158671587,0.5526802218114603,0.12406015037593984,0.22807017543859648,0.37468671679197996,2.466607695709863,2.275652230206513,1.8727410022283066,0.3761140819964349,0.5040448039825762,0.35,0.1822989583015442
44,low_rating_bottom30_bayes_category_m25,full_content_quantity_interactions_plus_reliability,DummyClassifier,0,2704,0.3021449704142012,0.3021449704142012,0.5,0.27205882352941174,0.2656826568265683,0.2957486136783734,0.04528763769889841,0.08812729498164015,0.19583843329253367,0.9004247966016271,0.8793217919939298,0.9788301730554733,0.0,0.4640727066174382,0.05,0.21086047837559405
44,low_rating_bottom30_bayes_category_m25,full_content_quantity_interactions_plus_reliability,LogisticRegression,0,2704,0.3021449704142012,0.5496750884961806,0.7077381218788088,0.7941176470588235,0.7011070110701108,0.5674676524953789,0.13219094247246022,0.23255813953488372,0.37576499388004897,2.628266973864209,2.320432506650648,1.878130394550189,0.44324324324324327,0.5279927173418297,0.25,0.18547395461404703
44,low_rating_bottom30_bayes_category_m25,full_content_quantity_interactions_plus_reliability,LogisticRegressionBalanced,0,2704,0.3021449704142012,0.547460196680241,0.7072879633179151,0.8014705882352942,0.7011070110701108,0.5711645101663586,0.13341493268053856,0.23255813953488372,0.37821297429620565,2.6526027791777667,2.320432506650648,1.8903657717133826,0.5194936708860759,0.5194936708860759,0.5,0.21556862824110895
44,low_rating_bottom30_bayes_category_m25,full_content_quantity_interactions_plus_reliability,HistGradientBoostingClassifier,0,2704,0.3021449704142012,0.5659301727641584,0.7357361681647088,0.7941176470588235,0.6900369003690037,0.6044362292051756,0.13219094247246022,0.22888616891064872,0.40024479804161567,2.628266973864209,2.2837940986509007,2.0004841661821233,0.3467153284671533,0.5144972239358421,0.35,0.17887637952221835
44,low_rating_bottom30_bayes_category_m25,full_content_quantity_interactions_plus_reliability,ExtraTreesClassifier,0,2704,0.3021449704142012,0.5374101778461204,0.7156729773188842,0.7720588235294118,0.6420664206642066,0.5489833641404805,0.12851897184822522,0.21297429620563035,0.3635250917992656,2.5552595579235367,2.12502766398533,1.816953508734222,0.37373737373737376,0.26926829268292685,0.55,0.19138407437543808
44,low_rating_bottom30_bayes_category_m25,full_content_quantity_interactions_plus_reliability,XGBoostClassifier,0,2704,0.3021449704142012,0.5764060167869005,0.7416887691925491,0.7941176470588235,0.7047970479704797,0.6173752310536045,0.13219094247246022,0.23378212974296206,0.408812729498164,2.628266973864209,2.3326453093172304,2.0433079862533003,0.3859030837004405,0.5330012453300125,0.35,0.17641234397888184
44,low_rating_bottom30_category_relative,full_content_quantity_interactions_plus_reliability,DummyClassifier,0,2704,0.3150887573964497,0.3150887573964497,0.5,0.29411764705882354,0.2915129151291513,0.31053604436229204,0.046948356807511735,0.09272300469483569,0.19718309859154928,0.9334438000552334,0.9251771390953346,0.9855510140324386,0.0,0.47919010123734535,0.05,0.21580841605297793
44,low_rating_bottom30_category_relative,full_content_quantity_interactions_plus_reliability,LogisticRegression,0,2704,0.3150887573964497,0.5335663453333886,0.7018982143400359,0.75,0.7047970479704797,0.5674676524953789,0.11971830985915492,0.22417840375586853,0.36032863849765256,2.380281690140845,2.2368206780659357,1.8009771506426109,0.42664670658682635,0.5317535545023697,0.3,0.191782611100351
44,low_rating_bottom30_category_relative,full_content_quantity_interactions_plus_reliability,LogisticRegressionBalanced,0,2704,0.3150887573964497,0.5327881202715534,0.7025769628570558,0.7426470588235294,0.6937269372693727,0.5674676524953789,0.11854460093896714,0.22065727699530516,0.36032863849765256,2.3569455951394644,2.201687368986366,1.8009771506426109,0.5219103889709503,0.5395973154362416,0.45,0.2178048372961177
44,low_rating_bottom30_category_relative,full_content_quantity_interactions_plus_reliability,HistGradientBoostingClassifier,0,2704,0.3150887573964497,0.5270487770841501,0.7017778014378568,0.7205882352941176,0.6457564575645757,0.5693160813308688,0.11502347417840375,0.20539906103286384,0.3615023474178404,2.286937310135322,2.049443029641564,1.8068435257261375,0.2514395393474088,0.5034642032332564,0.35,0.1926895985633259
44,low_rating_bottom30_category_relative,full_content_quantity_interactions_plus_reliability,ExtraTreesClassifier,0,2704,0.3150887573964497,0.5315177438922373,0.7033304941238503,0.7426470588235294,0.6457564575645757,0.5600739371534196,0.11854460093896714,0.20539906103286384,0.35563380281690143,2.3569455951394644,2.049443029641564,1.7775116503085053,0.34035383319292334,0.34035383319292334,0.5,0.19989361637200803
44,low_rating_bottom30_category_relative,full_content_quantity_interactions_plus_reliability,XGBoostClassifier,0,2704,0.3150887573964497,0.5470113099286508,0.7142132854723734,0.7352941176470589,0.6642066420664207,0.5822550831792976,0.11737089201877934,0.2112676056338028,0.36971830985915494,2.3336095001380834,2.1079985447741802,1.8479081513108226,0.35853865760407816,0.5231116121758738,0.35,0.18797144293785095
55,low_rating_bottom30_raw,full_content_quantity_interactions_plus_reliability,DummyClassifier,0,2704,0.3021449704142012,0.3021449704142012,0.5,0.2647058823529412,0.28044280442804426,0.2957486136783734,0.044063647490820076,0.09302325581395349,0.19583843329253367,0.8760889912880697,0.928173002660259,0.9788301730554733,0.0,0.4640727066174382,0.05,0.21085341472016084
55,low_rating_bottom30_raw,full_content_quantity_interactions_plus_reliability,LogisticRegression,0,2704,0.3021449704142012,0.4782063660670921,0.6894366466689887,0.6102941176470589,0.5793357933579336,0.5064695009242144,0.10159118727050184,0.19216646266829865,0.3353733170134639,2.019871841025272,1.9174100186534302,1.6762466713574977,0.37735849056603776,0.5277654375832963,0.25,0.1943044234720273
55,low_rating_bottom30_raw,full_content_quantity_interactions_plus_reliability,LogisticRegressionBalanced,0,2704,0.3021449704142012,0.48324461032070093,0.689245296848436,0.6397058823529411,0.5830258302583026,0.5027726432532348,0.10648714810281518,0.193390452876377,0.3329253365973072,2.1172150622795014,1.9296228213200124,1.6640112941943046,0.5135406218655968,0.5203103605659516,0.45,0.22202463677820602
55,low_rating_bottom30_raw,full_content_quantity_interactions_plus_reliability,HistGradientBoostingClassifier,0,2704,0.3021449704142012,0.4870976328950274,0.6937494770312108,0.6323529411764706,0.5682656826568265,0.5064695009242144,0.10526315789473684,0.18849449204406366,0.3353733170134639,2.092879256965944,1.880771610653683,1.6762466713574977,0.28439519852262235,0.4734939759036145,0.35,0.19026136015580158
55,low_rating_bottom30_raw,full_content_quantity_interactions_plus_reliability,ExtraTreesClassifier,0,2704,0.3021449704142012,0.4957117044452809,0.6982127926760371,0.6323529411764706,0.5867158671586716,0.5286506469500925,0.10526315789473684,0.19461444308445533,0.35006119951040393,2.092879256965944,1.941835623986595,1.7496589343366584,0.3134851138353765,0.3134851138353765,0.5,0.19647909091591503
55,low_rating_bottom30_raw,full_content_quantity_interactions_plus_reliability,XGBoostClassifier,0,2704,0.3021449704142012,0.5147120545525465,0.7134572112612289,0.6470588235294118,0.6088560885608856,0.5489833641404805,0.10771113831089352,0.20195838433292534,0.3635250917992656,2.1415508675930592,2.0151124399860887,1.816953508734222,0.3212996389891697,0.4561891515994437,0.4,0.1854216754436493
55,low_rating_bottom20_raw,full_content_quantity_interactions_plus_reliability,DummyClassifier,0,2704,0.22633136094674555,0.22633136094674555,0.5,0.19852941176470587,0.22140221402214022,0.2365988909426987,0.04411764705882353,0.09803921568627451,0.20915032679738563,0.8771626297577855,0.9782215469213517,1.0453650344919236,0.0,0.3691194209891435,0.05,0.17510859497771694
55,low_rating_bottom20_raw,full_content_quantity_interactions_plus_reliability,LogisticRegression,0,2704,0.22633136094674555,0.40032012538253814,0.7217535835239131,0.5147058823529411,0.4797047970479705,0.4195933456561922,0.11437908496732026,0.21241830065359477,0.3709150326797386,2.274125336409073,2.119480018329595,1.853889553356771,0.2837528604118993,0.4555694618272841,0.25,0.1604056002288203
55,low_rating_bottom20_raw,full_content_quantity_interactions_plus_reliability,LogisticRegressionBalanced,0,2704,0.22633136094674555,0.4030761437515461,0.7224948137317386,0.5147058823529411,0.46863468634686345,0.4288354898336414,0.11437908496732026,0.20751633986928106,0.3790849673202614,2.274125336409073,2.0705689409835273,1.8947241250166118,0.46415981198589895,0.46203763789746916,0.55,0.2097437106611825
55,low_rating_bottom20_raw,full_content_quantity_interactions_plus_reliability,HistGradientBoostingClassifier,0,2704,0.22633136094674555,0.43628334917621503,0.7350098101700846,0.5441176470588235,0.5202952029520295,0.4510166358595194,0.12091503267973856,0.23039215686274508,0.39869281045751637,2.404075355632449,2.298820635265176,1.9927270970002295,0.19099590723055934,0.38461538461538464,0.35,0.15394150005746116
55,low_rating_bottom20_raw,full_content_quantity_interactions_plus_reliability,ExtraTreesClassifier,0,2704,0.22633136094674555,0.42178740921671093,0.7239921143728365,0.5294117647058824,0.4981549815498155,0.4454713493530499,0.11764705882352941,0.22058823529411764,0.3937908496732026,2.3391003460207616,2.200998480573041,1.968226354004325,0.199203187250996,0.3185840707964602,0.45,0.1654561433963123
55,low_rating_bottom20_raw,full_content_quantity_interactions_plus_reliability,XGBoostClassifier,0,2704,0.22633136094674555,0.433601010333349,0.7305561804071533,0.5661764705882353,0.5424354243542435,0.44731977818853974,0.12581699346405228,0.24019607843137256,0.3954248366013072,2.501537870049981,2.3966427899573115,1.9763932683362933,0.22134387351778656,0.40112464854732893,0.35,0.1545470654964447
55,low_rating_bottom30_bayes_global_m25,full_content_quantity_interactions_plus_reliability,DummyClassifier,0,2704,0.29289940828402367,0.29289940828402367,0.5,0.27205882352941174,0.28044280442804426,0.2920517560073937,0.04671717171717172,0.09595959595959595,0.1994949494949495,0.9288472964943553,0.9574713928957471,0.9971059952575664,0.0,0.45308924485125857,0.05,0.2071901179850902
55,low_rating_bottom30_bayes_global_m25,full_content_quantity_interactions_plus_reliability,LogisticRegression,0,2704,0.29289940828402367,0.4891852622062226,0.6775482333798233,0.6985294117647058,0.6346863468634686,0.512014787430684,0.11994949494949494,0.21717171717171718,0.34974747474747475,2.384878193701723,2.1669089418166907,1.7480908904199108,0.3915171288743883,0.49537512846865367,0.3,0.1909684134791759
55,low_rating_bottom30_bayes_global_m25,full_content_quantity_interactions_plus_reliability,LogisticRegressionBalanced,0,2704,0.29289940828402367,0.48689613264654813,0.676852864418241,0.6911764705882353,0.6346863468634686,0.5212569316081331,0.11868686868686869,0.21717171717171718,0.3560606060606061,2.359774212715389,2.1669089418166907,1.779644877611606,0.48803329864724243,0.4983667755482968,0.45,0.22384594044324677
55,low_rating_bottom30_bayes_global_m25,full_content_quantity_interactions_plus_reliability,HistGradientBoostingClassifier,0,2704,0.29289940828402367,0.4938318163162744,0.6976723299945057,0.6470588235294118,0.6162361623616236,0.5083179297597042,0.1111111111111111,0.21085858585858586,0.3472222222222222,2.2091503267973858,2.1039174028103917,1.7354692955432327,0.34445446348061315,0.4884735202492212,0.35,0.1853223545224982
55,low_rating_bottom30_bayes_global_m25,full_content_quantity_interactions_plus_reliability,ExtraTreesClassifier,0,2704,0.29289940828402367,0.5005445617645023,0.6995286283335447,0.6617647058823529,0.6014760147601476,0.5452865064695009,0.11363636363636363,0.2058080808080808,0.37247474747474746,2.2593582887700534,2.0535241716053525,1.8616852443100134,0.3562610229276896,0.3562610229276896,0.5,0.19392519402539532
55,low_rating_bottom30_bayes_global_m25,full_content_quantity_interactions_plus_reliability,XGBoostClassifier,0,2704,0.29289940828402367,0.5114927937862808,0.705509593846414,0.6985294117647058,0.6162361623616236,0.5304990757855823,0.11994949494949494,0.21085858585858586,0.36237373737373735,2.384878193701723,2.1039174028103917,1.8111988648033013,0.32934682612695493,0.49264705882352944,0.35,0.18314844369888306
55,low_rating_bottom30_bayes_category_m25,full_content_quantity_interactions_plus_reliability,DummyClassifier,0,2704,0.2984467455621302,0.2984467455621302,0.5,0.2867647058823529,0.28413284132841327,0.30129390018484287,0.048327137546468404,0.09541511771995044,0.20198265179677818,0.9608572053356658,0.9520386653680663,1.009539908426041,0.0,0.459698091711763,0.05,0.20938012804746461
55,low_rating_bottom30_bayes_category_m25,full_content_quantity_interactions_plus_reliability,LogisticRegression,0,2704,0.2984467455621302,0.49349165136034095,0.6917744642130437,0.6985294117647058,0.6051660516605166,0.5083179297597042,0.11771995043370508,0.20322180916976457,0.34076827757125155,2.340549602740724,2.0277187158488683,1.7032115019457748,0.39310884886452624,0.5130784708249497,0.3,0.19208626865875392
55,low_rating_bottom30_bayes_category_m25,full_content_quantity_interactions_plus_reliability,LogisticRegressionBalanced,0,2704,0.2984467455621302,0.4908675363141458,0.6903105993354145,0.6911764705882353,0.5940959409594095,0.5083179297597042,0.11648079306071871,0.19950433705080545,0.34076827757125155,2.3159122385013484,1.9906263003150475,1.7032115019457748,0.5180722891566265,0.5180722891566265,0.5,0.22261187958494702
55,low_rating_bottom30_bayes_category_m25,full_content_quantity_interactions_plus_reliability,HistGradientBoostingClassifier,0,2704,0.2984467455621302,0.518683530136436,0.716351194313855,0.6911764705882353,0.6199261992619927,0.5600739371534196,0.11648079306071871,0.20817843866171004,0.3754646840148699,2.3159122385013484,2.0771752698939627,1.8766294003257082,0.3339317773788151,0.5083333333333333,0.35,0.1834306917376102
55,low_rating_bottom30_bayes_category_m25,full_content_quantity_interactions_plus_reliability,ExtraTreesClassifier,0,2704,0.2984467455621302,0.5072816349740488,0.705987213881698,0.6838235294117647,0.6162361623616236,0.5341959334565619,0.11524163568773234,0.20693928128872366,0.35811648079306074,2.291274874261972,2.0648111313826893,1.7899204511357414,0.3740648379052369,0.17136659436008678,0.6,0.19294881980892004
55,low_rating_bottom30_bayes_category_m25,full_content_quantity_interactions_plus_reliability,XGBoostClassifier,0,2704,0.2984467455621302,0.5222887671550783,0.7193292219698617,0.6544117647058824,0.6457564575645757,0.5526802218114603,0.11028500619578686,0.21685254027261464,0.3705080545229244,2.192725417304468,2.163724239472878,1.8518554148428605,0.36395147313691506,0.5081276339554486,0.35,0.18268541991710663
55,low_rating_bottom30_category_relative,full_content_quantity_interactions_plus_reliability,DummyClassifier,0,2704,0.3128698224852071,0.3128698224852071,0.5,0.2647058823529412,0.2915129151291513,0.3068391866913124,0.0425531914893617,0.0933806146572104,0.19621749408983452,0.8460575719649561,0.9317386790889185,0.9807247763750693,0.0,0.47661971830985916,0.05,0.2149948132062994
55,low_rating_bottom30_category_relative,full_content_quantity_interactions_plus_reliability,LogisticRegression,0,2704,0.3128698224852071,0.4880474391511852,0.6800901856898924,0.6323529411764706,0.5756457564575646,0.5157116451016636,0.1016548463356974,0.18439716312056736,0.32978723404255317,2.021137533027395,1.8398890371882441,1.6483265819797852,0.37593984962406013,0.5148514851485149,0.3,0.19951755526695497
55,low_rating_bottom30_category_relative,full_content_quantity_interactions_plus_reliability,LogisticRegressionBalanced,0,2704,0.3128698224852071,0.48885501323322333,0.6797924507655859,0.6397058823529411,0.5719557195571956,0.5046210720887245,0.10283687943262411,0.18321513002364065,0.32269503546099293,2.0446391322486437,1.8280948766934477,1.6128786984963488,0.5150468672915639,0.518850987432675,0.45,0.22494923022133048
55,low_rating_bottom30_category_relative,full_content_quantity_interactions_plus_reliability,HistGradientBoostingClassifier,0,2704,0.3128698224852071,0.500754571368238,0.6935665081291813,0.6470588235294118,0.5867158671586716,0.5249537892791127,0.10401891252955082,0.1879432624113475,0.33569739952718675,2.0681407314698927,1.8752715186726336,1.6778664848826486,0.26151012891344383,0.5076660988074957,0.35,0.19411671951566437
55,low_rating_bottom30_category_relative,full_content_quantity_interactions_plus_reliability,ExtraTreesClassifier,0,2704,0.3128698224852071,0.4931467853386834,0.6846007425559907,0.6470588235294118,0.5756457564575646,0.5175600739371534,0.10401891252955082,0.18439716312056736,0.3309692671394799,2.0681407314698927,1.8398890371882441,1.6542345625603578,0.33164983164983164,0.33164983164983164,0.5,0.20276671439143296
55,low_rating_bottom30_category_relative,full_content_quantity_interactions_plus_reliability,XGBoostClassifier,0,2704,0.3128698224852071,0.5196350492783449,0.6982532884440679,0.6617647058823529,0.6088560885608856,0.5360443622920518,0.10638297872340426,0.1950354609929078,0.34278959810874704,2.1151439299123904,1.946036481641412,1.713314368366085,0.32170212765957445,0.4988738738738739,0.35,0.19150662422180176
11,low_rating_bottom30_raw,content_only_core,DummyClassifier,25,1480,0.2641891891891892,0.2641891891891892,0.5,0.14864864864864866,0.1891891891891892,0.2195945945945946,0.028132992327365727,0.07161125319693094,0.16624040920716113,0.5626598465473146,0.7161125319693095,0.8312020460358056,0.0,0.4179583110636024,0.05,0.19439326159678844
11,low_rating_bottom30_raw,content_only_core,LogisticRegression,25,1480,0.2641891891891892,0.5009067664118887,0.7449759158664064,0.5945945945945946,0.6081081081081081,0.527027027027027,0.11253196930946291,0.23017902813299232,0.3989769820971867,2.2506393861892584,2.301790281329923,1.9948849104859332,0.4301412872841444,0.5059203444564048,0.3,0.17060339211239217
11,low_rating_bottom30_raw,content_only_core,LogisticRegressionBalanced,25,1480,0.2641891891891892,0.4963365343179536,0.7460022217055464,0.6216216216216216,0.581081081081081,0.5236486486486487,0.11764705882352941,0.21994884910485935,0.39641943734015345,2.352941176470588,2.199488491048593,1.9820971867007673,0.5195586760280843,0.5195586760280843,0.5,0.20578851527556372
11,low_rating_bottom30_raw,content_only_core,HistGradientBoostingClassifier,25,1480,0.2641891891891892,0.5253358862363375,0.7353328683251958,0.7432432432432432,0.668918918918919,0.527027027027027,0.14066496163682865,0.2531969309462916,0.3989769820971867,2.8132992327365725,2.5319693094629154,1.9948849104859332,0.38869257950530034,0.4518950437317784,0.4,0.16626592683006575
11,low_rating_bottom30_raw,content_only_core,ExtraTreesClassifier,25,1480,0.2641891891891892,0.5205952738671944,0.7484540827949338,0.6621621621621622,0.6148648648648649,0.5371621621621622,0.12531969309462915,0.23273657289002558,0.40664961636828645,2.5063938618925827,2.3273657289002556,2.0332480818414322,0.3626760563380282,0.16780045351473924,0.6,0.17558481609385548
11,low_rating_bottom30_raw,content_only_core,XGBoostClassifier,25,1480,0.2641891891891892,0.5127997161385952,0.7475780826164458,0.6891891891891891,0.5878378378378378,0.5337837837837838,0.13043478260869565,0.22250639386189258,0.4040920716112532,2.6086956521739126,2.2250639386189257,2.020460358056266,0.33879781420765026,0.47593582887700536,0.35,0.16522231698036194
11,low_rating_bottom20_raw,content_only_core,DummyClassifier,25,1480,0.175,0.175,0.5,0.12162162162162163,0.14864864864864866,0.1554054054054054,0.03474903474903475,0.08494208494208494,0.1776061776061776,0.694980694980695,0.8494208494208495,0.888030888030888,0.0,0.2978723404255319,0.05,0.14458779688229306
11,low_rating_bottom20_raw,content_only_core,LogisticRegression,25,1480,0.175,0.42203903703392914,0.762214654106546,0.5675675675675675,0.5202702702702703,0.4189189189189189,0.16216216216216217,0.2972972972972973,0.47876447876447875,3.2432432432432434,2.9729729729729732,2.393822393822394,0.3422459893048128,0.45182724252491696,0.25,0.125744961832387
11,low_rating_bottom20_raw,content_only_core,LogisticRegressionBalanced,25,1480,0.175,0.4116458043095029,0.758227163632569,0.527027027027027,0.5135135135135135,0.40878378378378377,0.15057915057915058,0.29343629343629346,0.4671814671814672,3.0115830115830113,2.9343629343629343,2.335907335907336,0.43765903307888043,0.4386252045826514,0.65,0.1965409961845426
11,low_rating_bottom20_raw,content_only_core,HistGradientBoostingClassifier,25,1480,0.175,0.41692538404954926,0.7555551339335123,0.5945945945945946,0.4864864864864865,0.41216216216216217,0.16988416988416988,0.277992277992278,0.47104247104247104,3.397683397683398,2.77992277992278,2.3552123552123554,0.2,0.33507853403141363,0.35,0.12699991059484003
11,low_rating_bottom20_raw,content_only_core,ExtraTreesClassifier,25,1480,0.175,0.4622946212364394,0.7790500222932656,0.6621621621621622,0.5202702702702703,0.44932432432432434,0.1891891891891892,0.2972972972972973,0.5135135135135135,3.783783783783784,2.9729729729729732,2.567567567567568,0.23948220064724918,0.1267605633802817,0.55,0.1299810114082493
11,low_rating_bottom20_raw,content_only_core,XGBoostClassifier,25,1480,0.175,0.430533762264811,0.760418544202328,0.5675675675675675,0.5337837837837838,0.40878378378378377,0.16216216216216217,0.305019305019305,0.4671814671814672,3.2432432432432434,3.0501930501930503,2.335907335907336,0.17275747508305647,0.3883495145631068,0.3,0.12485893815755844
11,low_rating_bottom30_bayes_global_m25,content_only_core,DummyClassifier,25,1480,0.30675675675675673,0.30675675675675673,0.5,0.21621621621621623,0.25675675675675674,0.28040540540540543,0.03524229074889868,0.08370044052863436,0.1828193832599119,0.7048458149779737,0.8370044052863437,0.9140969162995596,0.0,0.46949327817993797,0.05,0.21269052096873856
11,low_rating_bottom30_bayes_global_m25,content_only_core,LogisticRegression,25,1480,0.30675675675675673,0.5435184181023707,0.7337399421215789,0.6756756756756757,0.6486486486486487,0.581081081081081,0.11013215859030837,0.21145374449339208,0.3788546255506608,2.2026431718061676,2.114537444933921,1.894273127753304,0.47509578544061304,0.5409674234945706,0.35,0.1866098160039647
11,low_rating_bottom30_bayes_global_m25,content_only_core,LogisticRegressionBalanced,25,1480,0.30675675675675673,0.543226163869819,0.7337249143416544,0.6891891891891891,0.6621621621621622,0.581081081081081,0.11233480176211454,0.21585903083700442,0.3788546255506608,2.246696035242291,2.1585903083700444,1.894273127753304,0.5428051001821493,0.5411298315163529,0.55,0.21137841566677865
11,low_rating_bottom30_bayes_global_m25,content_only_core,HistGradientBoostingClassifier,25,1480,0.30675675675675673,0.5349415386439025,0.7364105932967515,0.5945945945945946,0.5945945945945946,0.6013513513513513,0.09691629955947137,0.19383259911894274,0.3920704845814978,1.9383259911894275,1.9383259911894275,1.9603524229074891,0.4450704225352113,0.48508430609597925,0.45,0.1830566415573586
11,low_rating_bottom30_bayes_global_m25,content_only_core,ExtraTreesClassifier,25,1480,0.30675675675675673,0.5401876821772302,0.727116984826236,0.7162162162162162,0.6283783783783784,0.581081081081081,0.11674008810572688,0.20484581497797358,0.3788546255506608,2.334801762114538,2.048458149779736,1.894273127753304,0.4334705075445816,0.20934579439252338,0.6,0.192849878960666
11,low_rating_bottom30_bayes_global_m25,content_only_core,XGBoostClassifier,25,1480,0.30675675675675673,0.5449038637879401,0.73351452542271,0.6351351351351351,0.6148648648648649,0.597972972972973,0.10352422907488987,0.20044052863436124,0.3898678414096916,2.0704845814977975,2.0044052863436126,1.9493392070484585,0.44660194174757284,0.5285215366705471,0.4,0.18178021907806396
11,low_rating_bottom30_bayes_category_m25,content_only_core,DummyClassifier,25,1480,0.2891891891891892,0.2891891891891892,0.5,0.17567567567567569,0.20270270270270271,0.23648648648648649,0.030373831775700934,0.07009345794392523,0.16355140186915887,0.6074766355140188,0.7009345794392524,0.8177570093457944,0.0,0.44863731656184486,0.05,0.20556174954501008
11,low_rating_bottom30_bayes_category_m25,content_only_core,LogisticRegression,25,1480,0.2891891891891892,0.522335298722888,0.7438945844141998,0.6621621621621622,0.6216216216216216,0.5777027027027027,0.11448598130841121,0.21495327102803738,0.39953271028037385,2.289719626168224,2.149532710280374,1.9976635514018695,0.476319350473613,0.5300970873786408,0.3,0.18006452127857267
11,low_rating_bottom30_bayes_category_m25,content_only_core,LogisticRegressionBalanced,25,1480,0.2891891891891892,0.5172857155382543,0.7436524999111616,0.6486486486486487,0.6013513513513513,0.5608108108108109,0.11214953271028037,0.20794392523364486,0.3878504672897196,2.2429906542056077,2.0794392523364484,1.9392523364485983,0.5344827586206896,0.5344827586206896,0.5,0.2075926787501819
11,low_rating_bottom30_bayes_category_m25,content_only_core,HistGradientBoostingClassifier,25,1480,0.2891891891891892,0.5452387007643913,0.7406475427312462,0.7432432432432432,0.6756756756756757,0.5743243243243243,0.12850467289719625,0.2336448598130841,0.397196261682243,2.5700934579439254,2.336448598130841,1.985981308411215,0.45132743362831856,0.48717948717948717,0.4,0.17470197777622123
11,low_rating_bottom30_bayes_category_m25,content_only_core,ExtraTreesClassifier,25,1480,0.2891891891891892,0.5322187431270836,0.7426219750541914,0.7567567567567568,0.6418918918918919,0.543918918918919,0.1308411214953271,0.2219626168224299,0.37616822429906543,2.6168224299065423,2.2196261682242993,1.8808411214953273,0.38591117917304746,0.20242914979757085,0.6,0.1849982279695169
11,low_rating_bottom30_bayes_category_m25,content_only_core,XGBoostClassifier,25,1480,0.2891891891891892,0.552145041282504,0.7470861021285669,0.7702702702702703,0.6351351351351351,0.5878378378378378,0.13317757009345793,0.21962616822429906,0.40654205607476634,2.663551401869159,2.196261682242991,2.032710280373832,0.41284403669724773,0.5070063694267516,0.4,0.17256471514701843
11,low_rating_bottom30_category_relative,content_only_core,DummyClassifier,25,1480,0.28040540540540543,0.28040540540540543,0.5,0.14864864864864866,0.20270270270270271,0.23986486486486486,0.02650602409638554,0.07228915662650602,0.1710843373493976,0.5301204819277109,0.7228915662650602,0.8554216867469878,0.0,0.43799472295514513,0.05,0.20177896350242255
11,low_rating_bottom30_category_relative,content_only_core,LogisticRegression,25,1480,0.28040540540540543,0.5129836379300448,0.7352995078907176,0.6486486486486487,0.6283783783783784,0.5472972972972973,0.11566265060240964,0.22409638554216868,0.39036144578313253,2.3132530120481927,2.2409638554216866,1.9518072289156623,0.4341317365269461,0.5165165165165165,0.3,0.1768586288093346
11,low_rating_bottom30_category_relative,content_only_core,LogisticRegressionBalanced,25,1480,0.28040540540540543,0.5118767924978147,0.737071101306635,0.6351351351351351,0.6148648648648649,0.5405405405405406,0.11325301204819277,0.21927710843373494,0.3855421686746988,2.265060240963855,2.1927710843373496,1.927710843373494,0.5351299326275265,0.5351299326275265,0.5,0.2089021508842111
11,low_rating_bottom30_category_relative,content_only_core,HistGradientBoostingClassifier,25,1480,0.28040540540540543,0.5138811918614397,0.7201425419989819,0.6891891891891891,0.6283783783783784,0.5304054054054054,0.12289156626506025,0.22409638554216868,0.3783132530120482,2.4578313253012043,2.2409638554216866,1.8915662650602407,0.3708609271523179,0.44755244755244755,0.4,0.17650817463406146
11,low_rating_bottom30_category_relative,content_only_core,ExtraTreesClassifier,25,1480,0.28040540540540543,0.5275336341889278,0.737842638158267,0.7027027027027027,0.6216216216216216,0.5405405405405406,0.12530120481927712,0.2216867469879518,0.3855421686746988,2.5060240963855422,2.2168674698795177,1.927710843373494,0.36938435940099834,0.26019417475728157,0.55,0.183447830178788
11,low_rating_bottom30_category_relative,content_only_core,XGBoostClassifier,25,1480,0.28040540540540543,0.5321428390631207,0.7379331410147633,0.7432432432432432,0.6148648648648649,0.5405405405405406,0.13253012048192772,0.21927710843373494,0.3855421686746988,2.650602409638554,2.1927710843373496,1.927710843373494,0.3716216216216216,0.4547945205479452,0.4,0.17224474251270294
22,low_rating_bottom30_raw,content_only_core,DummyClassifier,25,1480,0.2641891891891892,0.2641891891891892,0.5,0.25675675675675674,0.2635135135135135,0.30405405405405406,0.04859335038363171,0.09974424552429667,0.23017902813299232,0.9718670076726341,0.9974424552429666,1.1508951406649615,0.0,0.4179583110636024,0.05,0.19439326159678844
22,low_rating_bottom30_raw,content_only_core,LogisticRegression,25,1480,0.2641891891891892,0.5169682329998517,0.7436912721730206,0.6756756756756757,0.6418918918918919,0.5202702702702703,0.1278772378516624,0.24296675191815856,0.3938618925831202,2.5575447570332477,2.4296675191815855,1.969309462915601,0.4354587869362364,0.5076741440377804,0.35,0.16854284103672273
22,low_rating_bottom30_raw,content_only_core,LogisticRegressionBalanced,25,1480,0.2641891891891892,0.5115921538413134,0.7419392718160447,0.7027027027027027,0.6216216216216216,0.5135135135135135,0.1329923273657289,0.23529411764705882,0.3887468030690537,2.659846547314578,2.352941176470588,1.9437340153452682,0.5240532241555783,0.5142231947483589,0.55,0.20513333281847762
22,low_rating_bottom30_raw,content_only_core,HistGradientBoostingClassifier,25,1480,0.2641891891891892,0.5286834896890964,0.7568618056876601,0.7432432432432432,0.6351351351351351,0.5574324324324325,0.14066496163682865,0.24040920716112532,0.4219948849104859,2.8132992327365725,2.404092071611253,2.1099744245524295,0.3858407079646018,0.46656760772659733,0.4,0.16340311849166533
22,low_rating_bottom30_raw,content_only_core,ExtraTreesClassifier,25,1480,0.2641891891891892,0.5520582016393536,0.7566034678334144,0.8108108108108109,0.7027027027027027,0.543918918918919,0.1534526854219949,0.2659846547314578,0.4117647058823529,3.0690537084398977,2.659846547314578,2.058823529411765,0.3963963963963964,0.2748414376321353,0.55,0.17286851287461594
22,low_rating_bottom30_raw,content_only_core,XGBoostClassifier,25,1480,0.2641891891891892,0.5371935367468118,0.7505160885770046,0.7297297297297297,0.6216216216216216,0.5574324324324325,0.13810741687979539,0.23529411764705882,0.4219948849104859,2.7621483375959075,2.352941176470588,2.1099744245524295,0.36462093862815886,0.49453551912568305,0.35,0.16283023357391357
22,low_rating_bottom20_raw,content_only_core,DummyClassifier,25,1480,0.1581081081081081,0.1581081081081081,0.5,0.14864864864864866,0.14189189189189189,0.16891891891891891,0.04700854700854701,0.08974358974358974,0.21367521367521367,0.9401709401709403,0.8974358974358975,1.0683760683760684,0.0,0.27304550758459745,0.05,0.13315257726117266
22,low_rating_bottom20_raw,content_only_core,LogisticRegression,25,1480,0.1581081081081081,0.3682996293878862,0.7486212289583076,0.5405405405405406,0.5,0.34121621621621623,0.17094017094017094,0.3162393162393162,0.43162393162393164,3.418803418803419,3.1623931623931627,2.1581196581196584,0.3559322033898305,0.4,0.25,0.12119907127721435
22,low_rating_bottom20_raw,content_only_core,LogisticRegressionBalanced,25,1480,0.1581081081081081,0.36250968357259533,0.7497461963754098,0.5675675675675675,0.4864864864864865,0.35135135135135137,0.1794871794871795,0.3076923076923077,0.4444444444444444,3.58974358974359,3.076923076923077,2.2222222222222223,0.40551724137931033,0.416260162601626,0.6,0.19167800985238137
22,low_rating_bottom20_raw,content_only_core,HistGradientBoostingClassifier,25,1480,0.1581081081081081,0.40074409430774866,0.7489710663867969,0.6621621621621622,0.4797297297297297,0.375,0.2094017094017094,0.3034188034188034,0.47435897435897434,4.188034188034188,3.034188034188034,2.371794871794872,0.2508710801393728,0.38596491228070173,0.3,0.11622816693834381
22,low_rating_bottom20_raw,content_only_core,ExtraTreesClassifier,25,1480,0.1581081081081081,0.42757305860905603,0.7736826219972287,0.5945945945945946,0.5135135135135135,0.3783783783783784,0.18803418803418803,0.3247863247863248,0.47863247863247865,3.760683760683761,3.247863247863248,2.3931623931623935,0.23157894736842105,0.13584905660377358,0.55,0.12395964825155038
22,low_rating_bottom20_raw,content_only_core,XGBoostClassifier,25,1480,0.1581081081081081,0.4200947741572139,0.7555768201835618,0.6621621621621622,0.5202702702702703,0.38513513513513514,0.2094017094017094,0.32905982905982906,0.48717948717948717,4.188034188034188,3.290598290598291,2.435897435897436,0.2638888888888889,0.3939393939393939,0.3,0.11361362040042877
22,low_rating_bottom30_bayes_global_m25,content_only_core,DummyClassifier,25,1480,0.3202702702702703,0.3202702702702703,0.5,0.2972972972972973,0.31756756756756754,0.36486486486486486,0.046413502109704644,0.09915611814345991,0.22784810126582278,0.9282700421940928,0.991561181434599,1.1392405063291138,0.0,0.4851586489252815,0.05,0.2178206269025919
22,low_rating_bottom30_bayes_global_m25,content_only_core,LogisticRegression,25,1480,0.3202702702702703,0.5657688634668838,0.7405377859425726,0.7027027027027027,0.6824324324324325,0.5945945945945946,0.10970464135021098,0.21308016877637131,0.37130801687763715,2.1940928270042197,2.130801687763713,1.8565400843881856,0.4759556103575832,0.578853046594982,0.3,0.18724202675240967
22,low_rating_bottom30_bayes_global_m25,content_only_core,LogisticRegressionBalanced,25,1480,0.3202702702702703,0.5624565519886425,0.7376332720973736,0.7162162162162162,0.6756756756756757,0.5844594594594594,0.11181434599156118,0.2109704641350211,0.3649789029535865,2.236286919831224,2.109704641350211,1.8248945147679323,0.5776566757493188,0.5776566757493188,0.5,0.2083035282935958
22,low_rating_bottom30_bayes_global_m25,content_only_core,HistGradientBoostingClassifier,25,1480,0.3202702702702703,0.5689265971529757,0.7425342460007885,0.7297297297297297,0.6824324324324325,0.6081081081081081,0.11392405063291139,0.21308016877637131,0.379746835443038,2.2784810126582276,2.130801687763713,1.8987341772151898,0.4287690179806362,0.5122235157159488,0.4,0.18456661349258657
22,low_rating_bottom30_bayes_global_m25,content_only_core,ExtraTreesClassifier,25,1480,0.3202702702702703,0.5975132485262067,0.7511450285628004,0.7972972972972973,0.7297297297297297,0.6351351351351351,0.12447257383966245,0.22784810126582278,0.39662447257383965,2.4894514767932487,2.2784810126582276,1.983122362869198,0.46008119079837617,0.31561461794019935,0.55,0.1896270498117931
22,low_rating_bottom30_bayes_global_m25,content_only_core,XGBoostClassifier,25,1480,0.3202702702702703,0.5689759677829308,0.7439896486062527,0.7027027027027027,0.6891891891891891,0.5709459459459459,0.10970464135021098,0.21518987341772153,0.35654008438818563,2.1940928270042197,2.151898734177215,1.7827004219409281,0.38857142857142857,0.49941383352872215,0.4,0.18419648706912994
22,low_rating_bottom30_bayes_category_m25,content_only_core,DummyClassifier,25,1480,0.2918918918918919,0.2918918918918919,0.5,0.3108108108108108,0.2972972972972973,0.3344594594594595,0.05324074074074074,0.10185185185185185,0.22916666666666666,1.0648148148148147,1.0185185185185186,1.1458333333333333,0.0,0.45188284518828453,0.05,0.20669377760638163
22,low_rating_bottom30_bayes_category_m25,content_only_core,LogisticRegression,25,1480,0.2918918918918919,0.5620905180902409,0.7543027283008198,0.7432432432432432,0.7027027027027027,0.581081081081081,0.12731481481481483,0.24074074074074073,0.39814814814814814,2.546296296296296,2.4074074074074074,1.9907407407407405,0.48021828103683495,0.5579150579150579,0.3,0.1739766229730823
22,low_rating_bottom30_bayes_category_m25,content_only_core,LogisticRegressionBalanced,25,1480,0.2918918918918919,0.55958677180042,0.7530194197059655,0.7297297297297297,0.668918918918919,0.581081081081081,0.125,0.22916666666666666,0.39814814814814814,2.5,2.2916666666666665,1.9907407407407405,0.5585412667946257,0.5585412667946257,0.5,0.20139001136858478
22,low_rating_bottom30_bayes_category_m25,content_only_core,HistGradientBoostingClassifier,25,1480,0.2918918918918919,0.5533607759293954,0.7452025021204411,0.7567567567567568,0.6554054054054054,0.5743243243243243,0.12962962962962962,0.22453703703703703,0.39351851851851855,2.5925925925925926,2.2453703703703702,1.9675925925925926,0.4024767801857585,0.5103626943005182,0.4,0.17472837575106884
22,low_rating_bottom30_bayes_category_m25,content_only_core,ExtraTreesClassifier,25,1480,0.2918918918918919,0.5793718705120966,0.7581902035623409,0.8243243243243243,0.6891891891891891,0.5945945945945946,0.1412037037037037,0.2361111111111111,0.4074074074074074,2.824074074074074,2.3611111111111107,2.037037037037037,0.3981042654028436,0.22709163346613545,0.6,0.1807225746284347
22,low_rating_bottom30_bayes_category_m25,content_only_core,XGBoostClassifier,25,1480,0.2918918918918919,0.5523230573274196,0.7418164228159457,0.7972972972972973,0.6554054054054054,0.5608108108108109,0.13657407407407407,0.22453703703703703,0.38425925925925924,2.7314814814814814,2.2453703703703702,1.9212962962962963,0.3818770226537217,0.5086705202312138,0.35,0.17475521564483643
22,low_rating_bottom30_category_relative,content_only_core,DummyClassifier,25,1480,0.28243243243243243,0.28243243243243243,0.5,0.2702702702702703,0.28378378378378377,0.31756756756756754,0.04784688995215311,0.10047846889952153,0.22488038277511962,0.9569377990430622,1.0047846889952152,1.124401913875598,0.0,0.440463645943098,0.05,0.20266713711024323
22,low_rating_bottom30_category_relative,content_only_core,LogisticRegression,25,1480,0.28243243243243243,0.5173115635993022,0.7288338334279458,0.7027027027027027,0.6283783783783784,0.5371621621621622,0.12440191387559808,0.22248803827751196,0.3803827751196172,2.488038277511962,2.22488038277512,1.9019138755980862,0.42627737226277373,0.5156723963599595,0.3,0.17855885552324574
22,low_rating_bottom30_category_relative,content_only_core,LogisticRegressionBalanced,25,1480,0.28243243243243243,0.5092269964359706,0.7245852819001793,0.6891891891891891,0.6283783783783784,0.5202702702702703,0.12200956937799043,0.22248803827751196,0.3684210526315789,2.4401913875598082,2.22488038277512,1.8421052631578947,0.5282651072124757,0.5282651072124757,0.5,0.21079434825866886
22,low_rating_bottom30_category_relative,content_only_core,HistGradientBoostingClassifier,25,1480,0.28243243243243243,0.5251374396169411,0.7364073383252687,0.6756756756756757,0.6351351351351351,0.5608108108108109,0.11961722488038277,0.22488038277511962,0.39712918660287083,2.3923444976076556,2.248803827751196,1.985645933014354,0.3814262023217247,0.47540983606557374,0.4,0.1737273496515352
22,low_rating_bottom30_category_relative,content_only_core,ExtraTreesClassifier,25,1480,0.28243243243243243,0.5443979358648254,0.7380022346570072,0.8243243243243243,0.6621621621621622,0.5472972972972973,0.145933014354067,0.23444976076555024,0.3875598086124402,2.9186602870813396,2.3444976076555024,1.9377990430622007,0.363013698630137,0.2698412698412698,0.55,0.18261083393443037
22,low_rating_bottom30_category_relative,content_only_core,XGBoostClassifier,25,1480,0.28243243243243243,0.5399343367984016,0.7412235648185692,0.7297297297297297,0.668918918918919,0.5608108108108109,0.1291866028708134,0.23684210526315788,0.39712918660287083,2.5837320574162677,2.368421052631579,1.985645933014354,0.3716216216216216,0.4604519774011299,0.4,0.17194537818431854
33,low_rating_bottom30_raw,content_only_core,DummyClassifier,25,1480,0.2641891891891892,0.2641891891891892,0.5,0.32432432432432434,0.25675675675675674,0.23986486486486486,0.061381074168797956,0.09718670076726342,0.1815856777493606,1.227621483375959,0.9718670076726341,0.9079283887468029,0.0,0.4179583110636024,0.05,0.1943932615967885
33,low_rating_bottom30_raw,content_only_core,LogisticRegression,25,1480,0.2641891891891892,0.4995605246527896,0.7302600522781876,0.6351351351351351,0.6148648648648649,0.5337837837837838,0.12020460358056266,0.23273657289002558,0.4040920716112532,2.404092071611253,2.3273657289002556,2.020460358056266,0.43167701863354035,0.4924406047516199,0.3,0.17294101120535801
33,low_rating_bottom30_raw,content_only_core,LogisticRegressionBalanced,25,1480,0.2641891891891892,0.4975787049076156,0.7306287708519746,0.6351351351351351,0.6351351351351351,0.5371621621621622,0.12020460358056266,0.24040920716112532,0.40664961636828645,2.404092071611253,2.404092071611253,2.0332480818414322,0.5146316851664985,0.49077090119435396,0.55,0.20920773877443208
33,low_rating_bottom30_raw,content_only_core,HistGradientBoostingClassifier,25,1480,0.2641891891891892,0.5147742420097793,0.7378786704524904,0.6351351351351351,0.6081081081081081,0.5540540540540541,0.12020460358056266,0.23017902813299232,0.4194373401534527,2.404092071611253,2.301790281329923,2.097186700767263,0.35611510791366907,0.4688427299703264,0.4,0.16718324314109642
33,low_rating_bottom30_raw,content_only_core,ExtraTreesClassifier,25,1480,0.2641891891891892,0.5161579010775156,0.7413897167442853,0.6891891891891891,0.6013513513513513,0.5337837837837838,0.13043478260869565,0.22762148337595908,0.4040920716112532,2.6086956521739126,2.2762148337595907,2.020460358056266,0.36106194690265486,0.16818181818181818,0.6,0.17563409290067636
33,low_rating_bottom30_raw,content_only_core,XGBoostClassifier,25,1480,0.2641891891891892,0.5253900569113893,0.7454679320524473,0.6756756756756757,0.5878378378378378,0.5608108108108109,0.1278772378516624,0.22250639386189258,0.42455242966751916,2.5575447570332477,2.2250639386189257,2.122762148337596,0.34657039711191334,0.5140562248995983,0.35,0.16451168060302734
33,low_rating_bottom20_raw,content_only_core,DummyClassifier,25,1480,0.17229729729729729,0.17229729729729729,0.5,0.25675675675675674,0.17567567567567569,0.17905405405405406,0.07450980392156863,0.10196078431372549,0.20784313725490197,1.4901960784313726,1.019607843137255,1.0392156862745099,0.0,0.29394812680115273,0.05,0.14273657413363808
33,low_rating_bottom20_raw,content_only_core,LogisticRegression,25,1480,0.17229729729729729,0.37750052029094433,0.7257046818727491,0.4864864864864865,0.47297297297297297,0.3614864864864865,0.1411764705882353,0.27450980392156865,0.4196078431372549,2.823529411764706,2.7450980392156863,2.0980392156862746,0.28415300546448086,0.39862542955326463,0.25,0.13219284900986902
33,low_rating_bottom20_raw,content_only_core,LogisticRegressionBalanced,25,1480,0.17229729729729729,0.3671197571371097,0.7245202080832334,0.47297297297297297,0.44594594594594594,0.38175675675675674,0.13725490196078433,0.25882352941176473,0.44313725490196076,2.7450980392156863,2.588235294117647,2.215686274509804,0.39947437582128775,0.40502793296089384,0.55,0.2018871165187582
33,low_rating_bottom20_raw,content_only_core,HistGradientBoostingClassifier,25,1480,0.17229729729729729,0.4198729568547011,0.7604513805522208,0.5540540540540541,0.47297297297297297,0.4189189189189189,0.1607843137254902,0.27450980392156865,0.48627450980392156,3.215686274509804,2.7450980392156863,2.431372549019608,0.18831168831168832,0.38388625592417064,0.3,0.1249452355049816
33,low_rating_bottom20_raw,content_only_core,ExtraTreesClassifier,25,1480,0.17229729729729729,0.3976062268989748,0.7548171268507403,0.527027027027027,0.44594594594594594,0.38513513513513514,0.15294117647058825,0.25882352941176473,0.4470588235294118,3.0588235294117645,2.588235294117647,2.235294117647059,0.2222222222222222,0.15120274914089346,0.55,0.13273598094620115
33,low_rating_bottom20_raw,content_only_core,XGBoostClassifier,25,1480,0.17229729729729729,0.4076153260829205,0.7602593037214886,0.5,0.4864864864864865,0.4358108108108108,0.1450980392156863,0.2823529411764706,0.5058823529411764,2.901960784313726,2.823529411764706,2.5294117647058822,0.15789473684210525,0.37850467289719625,0.3,0.12485193461179733
33,low_rating_bottom30_bayes_global_m25,content_only_core,DummyClassifier,25,1480,0.31283783783783786,0.31283783783783786,0.5,0.35135135135135137,0.30405405405405406,0.28716216216216217,0.056155507559395246,0.09719222462203024,0.183585313174946,1.123110151187905,0.9719222462203023,0.91792656587473,0.0,0.47658260422027793,0.05,0.21497362609946905
33,low_rating_bottom30_bayes_global_m25,content_only_core,LogisticRegression,25,1480,0.31283783783783786,0.5764807281296577,0.7396951606703321,0.7432432432432432,0.7094594594594594,0.6182432432432432,0.11879049676025918,0.2267818574514039,0.3952483801295896,2.3758099352051834,2.2678185745140387,1.976241900647948,0.505,0.5422740524781341,0.35,0.18385440833214245
33,low_rating_bottom30_bayes_global_m25,content_only_core,LogisticRegressionBalanced,25,1480,0.31283783783783786,0.5769365729160204,0.7403492676338105,0.7702702702702703,0.722972972972973,0.6317567567567568,0.12311015118790497,0.23110151187904968,0.4038876889848812,2.462203023758099,2.311015118790497,2.019438444924406,0.5570776255707762,0.5570776255707762,0.5,0.20787686661618252
33,low_rating_bottom30_bayes_global_m25,content_only_core,HistGradientBoostingClassifier,25,1480,0.31283783783783786,0.5789925463852729,0.7445648595899939,0.7162162162162162,0.6824324324324325,0.6114864864864865,0.11447084233261338,0.21814254859611232,0.39092872570194387,2.2894168466522675,2.181425485961123,1.954643628509719,0.4553072625698324,0.5458768873403019,0.4,0.18030484371522115
33,low_rating_bottom30_bayes_global_m25,content_only_core,ExtraTreesClassifier,25,1480,0.31283783783783786,0.5820129254691985,0.7466843360495762,0.7972972972972973,0.6756756756756757,0.5945945945945946,0.12742980561555076,0.2159827213822894,0.3801295896328294,2.548596112311015,2.159827213822894,1.9006479481641467,0.44625850340136053,0.3355048859934853,0.55,0.18895205286092345
33,low_rating_bottom30_bayes_global_m25,content_only_core,XGBoostClassifier,25,1480,0.31283783783783786,0.5917696114364884,0.7499569945908752,0.7432432432432432,0.7162162162162162,0.6554054054054054,0.11879049676025918,0.22894168466522677,0.4190064794816415,2.3758099352051834,2.2894168466522675,2.095032397408207,0.4752475247524752,0.5426900584795321,0.4,0.1768525391817093
33,low_rating_bottom30_bayes_category_m25,content_only_core,DummyClassifier,25,1480,0.28783783783783784,0.28783783783783784,0.5,0.33783783783783783,0.2972972972972973,0.27364864864864863,0.05868544600938967,0.10328638497652583,0.19014084507042253,1.1737089201877935,1.0328638497652582,0.9507042253521126,0.0,0.44700944386149005,0.05,0.20499881945850662
33,low_rating_bottom30_bayes_category_m25,content_only_core,LogisticRegression,25,1480,0.28783783783783784,0.5387938067455583,0.7405412869373101,0.7567567567567568,0.6283783783783784,0.5608108108108109,0.13145539906103287,0.21830985915492956,0.38967136150234744,2.6291079812206575,2.183098591549296,1.9483568075117372,0.4707482993197279,0.5323275862068966,0.35,0.17741063067189405
33,low_rating_bottom30_bayes_category_m25,content_only_core,LogisticRegressionBalanced,25,1480,0.28783783783783784,0.5359455379641394,0.7406081014868465,0.7567567567567568,0.6554054054054054,0.5506756756756757,0.13145539906103287,0.22769953051643194,0.3826291079812207,2.6291079812206575,2.276995305164319,1.9131455399061033,0.542110358180058,0.5299684542586751,0.55,0.20595145182226993
33,low_rating_bottom30_bayes_category_m25,content_only_core,HistGradientBoostingClassifier,25,1480,0.28783783783783784,0.5403985034928372,0.7482717303186609,0.6621621621621622,0.6081081081081081,0.5912162162162162,0.11502347417840375,0.2112676056338028,0.4107981220657277,2.300469483568075,2.112676056338028,2.0539906103286385,0.41001564945226915,0.5300896286811779,0.4,0.17273155930230813
33,low_rating_bottom30_bayes_category_m25,content_only_core,ExtraTreesClassifier,25,1480,0.28783783783783784,0.544458358050993,0.7389800536298118,0.7297297297297297,0.6013513513513513,0.5743243243243243,0.1267605633802817,0.20892018779342722,0.39906103286384975,2.5352112676056335,2.089201877934272,1.995305164319249,0.40063091482649843,0.21643286573146292,0.6,0.18352209425406665
33,low_rating_bottom30_bayes_category_m25,content_only_core,XGBoostClassifier,25,1480,0.28783783783783784,0.5642344004944313,0.756556734461163,0.7162162162162162,0.6554054054054054,0.6182432432432432,0.12441314553990611,0.22769953051643194,0.4295774647887324,2.488262910798122,2.276995305164319,2.147887323943662,0.4231974921630094,0.5392670157068062,0.4,0.16853751242160797
33,low_rating_bottom30_category_relative,content_only_core,DummyClassifier,25,1480,0.27905405405405403,0.27905405405405403,0.5,0.33783783783783783,0.2702702702702703,0.26013513513513514,0.06053268765133172,0.09685230024213075,0.1864406779661017,1.2106537530266344,0.9685230024213076,0.9322033898305085,0.0,0.4363444268357105,0.05,0.20118941771736068
33,low_rating_bottom30_category_relative,content_only_core,LogisticRegression,25,1480,0.27905405405405403,0.49960128313741203,0.7180776588429918,0.6756756756756757,0.6216216216216216,0.5236486486486487,0.12106537530266344,0.22276029055690072,0.37530266343825663,2.4213075060532687,2.2276029055690074,1.8765133171912836,0.4252199413489736,0.5055611729019212,0.3,0.1816922289654751
33,low_rating_bottom30_category_relative,content_only_core,LogisticRegressionBalanced,25,1480,0.27905405405405403,0.499688818663801,0.7179074638449092,0.6621621621621622,0.6013513513513513,0.5337837837837838,0.11864406779661017,0.21549636803874092,0.38256658595641646,2.3728813559322037,2.154963680387409,1.9128329297820823,0.5092682926829268,0.5092682926829268,0.5,0.21450673245915214
33,low_rating_bottom30_category_relative,content_only_core,HistGradientBoostingClassifier,25,1480,0.27905405405405403,0.5099942659939593,0.7338127537323764,0.6351351351351351,0.5945945945945946,0.5506756756756757,0.11380145278450363,0.21307506053268765,0.3946731234866828,2.2760290556900724,2.130750605326877,1.9733656174334142,0.3582089552238806,0.4773662551440329,0.4,0.17462318044367825
33,low_rating_bottom30_category_relative,content_only_core,ExtraTreesClassifier,25,1480,0.27905405405405403,0.522496945964694,0.7303748147711104,0.6891891891891891,0.6081081081081081,0.5371621621621622,0.1234866828087167,0.2179176755447942,0.38498789346246975,2.469733656174334,2.179176755447942,1.9249394673123488,0.3624161073825503,0.1561822125813449,0.6,0.1834850620120842
33,low_rating_bottom30_category_relative,content_only_core,XGBoostClassifier,25,1480,0.27905405405405403,0.5294028865339184,0.7444556142791335,0.7027027027027027,0.6351351351351351,0.5777027027027027,0.12590799031476999,0.22760290556900725,0.41404358353510895,2.5181598062954,2.2760290556900724,2.070217917675545,0.3716216216216216,0.49175824175824173,0.4,0.17039482295513153
44,low_rating_bottom30_raw,content_only_core,DummyClassifier,25,1480,0.2641891891891892,0.2641891891891892,0.5,0.22972972972972974,0.2635135135135135,0.25,0.043478260869565216,0.09974424552429667,0.18925831202046037,0.8695652173913043,0.9974424552429666,0.9462915601023018,0.0,0.4179583110636024,0.05,0.19439326159678844
44,low_rating_bottom30_raw,content_only_core,LogisticRegression,25,1480,0.2641891891891892,0.5134848455584263,0.7308002132461561,0.7027027027027027,0.6148648648648649,0.5101351351351351,0.1329923273657289,0.23273657289002558,0.38618925831202044,2.659846547314578,2.3273657289002556,1.930946291560102,0.4311377245508982,0.5053995680345572,0.3,0.17313965009102483
44,low_rating_bottom30_raw,content_only_core,LogisticRegressionBalanced,25,1480,0.2641891891891892,0.5151787154059118,0.7312722669616416,0.7027027027027027,0.5878378378378378,0.5168918918918919,0.1329923273657289,0.22250639386189258,0.391304347826087,2.659846547314578,2.2250639386189257,1.9565217391304346,0.5056065239551478,0.5028571428571429,0.45,0.21001335640251614
44,low_rating_bottom30_raw,content_only_core,HistGradientBoostingClassifier,25,1480,0.2641891891891892,0.4944632361187121,0.7279631939013479,0.6216216216216216,0.5743243243243243,0.5135135135135135,0.11764705882352941,0.21739130434782608,0.3887468030690537,2.352941176470588,2.1739130434782608,1.9437340153452682,0.34843205574912894,0.4741721854304636,0.35,0.1713373765511188
44,low_rating_bottom30_raw,content_only_core,ExtraTreesClassifier,25,1480,0.2641891891891892,0.509076486736935,0.7377330618437339,0.6621621621621622,0.6148648648648649,0.5236486486486487,0.12531969309462915,0.23273657289002558,0.39641943734015345,2.5063938618925827,2.3273657289002556,1.9820971867007673,0.37347294938917974,0.2793522267206478,0.55,0.17703097092400033
44,low_rating_bottom30_raw,content_only_core,XGBoostClassifier,25,1480,0.2641891891891892,0.5150704264850676,0.7357790882552566,0.7027027027027027,0.6148648648648649,0.5304054054054054,0.1329923273657289,0.23273657289002558,0.40153452685422,2.659846547314578,2.3273657289002556,2.0076726342710995,0.34767025089605735,0.49259757738896365,0.35,0.16714982688426971
44,low_rating_bottom20_raw,content_only_core,DummyClassifier,25,1480,0.16216216216216217,0.16216216216216217,0.5,0.14864864864864866,0.16891891891891891,0.16891891891891891,0.04583333333333333,0.10416666666666667,0.20833333333333334,0.9166666666666666,1.0416666666666665,1.0416666666666665,0.0,0.27906976744186046,0.05,0.13586773250051024
44,low_rating_bottom20_raw,content_only_core,LogisticRegression,25,1480,0.16216216216216217,0.36311591257433556,0.7264415322580645,0.47297297297297297,0.43243243243243246,0.34459459459459457,0.14583333333333334,0.26666666666666666,0.425,2.9166666666666665,2.6666666666666665,2.1249999999999996,0.2737430167597765,0.38333333333333336,0.25,0.12861436417234795
44,low_rating_bottom20_raw,content_only_core,LogisticRegressionBalanced,25,1480,0.16216216216216217,0.3598346348417552,0.7258434139784946,0.4594594594594595,0.4189189189189189,0.33783783783783783,0.14166666666666666,0.25833333333333336,0.4166666666666667,2.8333333333333335,2.583333333333333,2.083333333333333,0.39050131926121373,0.3932107496463932,0.55,0.20680056923617823
44,low_rating_bottom20_raw,content_only_core,HistGradientBoostingClassifier,25,1480,0.16216216216216217,0.36620236695430125,0.7244489247311827,0.5135135135135135,0.42567567567567566,0.3344594594594595,0.15833333333333333,0.2625,0.4125,3.1666666666666665,2.6249999999999996,2.0625,0.22448979591836735,0.3501199040767386,0.3,0.12381352246736174
44,low_rating_bottom20_raw,content_only_core,ExtraTreesClassifier,25,1480,0.16216216216216217,0.3789111915329484,0.7496202956989249,0.5,0.4527027027027027,0.36486486486486486,0.15416666666666667,0.2791666666666667,0.45,3.083333333333333,2.7916666666666665,2.25,0.19931271477663232,0.11320754716981132,0.55,0.12986902633079328
44,low_rating_bottom20_raw,content_only_core,XGBoostClassifier,25,1480,0.16216216216216217,0.3837928395843865,0.7408870967741936,0.5135135135135135,0.46621621621621623,0.3547297297297297,0.15833333333333333,0.2875,0.4375,3.1666666666666665,2.875,2.1875,0.19444444444444445,0.36496350364963503,0.3,0.12057536095380783
44,low_rating_bottom30_bayes_global_m25,content_only_core,DummyClassifier,25,1480,0.31486486486486487,0.31486486486486487,0.5,0.24324324324324326,0.2905405405405405,0.2905405405405405,0.03862660944206009,0.09227467811158799,0.18454935622317598,0.7725321888412018,0.9227467811158797,0.9227467811158797,0.0,0.4789311408016444,0.05,0.21574391297559264
44,low_rating_bottom30_bayes_global_m25,content_only_core,LogisticRegression,25,1480,0.31486486486486487,0.5776893028071511,0.7302592037653114,0.7837837837837838,0.6756756756756757,0.6013513513513513,0.12446351931330472,0.2145922746781116,0.38197424892703863,2.4892703862660945,2.1459227467811157,1.909871244635193,0.48507462686567165,0.531496062992126,0.35,0.18814005492493377
44,low_rating_bottom30_bayes_global_m25,content_only_core,LogisticRegressionBalanced,25,1480,0.31486486486486487,0.5799746429887038,0.7317088655814308,0.7702702702702703,0.6891891891891891,0.6013513513513513,0.1223175965665236,0.21888412017167383,0.38197424892703863,2.4463519313304722,2.188841201716738,1.909871244635193,0.5367647058823529,0.5367647058823529,0.5,0.2104633107391573
44,low_rating_bottom30_bayes_global_m25,content_only_core,HistGradientBoostingClassifier,25,1480,0.31486486486486487,0.5470060651314166,0.7219887243822536,0.7567567567567568,0.6216216216216216,0.5709459459459459,0.12017167381974249,0.19742489270386265,0.3626609442060086,2.40343347639485,1.9742489270386265,1.8133047210300428,0.41975308641975306,0.48847926267281105,0.4,0.18929861304896178
44,low_rating_bottom30_bayes_global_m25,content_only_core,ExtraTreesClassifier,25,1480,0.31486486486486487,0.5696377273730577,0.7344960255986998,0.7297297297297297,0.6756756756756757,0.597972972972973,0.11587982832618025,0.2145922746781116,0.3798283261802575,2.317596566523605,2.1459227467811157,1.8991416309012876,0.4371584699453552,0.32903225806451614,0.55,0.19174919384829275
44,low_rating_bottom30_bayes_global_m25,content_only_core,XGBoostClassifier,25,1480,0.31486486486486487,0.5686331655148329,0.7337151128831552,0.7702702702702703,0.6891891891891891,0.5743243243243243,0.1223175965665236,0.21888412017167383,0.3648068669527897,2.4463519313304722,2.188841201716738,1.8240343347639485,0.4100418410041841,0.5102974828375286,0.4,0.183579683303833
44,low_rating_bottom30_bayes_category_m25,content_only_core,DummyClassifier,25,1480,0.2939189189189189,0.2939189189189189,0.5,0.25675675675675674,0.2905405405405405,0.27364864864864863,0.04367816091954023,0.09885057471264368,0.18620689655172415,0.8735632183908045,0.9885057471264367,0.9310344827586207,0.0,0.45430809399477806,0.05,0.2075481955547292
44,low_rating_bottom30_bayes_category_m25,content_only_core,LogisticRegression,25,1480,0.2939189189189189,0.5705774857096555,0.74497277676951,0.8108108108108109,0.6891891891891891,0.597972972972973,0.13793103448275862,0.23448275862068965,0.4068965517241379,2.7586206896551726,2.3448275862068964,2.03448275862069,0.49736842105263157,0.5383806519453207,0.35,0.17720987458291604
44,low_rating_bottom30_bayes_category_m25,content_only_core,LogisticRegressionBalanced,25,1480,0.2939189189189189,0.5737139840320582,0.7460969037012595,0.8243243243243243,0.6824324324324325,0.5878378378378378,0.14022988505747128,0.23218390804597702,0.4,2.8045977011494254,2.32183908045977,2.0,0.5456273764258555,0.544891640866873,0.55,0.2046383494666358
44,low_rating_bottom30_bayes_category_m25,content_only_core,HistGradientBoostingClassifier,25,1480,0.2939189189189189,0.5466583224719528,0.7375262607930485,0.7432432432432432,0.6554054054054054,0.5675675675675675,0.12643678160919541,0.22298850574712645,0.38620689655172413,2.528735632183908,2.229885057471264,1.9310344827586206,0.40963855421686746,0.49622166246851385,0.4,0.17756581885558193
44,low_rating_bottom30_bayes_category_m25,content_only_core,ExtraTreesClassifier,25,1480,0.2939189189189189,0.5598960724297817,0.7440994335368202,0.7702702702702703,0.6554054054054054,0.5472972972972973,0.1310344827586207,0.22298850574712645,0.3724137931034483,2.6206896551724137,2.229885057471264,1.8620689655172413,0.3870967741935484,0.30796460176991153,0.55,0.1842161148245593
44,low_rating_bottom30_bayes_category_m25,content_only_core,XGBoostClassifier,25,1480,0.2939189189189189,0.5511027378701671,0.7362855414398064,0.7432432432432432,0.6216216216216216,0.5608108108108109,0.12643678160919541,0.21149425287356322,0.3816091954022989,2.528735632183908,2.1149425287356323,1.9080459770114944,0.375,0.49242424242424243,0.4,0.17689666152000427
44,low_rating_bottom30_category_relative,content_only_core,DummyClassifier,25,1480,0.28243243243243243,0.28243243243243243,0.5,0.24324324324324326,0.28378378378378377,0.2702702702702703,0.0430622009569378,0.10047846889952153,0.19138755980861244,0.861244019138756,1.0047846889952152,0.9569377990430622,0.0,0.440463645943098,0.05,0.20266713711024323
44,low_rating_bottom30_category_relative,content_only_core,LogisticRegression,25,1480,0.28243243243243243,0.5215956445352569,0.7152434244316492,0.7027027027027027,0.6013513513513513,0.5202702702702703,0.12440191387559808,0.21291866028708134,0.3684210526315789,2.488038277511962,2.129186602870813,1.8421052631578947,0.4218077474892396,0.5076765609007164,0.3,0.18308011945631106
44,low_rating_bottom30_category_relative,content_only_core,LogisticRegressionBalanced,25,1480,0.28243243243243243,0.5231895036543543,0.71695546004199,0.7432432432432432,0.6148648648648649,0.5202702702702703,0.13157894736842105,0.21770334928229665,0.3684210526315789,2.631578947368421,2.1770334928229667,1.8421052631578947,0.5118577075098815,0.5118577075098815,0.5,0.21407886810214014
44,low_rating_bottom30_category_relative,content_only_core,HistGradientBoostingClassifier,25,1480,0.28243243243243243,0.5165285818270816,0.7192824768649926,0.7432432432432432,0.6013513513513513,0.5236486486486487,0.13157894736842105,0.21291866028708134,0.3708133971291866,2.631578947368421,2.129186602870813,1.854066985645933,0.37623762376237624,0.44413793103448274,0.4,0.1782214785598928
44,low_rating_bottom30_category_relative,content_only_core,ExtraTreesClassifier,25,1480,0.28243243243243243,0.5240304554110945,0.7270069112174375,0.7027027027027027,0.6148648648648649,0.5472972972972973,0.12440191387559808,0.21770334928229665,0.3875598086124402,2.488038277511962,2.1770334928229667,1.9377990430622007,0.3684210526315789,0.3684210526315789,0.5,0.18514465608388783
44,low_rating_bottom30_category_relative,content_only_core,XGBoostClassifier,25,1480,0.28243243243243243,0.520417462129076,0.7155723154831095,0.7432432432432432,0.6216216216216216,0.5337837837837838,0.13157894736842105,0.22009569377990432,0.37799043062200954,2.631578947368421,2.200956937799043,1.8899521531100478,0.3612040133779264,0.4867469879518072,0.35,0.17748050391674042
55,low_rating_bottom30_raw,content_only_core,DummyClassifier,25,1480,0.2641891891891892,0.2641891891891892,0.5,0.22972972972972974,0.2905405405405405,0.28378378378378377,0.043478260869565216,0.10997442455242967,0.21483375959079284,0.8695652173913043,1.0997442455242965,1.074168797953964,0.0,0.4179583110636024,0.05,0.19439326159678844
55,low_rating_bottom30_raw,content_only_core,LogisticRegression,25,1480,0.2641891891891892,0.4934500333571079,0.7379092012898104,0.6351351351351351,0.5743243243243243,0.5101351351351351,0.12020460358056266,0.21739130434782608,0.38618925831202044,2.404092071611253,2.1739130434782608,1.930946291560102,0.4104938271604938,0.5241228070175439,0.3,0.1719097393017548
55,low_rating_bottom30_raw,content_only_core,LogisticRegressionBalanced,25,1480,0.2641891891891892,0.4890855648390021,0.7364037961573418,0.6351351351351351,0.5608108108108109,0.5033783783783784,0.12020460358056266,0.21227621483375958,0.38107416879795397,2.404092071611253,2.122762148337596,1.9053708439897696,0.5236656596173213,0.5254988913525499,0.55,0.20918657721248868
55,low_rating_bottom30_raw,content_only_core,HistGradientBoostingClassifier,25,1480,0.2641891891891892,0.5017456289657398,0.741746692688334,0.6891891891891891,0.5878378378378378,0.5168918918918919,0.13043478260869565,0.22250639386189258,0.391304347826087,2.6086956521739126,2.2250639386189257,1.9565217391304346,0.35602094240837695,0.43888070692194403,0.4,0.1683309445249643
55,low_rating_bottom30_raw,content_only_core,ExtraTreesClassifier,25,1480,0.2641891891891892,0.5207144854866866,0.7632568418432171,0.6486486486486487,0.6554054054054054,0.5506756756756757,0.12276214833759591,0.24808184143222506,0.41687979539641945,2.455242966751918,2.4808184143222505,2.0843989769820968,0.3719298245614035,0.3719298245614035,0.5,0.17453100091323331
55,low_rating_bottom30_raw,content_only_core,XGBoostClassifier,25,1480,0.2641891891891892,0.5319626280597336,0.7542760786192547,0.7162162162162162,0.6486486486486487,0.527027027027027,0.13554987212276215,0.24552429667519182,0.3989769820971867,2.710997442455243,2.455242966751918,1.9948849104859332,0.375,0.5019505851755527,0.35,0.16296923160552979
55,low_rating_bottom20_raw,content_only_core,DummyClassifier,25,1480,0.1777027027027027,0.1777027027027027,0.5,0.17567567567567569,0.17567567567567569,0.1858108108108108,0.049429657794676805,0.09885931558935361,0.20912547528517111,0.9885931558935362,0.9885931558935362,1.0456273764258555,0.0,0.3017785427423982,0.05,0.14644724348210067
55,low_rating_bottom20_raw,content_only_core,LogisticRegression,25,1480,0.1777027027027027,0.3989655742674426,0.7395890286842608,0.5405405405405406,0.44594594594594594,0.3918918918918919,0.1520912547528517,0.2509505703422053,0.44106463878326996,3.0418250950570345,2.5095057034220534,2.20532319391635,0.2865013774104683,0.42955326460481097,0.25,0.1321518135682834
55,low_rating_bottom20_raw,content_only_core,LogisticRegressionBalanced,25,1480,0.1777027027027027,0.3907749935079561,0.730719121694874,0.5,0.44594594594594594,0.36486486486486486,0.14068441064638784,0.2509505703422053,0.41064638783269963,2.8136882129277567,2.5095057034220534,2.0532319391634983,0.42118863049095606,0.41379310344827586,0.55,0.19921752228277345
55,low_rating_bottom20_raw,content_only_core,HistGradientBoostingClassifier,25,1480,0.1777027027027027,0.4448479130490865,0.7616403860393475,0.6486486486486487,0.5675675675675675,0.42567567567567566,0.18250950570342206,0.3193916349809886,0.4790874524714829,3.6501901140684416,3.193916349809886,2.3954372623574143,0.2389937106918239,0.4018264840182648,0.3,0.12608325868794026
55,low_rating_bottom20_raw,content_only_core,ExtraTreesClassifier,25,1480,0.1777027027027027,0.4351554648689059,0.7732409371670661,0.6216216216216216,0.4797297297297297,0.4358108108108108,0.17490494296577946,0.26996197718631176,0.49049429657794674,3.4980988593155895,2.699619771863118,2.452471482889734,0.21153846153846154,0.12413793103448276,0.55,0.1322708650656064
55,low_rating_bottom20_raw,content_only_core,XGBoostClassifier,25,1480,0.1777027027027027,0.43229774271526145,0.7650677505928372,0.6486486486486487,0.527027027027027,0.40540540540540543,0.18250950570342206,0.2965779467680608,0.45627376425855515,3.6501901140684416,2.9657794676806084,2.281368821292776,0.2375,0.3963963963963964,0.3,0.12599559128284454
55,low_rating_bottom30_bayes_global_m25,content_only_core,DummyClassifier,25,1480,0.31148648648648647,0.31148648648648647,0.5,0.25675675675675674,0.34459459459459457,0.33783783783783783,0.04121475054229935,0.11062906724511931,0.21691973969631237,0.824295010845987,1.106290672451193,1.0845986984815619,0.0,0.4750128799587841,0.05,0.21446267146887188
55,low_rating_bottom30_bayes_global_m25,content_only_core,LogisticRegression,25,1480,0.31148648648648647,0.5467519580947557,0.7266215229511302,0.7297297297297297,0.6418918918918919,0.597972972972973,0.11713665943600868,0.20607375271149675,0.3839479392624729,2.3427331887201737,2.0607375271149677,1.9197396963123647,0.4817150063051702,0.5411298315163529,0.35,0.18878627968217
55,low_rating_bottom30_bayes_global_m25,content_only_core,LogisticRegressionBalanced,25,1480,0.31148648648648647,0.5461968793824139,0.7267407330141625,0.7162162162162162,0.6283783783783784,0.6047297297297297,0.11496746203904555,0.2017353579175705,0.3882863340563991,2.299349240780911,2.017353579175705,1.9414316702819958,0.5539906103286385,0.5384615384615384,0.55,0.21202009047842033
55,low_rating_bottom30_bayes_global_m25,content_only_core,HistGradientBoostingClassifier,25,1480,0.31148648648648647,0.5655507407861445,0.7392812058949377,0.7432432432432432,0.6824324324324325,0.6013513513513513,0.1193058568329718,0.21908893709327548,0.38611713665943603,2.386117136659436,2.190889370932755,1.93058568329718,0.4592391304347826,0.5127020785219399,0.4,0.18149573900711527
55,low_rating_bottom30_bayes_global_m25,content_only_core,ExtraTreesClassifier,25,1480,0.31148648648648647,0.5427150513735655,0.7321626621310078,0.6891891891891891,0.668918918918919,0.5844594594594594,0.11062906724511931,0.21475054229934923,0.3752711496746204,2.212581344902386,2.147505422993493,1.876355748373102,0.44686648501362397,0.44686648501362397,0.5,0.19305466020240675
55,low_rating_bottom30_bayes_global_m25,content_only_core,XGBoostClassifier,25,1480,0.31148648648648647,0.5568636655997898,0.740260431412703,0.7027027027027027,0.6621621621621622,0.5912162162162162,0.11279826464208242,0.21258134490238612,0.3796095444685466,2.255965292841649,2.125813449023861,1.8980477223427332,0.42363112391930835,0.5234741784037559,0.4,0.18135026097297668
55,low_rating_bottom30_bayes_category_m25,content_only_core,DummyClassifier,25,1480,0.2939189189189189,0.2939189189189189,0.5,0.22972972972972974,0.32432432432432434,0.3108108108108108,0.03908045977011494,0.1103448275862069,0.21149425287356322,0.7816091954022989,1.103448275862069,1.0574712643678161,0.0,0.45430809399477806,0.05,0.2075481955547292
55,low_rating_bottom30_bayes_category_m25,content_only_core,LogisticRegression,25,1480,0.2939189189189189,0.5265464877502254,0.7410328328658637,0.6756756756756757,0.6081081081081081,0.5574324324324325,0.11494252873563218,0.20689655172413793,0.3793103448275862,2.2988505747126435,2.0689655172413794,1.896551724137931,0.4688741721854305,0.549520766773163,0.35,0.18123803909779135
55,low_rating_bottom30_bayes_category_m25,content_only_core,LogisticRegressionBalanced,25,1480,0.2939189189189189,0.521813415939393,0.7397371170873892,0.6351351351351351,0.6013513513513513,0.5472972972972973,0.10804597701149425,0.2045977011494253,0.3724137931034483,2.160919540229885,2.045977011494253,1.8620689655172413,0.5582290664100096,0.5582290664100096,0.5,0.20855355139820753
55,low_rating_bottom30_bayes_category_m25,content_only_core,HistGradientBoostingClassifier,25,1480,0.2939189189189189,0.5258664924172357,0.7355023923444977,0.6891891891891891,0.6216216216216216,0.5709459459459459,0.11724137931034483,0.21149425287356322,0.38850574712643676,2.3448275862068964,2.1149425287356323,1.9425287356321839,0.39203675344563554,0.4798994974874372,0.4,0.1791932245927619
55,low_rating_bottom30_bayes_category_m25,content_only_core,ExtraTreesClassifier,25,1480,0.2939189189189189,0.5536000719244307,0.7579057361271517,0.6891891891891891,0.6486486486486487,0.6013513513513513,0.11724137931034483,0.2206896551724138,0.4091954022988506,2.3448275862068964,2.206896551724138,2.045977011494253,0.41590214067278286,0.2968197879858657,0.55,0.18323015943608267
55,low_rating_bottom30_bayes_category_m25,content_only_core,XGBoostClassifier,25,1480,0.2939189189189189,0.5454625010042935,0.7454919430237035,0.7027027027027027,0.6486486486486487,0.5574324324324325,0.11954022988505747,0.2206896551724138,0.3793103448275862,2.3908045977011496,2.206896551724138,1.896551724137931,0.3875968992248062,0.5,0.4,0.17563442885875702
55,low_rating_bottom30_category_relative,content_only_core,DummyClassifier,25,1480,0.28243243243243243,0.28243243243243243,0.5,0.22972972972972974,0.2972972972972973,0.2939189189189189,0.04066985645933014,0.10526315789473684,0.20813397129186603,0.8133971291866029,1.0526315789473684,1.0406698564593302,0.0,0.440463645943098,0.05,0.20266713711024323
55,low_rating_bottom30_category_relative,content_only_core,LogisticRegression,25,1480,0.28243243243243243,0.5094422541604908,0.7303859288694258,0.6486486486486487,0.5945945945945946,0.5472972972972973,0.11483253588516747,0.21052631578947367,0.3875598086124402,2.2966507177033493,2.1052631578947367,1.9377990430622007,0.43352601156069365,0.5386934673366834,0.3,0.1788699059953974
55,low_rating_bottom30_category_relative,content_only_core,LogisticRegressionBalanced,25,1480,0.28243243243243243,0.5058645556091443,0.7294826048171276,0.6486486486486487,0.5878378378378378,0.5304054054054054,0.11483253588516747,0.20813397129186603,0.37559808612440193,2.2966507177033493,2.0813397129186604,1.8779904306220094,0.5408062930186824,0.5408062930186824,0.5,0.2107643851999543
55,low_rating_bottom30_category_relative,content_only_core,HistGradientBoostingClassifier,25,1480,0.28243243243243243,0.5349689396285944,0.7458032600762305,0.6891891891891891,0.6554054054054054,0.581081081081081,0.12200956937799043,0.23205741626794257,0.41148325358851673,2.4401913875598082,2.3205741626794256,2.0574162679425836,0.3913764510779436,0.4896265560165975,0.4,0.1718636035696458
55,low_rating_bottom30_category_relative,content_only_core,ExtraTreesClassifier,25,1480,0.28243243243243243,0.5336601869917011,0.7546630443597436,0.7162162162162162,0.6216216216216216,0.5675675675675675,0.12679425837320574,0.22009569377990432,0.4019138755980861,2.535885167464115,2.200956937799043,2.0095693779904304,0.3838383838383838,0.3838383838383838,0.5,0.18224597870488554
55,low_rating_bottom30_category_relative,content_only_core,XGBoostClassifier,25,1480,0.28243243243243243,0.5310117881226732,0.7393380729687599,0.6756756756756757,0.6554054054054054,0.5641891891891891,0.11961722488038277,0.23205741626794257,0.39952153110047844,2.3923444976076556,2.3205741626794256,1.9976076555023923,0.3633276740237691,0.4820936639118457,0.4,0.17243289947509766
11,low_rating_bottom30_raw,content_plus_reliability,DummyClassifier,25,1480,0.2641891891891892,0.2641891891891892,0.5,0.14864864864864866,0.1891891891891892,0.2195945945945946,0.028132992327365727,0.07161125319693094,0.16624040920716113,0.5626598465473146,0.7161125319693095,0.8312020460358056,0.0,0.4179583110636024,0.05,0.19439326159678844
11,low_rating_bottom30_raw,content_plus_reliability,LogisticRegression,25,1480,0.2641891891891892,0.5366141206809165,0.7737124793623282,0.6621621621621622,0.6554054054054054,0.5743243243243243,0.12531969309462915,0.24808184143222506,0.43478260869565216,2.5063938618925827,2.4808184143222505,2.1739130434782608,0.48338368580060426,0.5417558886509636,0.3,0.16183774742716217
11,low_rating_bottom30_raw,content_plus_reliability,LogisticRegressionBalanced,25,1480,0.2641891891891892,0.5351347196543301,0.7759600186942666,0.6486486486486487,0.6283783783783784,0.5574324324324325,0.12276214833759591,0.23785166240409208,0.4219948849104859,2.455242966751918,2.3785166240409206,2.1099744245524295,0.5657370517928287,0.5521739130434783,0.55,0.19503850840912915
11,low_rating_bottom30_raw,content_plus_reliability,HistGradientBoostingClassifier,25,1480,0.2641891891891892,0.5557331849893907,0.7750769729379354,0.7837837837837838,0.6959459459459459,0.5641891891891891,0.1483375959079284,0.26342710997442453,0.42710997442455245,2.9667519181585673,2.6342710997442453,2.1355498721227617,0.42784380305602715,0.48625180897250364,0.4,0.15781955677545695
11,low_rating_bottom30_raw,content_plus_reliability,ExtraTreesClassifier,25,1480,0.2641891891891892,0.5456820430942065,0.759294878569466,0.7297297297297297,0.6554054054054054,0.5472972972972973,0.13810741687979539,0.24808184143222506,0.4143222506393862,2.7621483375959075,2.4808184143222505,2.071611253196931,0.3936731107205624,0.2751540041067762,0.55,0.1730925285036969
11,low_rating_bottom30_raw,content_plus_reliability,XGBoostClassifier,25,1480,0.2641891891891892,0.5616359206490448,0.7832310550283114,0.7567567567567568,0.6621621621621622,0.5945945945945946,0.1432225063938619,0.2506393861892583,0.45012787723785164,2.864450127877238,2.5063938618925827,2.2506393861892584,0.41754385964912283,0.5328083989501312,0.35,0.1556570678949356
11,low_rating_bottom20_raw,content_plus_reliability,DummyClassifier,25,1480,0.175,0.175,0.5,0.12162162162162163,0.14864864864864866,0.1554054054054054,0.03474903474903475,0.08494208494208494,0.1776061776061776,0.694980694980695,0.8494208494208495,0.888030888030888,0.0,0.2978723404255319,0.05,0.14458779688229306
11,low_rating_bottom20_raw,content_plus_reliability,LogisticRegression,25,1480,0.175,0.46502962382893387,0.7954869576491198,0.6081081081081081,0.5743243243243243,0.4358108108108108,0.17374517374517376,0.3281853281853282,0.4980694980694981,3.474903474903475,3.281853281853282,2.4903474903474905,0.3979591836734694,0.47603305785123967,0.25,0.1200024094830897
11,low_rating_bottom20_raw,content_plus_reliability,LogisticRegressionBalanced,25,1480,0.175,0.4491459005442287,0.7917397917397917,0.6216216216216216,0.5405405405405406,0.43243243243243246,0.1776061776061776,0.3088803088803089,0.4942084942084942,3.552123552123552,3.0888030888030893,2.4710424710424714,0.46469833119383824,0.4676753782668501,0.55,0.18436090042684664
11,low_rating_bottom20_raw,content_plus_reliability,HistGradientBoostingClassifier,25,1480,0.175,0.46135854562710865,0.8067221310464554,0.5945945945945946,0.527027027027027,0.4527027027027027,0.16988416988416988,0.30115830115830117,0.5173745173745173,3.397683397683398,3.0115830115830113,2.586872586872587,0.22006472491909385,0.33604336043360433,0.35,0.12095251102862838
11,low_rating_bottom20_raw,content_plus_reliability,ExtraTreesClassifier,25,1480,0.175,0.4830175096353716,0.7976277435736894,0.6891891891891891,0.5405405405405406,0.44932432432432434,0.1969111969111969,0.3088803088803089,0.5135135135135135,3.9382239382239383,3.0888030888030893,2.567567567567568,0.22727272727272727,0.22727272727272727,0.5,0.12800213567432728
11,low_rating_bottom20_raw,content_plus_reliability,XGBoostClassifier,25,1480,0.175,0.46630840393132655,0.8054129946021839,0.6081081081081081,0.5405405405405406,0.4594594594594595,0.17374517374517376,0.3088803088803089,0.525096525096525,3.474903474903475,3.0888030888030893,2.625482625482626,0.23225806451612904,0.40476190476190477,0.3,0.12014235556125641
11,low_rating_bottom30_bayes_global_m25,content_plus_reliability,DummyClassifier,25,1480,0.30675675675675673,0.30675675675675673,0.5,0.21621621621621623,0.25675675675675674,0.28040540540540543,0.03524229074889868,0.08370044052863436,0.1828193832599119,0.7048458149779737,0.8370044052863437,0.9140969162995596,0.0,0.46949327817993797,0.05,0.21269052096873856
11,low_rating_bottom30_bayes_global_m25,content_plus_reliability,LogisticRegression,25,1480,0.30675675675675673,0.5527731879130253,0.739970030313179,0.7027027027027027,0.6621621621621622,0.5844594594594594,0.1145374449339207,0.21585903083700442,0.381057268722467,2.2907488986784146,2.1585903083700444,1.9052863436123348,0.48020434227330777,0.5395894428152492,0.35,0.18447511869928215
11,low_rating_bottom30_bayes_global_m25,content_plus_reliability,LogisticRegressionBalanced,25,1480,0.30675675675675673,0.5526272042324075,0.7402426771775253,0.7162162162162162,0.6621621621621622,0.5777027027027027,0.11674008810572688,0.21585903083700442,0.3766519823788546,2.334801762114538,2.1585903083700444,1.8832599118942734,0.5492700729927007,0.5492700729927007,0.5,0.20877849232614673
11,low_rating_bottom30_bayes_global_m25,content_plus_reliability,HistGradientBoostingClassifier,25,1480,0.30675675675675673,0.5433645408898109,0.7381323475109703,0.6621621621621622,0.6486486486486487,0.5945945945945946,0.10792951541850221,0.21145374449339208,0.3876651982378855,2.1585903083700444,2.114537444933921,1.9383259911894275,0.4404432132963989,0.5263157894736842,0.4,0.1815788989039216
11,low_rating_bottom30_bayes_global_m25,content_plus_reliability,ExtraTreesClassifier,25,1480,0.30675675675675673,0.5486363605078065,0.7345772041459498,0.7162162162162162,0.6486486486486487,0.5844594594594594,0.11674008810572688,0.21145374449339208,0.381057268722467,2.334801762114538,2.114537444933921,1.9052863436123348,0.43956043956043955,0.32172470978441126,0.55,0.1915780426687994
11,low_rating_bottom30_bayes_global_m25,content_plus_reliability,XGBoostClassifier,25,1480,0.30675675675675673,0.5522109304600767,0.7396372723291341,0.6216216216216216,0.6486486486486487,0.6148648648648649,0.1013215859030837,0.21145374449339208,0.4008810572687225,2.026431718061674,2.114537444933921,2.0044052863436126,0.442225392296719,0.5339470655926352,0.4,0.1798698604106903
11,low_rating_bottom30_bayes_category_m25,content_plus_reliability,DummyClassifier,25,1480,0.2891891891891892,0.2891891891891892,0.5,0.17567567567567569,0.20270270270270271,0.23648648648648649,0.030373831775700934,0.07009345794392523,0.16355140186915887,0.6074766355140188,0.7009345794392524,0.8177570093457944,0.0,0.44863731656184486,0.05,0.20556174954501008
11,low_rating_bottom30_bayes_category_m25,content_plus_reliability,LogisticRegression,25,1480,0.2891891891891892,0.5563992329973699,0.7703550868839059,0.6486486486486487,0.6418918918918919,0.5945945945945946,0.11214953271028037,0.2219626168224299,0.411214953271028,2.2429906542056077,2.2196261682242993,2.0560747663551404,0.5073825503355704,0.5621734587251829,0.35,0.17097142224994552
11,low_rating_bottom30_bayes_category_m25,content_plus_reliability,LogisticRegressionBalanced,25,1480,0.2891891891891892,0.5503765428914404,0.7699775238975161,0.6216216216216216,0.6216216216216216,0.597972972972973,0.10747663551401869,0.21495327102803738,0.4135514018691589,2.149532710280374,2.149532710280374,2.0677570093457946,0.5789971617786187,0.5769911504424778,0.45,0.19778907540231663
11,low_rating_bottom30_bayes_category_m25,content_plus_reliability,HistGradientBoostingClassifier,25,1480,0.2891891891891892,0.5867469491192518,0.7738930741622542,0.7702702702702703,0.7027027027027027,0.6216216216216216,0.13317757009345793,0.24299065420560748,0.42990654205607476,2.663551401869159,2.429906542056075,2.149532710280374,0.47041420118343197,0.5499383477188656,0.4,0.16486169040204254
11,low_rating_bottom30_bayes_category_m25,content_plus_reliability,ExtraTreesClassifier,25,1480,0.2891891891891892,0.5512160263120593,0.7598788244909562,0.7027027027027027,0.6351351351351351,0.5540540540540541,0.12149532710280374,0.21962616822429906,0.38317757009345793,2.429906542056075,2.196261682242991,1.9158878504672898,0.3870967741935484,0.3041144901610018,0.55,0.1822048394785277
11,low_rating_bottom30_bayes_category_m25,content_plus_reliability,XGBoostClassifier,25,1480,0.2891891891891892,0.5758464022080328,0.7691202338225366,0.7432432432432432,0.668918918918919,0.597972972972973,0.12850467289719625,0.23130841121495327,0.4135514018691589,2.5700934579439254,2.313084112149533,2.0677570093457946,0.43317972350230416,0.5301507537688442,0.4,0.16694441437721252
11,low_rating_bottom30_category_relative,content_plus_reliability,DummyClassifier,25,1480,0.28040540540540543,0.28040540540540543,0.5,0.14864864864864866,0.20270270270270271,0.23986486486486486,0.02650602409638554,0.07228915662650602,0.1710843373493976,0.5301204819277109,0.7228915662650602,0.8554216867469878,0.0,0.43799472295514513,0.05,0.20177896350242255
11,low_rating_bottom30_category_relative,content_plus_reliability,LogisticRegression,25,1480,0.28040540540540543,0.5505025204177052,0.7653577691045874,0.6891891891891891,0.6756756756756757,0.5709459459459459,0.12289156626506025,0.24096385542168675,0.4072289156626506,2.4578313253012043,2.4096385542168672,2.036144578313253,0.46875,0.5693563009972802,0.25,0.16835715334183293
11,low_rating_bottom30_category_relative,content_plus_reliability,LogisticRegressionBalanced,25,1480,0.28040540540540543,0.5497309710812055,0.767909949657786,0.6891891891891891,0.6486486486486487,0.5675675675675675,0.12289156626506025,0.23132530120481928,0.40481927710843374,2.4578313253012043,2.3132530120481927,2.0240963855421685,0.5692454632282713,0.5737265415549598,0.45,0.19876164011281944
11,low_rating_bottom30_category_relative,content_plus_reliability,HistGradientBoostingClassifier,25,1480,0.28040540540540543,0.5464712789854105,0.757821143729849,0.7027027027027027,0.6621621621621622,0.5844594594594594,0.12530120481927712,0.236144578313253,0.41686746987951806,2.5060240963855422,2.36144578313253,2.08433734939759,0.4217252396166134,0.5013477088948787,0.4,0.16742183304253117
11,low_rating_bottom30_category_relative,content_plus_reliability,ExtraTreesClassifier,25,1480,0.28040540540540543,0.5495549543984837,0.7530652186209628,0.7702702702702703,0.6283783783783784,0.5472972972972973,0.13734939759036144,0.22409638554216868,0.39036144578313253,2.746987951807229,2.2409638554216866,1.9518072289156623,0.37271214642262895,0.2584493041749503,0.55,0.1807852904897988
11,low_rating_bottom30_category_relative,content_plus_reliability,XGBoostClassifier,25,1480,0.28040540540540543,0.5611293160573931,0.7678398099440014,0.7432432432432432,0.6824324324324325,0.6013513513513513,0.13253012048192772,0.2433734939759036,0.42891566265060244,2.650602409638554,2.433734939759036,2.1445783132530116,0.41254125412541254,0.517426273458445,0.4,0.1645967960357666
22,low_rating_bottom30_raw,content_plus_reliability,DummyClassifier,25,1480,0.2641891891891892,0.2641891891891892,0.5,0.25675675675675674,0.2635135135135135,0.30405405405405406,0.04859335038363171,0.09974424552429667,0.23017902813299232,0.9718670076726341,0.9974424552429666,1.1508951406649615,0.0,0.4179583110636024,0.05,0.19439326159678844
22,low_rating_bottom30_raw,content_plus_reliability,LogisticRegression,25,1480,0.2641891891891892,0.5422325312514529,0.770837883602357,0.7297297297297297,0.6418918918918919,0.5574324324324325,0.13810741687979539,0.24296675191815856,0.4219948849104859,2.7621483375959075,2.4296675191815855,2.1099744245524295,0.46616541353383456,0.5474137931034483,0.3,0.1621908114256207
22,low_rating_bottom30_raw,content_plus_reliability,LogisticRegressionBalanced,25,1480,0.2641891891891892,0.5385758295638504,0.7696354383171402,0.6756756756756757,0.6554054054054054,0.5675675675675675,0.1278772378516624,0.24808184143222506,0.4296675191815857,2.5575447570332477,2.4808184143222505,2.148337595907928,0.5484199796126402,0.5452538631346578,0.55,0.1960007573676658
22,low_rating_bottom30_raw,content_plus_reliability,HistGradientBoostingClassifier,25,1480,0.2641891891891892,0.5424136188248283,0.7667819792906982,0.6486486486486487,0.6554054054054054,0.5777027027027027,0.12276214833759591,0.24808184143222506,0.4373401534526854,2.455242966751918,2.4808184143222505,2.186700767263427,0.423407917383821,0.49852507374631266,0.4,0.16065323147015814
22,low_rating_bottom30_raw,content_plus_reliability,ExtraTreesClassifier,25,1480,0.2641891891891892,0.5644187630001859,0.7693935401445282,0.7972972972972973,0.6621621621621622,0.5675675675675675,0.15089514066496162,0.2506393861892583,0.4296675191815857,3.0179028132992323,2.5063938618925827,2.148337595907928,0.4028520499108734,0.1689497716894977,0.6,0.17062046410217138
22,low_rating_bottom30_raw,content_plus_reliability,XGBoostClassifier,25,1480,0.2641891891891892,0.5622111667635961,0.7738111174521312,0.7702702702702703,0.6621621621621622,0.5608108108108109,0.14578005115089515,0.2506393861892583,0.42455242966751916,2.915601023017903,2.5063938618925827,2.122762148337596,0.4077328646748682,0.47703703703703704,0.4,0.1576271504163742
22,low_rating_bottom20_raw,content_plus_reliability,DummyClassifier,25,1480,0.1581081081081081,0.1581081081081081,0.5,0.14864864864864866,0.14189189189189189,0.16891891891891891,0.04700854700854701,0.08974358974358974,0.21367521367521367,0.9401709401709403,0.8974358974358975,1.0683760683760684,0.0,0.27304550758459745,0.05,0.13315257726117266
22,low_rating_bottom20_raw,content_plus_reliability,LogisticRegression,25,1480,0.1581081081081081,0.41852704747777475,0.7800071339397182,0.5945945945945946,0.5337837837837838,0.3952702702702703,0.18803418803418803,0.33760683760683763,0.5,3.760683760683761,3.376068376068376,2.5,0.391304347826087,0.44529750479846447,0.3,0.1155074873747176
22,low_rating_bottom20_raw,content_plus_reliability,LogisticRegressionBalanced,25,1480,0.1581081081081081,0.4087692511478408,0.780936603970312,0.5405405405405406,0.5337837837837838,0.38513513513513514,0.17094017094017094,0.33760683760683763,0.48717948717948717,3.418803418803419,3.376068376068376,2.435897435897436,0.43586206896551727,0.42810457516339867,0.6,0.1827712766790849
22,low_rating_bottom20_raw,content_plus_reliability,HistGradientBoostingClassifier,25,1480,0.1581081081081081,0.41999692450029724,0.7709010714628692,0.6216216216216216,0.5135135135135135,0.3952702702702703,0.19658119658119658,0.3247863247863248,0.5,3.9316239316239314,3.247863247863248,2.5,0.2913907284768212,0.4029126213592233,0.3,0.11355273802789725
22,low_rating_bottom20_raw,content_plus_reliability,ExtraTreesClassifier,25,1480,0.1581081081081081,0.45615419978486405,0.7915654881947016,0.6621621621621622,0.5472972972972973,0.38175675675675674,0.2094017094017094,0.34615384615384615,0.4829059829059829,4.188034188034188,3.4615384615384612,2.4145299145299144,0.26804123711340205,0.13636363636363635,0.55,0.12193700147098376
22,low_rating_bottom20_raw,content_plus_reliability,XGBoostClassifier,25,1480,0.1581081081081081,0.43995152083608,0.7792182848362623,0.6486486486486487,0.5202702702702703,0.40878378378378377,0.20512820512820512,0.32905982905982906,0.5170940170940171,4.102564102564103,3.290598290598291,2.5854700854700856,0.2913907284768212,0.40318302387267907,0.35,0.11066308617591858
22,low_rating_bottom30_bayes_global_m25,content_plus_reliability,DummyClassifier,25,1480,0.3202702702702703,0.3202702702702703,0.5,0.2972972972972973,0.31756756756756754,0.36486486486486486,0.046413502109704644,0.09915611814345991,0.22784810126582278,0.9282700421940928,0.991561181434599,1.1392405063291138,0.0,0.4851586489252815,0.05,0.2178206269025919
22,low_rating_bottom30_bayes_global_m25,content_plus_reliability,LogisticRegression,25,1480,0.3202702702702703,0.5686953611346648,0.7453108354094841,0.7297297297297297,0.6621621621621622,0.597972972972973,0.11392405063291139,0.20675105485232068,0.37341772151898733,2.2784810126582276,2.067510548523207,1.8670886075949369,0.4802955665024631,0.5801253357206804,0.3,0.186291393528089
22,low_rating_bottom30_bayes_global_m25,content_plus_reliability,LogisticRegressionBalanced,25,1480,0.3202702702702703,0.5674355296493591,0.7423182424440699,0.7702702702702703,0.6621621621621622,0.5945945945945946,0.12025316455696203,0.20675105485232068,0.37130801687763715,2.4050632911392404,2.067510548523207,1.8565400843881856,0.5675182481751825,0.5675182481751825,0.5,0.20706652764015124
22,low_rating_bottom30_bayes_global_m25,content_plus_reliability,HistGradientBoostingClassifier,25,1480,0.3202702702702703,0.5815974500977451,0.7494065144995009,0.7567567567567568,0.7094594594594594,0.6317567567567568,0.11814345991561181,0.22151898734177214,0.39451476793248946,2.3628691983122363,2.2151898734177213,1.9725738396624473,0.44937586685159503,0.5339470655926352,0.4,0.18128829090536633
22,low_rating_bottom30_bayes_global_m25,content_plus_reliability,ExtraTreesClassifier,25,1480,0.3202702702702703,0.6056125640498051,0.755226027799448,0.7837837837837838,0.7432432432432432,0.6554054054054054,0.12236286919831224,0.2320675105485232,0.4092827004219409,2.4472573839662446,2.3206751054852317,2.0464135021097043,0.4885290148448043,0.17293233082706766,0.6,0.18861376373783298
22,low_rating_bottom30_bayes_global_m25,content_plus_reliability,XGBoostClassifier,25,1480,0.3202702702702703,0.5895047238940019,0.7566059340161562,0.7837837837837838,0.7094594594594594,0.597972972972973,0.12236286919831224,0.22151898734177214,0.37341772151898733,2.4472573839662446,2.2151898734177213,1.8670886075949369,0.4164305949008499,0.5272938443670151,0.4,0.17967213690280914
22,low_rating_bottom30_bayes_category_m25,content_plus_reliability,DummyClassifier,25,1480,0.2918918918918919,0.2918918918918919,0.5,0.3108108108108108,0.2972972972972973,0.3344594594594595,0.05324074074074074,0.10185185185185185,0.22916666666666666,1.0648148148148147,1.0185185185185186,1.1458333333333333,0.0,0.45188284518828453,0.05,0.20669377760638163
22,low_rating_bottom30_bayes_category_m25,content_plus_reliability,LogisticRegression,25,1480,0.2918918918918919,0.588235232914057,0.7764259966072943,0.7972972972972973,0.7094594594594594,0.5912162162162162,0.13657407407407407,0.24305555555555555,0.4050925925925926,2.7314814814814814,2.4305555555555554,2.025462962962963,0.5013333333333333,0.5876685934489403,0.3,0.167857721555735
22,low_rating_bottom30_bayes_category_m25,content_plus_reliability,LogisticRegressionBalanced,25,1480,0.2918918918918919,0.5859252195021944,0.7749880725190841,0.7837837837837838,0.7027027027027027,0.5912162162162162,0.13425925925925927,0.24074074074074073,0.4050925925925926,2.685185185185185,2.4074074074074074,2.025462962962963,0.5834932821497121,0.5834932821497121,0.5,0.19353824259616487
22,low_rating_bottom30_bayes_category_m25,content_plus_reliability,HistGradientBoostingClassifier,25,1480,0.2918918918918919,0.5825154536609485,0.7652009117896522,0.8108108108108109,0.722972972972973,0.6013513513513513,0.1388888888888889,0.24768518518518517,0.41203703703703703,2.7777777777777777,2.476851851851852,2.060185185185185,0.44680851063829785,0.4896836313617607,0.45,0.16830318399776978
22,low_rating_bottom30_bayes_category_m25,content_plus_reliability,ExtraTreesClassifier,25,1480,0.2918918918918919,0.5919631434830852,0.76781612242013,0.8648648648648649,0.7162162162162162,0.6081081081081081,0.14814814814814814,0.24537037037037038,0.4166666666666667,2.962962962962963,2.4537037037037037,2.083333333333333,0.41706161137440756,0.3125,0.55,0.178755880724626
22,low_rating_bottom30_bayes_category_m25,content_plus_reliability,XGBoostClassifier,25,1480,0.2918918918918919,0.589658027146275,0.7719885319479786,0.7837837837837838,0.6891891891891891,0.6013513513513513,0.13425925925925927,0.2361111111111111,0.41203703703703703,2.685185185185185,2.3611111111111107,2.060185185185185,0.4186046511627907,0.533678756476684,0.4,0.16674384474754333
22,low_rating_bottom30_category_relative,content_plus_reliability,DummyClassifier,25,1480,0.28243243243243243,0.28243243243243243,0.5,0.2702702702702703,0.28378378378378377,0.31756756756756754,0.04784688995215311,0.10047846889952153,0.22488038277511962,0.9569377990430622,1.0047846889952152,1.124401913875598,0.0,0.440463645943098,0.05,0.20266713711024323
22,low_rating_bottom30_category_relative,content_plus_reliability,LogisticRegression,25,1480,0.28243243243243243,0.5458960811941269,0.7565530415664226,0.7297297297297297,0.6486486486486487,0.5540540540540541,0.1291866028708134,0.22966507177033493,0.3923444976076555,2.5837320574162677,2.2966507177033493,1.9617224880382775,0.4562410329985653,0.5415821501014199,0.3,0.17169095426216377
22,low_rating_bottom30_category_relative,content_plus_reliability,LogisticRegressionBalanced,25,1480,0.28243243243243243,0.53872175643161,0.7535209363933717,0.7027027027027027,0.6351351351351351,0.5743243243243243,0.12440191387559808,0.22488038277511962,0.40669856459330145,2.488038277511962,2.248803827751196,2.0334928229665072,0.5413385826771654,0.5413385826771654,0.5,0.20171855451536747
22,low_rating_bottom30_category_relative,content_plus_reliability,HistGradientBoostingClassifier,25,1480,0.28243243243243243,0.5491379971318431,0.7517908793555538,0.7027027027027027,0.6756756756756757,0.581081081081081,0.12440191387559808,0.23923444976076555,0.41148325358851673,2.488038277511962,2.3923444976076556,2.0574162679425836,0.4097560975609756,0.48582995951417,0.4,0.17018469963620353
22,low_rating_bottom30_category_relative,content_plus_reliability,ExtraTreesClassifier,25,1480,0.28243243243243243,0.5567043611905146,0.7524531668153434,0.7702702702702703,0.668918918918919,0.5574324324324325,0.13636363636363635,0.23684210526315788,0.39473684210526316,2.7272727272727275,2.368421052631579,1.973684210526316,0.3822525597269625,0.2613861386138614,0.55,0.18036452123511054
22,low_rating_bottom30_category_relative,content_plus_reliability,XGBoostClassifier,25,1480,0.28243243243243243,0.5577477898455041,0.7614571225186746,0.7027027027027027,0.668918918918919,0.5844594594594594,0.12440191387559808,0.23684210526315788,0.4138755980861244,2.488038277511962,2.368421052631579,2.0693779904306218,0.3870967741935484,0.4882108183079057,0.4,0.16719308495521545
33,low_rating_bottom30_raw,content_plus_reliability,DummyClassifier,25,1480,0.2641891891891892,0.2641891891891892,0.5,0.32432432432432434,0.25675675675675674,0.23986486486486486,0.061381074168797956,0.09718670076726342,0.1815856777493606,1.227621483375959,0.9718670076726341,0.9079283887468029,0.0,0.4179583110636024,0.05,0.1943932615967885
33,low_rating_bottom30_raw,content_plus_reliability,LogisticRegression,25,1480,0.2641891891891892,0.527639902434048,0.7505419223624292,0.7297297297297297,0.6486486486486487,0.5304054054054054,0.13810741687979539,0.24552429667519182,0.40153452685422,2.7621483375959075,2.455242966751918,2.0076726342710995,0.450229709035222,0.5137211855104281,0.3,0.16780578790221296
33,low_rating_bottom30_raw,content_plus_reliability,LogisticRegressionBalanced,25,1480,0.2641891891891892,0.5233356375850777,0.7517795955368612,0.7162162162162162,0.6351351351351351,0.5168918918918919,0.13554987212276215,0.24040920716112532,0.391304347826087,2.710997442455243,2.404092071611253,1.9565217391304346,0.5353846153846153,0.5175438596491229,0.55,0.2013164641841735
33,low_rating_bottom30_raw,content_plus_reliability,HistGradientBoostingClassifier,25,1480,0.2641891891891892,0.5454621440004238,0.7524348342762666,0.7432432432432432,0.6418918918918919,0.5540540540540541,0.14066496163682865,0.24296675191815856,0.4194373401534527,2.8132992327365725,2.4296675191815855,2.097186700767263,0.3881118881118881,0.47717231222385864,0.4,0.1630442890367
33,low_rating_bottom30_raw,content_plus_reliability,ExtraTreesClassifier,25,1480,0.2641891891891892,0.5293398298388796,0.7582004654778429,0.6621621621621622,0.6013513513513513,0.5574324324324325,0.12531969309462915,0.22762148337595908,0.4219948849104859,2.5063938618925827,2.2762148337595907,2.1099744245524295,0.36614853195164077,0.26774847870182555,0.55,0.1733197655643194
33,low_rating_bottom30_raw,content_plus_reliability,XGBoostClassifier,25,1480,0.2641891891891892,0.5441305620016162,0.7576297736725544,0.6756756756756757,0.6756756756756757,0.5675675675675675,0.1278772378516624,0.2557544757033248,0.4296675191815857,2.5575447570332477,2.5575447570332477,2.148337595907928,0.3985890652557319,0.49045521292217326,0.4,0.16109395027160645
33,low_rating_bottom20_raw,content_plus_reliability,DummyClassifier,25,1480,0.17229729729729729,0.17229729729729729,0.5,0.25675675675675674,0.17567567567567569,0.17905405405405406,0.07450980392156863,0.10196078431372549,0.20784313725490197,1.4901960784313726,1.019607843137255,1.0392156862745099,0.0,0.29394812680115273,0.05,0.14273657413363808
33,low_rating_bottom20_raw,content_plus_reliability,LogisticRegression,25,1480,0.17229729729729729,0.40514525617391106,0.7541704681872748,0.527027027027027,0.47297297297297297,0.38175675675675674,0.15294117647058825,0.27450980392156865,0.44313725490196076,3.0588235294117645,2.7450980392156863,2.215686274509804,0.30319148936170215,0.4098671726755218,0.3,0.1286820951030986
33,low_rating_bottom20_raw,content_plus_reliability,LogisticRegressionBalanced,25,1480,0.17229729729729729,0.39462389416920185,0.7500120048019208,0.527027027027027,0.4527027027027027,0.375,0.15294117647058825,0.2627450980392157,0.43529411764705883,3.0588235294117645,2.627450980392157,2.1764705882352944,0.4465493910690122,0.42857142857142855,0.6,0.19281450816357434
33,low_rating_bottom20_raw,content_plus_reliability,HistGradientBoostingClassifier,25,1480,0.17229729729729729,0.426361335302958,0.7794829931972789,0.5540540540540541,0.5,0.42905405405405406,0.1607843137254902,0.2901960784313726,0.4980392156862745,3.215686274509804,2.901960784313726,2.4901960784313726,0.2360248447204969,0.35142118863049093,0.35,0.12356014095364203
33,low_rating_bottom20_raw,content_plus_reliability,ExtraTreesClassifier,25,1480,0.17229729729729729,0.4130799572194717,0.7689539815926372,0.5405405405405406,0.5067567567567568,0.38175675675675674,0.1568627450980392,0.29411764705882354,0.44313725490196076,3.1372549019607847,2.941176470588236,2.215686274509804,0.20512820512820512,0.15862068965517243,0.55,0.13082301271825275
33,low_rating_bottom20_raw,content_plus_reliability,XGBoostClassifier,25,1480,0.17229729729729729,0.432137953255639,0.7813973589435774,0.5540540540540541,0.4864864864864865,0.40878378378378377,0.1607843137254902,0.2823529411764706,0.4745098039215686,3.215686274509804,2.823529411764706,2.372549019607843,0.22653721682847897,0.35051546391752575,0.35,0.12221108376979828
33,low_rating_bottom30_bayes_global_m25,content_plus_reliability,DummyClassifier,25,1480,0.31283783783783786,0.31283783783783786,0.5,0.35135135135135137,0.30405405405405406,0.28716216216216217,0.056155507559395246,0.09719222462203024,0.183585313174946,1.123110151187905,0.9719222462203023,0.91792656587473,0.0,0.47658260422027793,0.05,0.21497362609946905
33,low_rating_bottom30_bayes_global_m25,content_plus_reliability,LogisticRegression,25,1480,0.31283783783783786,0.5771447568578283,0.7414578515134718,0.7702702702702703,0.6959459459459459,0.625,0.12311015118790497,0.2224622030237581,0.39956803455723544,2.462203023758099,2.224622030237581,1.997840172786177,0.5025125628140703,0.5364431486880467,0.35,0.1835690797847401
33,low_rating_bottom30_bayes_global_m25,content_plus_reliability,LogisticRegressionBalanced,25,1480,0.31283783783783786,0.5764644507794746,0.7426004149756515,0.7567567567567568,0.6959459459459459,0.6148648648648649,0.12095032397408208,0.2224622030237581,0.3930885529157667,2.4190064794816415,2.224622030237581,1.9654427645788337,0.5534246575342465,0.5431619786614937,0.55,0.20701485369016998
33,low_rating_bottom30_bayes_global_m25,content_plus_reliability,HistGradientBoostingClassifier,25,1480,0.31283783783783786,0.5768460743473294,0.7442441772799768,0.7567567567567568,0.7027027027027027,0.6148648648648649,0.12095032397408208,0.22462203023758098,0.3930885529157667,2.4190064794816415,2.24622030237581,1.9654427645788337,0.46364883401920437,0.5436013590033975,0.4,0.17988856419926458
33,low_rating_bottom30_bayes_global_m25,content_plus_reliability,ExtraTreesClassifier,25,1480,0.31283783783783786,0.5794992235841205,0.7470814724202595,0.7972972972972973,0.6621621621621622,0.6148648648648649,0.12742980561555076,0.21166306695464362,0.3930885529157667,2.548596112311015,2.1166306695464363,1.9654427645788337,0.45241379310344826,0.3241491085899514,0.55,0.18913923251517398
33,low_rating_bottom30_bayes_global_m25,content_plus_reliability,XGBoostClassifier,25,1480,0.31283783783783786,0.5907729660834575,0.7547651055172224,0.7567567567567568,0.7364864864864865,0.6452702702702703,0.12095032397408208,0.23542116630669546,0.41252699784017277,2.4190064794816415,2.3542116630669545,2.062634989200864,0.46089385474860334,0.5435540069686411,0.4,0.1766985058784485
33,low_rating_bottom30_bayes_category_m25,content_plus_reliability,DummyClassifier,25,1480,0.28783783783783784,0.28783783783783784,0.5,0.33783783783783783,0.2972972972972973,0.27364864864864863,0.05868544600938967,0.10328638497652583,0.19014084507042253,1.1737089201877935,1.0328638497652582,0.9507042253521126,0.0,0.44700944386149005,0.05,0.20499881945850662
33,low_rating_bottom30_bayes_category_m25,content_plus_reliability,LogisticRegression,25,1480,0.28783783783783784,0.5674289841732114,0.7574631851832055,0.7972972972972973,0.6959459459459459,0.5945945945945946,0.13849765258215962,0.24178403755868544,0.4131455399061033,2.7699530516431925,2.4178403755868545,2.0657276995305165,0.4925170068027211,0.5347593582887701,0.35,0.17220148832200918
33,low_rating_bottom30_bayes_category_m25,content_plus_reliability,LogisticRegressionBalanced,25,1480,0.28783783783783784,0.5624547641161094,0.7585233093691816,0.7972972972972973,0.6824324324324325,0.5912162162162162,0.13849765258215962,0.23708920187793428,0.4107981220657277,2.7699530516431925,2.370892018779343,2.0539906103286385,0.5576923076923077,0.5576923076923077,0.5,0.19935249929241058
33,low_rating_bottom30_bayes_category_m25,content_plus_reliability,HistGradientBoostingClassifier,25,1480,0.28783783783783784,0.5685021685012084,0.7654697953693063,0.7297297297297297,0.6621621621621622,0.5945945945945946,0.1267605633802817,0.2300469483568075,0.4131455399061033,2.5352112676056335,2.300469483568075,2.0657276995305165,0.4318529862174579,0.5205128205128206,0.4,0.168119686653868
33,low_rating_bottom30_bayes_category_m25,content_plus_reliability,ExtraTreesClassifier,25,1480,0.28783783783783784,0.5564638164120608,0.7563696537224613,0.7432432432432432,0.6216216216216216,0.5878378378378378,0.12910798122065728,0.215962441314554,0.4084507042253521,2.5821596244131455,2.15962441314554,2.0422535211267605,0.415625,0.19878296146044624,0.6,0.1811421000596449
33,low_rating_bottom30_bayes_category_m25,content_plus_reliability,XGBoostClassifier,25,1480,0.28783783783783784,0.5811537868546177,0.7702715343293156,0.7432432432432432,0.7027027027027027,0.6182432432432432,0.12910798122065728,0.24413145539906103,0.4295774647887324,2.5821596244131455,2.4413145539906105,2.147887323943662,0.462015503875969,0.5357142857142857,0.4,0.16537679731845856
33,low_rating_bottom30_category_relative,content_plus_reliability,DummyClassifier,25,1480,0.27905405405405403,0.27905405405405403,0.5,0.33783783783783783,0.2702702702702703,0.26013513513513514,0.06053268765133172,0.09685230024213075,0.1864406779661017,1.2106537530266344,0.9685230024213076,0.9322033898305085,0.0,0.4363444268357105,0.05,0.20118941771736068
33,low_rating_bottom30_category_relative,content_plus_reliability,LogisticRegression,25,1480,0.27905405405405403,0.5254195824555545,0.735378547714735,0.7297297297297297,0.6621621621621622,0.5371621621621622,0.13075060532687652,0.23728813559322035,0.38498789346246975,2.6150121065375305,2.3728813559322037,1.9249394673123488,0.4421965317919075,0.5123595505617977,0.35,0.17752204334585528
33,low_rating_bottom30_category_relative,content_plus_reliability,LogisticRegressionBalanced,25,1480,0.27905405405405403,0.5207216524743853,0.7363339089706379,0.7162162162162162,0.6486486486486487,0.5405405405405406,0.12832929782082325,0.2324455205811138,0.387409200968523,2.566585956416465,2.3244552058111383,1.9370460048426152,0.522432701894317,0.5150862068965517,0.55,0.20816910582963122
33,low_rating_bottom30_category_relative,content_plus_reliability,HistGradientBoostingClassifier,25,1480,0.27905405405405403,0.5314342935366219,0.7455357852002968,0.6756756756756757,0.6013513513513513,0.5844594594594594,0.12106537530266344,0.21549636803874092,0.4188861985472155,2.4213075060532687,2.154963680387409,2.0944309927360774,0.4019448946515397,0.49184782608695654,0.4,0.17105277789101545
33,low_rating_bottom30_category_relative,content_plus_reliability,ExtraTreesClassifier,25,1480,0.27905405405405403,0.5314086453052675,0.7453519746023678,0.6891891891891891,0.6013513513513513,0.5641891891891891,0.1234866828087167,0.21549636803874092,0.4043583535108959,2.469733656174334,2.154963680387409,2.0217917675544794,0.3569023569023569,0.233201581027668,0.55,0.18136158997518598
33,low_rating_bottom30_category_relative,content_plus_reliability,XGBoostClassifier,25,1480,0.27905405405405403,0.5481501838679079,0.7531537133144681,0.7297297297297297,0.6418918918918919,0.5945945945945946,0.13075060532687652,0.23002421307506055,0.4261501210653753,2.6150121065375305,2.3002421307506054,2.130750605326877,0.38513513513513514,0.5094850948509485,0.4,0.16764020919799805
44,low_rating_bottom30_raw,content_plus_reliability,DummyClassifier,25,1480,0.2641891891891892,0.2641891891891892,0.5,0.22972972972972974,0.2635135135135135,0.25,0.043478260869565216,0.09974424552429667,0.18925831202046037,0.8695652173913043,0.9974424552429666,0.9462915601023018,0.0,0.4179583110636024,0.05,0.19439326159678844
44,low_rating_bottom30_raw,content_plus_reliability,LogisticRegression,25,1480,0.2641891891891892,0.5316663979460118,0.7527918102203152,0.7162162162162162,0.6081081081081081,0.5472972972972973,0.13554987212276215,0.23017902813299232,0.4143222506393862,2.710997442455243,2.301790281329923,2.071611253196931,0.4606240713224368,0.5153508771929824,0.3,0.16830374999619216
44,low_rating_bottom30_raw,content_plus_reliability,LogisticRegressionBalanced,25,1480,0.2641891891891892,0.5340176432807625,0.7546870706601001,0.7297297297297297,0.5878378378378378,0.5472972972972973,0.13810741687979539,0.22250639386189258,0.4143222506393862,2.7621483375959075,2.2250639386189257,2.071611253196931,0.5257731958762887,0.5257731958762887,0.5,0.2009180648459123
44,low_rating_bottom30_raw,content_plus_reliability,HistGradientBoostingClassifier,25,1480,0.2641891891891892,0.533336556619215,0.758681913297119,0.7162162162162162,0.5743243243243243,0.5574324324324325,0.13554987212276215,0.21739130434782608,0.4219948849104859,2.710997442455243,2.1739130434782608,2.1099744245524295,0.3433628318584071,0.492176386913229,0.4,0.16303976348642252
44,low_rating_bottom30_raw,content_plus_reliability,ExtraTreesClassifier,25,1480,0.2641891891891892,0.523891074297306,0.7491116700602867,0.7027027027027027,0.6148648648648649,0.5304054054054054,0.1329923273657289,0.23273657289002558,0.40153452685422,2.659846547314578,2.3273657289002556,2.0076726342710995,0.37282229965156793,0.2799188640973631,0.55,0.17472930806584824
44,low_rating_bottom30_raw,content_plus_reliability,XGBoostClassifier,25,1480,0.2641891891891892,0.5309403720902912,0.7507509411717737,0.7432432432432432,0.6013513513513513,0.5236486486486487,0.14066496163682865,0.22762148337595908,0.39641943734015345,2.8132992327365725,2.2762148337595907,1.9820971867007673,0.3600713012477718,0.49548387096774194,0.35,0.16426920890808105
44,low_rating_bottom20_raw,content_plus_reliability,DummyClassifier,25,1480,0.16216216216216217,0.16216216216216217,0.5,0.14864864864864866,0.16891891891891891,0.16891891891891891,0.04583333333333333,0.10416666666666667,0.20833333333333334,0.9166666666666666,1.0416666666666665,1.0416666666666665,0.0,0.27906976744186046,0.05,0.13586773250051024
44,low_rating_bottom20_raw,content_plus_reliability,LogisticRegression,25,1480,0.16216216216216217,0.3936619921111253,0.7592809139784946,0.5135135135135135,0.42567567567567566,0.36824324324324326,0.15833333333333333,0.2625,0.45416666666666666,3.1666666666666665,2.6249999999999996,2.2708333333333335,0.31693989071038253,0.40336134453781514,0.25,0.12490281368411255
44,low_rating_bottom20_raw,content_plus_reliability,LogisticRegressionBalanced,25,1480,0.16216216216216217,0.39039110229649526,0.7597345430107527,0.527027027027027,0.43243243243243246,0.3581081081081081,0.1625,0.26666666666666666,0.44166666666666665,3.2499999999999996,2.6666666666666665,2.208333333333333,0.42760487144790255,0.4125984251968504,0.6,0.19461554382153665
44,low_rating_bottom20_raw,content_plus_reliability,HistGradientBoostingClassifier,25,1480,0.16216216216216217,0.41885963939678195,0.7723857526881721,0.5675675675675675,0.46621621621621623,0.36486486486486486,0.175,0.2875,0.45,3.4999999999999996,2.875,2.25,0.25249169435215946,0.3544973544973545,0.35,0.11790796370758307
44,low_rating_bottom20_raw,content_plus_reliability,ExtraTreesClassifier,25,1480,0.16216216216216217,0.3999039463967611,0.7662533602150536,0.5405405405405406,0.46621621621621623,0.39864864864864863,0.16666666666666666,0.2875,0.49166666666666664,3.3333333333333335,2.875,2.458333333333333,0.20618556701030927,0.20618556701030927,0.5,0.12813812776075462
44,low_rating_bottom20_raw,content_plus_reliability,XGBoostClassifier,25,1480,0.16216216216216217,0.41346799849514515,0.783622311827957,0.5540540540540541,0.42567567567567566,0.38513513513513514,0.17083333333333334,0.2625,0.475,3.4166666666666665,2.6249999999999996,2.375,0.21678321678321677,0.3215258855585831,0.35,0.11671453714370728
44,low_rating_bottom30_bayes_global_m25,content_plus_reliability,DummyClassifier,25,1480,0.31486486486486487,0.31486486486486487,0.5,0.24324324324324326,0.2905405405405405,0.2905405405405405,0.03862660944206009,0.09227467811158799,0.18454935622317598,0.7725321888412018,0.9227467811158797,0.9227467811158797,0.0,0.4789311408016444,0.05,0.21574391297559264
44,low_rating_bottom30_bayes_global_m25,content_plus_reliability,LogisticRegression,25,1480,0.31486486486486487,0.574983803221221,0.7322231251745943,0.7567567567567568,0.6891891891891891,0.6013513513513513,0.12017167381974249,0.21888412017167383,0.38197424892703863,2.40343347639485,2.188841201716738,1.909871244635193,0.48258706467661694,0.5472727272727272,0.3,0.18831632054240094
44,low_rating_bottom30_bayes_global_m25,content_plus_reliability,LogisticRegressionBalanced,25,1480,0.31486486486486487,0.5762450849292289,0.7339352075238506,0.7702702702702703,0.668918918918919,0.5945945945945946,0.1223175965665236,0.21244635193133046,0.3776824034334764,2.4463519313304722,2.124463519313305,1.8884120171673822,0.5523632993512512,0.5523632993512512,0.5,0.20971367856585318
44,low_rating_bottom30_bayes_global_m25,content_plus_reliability,HistGradientBoostingClassifier,25,1480,0.31486486486486487,0.5602656522079335,0.7300031321160406,0.7432432432432432,0.6486486486486487,0.581081081081081,0.11802575107296137,0.20600858369098712,0.36909871244635195,2.360515021459227,2.060085836909871,1.8454935622317594,0.4228094575799722,0.5140924464487034,0.4,0.18620449458716273
44,low_rating_bottom30_bayes_global_m25,content_plus_reliability,ExtraTreesClassifier,25,1480,0.31486486486486487,0.5661319457382326,0.7332960865479847,0.7297297297297297,0.668918918918919,0.5945945945945946,0.11587982832618025,0.21244635193133046,0.3776824034334764,2.317596566523605,2.124463519313305,1.8884120171673822,0.4413793103448276,0.32078559738134205,0.55,0.19237317204290127
44,low_rating_bottom30_bayes_global_m25,content_plus_reliability,XGBoostClassifier,25,1480,0.31486486486486487,0.5806756633624328,0.7374821173104436,0.8243243243243243,0.6891891891891891,0.5709459459459459,0.13090128755364808,0.21888412017167383,0.3626609442060086,2.6180257510729614,2.188841201716738,1.8133047210300428,0.41350210970464135,0.5119453924914675,0.4,0.1822536140680313
44,low_rating_bottom30_bayes_category_m25,content_plus_reliability,DummyClassifier,25,1480,0.2939189189189189,0.2939189189189189,0.5,0.25675675675675674,0.2905405405405405,0.27364864864864863,0.04367816091954023,0.09885057471264368,0.18620689655172415,0.8735632183908045,0.9885057471264367,0.9310344827586207,0.0,0.45430809399477806,0.05,0.2075481955547292
44,low_rating_bottom30_bayes_category_m25,content_plus_reliability,LogisticRegression,25,1480,0.2939189189189189,0.591513576699581,0.7627278226915251,0.8108108108108109,0.7027027027027027,0.6148648648648649,0.13793103448275862,0.23908045977011494,0.41839080459770117,2.7586206896551726,2.3908045977011496,2.091954022988506,0.5118110236220472,0.5534838076545633,0.3,0.17240720298112855
44,low_rating_bottom30_bayes_category_m25,content_plus_reliability,LogisticRegressionBalanced,25,1480,0.2939189189189189,0.5943938001358047,0.7639949403288786,0.8243243243243243,0.7094594594594594,0.6114864864864865,0.14022988505747128,0.2413793103448276,0.4160919540229885,2.8045977011494254,2.413793103448276,2.0804597701149428,0.5546875,0.5547445255474452,0.45,0.19713053523232302
44,low_rating_bottom30_bayes_category_m25,content_plus_reliability,HistGradientBoostingClassifier,25,1480,0.2939189189189189,0.5706730898370653,0.7532310399824012,0.7567567567567568,0.6621621621621622,0.6114864864864865,0.12873563218390804,0.22528735632183908,0.4160919540229885,2.574712643678161,2.2528735632183907,2.0804597701149428,0.41294298921417566,0.5269607843137255,0.4,0.17308419718902823
44,low_rating_bottom30_bayes_category_m25,content_plus_reliability,ExtraTreesClassifier,25,1480,0.2939189189189189,0.5692391833435344,0.7523136996095254,0.7567567567567568,0.6351351351351351,0.5878378378378378,0.12873563218390804,0.2160919540229885,0.4,2.574712643678161,2.160919540229885,2.0,0.41566265060240964,0.30687830687830686,0.55,0.18249007935875686
44,low_rating_bottom30_bayes_category_m25,content_plus_reliability,XGBoostClassifier,25,1480,0.2939189189189189,0.5703728563060612,0.7567332123411978,0.7837837837837838,0.6283783783783784,0.5912162162162162,0.13333333333333333,0.21379310344827587,0.40229885057471265,2.6666666666666665,2.137931034482759,2.0114942528735633,0.4080370942812983,0.5181476846057572,0.4,0.17180819809436798
44,low_rating_bottom30_category_relative,content_plus_reliability,DummyClassifier,25,1480,0.28243243243243243,0.28243243243243243,0.5,0.24324324324324326,0.28378378378378377,0.2702702702702703,0.0430622009569378,0.10047846889952153,0.19138755980861244,0.861244019138756,1.0047846889952152,0.9569377990430622,0.0,0.440463645943098,0.05,0.20266713711024323
44,low_rating_bottom30_category_relative,content_plus_reliability,LogisticRegression,25,1480,0.28243243243243243,0.5370843315273196,0.7378490525234503,0.7162162162162162,0.6081081081081081,0.5574324324324325,0.12679425837320574,0.215311004784689,0.39473684210526316,2.535885167464115,2.15311004784689,1.973684210526316,0.4617524339360223,0.5168539325842697,0.3,0.1785829925497418
44,low_rating_bottom30_category_relative,content_plus_reliability,LogisticRegressionBalanced,25,1480,0.28243243243243243,0.5388164797773018,0.7403585362996603,0.7162162162162162,0.6148648648648649,0.5506756756756757,0.12679425837320574,0.21770334928229665,0.38995215311004783,2.535885167464115,2.1770334928229667,1.9497607655502391,0.5428859737638748,0.5428859737638748,0.5,0.2054433777468858
44,low_rating_bottom30_category_relative,content_plus_reliability,HistGradientBoostingClassifier,25,1480,0.28243243243243243,0.5447498053892537,0.7381351426846521,0.7567567567567568,0.6486486486486487,0.5371621621621622,0.1339712918660287,0.22966507177033493,0.3803827751196172,2.6794258373205744,2.2966507177033493,1.9019138755980862,0.40764331210191085,0.47745358090185674,0.4,0.1733159453911467
44,low_rating_bottom30_category_relative,content_plus_reliability,ExtraTreesClassifier,25,1480,0.28243243243243243,0.5199763308984856,0.7369254543652402,0.6756756756756757,0.6351351351351351,0.5236486486486487,0.11961722488038277,0.22488038277511962,0.3708133971291866,2.3923444976076556,2.248803827751196,1.854066985645933,0.37110016420361247,0.37110016420361247,0.5,0.18433285763094726
44,low_rating_bottom30_category_relative,content_plus_reliability,XGBoostClassifier,25,1480,0.28243243243243243,0.5411260748653521,0.7392096702979843,0.7837837837837838,0.6351351351351351,0.5472972972972973,0.13875598086124402,0.22488038277511962,0.3875598086124402,2.77511961722488,2.248803827751196,1.9377990430622007,0.37333333333333335,0.4847682119205298,0.4,0.17236612737178802
55,low_rating_bottom30_raw,content_plus_reliability,DummyClassifier,25,1480,0.2641891891891892,0.2641891891891892,0.5,0.22972972972972974,0.2905405405405405,0.28378378378378377,0.043478260869565216,0.10997442455242967,0.21483375959079284,0.8695652173913043,1.0997442455242965,1.074168797953964,0.0,0.4179583110636024,0.05,0.19439326159678844
55,low_rating_bottom30_raw,content_plus_reliability,LogisticRegression,25,1480,0.2641891891891892,0.5251924870180875,0.7616504500949979,0.6756756756756757,0.6216216216216216,0.5371621621621622,0.1278772378516624,0.23529411764705882,0.40664961636828645,2.5575447570332477,2.352941176470588,2.0332480818414322,0.4444444444444444,0.5548011639185257,0.25,0.1652172607456998
55,low_rating_bottom30_raw,content_plus_reliability,LogisticRegressionBalanced,25,1480,0.2641891891891892,0.5252663752697897,0.762653270674661,0.6621621621621622,0.6486486486486487,0.5405405405405406,0.12531969309462915,0.24552429667519182,0.4092071611253197,2.5063938618925827,2.455242966751918,2.0460358056265986,0.5535714285714286,0.5535714285714286,0.5,0.2015538140529811
55,low_rating_bottom30_raw,content_plus_reliability,HistGradientBoostingClassifier,25,1480,0.2641891891891892,0.5474900385249096,0.7741093802474877,0.7297297297297297,0.6283783783783784,0.5641891891891891,0.13810741687979539,0.23785166240409208,0.42710997442455245,2.7621483375959075,2.3785166240409206,2.1355498721227617,0.4129692832764505,0.49279538904899134,0.4,0.15893091154207867
55,low_rating_bottom30_raw,content_plus_reliability,ExtraTreesClassifier,25,1480,0.2641891891891892,0.5470610590171342,0.7733648975220703,0.7567567567567568,0.6621621621621622,0.5743243243243243,0.1432225063938619,0.2506393861892583,0.43478260869565216,2.864450127877238,2.5063938618925827,2.1739130434782608,0.40069686411149824,0.40069686411149824,0.5,0.17195924932592607
55,low_rating_bottom30_raw,content_plus_reliability,XGBoostClassifier,25,1480,0.2641891891891892,0.5549821616900424,0.7750558362044063,0.7162162162162162,0.6621621621621622,0.5608108108108109,0.13554987212276215,0.2506393861892583,0.42455242966751916,2.710997442455243,2.5063938618925827,2.122762148337596,0.40707964601769914,0.49213161659513593,0.4,0.15767045319080353
55,low_rating_bottom20_raw,content_plus_reliability,DummyClassifier,25,1480,0.1777027027027027,0.1777027027027027,0.5,0.17567567567567569,0.17567567567567569,0.1858108108108108,0.049429657794676805,0.09885931558935361,0.20912547528517111,0.9885931558935362,0.9885931558935362,1.0456273764258555,0.0,0.3017785427423982,0.05,0.14644724348210067
55,low_rating_bottom20_raw,content_plus_reliability,LogisticRegression,25,1480,0.1777027027027027,0.4406397890027647,0.7698010753863986,0.5945945945945946,0.5067567567567568,0.4155405405405405,0.16730038022813687,0.28517110266159695,0.467680608365019,3.346007604562738,2.85171102661597,2.338403041825095,0.3394255874673629,0.44407345575959933,0.25,0.1268751867445232
55,low_rating_bottom20_raw,content_plus_reliability,LogisticRegressionBalanced,25,1480,0.1777027027027027,0.43368880265216947,0.7618465902877799,0.581081081081081,0.49324324324324326,0.42567567567567566,0.1634980988593156,0.27756653992395436,0.4790874524714829,3.2699619771863118,2.775665399239544,2.3954372623574143,0.4409448818897638,0.46434494195688225,0.65,0.19078318007335443
55,low_rating_bottom20_raw,content_plus_reliability,HistGradientBoostingClassifier,25,1480,0.1777027027027027,0.4562107793665187,0.7822139462806691,0.6621621621621622,0.5472972972972973,0.4155405405405405,0.18631178707224336,0.30798479087452474,0.467680608365019,3.7262357414448672,3.079847908745247,2.338403041825095,0.24922118380062305,0.3870967741935484,0.35,0.12416896297205458
55,low_rating_bottom20_raw,content_plus_reliability,ExtraTreesClassifier,25,1480,0.1777027027027027,0.4567054447697808,0.7841135248116824,0.6486486486486487,0.5405405405405406,0.4155405405405405,0.18250950570342206,0.3041825095057034,0.467680608365019,3.6501901140684416,3.0418250950570345,2.338403041825095,0.2229299363057325,0.2229299363057325,0.5,0.1308627606129514
55,low_rating_bottom20_raw,content_plus_reliability,XGBoostClassifier,25,1480,0.1777027027027027,0.47586852995659756,0.7992976558326121,0.6486486486486487,0.5405405405405406,0.44594594594594594,0.18250950570342206,0.3041825095057034,0.5019011406844106,3.6501901140684416,3.0418250950570345,2.5095057034220534,0.24375,0.38596491228070173,0.35,0.12078195810317993
55,low_rating_bottom30_bayes_global_m25,content_plus_reliability,DummyClassifier,25,1480,0.31148648648648647,0.31148648648648647,0.5,0.25675675675675674,0.34459459459459457,0.33783783783783783,0.04121475054229935,0.11062906724511931,0.21691973969631237,0.824295010845987,1.106290672451193,1.0845986984815619,0.0,0.4750128799587841,0.05,0.21446267146887188
55,low_rating_bottom30_bayes_global_m25,content_plus_reliability,LogisticRegression,25,1480,0.31148648648648647,0.5522814495403939,0.7313622517077906,0.6891891891891891,0.6418918918918919,0.6013513513513513,0.11062906724511931,0.20607375271149675,0.38611713665943603,2.212581344902386,2.0607375271149677,1.93058568329718,0.4879898862199747,0.5592885375494071,0.35,0.18749879941862094
55,low_rating_bottom30_bayes_global_m25,content_plus_reliability,LogisticRegressionBalanced,25,1480,0.31148648648648647,0.5518649087276402,0.7321371171175006,0.7027027027027027,0.6418918918918919,0.6148648648648649,0.11279826464208242,0.20607375271149675,0.3947939262472885,2.255965292841649,2.0607375271149677,1.9739696312364428,0.5589600742804085,0.5589600742804085,0.5,0.21068011918556606
55,low_rating_bottom30_bayes_global_m25,content_plus_reliability,HistGradientBoostingClassifier,25,1480,0.31148648648648647,0.5689636503596412,0.7361285254779578,0.7432432432432432,0.6959459459459459,0.5912162162162162,0.1193058568329718,0.22342733188720174,0.3796095444685466,2.386117136659436,2.2342733188720176,1.8980477223427332,0.45690834473324216,0.5150115473441108,0.4,0.18164130071609783
55,low_rating_bottom30_bayes_global_m25,content_plus_reliability,ExtraTreesClassifier,25,1480,0.31148648648648647,0.5572464131791185,0.7380891052646145,0.7567567567567568,0.7162162162162162,0.5844594594594594,0.12147505422993492,0.2299349240780911,0.3752711496746204,2.429501084598699,2.299349240780911,1.876355748373102,0.4393530997304582,0.4393530997304582,0.5,0.19147063569309675
55,low_rating_bottom30_bayes_global_m25,content_plus_reliability,XGBoostClassifier,25,1480,0.31148648648648647,0.5715170138361978,0.7500037253144698,0.7162162162162162,0.6621621621621622,0.6114864864864865,0.11496746203904555,0.21258134490238612,0.3926247288503254,2.299349240780911,2.125813449023861,1.963123644251627,0.41893830703012913,0.5324074074074074,0.4,0.17891202867031097
55,low_rating_bottom30_bayes_category_m25,content_plus_reliability,DummyClassifier,25,1480,0.2939189189189189,0.2939189189189189,0.5,0.22972972972972974,0.32432432432432434,0.3108108108108108,0.03908045977011494,0.1103448275862069,0.21149425287356322,0.7816091954022989,1.103448275862069,1.0574712643678161,0.0,0.45430809399477806,0.05,0.2075481955547292
55,low_rating_bottom30_bayes_category_m25,content_plus_reliability,LogisticRegression,25,1480,0.2939189189189189,0.5574395182931711,0.7608601440906341,0.6621621621621622,0.6621621621621622,0.5912162162162162,0.11264367816091954,0.22528735632183908,0.40229885057471265,2.2528735632183907,2.2528735632183907,2.0114942528735633,0.5071151358344114,0.5696539485359361,0.25,0.17471594361610607
55,low_rating_bottom30_bayes_category_m25,content_plus_reliability,LogisticRegressionBalanced,25,1480,0.2939189189189189,0.553226106381015,0.7602353846999945,0.6621621621621622,0.668918918918919,0.5912162162162162,0.11264367816091954,0.22758620689655173,0.40229885057471265,2.2528735632183907,2.2758620689655173,2.0114942528735633,0.5698005698005698,0.5698005698005698,0.5,0.20186984004605923
55,low_rating_bottom30_bayes_category_m25,content_plus_reliability,HistGradientBoostingClassifier,25,1480,0.2939189189189189,0.5821740155318997,0.768592641478304,0.7837837837837838,0.6824324324324325,0.6081081081081081,0.13333333333333333,0.23218390804597702,0.41379310344827586,2.6666666666666665,2.32183908045977,2.0689655172413794,0.4704184704184704,0.538083538083538,0.4,0.1682405209320632
55,low_rating_bottom30_bayes_category_m25,content_plus_reliability,ExtraTreesClassifier,25,1480,0.2939189189189189,0.5675704971687414,0.7712632678875874,0.6891891891891891,0.668918918918919,0.6013513513513513,0.11724137931034483,0.22758620689655173,0.4091954022988506,2.3448275862068964,2.2758620689655173,2.045977011494253,0.43647234678624813,0.16565656565656567,0.6,0.1811851693135751
55,low_rating_bottom30_bayes_category_m25,content_plus_reliability,XGBoostClassifier,25,1480,0.2939189189189189,0.5807127404657797,0.7710212836165651,0.7162162162162162,0.668918918918919,0.5912162162162162,0.12183908045977011,0.22758620689655173,0.40229885057471265,2.4367816091954024,2.2758620689655173,2.0114942528735633,0.4303030303030303,0.525,0.4,0.16827993094921112
55,low_rating_bottom30_category_relative,content_plus_reliability,DummyClassifier,25,1480,0.28243243243243243,0.28243243243243243,0.5,0.22972972972972974,0.2972972972972973,0.2939189189189189,0.04066985645933014,0.10526315789473684,0.20813397129186603,0.8133971291866029,1.0526315789473684,1.0406698564593302,0.0,0.440463645943098,0.05,0.20266713711024323
55,low_rating_bottom30_category_relative,content_plus_reliability,LogisticRegression,25,1480,0.28243243243243243,0.5374697339788521,0.7533812703304229,0.6351351351351351,0.6486486486486487,0.5641891891891891,0.11244019138755981,0.22966507177033493,0.39952153110047844,2.248803827751196,2.2966507177033493,1.9976076555023923,0.4641350210970464,0.5490909090909091,0.25,0.17248901976160871
55,low_rating_bottom30_category_relative,content_plus_reliability,LogisticRegressionBalanced,25,1480,0.28243243243243243,0.5379388376545049,0.7547396354265221,0.6486486486486487,0.6554054054054054,0.5675675675675675,0.11483253588516747,0.23205741626794257,0.4019138755980861,2.2966507177033493,2.3205741626794256,2.0095693779904304,0.5560882070949185,0.5560882070949185,0.5,0.2036168517266551
55,low_rating_bottom30_category_relative,content_plus_reliability,HistGradientBoostingClassifier,25,1480,0.28243243243243243,0.5594256103186521,0.7675753971472082,0.7027027027027027,0.6959459459459459,0.5743243243243243,0.12440191387559808,0.24641148325358853,0.40669856459330145,2.488038277511962,2.464114832535885,2.0334928229665072,0.4427001569858713,0.507343124165554,0.4,0.16610488781001878
55,low_rating_bottom30_category_relative,content_plus_reliability,ExtraTreesClassifier,25,1480,0.28243243243243243,0.5447564525779379,0.7680146694419665,0.7027027027027027,0.6824324324324325,0.5777027027027027,0.12440191387559808,0.24162679425837322,0.4090909090909091,2.488038277511962,2.4162679425837323,2.0454545454545454,0.4033057851239669,0.48567530695770805,0.45,0.18027750967301567
55,low_rating_bottom30_category_relative,content_plus_reliability,XGBoostClassifier,25,1480,0.28243243243243243,0.5586758508450929,0.7660142909919895,0.7702702702702703,0.6554054054054054,0.581081081081081,0.13636363636363635,0.23205741626794257,0.41148325358851673,2.7272727272727275,2.3205741626794256,2.0574162679425836,0.3880597014925373,0.5033288948069241,0.4,0.16643837094306946
11,low_rating_bottom30_raw,content_plus_quantity,DummyClassifier,25,1480,0.2641891891891892,0.2641891891891892,0.5,0.14864864864864866,0.1891891891891892,0.2195945945945946,0.028132992327365727,0.07161125319693094,0.16624040920716113,0.5626598465473146,0.7161125319693095,0.8312020460358056,0.0,0.4179583110636024,0.05,0.19439326159678844
11,low_rating_bottom30_raw,content_plus_quantity,LogisticRegression,25,1480,0.2641891891891892,0.49650998756027165,0.7422727625006165,0.6216216216216216,0.5878378378378378,0.527027027027027,0.11764705882352941,0.22250639386189258,0.3989769820971867,2.352941176470588,2.2250639386189257,1.9948849104859332,0.4354587869362364,0.5145317545748116,0.3,0.17188544351758686
11,low_rating_bottom30_raw,content_plus_quantity,LogisticRegressionBalanced,25,1480,0.2641891891891892,0.4897637078373761,0.7432145214056397,0.5945945945945946,0.5675675675675675,0.527027027027027,0.11253196930946291,0.21483375959079284,0.3989769820971867,2.2506393861892584,2.148337595907928,1.9948849104859332,0.5201612903225806,0.5075921908893709,0.55,0.20759008058970432
11,low_rating_bottom30_raw,content_plus_quantity,HistGradientBoostingClassifier,25,1480,0.2641891891891892,0.5134826905297435,0.7418876042451955,0.6891891891891891,0.6418918918918919,0.5304054054054054,0.13043478260869565,0.24296675191815856,0.40153452685422,2.6086956521739126,2.4296675191815855,2.0076726342710995,0.4014084507042254,0.45305514157973176,0.4,0.1658760482808572
11,low_rating_bottom30_raw,content_plus_quantity,ExtraTreesClassifier,25,1480,0.2641891891891892,0.5286649652056232,0.7538322072151414,0.6351351351351351,0.6148648648648649,0.543918918918919,0.12020460358056266,0.23273657289002558,0.4117647058823529,2.404092071611253,2.3273657289002556,2.058823529411765,0.3752212389380531,0.2674897119341564,0.55,0.17410702327435199
11,low_rating_bottom30_raw,content_plus_quantity,XGBoostClassifier,25,1480,0.2641891891891892,0.5303694632765669,0.7553211726659762,0.6621621621621622,0.6621621621621622,0.5675675675675675,0.12531969309462915,0.2506393861892583,0.4296675191815857,2.5063938618925827,2.5063938618925827,2.148337595907928,0.35934664246823955,0.4740740740740741,0.4,0.16219809651374817
11,low_rating_bottom20_raw,content_plus_quantity,DummyClassifier,25,1480,0.175,0.175,0.5,0.12162162162162163,0.14864864864864866,0.1554054054054054,0.03474903474903475,0.08494208494208494,0.1776061776061776,0.694980694980695,0.8494208494208495,0.888030888030888,0.0,0.2978723404255319,0.05,0.14458779688229306
11,low_rating_bottom20_raw,content_plus_quantity,LogisticRegression,25,1480,0.175,0.4140066464802584,0.7591947862218132,0.5675675675675675,0.5067567567567568,0.40540540540540543,0.16216216216216217,0.28957528957528955,0.46332046332046334,3.2432432432432434,2.895752895752896,2.316602316602317,0.34210526315789475,0.4459234608985025,0.25,0.127008920989198
11,low_rating_bottom20_raw,content_plus_quantity,LogisticRegressionBalanced,25,1480,0.175,0.40420269393654257,0.7534965643073752,0.581081081081081,0.4864864864864865,0.39864864864864863,0.16602316602316602,0.277992277992278,0.4555984555984556,3.3204633204633205,2.77992277992278,2.277992277992278,0.43112244897959184,0.4276315789473684,0.65,0.19764280332308698
11,low_rating_bottom20_raw,content_plus_quantity,HistGradientBoostingClassifier,25,1480,0.175,0.40300738482658627,0.7526396175044824,0.5675675675675675,0.47297297297297297,0.4155405405405405,0.16216216216216217,0.2702702702702703,0.4749034749034749,3.2432432432432434,2.702702702702703,2.3745173745173744,0.21153846153846154,0.29396325459317585,0.35,0.12818444131850243
11,low_rating_bottom20_raw,content_plus_quantity,ExtraTreesClassifier,25,1480,0.175,0.4650593763673035,0.7873570306002738,0.6486486486486487,0.5540540540540541,0.4358108108108108,0.18532818532818532,0.3166023166023166,0.4980694980694981,3.706563706563707,3.1660231660231664,2.4903474903474905,0.19933554817275748,0.11387900355871886,0.55,0.12903117702675881
11,low_rating_bottom20_raw,content_plus_quantity,XGBoostClassifier,25,1480,0.175,0.4380209540223296,0.7648424134910623,0.6081081081081081,0.527027027027027,0.4391891891891892,0.17374517374517376,0.30115830115830117,0.5019305019305019,3.474903474903475,3.0115830115830113,2.50965250965251,0.19736842105263158,0.38663484486873506,0.3,0.12361364811658859
11,low_rating_bottom30_bayes_global_m25,content_plus_quantity,DummyClassifier,25,1480,0.30675675675675673,0.30675675675675673,0.5,0.21621621621621623,0.25675675675675674,0.28040540540540543,0.03524229074889868,0.08370044052863436,0.1828193832599119,0.7048458149779737,0.8370044052863437,0.9140969162995596,0.0,0.46949327817993797,0.05,0.21269052096873856
11,low_rating_bottom30_bayes_global_m25,content_plus_quantity,LogisticRegression,25,1480,0.30675675675675673,0.5411451976194563,0.7324496998737666,0.6621621621621622,0.6418918918918919,0.5777027027027027,0.10792951541850221,0.2092511013215859,0.3766519823788546,2.1585903083700444,2.092511013215859,1.8832599118942734,0.4790874524714829,0.5349065880039331,0.35,0.18758611467285127
11,low_rating_bottom30_bayes_global_m25,content_plus_quantity,LogisticRegressionBalanced,25,1480,0.30675675675675673,0.5390375001303351,0.7313290568565318,0.6351351351351351,0.6418918918918919,0.5878378378378378,0.10352422907488987,0.2092511013215859,0.3832599118942731,2.0704845814977975,2.092511013215859,1.9162995594713657,0.5407882676443629,0.5407882676443629,0.5,0.2124907160323931
11,low_rating_bottom30_bayes_global_m25,content_plus_quantity,HistGradientBoostingClassifier,25,1480,0.30675675675675673,0.5354370200482452,0.731696164051833,0.6621621621621622,0.6621621621621622,0.5743243243243243,0.10792951541850221,0.21585903083700442,0.3744493392070485,2.1585903083700444,2.1585903083700444,1.8722466960352424,0.43319268635724334,0.5104895104895105,0.4,0.18362127328677122
11,low_rating_bottom30_bayes_global_m25,content_plus_quantity,ExtraTreesClassifier,25,1480,0.30675675675675673,0.5339684773656528,0.725749456853097,0.7297297297297297,0.6081081081081081,0.5675675675675675,0.11894273127753303,0.19823788546255505,0.3700440528634361,2.378854625550661,1.9823788546255507,1.8502202643171808,0.4233983286908078,0.20754716981132076,0.6,0.19289480196773065
11,low_rating_bottom30_bayes_global_m25,content_plus_quantity,XGBoostClassifier,25,1480,0.30675675675675673,0.5451165692199179,0.7357171685945161,0.6891891891891891,0.6283783783783784,0.6148648648648649,0.11233480176211454,0.20484581497797358,0.4008810572687225,2.246696035242291,2.048458149779736,2.0044052863436126,0.4435028248587571,0.5255813953488372,0.4,0.18133647739887238
11,low_rating_bottom30_bayes_category_m25,content_plus_quantity,DummyClassifier,25,1480,0.2891891891891892,0.2891891891891892,0.5,0.17567567567567569,0.20270270270270271,0.23648648648648649,0.030373831775700934,0.07009345794392523,0.16355140186915887,0.6074766355140188,0.7009345794392524,0.8177570093457944,0.0,0.44863731656184486,0.05,0.20556174954501008
11,low_rating_bottom30_bayes_category_m25,content_plus_quantity,LogisticRegression,25,1480,0.2891891891891892,0.5187790570862202,0.7407163924522937,0.6486486486486487,0.6013513513513513,0.5675675675675675,0.11214953271028037,0.20794392523364486,0.3925233644859813,2.2429906542056077,2.0794392523364484,1.9626168224299065,0.4791386271870794,0.5248677248677248,0.35,0.18166148169797855
11,low_rating_bottom30_bayes_category_m25,content_plus_quantity,LogisticRegressionBalanced,25,1480,0.2891891891891892,0.5120233623606054,0.7398613233360577,0.6216216216216216,0.581081081081081,0.5371621621621622,0.10747663551401869,0.20093457943925233,0.37149532710280375,2.149532710280374,2.0093457943925235,1.8574766355140189,0.5320574162679426,0.5271794871794871,0.55,0.2098705305251481
11,low_rating_bottom30_bayes_category_m25,content_plus_quantity,HistGradientBoostingClassifier,25,1480,0.2891891891891892,0.5391501959138527,0.738308873174372,0.7297297297297297,0.6216216216216216,0.597972972972973,0.1261682242990654,0.21495327102803738,0.4135514018691589,2.5233644859813085,2.149532710280374,2.0677570093457946,0.45037037037037037,0.5151515151515151,0.4,0.1749285246681888
11,low_rating_bottom30_bayes_category_m25,content_plus_quantity,ExtraTreesClassifier,25,1480,0.2891891891891892,0.5351103534260069,0.7498178813830353,0.6891891891891891,0.6351351351351351,0.543918918918919,0.1191588785046729,0.21962616822429906,0.37616822429906543,2.383177570093458,2.196261682242991,1.8808411214953273,0.3975346687211094,0.2888086642599278,0.55,0.1834982637964055
11,low_rating_bottom30_bayes_category_m25,content_plus_quantity,XGBoostClassifier,25,1480,0.2891891891891892,0.5494882505396462,0.743294925553463,0.7027027027027027,0.6351351351351351,0.5709459459459459,0.12149532710280374,0.21962616822429906,0.39485981308411217,2.429906542056075,2.196261682242991,1.9742990654205608,0.40494590417310666,0.5157068062827225,0.4,0.1736515760421753
11,low_rating_bottom30_category_relative,content_plus_quantity,DummyClassifier,25,1480,0.28040540540540543,0.28040540540540543,0.5,0.14864864864864866,0.20270270270270271,0.23986486486486486,0.02650602409638554,0.07228915662650602,0.1710843373493976,0.5301204819277109,0.7228915662650602,0.8554216867469878,0.0,0.43799472295514513,0.05,0.20177896350242255
11,low_rating_bottom30_category_relative,content_plus_quantity,LogisticRegression,25,1480,0.28040540540540543,0.5092052901146881,0.7336025793314102,0.6081081081081081,0.6148648648648649,0.543918918918919,0.10843373493975904,0.21927710843373494,0.38795180722891565,2.1686746987951806,2.1927710843373496,1.9397590361445782,0.43045387994143486,0.5055679287305123,0.35,0.17820426935218844
11,low_rating_bottom30_category_relative,content_plus_quantity,LogisticRegressionBalanced,25,1480,0.28040540540540543,0.507581305904767,0.7348967701793088,0.6216216216216216,0.6216216216216216,0.5472972972972973,0.1108433734939759,0.2216867469879518,0.39036144578313253,2.2168674698795177,2.2168674698795177,1.9518072289156623,0.5251937984496124,0.5196182396606575,0.55,0.21059338834659283
11,low_rating_bottom30_category_relative,content_plus_quantity,HistGradientBoostingClassifier,25,1480,0.28040540540540543,0.5169410948258194,0.7296973810735901,0.7162162162162162,0.6216216216216216,0.5337837837837838,0.12771084337349398,0.2216867469879518,0.38072289156626504,2.5542168674698793,2.2168674698795177,1.9036144578313252,0.3714759535655058,0.46900269541778977,0.4,0.17505818050124305
11,low_rating_bottom30_category_relative,content_plus_quantity,ExtraTreesClassifier,25,1480,0.28040540540540543,0.5284226800217466,0.7454380903897279,0.7027027027027027,0.581081081081081,0.543918918918919,0.12530120481927712,0.20722891566265061,0.38795180722891565,2.5060240963855422,2.0722891566265056,1.9397590361445782,0.3435374149659864,0.24803149606299213,0.55,0.18237722523309746
11,low_rating_bottom30_category_relative,content_plus_quantity,XGBoostClassifier,25,1480,0.28040540540540543,0.5314603027868418,0.7415261044176708,0.7162162162162162,0.6148648648648649,0.5472972972972973,0.12771084337349398,0.21927710843373494,0.39036144578313253,2.5542168674698793,2.1927710843373496,1.9518072289156623,0.3596638655462185,0.4713896457765668,0.4,0.17183570563793182
22,low_rating_bottom30_raw,content_plus_quantity,DummyClassifier,25,1480,0.2641891891891892,0.2641891891891892,0.5,0.25675675675675674,0.2635135135135135,0.30405405405405406,0.04859335038363171,0.09974424552429667,0.23017902813299232,0.9718670076726341,0.9974424552429666,1.1508951406649615,0.0,0.4179583110636024,0.05,0.19439326159678844
22,low_rating_bottom30_raw,content_plus_quantity,LogisticRegression,25,1480,0.2641891891891892,0.5205207968117422,0.7450628113264709,0.7027027027027027,0.6216216216216216,0.5236486486486487,0.1329923273657289,0.23529411764705882,0.39641943734015345,2.659846547314578,2.352941176470588,1.9820971867007673,0.4434108527131783,0.5076252723311547,0.3,0.16855484779091653
22,low_rating_bottom30_raw,content_plus_quantity,LogisticRegressionBalanced,25,1480,0.2641891891891892,0.5174010621979771,0.7434939959934147,0.7162162162162162,0.6351351351351351,0.5202702702702703,0.13554987212276215,0.24040920716112532,0.3938618925831202,2.710997442455243,2.404092071611253,1.969309462915601,0.524822695035461,0.5043103448275862,0.55,0.2046149066552459
22,low_rating_bottom30_raw,content_plus_quantity,HistGradientBoostingClassifier,25,1480,0.2641891891891892,0.5120127987725359,0.7526015796185523,0.6216216216216216,0.5743243243243243,0.5472972972972973,0.11764705882352941,0.21739130434782608,0.4143222506393862,2.352941176470588,2.1739130434782608,2.071611253196931,0.3291592128801431,0.47161572052401746,0.4,0.16572707094692646
22,low_rating_bottom30_raw,content_plus_quantity,ExtraTreesClassifier,25,1480,0.2641891891891892,0.5528517842152014,0.7618735600600284,0.8243243243243243,0.6756756756756757,0.5574324324324325,0.15601023017902813,0.2557544757033248,0.4219948849104859,3.1202046035805626,2.5575447570332477,2.1099744245524295,0.381651376146789,0.26495726495726496,0.55,0.17158712482140268
22,low_rating_bottom30_raw,content_plus_quantity,XGBoostClassifier,25,1480,0.2641891891891892,0.5240855021717563,0.7552201860502256,0.6756756756756757,0.6081081081081081,0.5540540540540541,0.1278772378516624,0.23017902813299232,0.4194373401534527,2.5575447570332477,2.301790281329923,2.097186700767263,0.35778175313059035,0.5121951219512195,0.35,0.16341227293014526
22,low_rating_bottom20_raw,content_plus_quantity,DummyClassifier,25,1480,0.1581081081081081,0.1581081081081081,0.5,0.14864864864864866,0.14189189189189189,0.16891891891891891,0.04700854700854701,0.08974358974358974,0.21367521367521367,0.9401709401709403,0.8974358974358975,1.0683760683760684,0.0,0.27304550758459745,0.05,0.13315257726117266
22,low_rating_bottom20_raw,content_plus_quantity,LogisticRegression,25,1480,0.1581081081081081,0.37516453049738535,0.7519378249715328,0.5540540540540541,0.49324324324324326,0.34797297297297297,0.1752136752136752,0.31196581196581197,0.44017094017094016,3.5042735042735043,3.1196581196581197,2.200854700854701,0.3380281690140845,0.3847695390781563,0.3,0.12082014965506961
22,low_rating_bottom20_raw,content_plus_quantity,LogisticRegressionBalanced,25,1480,0.1581081081081081,0.36614757951881083,0.7515125324114088,0.5675675675675675,0.44594594594594594,0.34797297297297297,0.1794871794871795,0.28205128205128205,0.44017094017094016,3.58974358974359,2.8205128205128207,2.200854700854701,0.426812585499316,0.4158415841584158,0.6,0.1915020365539404
22,low_rating_bottom20_raw,content_plus_quantity,HistGradientBoostingClassifier,25,1480,0.1581081081081081,0.3949593869355263,0.7531039497331632,0.6351351351351351,0.49324324324324326,0.375,0.20085470085470086,0.31196581196581197,0.47435897435897434,4.017094017094017,3.1196581196581197,2.371794871794872,0.23157894736842105,0.35694050991501414,0.35,0.11705137642589512
22,low_rating_bottom20_raw,content_plus_quantity,ExtraTreesClassifier,25,1480,0.1581081081081081,0.4346755560350598,0.7724547612188062,0.6621621621621622,0.5135135135135135,0.38175675675675674,0.2094017094017094,0.3247863247863248,0.4829059829059829,4.188034188034188,3.247863247863248,2.4145299145299144,0.2578397212543554,0.2578397212543554,0.5,0.12329625947907434
22,low_rating_bottom20_raw,content_plus_quantity,XGBoostClassifier,25,1480,0.1581081081081081,0.41180002852185804,0.7579399377152186,0.6081081081081081,0.5067567567567568,0.39864864864864863,0.19230769230769232,0.32051282051282054,0.5042735042735043,3.8461538461538463,3.2051282051282053,2.5213675213675213,0.2413793103448276,0.4079601990049751,0.3,0.11396078020334244
22,low_rating_bottom30_bayes_global_m25,content_plus_quantity,DummyClassifier,25,1480,0.3202702702702703,0.3202702702702703,0.5,0.2972972972972973,0.31756756756756754,0.36486486486486486,0.046413502109704644,0.09915611814345991,0.22784810126582278,0.9282700421940928,0.991561181434599,1.1392405063291138,0.0,0.4851586489252815,0.05,0.2178206269025919
22,low_rating_bottom30_bayes_global_m25,content_plus_quantity,LogisticRegression,25,1480,0.3202702702702703,0.5672337667074585,0.7425027891721403,0.7432432432432432,0.6554054054054054,0.5945945945945946,0.1160337552742616,0.20464135021097046,0.37130801687763715,2.3206751054852317,2.0464135021097043,1.8565400843881856,0.47029702970297027,0.5555555555555556,0.35,0.1874628923724602
22,low_rating_bottom30_bayes_global_m25,content_plus_quantity,LogisticRegressionBalanced,25,1480,0.3202702702702703,0.566624798309086,0.7398289587370294,0.7162162162162162,0.6486486486486487,0.5844594594594594,0.11181434599156118,0.20253164556962025,0.3649789029535865,2.236286919831224,2.0253164556962027,1.8248945147679323,0.5737855178735105,0.5538160469667319,0.55,0.20788217036211595
22,low_rating_bottom30_bayes_global_m25,content_plus_quantity,HistGradientBoostingClassifier,25,1480,0.3202702702702703,0.5724570153517887,0.7487270470006964,0.7297297297297297,0.6554054054054054,0.6013513513513513,0.11392405063291139,0.20464135021097046,0.3755274261603376,2.2784810126582276,2.0464135021097043,1.8776371308016877,0.42349726775956287,0.5270425776754891,0.4,0.18328461237642804
22,low_rating_bottom30_bayes_global_m25,content_plus_quantity,ExtraTreesClassifier,25,1480,0.3202702702702703,0.6030703561478439,0.7544144416203202,0.7972972972972973,0.7297297297297297,0.6385135135135135,0.12447257383966245,0.22784810126582278,0.3987341772151899,2.4894514767932487,2.2784810126582276,1.9936708860759493,0.45897079276773295,0.1523809523809524,0.6,0.1888394895961124
22,low_rating_bottom30_bayes_global_m25,content_plus_quantity,XGBoostClassifier,25,1480,0.3202702702702703,0.5847566076521411,0.7543200711343752,0.7567567567567568,0.6891891891891891,0.6013513513513513,0.11814345991561181,0.21518987341772153,0.3755274261603376,2.3628691983122363,2.151898734177215,1.8776371308016877,0.40229885057471265,0.5130023640661938,0.4,0.18119560182094574
22,low_rating_bottom30_bayes_category_m25,content_plus_quantity,DummyClassifier,25,1480,0.2918918918918919,0.2918918918918919,0.5,0.3108108108108108,0.2972972972972973,0.3344594594594595,0.05324074074074074,0.10185185185185185,0.22916666666666666,1.0648148148148147,1.0185185185185186,1.1458333333333333,0.0,0.45188284518828453,0.05,0.20669377760638163
22,low_rating_bottom30_bayes_category_m25,content_plus_quantity,LogisticRegression,25,1480,0.2918918918918919,0.5687043551685357,0.756562323296579,0.7432432432432432,0.6959459459459459,0.581081081081081,0.12731481481481483,0.23842592592592593,0.39814814814814814,2.546296296296296,2.384259259259259,1.9907407407407405,0.46802721088435373,0.5466101694915254,0.35,0.1735478893498643
22,low_rating_bottom30_bayes_category_m25,content_plus_quantity,LogisticRegressionBalanced,25,1480,0.2918918918918919,0.5665614371486705,0.7548748056262369,0.7702702702702703,0.6959459459459459,0.581081081081081,0.13194444444444445,0.23842592592592593,0.39814814814814814,2.638888888888889,2.384259259259259,1.9907407407407405,0.5635673624288425,0.5635673624288425,0.5,0.20083411306723523
22,low_rating_bottom30_bayes_category_m25,content_plus_quantity,HistGradientBoostingClassifier,25,1480,0.2918918918918919,0.5660883645691386,0.749262263217416,0.7972972972972973,0.6554054054054054,0.5743243243243243,0.13657407407407407,0.22453703703703703,0.39351851851851855,2.7314814814814814,2.2453703703703702,1.9675925925925926,0.38449111470113084,0.47580645161290325,0.4,0.17372070362287312
22,low_rating_bottom30_bayes_category_m25,content_plus_quantity,ExtraTreesClassifier,25,1480,0.2918918918918919,0.5840786153494661,0.7575695327961549,0.8378378378378378,0.7432432432432432,0.5743243243243243,0.14351851851851852,0.25462962962962965,0.39351851851851855,2.8703703703703702,2.546296296296296,1.9675925925925926,0.41017488076311603,0.3068391866913124,0.55,0.180058056119249
22,low_rating_bottom30_bayes_category_m25,content_plus_quantity,XGBoostClassifier,25,1480,0.2918918918918919,0.5736396701468796,0.7572315875035339,0.7297297297297297,0.6486486486486487,0.5912162162162162,0.125,0.2222222222222222,0.4050925925925926,2.5,2.2222222222222223,2.025462962962963,0.3980891719745223,0.49340369393139843,0.4,0.17068669199943542
22,low_rating_bottom30_category_relative,content_plus_quantity,DummyClassifier,25,1480,0.28243243243243243,0.28243243243243243,0.5,0.2702702702702703,0.28378378378378377,0.31756756756756754,0.04784688995215311,0.10047846889952153,0.22488038277511962,0.9569377990430622,1.0047846889952152,1.124401913875598,0.0,0.440463645943098,0.05,0.20266713711024323
22,low_rating_bottom30_category_relative,content_plus_quantity,LogisticRegression,25,1480,0.28243243243243243,0.5188154085621849,0.728998278953676,0.6756756756756757,0.6216216216216216,0.5202702702702703,0.11961722488038277,0.22009569377990432,0.3684210526315789,2.3923444976076556,2.200956937799043,1.8421052631578947,0.4269005847953216,0.5106382978723404,0.3,0.17902915694739063
22,low_rating_bottom30_category_relative,content_plus_quantity,LogisticRegressionBalanced,25,1480,0.28243243243243243,0.5150203680251532,0.7248443399201651,0.7162162162162162,0.5945945945945946,0.527027027027027,0.12679425837320574,0.21052631578947367,0.37320574162679426,2.535885167464115,2.1052631578947367,1.866028708133971,0.5161290322580645,0.5161290322580645,0.5,0.210808719251872
22,low_rating_bottom30_category_relative,content_plus_quantity,HistGradientBoostingClassifier,25,1480,0.28243243243243243,0.5252303318209903,0.7356279115868767,0.6621621621621622,0.6081081081081081,0.5675675675675675,0.11722488038277512,0.215311004784689,0.4019138755980861,2.3444976076555024,2.15311004784689,2.0095693779904304,0.34179357021996615,0.4722222222222222,0.4,0.17469629636855538
22,low_rating_bottom30_category_relative,content_plus_quantity,ExtraTreesClassifier,25,1480,0.28243243243243243,0.5548609870745765,0.747247226952847,0.8108108108108109,0.7027027027027027,0.5675675675675675,0.14354066985645933,0.24880382775119617,0.4019138755980861,2.870813397129187,2.488038277511962,2.0095693779904304,0.37755102040816324,0.264,0.55,0.18112435860549309
22,low_rating_bottom30_category_relative,content_plus_quantity,XGBoostClassifier,25,1480,0.28243243243243243,0.537976535958741,0.7441723208895377,0.6486486486486487,0.6486486486486487,0.5675675675675675,0.11483253588516747,0.22966507177033493,0.4019138755980861,2.2966507177033493,2.2966507177033493,2.0095693779904304,0.3697478991596639,0.5180572851805728,0.35,0.17150887846946716
33,low_rating_bottom30_raw,content_plus_quantity,DummyClassifier,25,1480,0.2641891891891892,0.2641891891891892,0.5,0.32432432432432434,0.25675675675675674,0.23986486486486486,0.061381074168797956,0.09718670076726342,0.1815856777493606,1.227621483375959,0.9718670076726341,0.9079283887468029,0.0,0.4179583110636024,0.05,0.1943932615967885
33,low_rating_bottom30_raw,content_plus_quantity,LogisticRegression,25,1480,0.2641891891891892,0.4945769617697766,0.7326532002188826,0.6621621621621622,0.6013513513513513,0.5304054054054054,0.12531969309462915,0.22762148337595908,0.40153452685422,2.5063938618925827,2.2762148337595907,2.0076726342710995,0.4370257966616085,0.4919093851132686,0.3,0.17333472203667838
33,low_rating_bottom30_raw,content_plus_quantity,LogisticRegressionBalanced,25,1480,0.2641891891891892,0.4936484561123785,0.7326297149594058,0.6351351351351351,0.6148648648648649,0.5202702702702703,0.12020460358056266,0.23273657289002558,0.3938618925831202,2.404092071611253,2.3273657289002556,1.969309462915601,0.5065856129685917,0.48313384113166485,0.55,0.20944748394852075
33,low_rating_bottom30_raw,content_plus_quantity,HistGradientBoostingClassifier,25,1480,0.2641891891891892,0.5314021931851955,0.7511008715379791,0.7027027027027027,0.6283783783783784,0.5472972972972973,0.1329923273657289,0.23785166240409208,0.4143222506393862,2.659846547314578,2.3785166240409206,2.071611253196931,0.3811188811188811,0.46153846153846156,0.4,0.16389581923052265
33,low_rating_bottom30_raw,content_plus_quantity,ExtraTreesClassifier,25,1480,0.2641891891891892,0.5127572558026943,0.7396870354322109,0.6891891891891891,0.6013513513513513,0.527027027027027,0.13043478260869565,0.22762148337595908,0.3989769820971867,2.6086956521739126,2.2762148337595907,1.9948849104859332,0.35752212389380533,0.16143497757847533,0.6,0.17529027554737564
33,low_rating_bottom30_raw,content_plus_quantity,XGBoostClassifier,25,1480,0.2641891891891892,0.5361225852392018,0.7584846371175132,0.6621621621621622,0.6283783783783784,0.5709459459459459,0.12531969309462915,0.23785166240409208,0.4322250639386189,2.5063938618925827,2.3785166240409206,2.1611253196930944,0.3623445825932504,0.5093833780160858,0.35,0.1617845892906189
33,low_rating_bottom20_raw,content_plus_quantity,DummyClassifier,25,1480,0.17229729729729729,0.17229729729729729,0.5,0.25675675675675674,0.17567567567567569,0.17905405405405406,0.07450980392156863,0.10196078431372549,0.20784313725490197,1.4901960784313726,1.019607843137255,1.0392156862745099,0.0,0.29394812680115273,0.05,0.14273657413363808
33,low_rating_bottom20_raw,content_plus_quantity,LogisticRegression,25,1480,0.17229729729729729,0.36894307998978465,0.7199711884753902,0.47297297297297297,0.46621621621621623,0.3581081081081081,0.13725490196078433,0.27058823529411763,0.41568627450980394,2.7450980392156863,2.7058823529411766,2.0784313725490198,0.287292817679558,0.38632478632478634,0.25,0.13360484431591726
33,low_rating_bottom20_raw,content_plus_quantity,LogisticRegressionBalanced,25,1480,0.17229729729729729,0.3573903586424695,0.7165650260104042,0.4594594594594595,0.4189189189189189,0.3614864864864865,0.13333333333333333,0.24313725490196078,0.4196078431372549,2.666666666666667,2.431372549019608,2.0980392156862746,0.4,0.3956723338485317,0.6,0.20470921624399216
33,low_rating_bottom20_raw,content_plus_quantity,HistGradientBoostingClassifier,25,1480,0.17229729729729729,0.4169741843222836,0.7622761104441778,0.5,0.5,0.42567567567567566,0.1450980392156863,0.2901960784313726,0.49411764705882355,2.901960784313726,2.901960784313726,2.4705882352941178,0.19078947368421054,0.3163538873994638,0.35,0.125449179487154
33,low_rating_bottom20_raw,content_plus_quantity,ExtraTreesClassifier,25,1480,0.17229729729729729,0.4008165784416885,0.7479439775910364,0.5405405405405406,0.4527027027027027,0.3918918918918919,0.1568627450980392,0.2627450980392157,0.4549019607843137,3.1372549019607847,2.627450980392157,2.2745098039215685,0.1987179487179487,0.1987179487179487,0.5,0.13258786668485528
33,low_rating_bottom20_raw,content_plus_quantity,XGBoostClassifier,25,1480,0.17229729729729729,0.41690552931812763,0.7592060824329733,0.5945945945945946,0.5067567567567568,0.40540540540540543,0.17254901960784313,0.29411764705882354,0.47058823529411764,3.4509803921568634,2.941176470588236,2.3529411764705883,0.17275747508305647,0.38875878220140514,0.3,0.12410812079906464
33,low_rating_bottom30_bayes_global_m25,content_plus_quantity,DummyClassifier,25,1480,0.31283783783783786,0.31283783783783786,0.5,0.35135135135135137,0.30405405405405406,0.28716216216216217,0.056155507559395246,0.09719222462203024,0.183585313174946,1.123110151187905,0.9719222462203023,0.91792656587473,0.0,0.47658260422027793,0.05,0.21497362609946905
33,low_rating_bottom30_bayes_global_m25,content_plus_quantity,LogisticRegression,25,1480,0.31283783783783786,0.5773342963483342,0.7411138082404736,0.7567567567567568,0.7094594594594594,0.6351351351351351,0.12095032397408208,0.2267818574514039,0.4060475161987041,2.4190064794816415,2.2678185745140387,2.03023758099352,0.5122549019607843,0.551923076923077,0.35,0.18370816124399303
33,low_rating_bottom30_bayes_global_m25,content_plus_quantity,LogisticRegressionBalanced,25,1480,0.31283783783783786,0.5788581484630154,0.7413877686245277,0.7567567567567568,0.722972972972973,0.6283783783783784,0.12095032397408208,0.23110151187904968,0.4017278617710583,2.4190064794816415,2.311015118790497,2.0086393088552916,0.5575868372943327,0.5489815712900097,0.55,0.2080823044409177
33,low_rating_bottom30_bayes_global_m25,content_plus_quantity,HistGradientBoostingClassifier,25,1480,0.31283783783783786,0.5627373929130339,0.7353245368689089,0.7432432432432432,0.668918918918919,0.6182432432432432,0.11879049676025918,0.21382289416846653,0.3952483801295896,2.3758099352051834,2.138228941684665,1.976241900647948,0.43977591036414565,0.5159817351598174,0.4,0.1834243272239835
33,low_rating_bottom30_bayes_global_m25,content_plus_quantity,ExtraTreesClassifier,25,1480,0.31283783783783786,0.5718218461610064,0.7432651405586669,0.7432432432432432,0.6824324324324325,0.5912162162162162,0.11879049676025918,0.21814254859611232,0.3779697624190065,2.3758099352051834,2.181425485961123,1.8898488120950323,0.42756680731364277,0.3295269168026101,0.55,0.18914351923395178
33,low_rating_bottom30_bayes_global_m25,content_plus_quantity,XGBoostClassifier,25,1480,0.31283783783783786,0.5903833347486253,0.7524438752864373,0.7837837837837838,0.7162162162162162,0.6418918918918919,0.12526997840172785,0.22894168466522677,0.4103671706263499,2.505399568034557,2.2894168466522675,2.0518358531317493,0.463519313304721,0.5469293163383546,0.4,0.17685332894325256
33,low_rating_bottom30_bayes_category_m25,content_plus_quantity,DummyClassifier,25,1480,0.28783783783783784,0.28783783783783784,0.5,0.33783783783783783,0.2972972972972973,0.27364864864864863,0.05868544600938967,0.10328638497652583,0.19014084507042253,1.1737089201877935,1.0328638497652582,0.9507042253521126,0.0,0.44700944386149005,0.05,0.20499881945850662
33,low_rating_bottom30_bayes_category_m25,content_plus_quantity,LogisticRegression,25,1480,0.28783783783783784,0.5376459701929045,0.7409711272059937,0.7297297297297297,0.6554054054054054,0.5608108108108109,0.1267605633802817,0.22769953051643194,0.38967136150234744,2.5352112676056335,2.276995305164319,1.9483568075117372,0.46404341926729986,0.5366379310344828,0.35,0.17783648867164328
33,low_rating_bottom30_bayes_category_m25,content_plus_quantity,LogisticRegressionBalanced,25,1480,0.28783783783783784,0.5347983304493534,0.7410980748501126,0.6891891891891891,0.6486486486486487,0.5608108108108109,0.11971830985915492,0.22535211267605634,0.38967136150234744,2.3943661971830985,2.2535211267605635,1.9483568075117372,0.5424390243902439,0.5424390243902439,0.5,0.20660143547511925
33,low_rating_bottom30_bayes_category_m25,content_plus_quantity,HistGradientBoostingClassifier,25,1480,0.28783783783783784,0.5560015738938625,0.7471425644314973,0.7297297297297297,0.6621621621621622,0.597972972972973,0.1267605633802817,0.2300469483568075,0.4154929577464789,2.5352112676056335,2.300469483568075,2.0774647887323945,0.42442748091603055,0.5259067357512953,0.4,0.1712120335587967
33,low_rating_bottom30_bayes_category_m25,content_plus_quantity,ExtraTreesClassifier,25,1480,0.28783783783783784,0.5456470697075589,0.7393720323204248,0.7027027027027027,0.6621621621621622,0.5709459459459459,0.12206572769953052,0.2300469483568075,0.3967136150234742,2.4413145539906105,2.300469483568075,1.9835680751173708,0.40063091482649843,0.19066937119675456,0.6,0.1831595934682242
33,low_rating_bottom30_bayes_category_m25,content_plus_quantity,XGBoostClassifier,25,1480,0.28783783783783784,0.5557781024272059,0.747447684207713,0.7027027027027027,0.6824324324324325,0.5945945945945946,0.12206572769953052,0.23708920187793428,0.4131455399061033,2.4413145539906105,2.370892018779343,2.0657276995305165,0.42946708463949845,0.5124183006535947,0.4,0.17079174518585205
33,low_rating_bottom30_category_relative,content_plus_quantity,DummyClassifier,25,1480,0.27905405405405403,0.27905405405405403,0.5,0.33783783783783783,0.2702702702702703,0.26013513513513514,0.06053268765133172,0.09685230024213075,0.1864406779661017,1.2106537530266344,0.9685230024213076,0.9322033898305085,0.0,0.4363444268357105,0.05,0.20118941771736068
33,low_rating_bottom30_category_relative,content_plus_quantity,LogisticRegression,25,1480,0.27905405405405403,0.49787216138789925,0.7206215067476643,0.7027027027027027,0.6081081081081081,0.527027027027027,0.12590799031476999,0.2179176755447942,0.37772397094430993,2.5181598062954,2.179176755447942,1.8886198547215496,0.4370477568740955,0.5132924335378323,0.3,0.1819498740270981
33,low_rating_bottom30_category_relative,content_plus_quantity,LogisticRegressionBalanced,25,1480,0.27905405405405403,0.49925006103594105,0.7212659784737366,0.6621621621621622,0.6216216216216216,0.5236486486486487,0.11864406779661017,0.22276029055690072,0.37530266343825663,2.3728813559322037,2.2276029055690074,1.8765133171912836,0.5098425196850394,0.5098425196850394,0.5,0.21434936930232043
33,low_rating_bottom30_category_relative,content_plus_quantity,HistGradientBoostingClassifier,25,1480,0.27905405405405403,0.5152882555632152,0.7347544993884327,0.6216216216216216,0.6148648648648649,0.5709459459459459,0.11138014527845036,0.22033898305084745,0.4092009685230024,2.2276029055690074,2.203389830508475,2.0460048426150124,0.37970540098199673,0.48559670781893005,0.4,0.17391328213066748
33,low_rating_bottom30_category_relative,content_plus_quantity,ExtraTreesClassifier,25,1480,0.27905405405405403,0.5143185056836462,0.7289134070542423,0.6621621621621622,0.5945945945945946,0.5304054054054054,0.11864406779661017,0.21307506053268765,0.3801452784503632,2.3728813559322037,2.130750605326877,1.900726392251816,0.3417085427135678,0.24324324324324326,0.55,0.18353420689438843
33,low_rating_bottom30_category_relative,content_plus_quantity,XGBoostClassifier,25,1480,0.27905405405405403,0.5298726888046205,0.7348112310544601,0.6891891891891891,0.6351351351351351,0.5912162162162162,0.1234866828087167,0.22760290556900725,0.423728813559322,2.469733656174334,2.2760290556900724,2.1186440677966103,0.39800995024875624,0.5081967213114754,0.4,0.17111656069755554
44,low_rating_bottom30_raw,content_plus_quantity,DummyClassifier,25,1480,0.2641891891891892,0.2641891891891892,0.5,0.22972972972972974,0.2635135135135135,0.25,0.043478260869565216,0.09974424552429667,0.18925831202046037,0.8695652173913043,0.9974424552429666,0.9462915601023018,0.0,0.4179583110636024,0.05,0.19439326159678844
44,low_rating_bottom30_raw,content_plus_quantity,LogisticRegression,25,1480,0.2641891891891892,0.5079215536875512,0.7290810922524478,0.6891891891891891,0.6148648648648649,0.5067567567567568,0.13043478260869565,0.23273657289002558,0.3836317135549872,2.6086956521739126,2.3273657289002556,1.918158567774936,0.4279210925644917,0.500544069640914,0.3,0.17404859690085445
44,low_rating_bottom30_raw,content_plus_quantity,LogisticRegressionBalanced,25,1480,0.2641891891891892,0.5075231468360646,0.7285949473812762,0.7027027027027027,0.5945945945945946,0.5033783783783784,0.1329923273657289,0.22506393861892582,0.38107416879795397,2.659846547314578,2.2506393861892584,1.9053708439897696,0.5030425963488844,0.4989010989010989,0.55,0.2106998492005382
44,low_rating_bottom30_raw,content_plus_quantity,HistGradientBoostingClassifier,25,1480,0.2641891891891892,0.5049112416475245,0.7350651363671592,0.6486486486486487,0.6081081081081081,0.5202702702702703,0.12276214833759591,0.23017902813299232,0.3938618925831202,2.455242966751918,2.301790281329923,1.969309462915601,0.36524822695035464,0.44573082489146165,0.4,0.1686877844983553
44,low_rating_bottom30_raw,content_plus_quantity,ExtraTreesClassifier,25,1480,0.2641891891891892,0.5157830534689684,0.7364390240465571,0.6756756756756757,0.581081081081081,0.5168918918918919,0.1278772378516624,0.21994884910485935,0.391304347826087,2.5575447570332477,2.199488491048593,1.9565217391304346,0.3848797250859107,0.26804123711340205,0.55,0.17636220549078294
44,low_rating_bottom30_raw,content_plus_quantity,XGBoostClassifier,25,1480,0.2641891891891892,0.5214496048540026,0.7363685682681265,0.7027027027027027,0.6013513513513513,0.5337837837837838,0.1329923273657289,0.22762148337595908,0.4040920716112532,2.659846547314578,2.2762148337595907,2.020460358056266,0.34581105169340465,0.49343832020997375,0.35,0.16640983521938324
44,low_rating_bottom20_raw,content_plus_quantity,DummyClassifier,25,1480,0.16216216216216217,0.16216216216216217,0.5,0.14864864864864866,0.16891891891891891,0.16891891891891891,0.04583333333333333,0.10416666666666667,0.20833333333333334,0.9166666666666666,1.0416666666666665,1.0416666666666665,0.0,0.27906976744186046,0.05,0.13586773250051024
44,low_rating_bottom20_raw,content_plus_quantity,LogisticRegression,25,1480,0.16216216216216217,0.3564984271077039,0.7219422043010754,0.4594594594594595,0.39864864864864863,0.3310810810810811,0.14166666666666666,0.24583333333333332,0.4083333333333333,2.8333333333333335,2.458333333333333,2.0416666666666665,0.27071823204419887,0.3677298311444653,0.3,0.13027228500960777
44,low_rating_bottom20_raw,content_plus_quantity,LogisticRegressionBalanced,25,1480,0.16216216216216217,0.3493720731588568,0.7179233870967742,0.4864864864864865,0.40540540540540543,0.3310810810810811,0.15,0.25,0.4083333333333333,3.0,2.5,2.0416666666666665,0.38873994638069703,0.37822349570200575,0.55,0.2078372222353579
44,low_rating_bottom20_raw,content_plus_quantity,HistGradientBoostingClassifier,25,1480,0.16216216216216217,0.38291015721144506,0.7385618279569892,0.527027027027027,0.42567567567567566,0.3783783783783784,0.1625,0.2625,0.4666666666666667,3.2499999999999996,2.6249999999999996,2.3333333333333335,0.20408163265306123,0.34328358208955223,0.3,0.1219011358915941
44,low_rating_bottom20_raw,content_plus_quantity,ExtraTreesClassifier,25,1480,0.16216216216216217,0.38278417203751236,0.7510685483870967,0.44594594594594594,0.47297297297297297,0.38175675675675674,0.1375,0.2916666666666667,0.4708333333333333,2.75,2.9166666666666665,2.3541666666666665,0.1888111888111888,0.1888111888111888,0.5,0.12910129801800743
44,low_rating_bottom20_raw,content_plus_quantity,XGBoostClassifier,25,1480,0.16216216216216217,0.3837756432575404,0.742825940860215,0.5405405405405406,0.4391891891891892,0.3716216216216216,0.16666666666666666,0.2708333333333333,0.4583333333333333,3.3333333333333335,2.708333333333333,2.2916666666666665,0.20761245674740483,0.3287671232876712,0.35,0.1204904094338417
44,low_rating_bottom30_bayes_global_m25,content_plus_quantity,DummyClassifier,25,1480,0.31486486486486487,0.31486486486486487,0.5,0.24324324324324326,0.2905405405405405,0.2905405405405405,0.03862660944206009,0.09227467811158799,0.18454935622317598,0.7725321888412018,0.9227467811158797,0.9227467811158797,0.0,0.4789311408016444,0.05,0.21574391297559264
44,low_rating_bottom30_bayes_global_m25,content_plus_quantity,LogisticRegression,25,1480,0.31486486486486487,0.5727398063708591,0.728576749540764,0.7297297297297297,0.6824324324324325,0.5912162162162162,0.11587982832618025,0.2167381974248927,0.37553648068669526,2.317596566523605,2.167381974248927,1.8776824034334765,0.4825,0.5306859205776173,0.3,0.18918775885358674
44,low_rating_bottom30_bayes_global_m25,content_plus_quantity,LogisticRegressionBalanced,25,1480,0.31486486486486487,0.5759895561306269,0.7301914823374049,0.7702702702702703,0.6891891891891891,0.5945945945945946,0.1223175965665236,0.21888412017167383,0.3776824034334764,2.4463519313304722,2.188841201716738,1.8884120171673822,0.5396536007292616,0.5396536007292616,0.5,0.2110650736443326
44,low_rating_bottom30_bayes_global_m25,content_plus_quantity,HistGradientBoostingClassifier,25,1480,0.31486486486486487,0.5514014175692449,0.7273937408470258,0.7432432432432432,0.6486486486486487,0.5675675675675675,0.11802575107296137,0.20600858369098712,0.3605150214592275,2.360515021459227,2.060085836909871,1.8025751072961373,0.4160887656033287,0.49653579676674364,0.4,0.18735965972994084
44,low_rating_bottom30_bayes_global_m25,content_plus_quantity,ExtraTreesClassifier,25,1480,0.31486486486486487,0.5667067702542258,0.7291544979725897,0.7567567567567568,0.668918918918919,0.6114864864864865,0.12017167381974249,0.21244635193133046,0.388412017167382,2.40343347639485,2.124463519313305,1.94206008583691,0.4478021978021978,0.3163097199341021,0.55,0.19236466248756784
44,low_rating_bottom30_bayes_global_m25,content_plus_quantity,XGBoostClassifier,25,1480,0.31486486486486487,0.5781939413819198,0.7372387434289052,0.8108108108108109,0.6756756756756757,0.597972972972973,0.12875536480686695,0.2145922746781116,0.3798283261802575,2.575107296137339,2.1459227467811157,1.8991416309012876,0.40226628895184136,0.5156794425087108,0.4,0.18239878118038177
44,low_rating_bottom30_bayes_category_m25,content_plus_quantity,DummyClassifier,25,1480,0.2939189189189189,0.2939189189189189,0.5,0.25675675675675674,0.2905405405405405,0.27364864864864863,0.04367816091954023,0.09885057471264368,0.18620689655172415,0.8735632183908045,0.9885057471264367,0.9310344827586207,0.0,0.45430809399477806,0.05,0.2075481955547292
44,low_rating_bottom30_bayes_category_m25,content_plus_quantity,LogisticRegression,25,1480,0.2939189189189189,0.572872815201409,0.7447857889237199,0.8243243243243243,0.6891891891891891,0.5844594594594594,0.14022988505747128,0.23448275862068965,0.39770114942528734,2.8045977011494254,2.3448275862068964,1.9885057471264367,0.4868421052631579,0.5359223300970873,0.3,0.17745130934015654
44,low_rating_bottom30_bayes_category_m25,content_plus_quantity,LogisticRegressionBalanced,25,1480,0.2939189189189189,0.5735529763197768,0.7456525325853819,0.7972972972972973,0.7027027027027027,0.5912162162162162,0.135632183908046,0.23908045977011494,0.40229885057471265,2.7126436781609193,2.3908045977011496,2.0114942528735633,0.5405921680993314,0.5405921680993314,0.5,0.20474666184969573
44,low_rating_bottom30_bayes_category_m25,content_plus_quantity,HistGradientBoostingClassifier,25,1480,0.2939189189189189,0.559627014351586,0.7416289941153824,0.7162162162162162,0.6554054054054054,0.5709459459459459,0.12183908045977011,0.22298850574712645,0.38850574712643676,2.4367816091954024,2.229885057471264,1.9425287356321839,0.40610687022900765,0.5160462130937099,0.4,0.17568680941383755
44,low_rating_bottom30_bayes_category_m25,content_plus_quantity,ExtraTreesClassifier,25,1480,0.2939189189189189,0.5524025629381956,0.7372864763790353,0.7567567567567568,0.6081081081081081,0.5506756756756757,0.12873563218390804,0.20689655172413793,0.37471264367816093,2.574712643678161,2.0689655172413794,1.8735632183908046,0.3963963963963964,0.28975265017667845,0.55,0.18460581168118056
44,low_rating_bottom30_bayes_category_m25,content_plus_quantity,XGBoostClassifier,25,1480,0.2939189189189189,0.5617342331587623,0.7429621074630148,0.7837837837837838,0.6486486486486487,0.5641891891891891,0.13333333333333333,0.2206896551724138,0.3839080459770115,2.6666666666666665,2.206896551724138,1.9195402298850575,0.39197530864197533,0.47837150127226463,0.4,0.1750592440366745
44,low_rating_bottom30_category_relative,content_plus_quantity,DummyClassifier,25,1480,0.28243243243243243,0.28243243243243243,0.5,0.24324324324324326,0.28378378378378377,0.2702702702702703,0.0430622009569378,0.10047846889952153,0.19138755980861244,0.861244019138756,1.0047846889952152,0.9569377990430622,0.0,0.440463645943098,0.05,0.20266713711024323
44,low_rating_bottom30_category_relative,content_plus_quantity,LogisticRegression,25,1480,0.28243243243243243,0.5159692021436607,0.7126258120905756,0.7027027027027027,0.5878378378378378,0.5101351351351351,0.12440191387559808,0.20813397129186603,0.361244019138756,2.488038277511962,2.0813397129186604,1.8062200956937797,0.4201438848920863,0.49949031600407745,0.3,0.18431546208896904
44,low_rating_bottom30_category_relative,content_plus_quantity,LogisticRegressionBalanced,25,1480,0.28243243243243243,0.5162706411847474,0.7137498986294704,0.7027027027027027,0.6013513513513513,0.5202702702702703,0.12440191387559808,0.21291866028708134,0.3684210526315789,2.488038277511962,2.129186602870813,1.8421052631578947,0.5093780848963475,0.5093780848963475,0.5,0.21535042041769967
44,low_rating_bottom30_category_relative,content_plus_quantity,HistGradientBoostingClassifier,25,1480,0.28243243243243243,0.5129663251720498,0.7249141729516394,0.6891891891891891,0.6081081081081081,0.527027027027027,0.12200956937799043,0.215311004784689,0.37320574162679426,2.4401913875598082,2.15311004784689,1.866028708133971,0.3651315789473684,0.4583901773533424,0.4,0.17767076702506654
44,low_rating_bottom30_category_relative,content_plus_quantity,ExtraTreesClassifier,25,1480,0.28243243243243243,0.5222442580890791,0.7286783986159544,0.6756756756756757,0.6148648648648649,0.5405405405405406,0.11961722488038277,0.21770334928229665,0.3827751196172249,2.3923444976076556,2.1770334928229667,1.9138755980861244,0.3606010016694491,0.2275449101796407,0.55,0.18453395918450924
44,low_rating_bottom30_category_relative,content_plus_quantity,XGBoostClassifier,25,1480,0.28243243243243243,0.5235713152871728,0.7221828003496157,0.6891891891891891,0.6351351351351351,0.543918918918919,0.12200956937799043,0.22488038277511962,0.38516746411483255,2.4401913875598082,2.248803827751196,1.9258373205741628,0.38436482084690554,0.5011990407673861,0.35,0.17605413496494293
55,low_rating_bottom30_raw,content_plus_quantity,DummyClassifier,25,1480,0.2641891891891892,0.2641891891891892,0.5,0.22972972972972974,0.2905405405405405,0.28378378378378377,0.043478260869565216,0.10997442455242967,0.21483375959079284,0.8695652173913043,1.0997442455242965,1.074168797953964,0.0,0.4179583110636024,0.05,0.19439326159678844
55,low_rating_bottom30_raw,content_plus_quantity,LogisticRegression,25,1480,0.2641891891891892,0.4892926966748587,0.7361219730436191,0.6486486486486487,0.5608108108108109,0.5135135135135135,0.12276214833759591,0.21227621483375958,0.3887468030690537,2.455242966751918,2.122762148337596,1.9437340153452682,0.4218512898330804,0.5230769230769231,0.3,0.1729361742169515
55,low_rating_bottom30_raw,content_plus_quantity,LogisticRegressionBalanced,25,1480,0.2641891891891892,0.4826353481309799,0.7342736831227881,0.6081081081081081,0.5675675675675675,0.5101351351351351,0.11508951406649616,0.21483375959079284,0.38618925831202044,2.301790281329923,2.148337595907928,1.930946291560102,0.524822695035461,0.524822695035461,0.5,0.20978421426847058
55,low_rating_bottom30_raw,content_plus_quantity,HistGradientBoostingClassifier,25,1480,0.2641891891891892,0.5061633601990233,0.7479468011902329,0.6756756756756757,0.5878378378378378,0.5202702702702703,0.1278772378516624,0.22250639386189258,0.3938618925831202,2.5575447570332477,2.2250639386189257,1.969309462915601,0.36585365853658536,0.4483260553129549,0.4,0.16674380599961133
55,low_rating_bottom30_raw,content_plus_quantity,ExtraTreesClassifier,25,1480,0.2641891891891892,0.5150197410624678,0.754945408514346,0.6891891891891891,0.581081081081081,0.5608108108108109,0.13043478260869565,0.21994884910485935,0.42455242966751916,2.6086956521739126,2.199488491048593,2.122762148337596,0.34234234234234234,0.34234234234234234,0.5,0.1749289090614034
55,low_rating_bottom30_raw,content_plus_quantity,XGBoostClassifier,25,1480,0.2641891891891892,0.5172826793700074,0.7526368075077677,0.6621621621621622,0.5878378378378378,0.5304054054054054,0.12531969309462915,0.22250639386189258,0.40153452685422,2.5063938618925827,2.2250639386189257,2.0076726342710995,0.36619718309859156,0.4946808510638298,0.35,0.16478264331817627
55,low_rating_bottom20_raw,content_plus_quantity,DummyClassifier,25,1480,0.1777027027027027,0.1777027027027027,0.5,0.17567567567567569,0.17567567567567569,0.1858108108108108,0.049429657794676805,0.09885931558935361,0.20912547528517111,0.9885931558935362,0.9885931558935362,1.0456273764258555,0.0,0.3017785427423982,0.05,0.14644724348210067
55,low_rating_bottom20_raw,content_plus_quantity,LogisticRegression,25,1480,0.1777027027027027,0.3985477140747982,0.7363303766976702,0.5540540540540541,0.44594594594594594,0.38175675675675674,0.155893536121673,0.2509505703422053,0.4296577946768061,3.11787072243346,2.5095057034220534,2.1482889733840307,0.2872628726287263,0.40963855421686746,0.25,0.13282150272599938
55,low_rating_bottom20_raw,content_plus_quantity,LogisticRegressionBalanced,25,1480,0.1777027027027027,0.38578982311451215,0.7258858190838908,0.4594594594594595,0.4527027027027027,0.3614864864864865,0.12927756653992395,0.25475285171102663,0.4068441064638783,2.5855513307984794,2.5475285171102664,2.034220532319392,0.4160206718346253,0.4160206718346253,0.5,0.20045852761028182
55,low_rating_bottom20_raw,content_plus_quantity,HistGradientBoostingClassifier,25,1480,0.1777027027027027,0.43627547906478964,0.7617184937092083,0.581081081081081,0.5337837837837838,0.40878378378378377,0.1634980988593156,0.30038022813688214,0.4600760456273764,3.2699619771863118,3.0038022813688214,2.3003802281368824,0.22151898734177214,0.3734015345268542,0.35,0.12698012638899045
55,low_rating_bottom20_raw,content_plus_quantity,ExtraTreesClassifier,25,1480,0.1777027027027027,0.43031657082768154,0.7703072130870965,0.6351351351351351,0.4864864864864865,0.4222972972972973,0.17870722433460076,0.2737642585551331,0.4752851711026616,3.574144486692015,2.737642585551331,2.3764258555133084,0.20512820512820512,0.20512820512820512,0.5,0.1321706477583743
55,low_rating_bottom20_raw,content_plus_quantity,XGBoostClassifier,25,1480,0.1777027027027027,0.4692690392618436,0.7720005873696774,0.6756756756756757,0.5608108108108109,0.40202702702702703,0.19011406844106463,0.3155893536121673,0.4524714828897338,3.802281368821293,3.1558935361216736,2.2623574144486693,0.21656050955414013,0.41706161137440756,0.3,0.12357133626937866
55,low_rating_bottom30_bayes_global_m25,content_plus_quantity,DummyClassifier,25,1480,0.31148648648648647,0.31148648648648647,0.5,0.25675675675675674,0.34459459459459457,0.33783783783783783,0.04121475054229935,0.11062906724511931,0.21691973969631237,0.824295010845987,1.106290672451193,1.0845986984815619,0.0,0.4750128799587841,0.05,0.21446267146887188
55,low_rating_bottom30_bayes_global_m25,content_plus_quantity,LogisticRegression,25,1480,0.31148648648648647,0.5441622035599345,0.7247907969831339,0.7027027027027027,0.6621621621621622,0.6047297297297297,0.11279826464208242,0.21258134490238612,0.3882863340563991,2.255965292841649,2.125813449023861,1.9414316702819958,0.48860759493670886,0.5345345345345346,0.35,0.18959072335974678
55,low_rating_bottom30_bayes_global_m25,content_plus_quantity,LogisticRegressionBalanced,25,1480,0.31148648648648647,0.5428317196318582,0.7251271396609751,0.7027027027027027,0.668918918918919,0.5945945945945946,0.11279826464208242,0.21475054229934923,0.38177874186550975,2.255965292841649,2.147505422993493,1.908893709327549,0.550561797752809,0.550561797752809,0.5,0.2126761653648502
55,low_rating_bottom30_bayes_global_m25,content_plus_quantity,HistGradientBoostingClassifier,25,1480,0.31148648648648647,0.5610408775495705,0.7380273714819727,0.7432432432432432,0.6621621621621622,0.5912162162162162,0.1193058568329718,0.21258134490238612,0.3796095444685466,2.386117136659436,2.125813449023861,1.8980477223427332,0.4413793103448276,0.4790874524714829,0.45,0.1822762039969947
55,low_rating_bottom30_bayes_global_m25,content_plus_quantity,ExtraTreesClassifier,25,1480,0.31148648648648647,0.5511334279431247,0.7381572253006329,0.7027027027027027,0.6824324324324325,0.5777027027027027,0.11279826464208242,0.21908893709327548,0.37093275488069416,2.255965292841649,2.190889370932755,1.8546637744034709,0.4428969359331476,0.4428969359331476,0.5,0.19173920823958082
55,low_rating_bottom30_bayes_global_m25,content_plus_quantity,XGBoostClassifier,25,1480,0.31148648648648647,0.5597934714377472,0.7421571486655922,0.7297297297297297,0.6891891891891891,0.597972972972973,0.11713665943600868,0.22125813449023862,0.3839479392624729,2.3427331887201737,2.212581344902386,1.9197396963123647,0.4295874822190612,0.5205158264947245,0.4,0.18087047338485718
55,low_rating_bottom30_bayes_category_m25,content_plus_quantity,DummyClassifier,25,1480,0.2939189189189189,0.2939189189189189,0.5,0.22972972972972974,0.32432432432432434,0.3108108108108108,0.03908045977011494,0.1103448275862069,0.21149425287356322,0.7816091954022989,1.103448275862069,1.0574712643678161,0.0,0.45430809399477806,0.05,0.2075481955547292
55,low_rating_bottom30_bayes_category_m25,content_plus_quantity,LogisticRegression,25,1480,0.2939189189189189,0.5203210618232056,0.7375482593631414,0.6216216216216216,0.6148648648648649,0.5506756756756757,0.10574712643678161,0.20919540229885059,0.37471264367816093,2.1149425287356323,2.091954022988506,1.8735632183908046,0.4651773981603154,0.5485592315901814,0.35,0.18297815580456445
55,low_rating_bottom30_bayes_category_m25,content_plus_quantity,LogisticRegressionBalanced,25,1480,0.2939189189189189,0.5143387764576233,0.7362239454435462,0.6081081081081081,0.6283783783783784,0.5472972972972973,0.10344827586206896,0.21379310344827587,0.3724137931034483,2.0689655172413794,2.137931034482759,1.8620689655172413,0.5584541062801932,0.5636856368563685,0.45,0.21017689779817644
55,low_rating_bottom30_bayes_category_m25,content_plus_quantity,HistGradientBoostingClassifier,25,1480,0.2939189189189189,0.5446265355295657,0.7432128911620746,0.7297297297297297,0.6554054054054054,0.5709459459459459,0.12413793103448276,0.22298850574712645,0.38850574712643676,2.4827586206896552,2.229885057471264,1.9425287356321839,0.40606060606060607,0.49370277078085645,0.4,0.17655178737331922
55,low_rating_bottom30_bayes_category_m25,content_plus_quantity,ExtraTreesClassifier,25,1480,0.2939189189189189,0.5482234766515764,0.7573007754495958,0.6756756756756757,0.6486486486486487,0.5878378378378378,0.11494252873563218,0.2206896551724138,0.4,2.2988505747126435,2.206896551724138,2.0,0.40853658536585363,0.2836624775583483,0.55,0.1833090504083405
55,low_rating_bottom30_bayes_category_m25,content_plus_quantity,XGBoostClassifier,25,1480,0.2939189189189189,0.5509266479809165,0.7514227575207612,0.6891891891891891,0.6418918918918919,0.5777027027027027,0.11724137931034483,0.21839080459770116,0.3931034482758621,2.3448275862068964,2.1839080459770117,1.9655172413793105,0.3932411674347158,0.4961439588688946,0.4,0.17415891587734222
55,low_rating_bottom30_category_relative,content_plus_quantity,DummyClassifier,25,1480,0.28243243243243243,0.28243243243243243,0.5,0.22972972972972974,0.2972972972972973,0.2939189189189189,0.04066985645933014,0.10526315789473684,0.20813397129186603,0.8133971291866029,1.0526315789473684,1.0406698564593302,0.0,0.440463645943098,0.05,0.20266713711024323
55,low_rating_bottom30_category_relative,content_plus_quantity,LogisticRegression,25,1480,0.28243243243243243,0.5020078749000633,0.7279260040187783,0.6621621621621622,0.5878378378378378,0.5405405405405406,0.11722488038277512,0.20813397129186603,0.3827751196172249,2.3444976076555024,2.0813397129186604,1.9138755980861244,0.43804034582132567,0.5292929292929293,0.3,0.18000953016279927
55,low_rating_bottom30_category_relative,content_plus_quantity,LogisticRegressionBalanced,25,1480,0.28243243243243243,0.498119617612601,0.7275858495751448,0.6756756756756757,0.5878378378378378,0.5371621621621622,0.11961722488038277,0.20813397129186603,0.3803827751196172,2.3923444976076556,2.0813397129186604,1.9019138755980862,0.531496062992126,0.531496062992126,0.5,0.21154406814477372
55,low_rating_bottom30_category_relative,content_plus_quantity,HistGradientBoostingClassifier,25,1480,0.28243243243243243,0.5258237430848309,0.7403292514800097,0.7567567567567568,0.6283783783783784,0.5574324324324325,0.1339712918660287,0.22248803827751196,0.39473684210526316,2.6794258373205744,2.22488038277512,1.973684210526316,0.38126009693053314,0.4621733149931224,0.4,0.1736091094908701
55,low_rating_bottom30_category_relative,content_plus_quantity,ExtraTreesClassifier,25,1480,0.28243243243243243,0.5236447531352467,0.7461997314807305,0.6756756756756757,0.6486486486486487,0.5608108108108109,0.11961722488038277,0.22966507177033493,0.39712918660287083,2.3923444976076556,2.2966507177033493,1.985645933014354,0.35800344234079173,0.4611032531824611,0.45,0.18295275159368113
55,low_rating_bottom30_category_relative,content_plus_quantity,XGBoostClassifier,25,1480,0.28243243243243243,0.5286571702880682,0.7477743537065571,0.6621621621621622,0.6283783783783784,0.5540540540540541,0.11722488038277512,0.22248803827751196,0.3923444976076555,2.3444976076555024,2.22488038277512,1.9617224880382775,0.38205980066445183,0.477088948787062,0.4,0.17204353213310242
11,low_rating_bottom30_raw,content_quantity_plus_reliability,DummyClassifier,25,1480,0.2641891891891892,0.2641891891891892,0.5,0.14864864864864866,0.1891891891891892,0.2195945945945946,0.028132992327365727,0.07161125319693094,0.16624040920716113,0.5626598465473146,0.7161125319693095,0.8312020460358056,0.0,0.4179583110636024,0.05,0.19439326159678844
11,low_rating_bottom30_raw,content_quantity_plus_reliability,LogisticRegression,25,1480,0.2641891891891892,0.531938155711635,0.771735020514374,0.6216216216216216,0.6418918918918919,0.5608108108108109,0.11764705882352941,0.24296675191815856,0.42455242966751916,2.352941176470588,2.4296675191815855,2.122762148337596,0.46987951807228917,0.5532831001076426,0.3,0.16302201966904828
11,low_rating_bottom30_raw,content_quantity_plus_reliability,LogisticRegressionBalanced,25,1480,0.2641891891891892,0.5266159932520271,0.7728998893844278,0.6081081081081081,0.6351351351351351,0.5540540540540541,0.11508951406649616,0.24040920716112532,0.4194373401534527,2.301790281329923,2.404092071611253,2.097186700767263,0.5648241206030151,0.5648241206030151,0.5,0.196962704290125
11,low_rating_bottom30_raw,content_quantity_plus_reliability,HistGradientBoostingClassifier,25,1480,0.2641891891891892,0.5441421422641894,0.7662347727448866,0.7432432432432432,0.6554054054054054,0.5608108108108109,0.14066496163682865,0.24808184143222506,0.42455242966751916,2.8132992327365725,2.4808184143222505,2.122762148337596,0.411663807890223,0.4914772727272727,0.4,0.16019153582395734
11,low_rating_bottom30_raw,content_quantity_plus_reliability,ExtraTreesClassifier,25,1480,0.2641891891891892,0.5511282273561263,0.7616551471468933,0.7297297297297297,0.668918918918919,0.5608108108108109,0.13810741687979539,0.2531969309462916,0.42455242966751916,2.7621483375959075,2.5319693094629154,2.122762148337596,0.40418118466898956,0.28336755646817247,0.55,0.17218610319770142
11,low_rating_bottom30_raw,content_quantity_plus_reliability,XGBoostClassifier,25,1480,0.2641891891891892,0.5698308982219145,0.7838299291449723,0.8108108108108109,0.668918918918919,0.5844594594594594,0.1534526854219949,0.2531969309462916,0.4424552429667519,3.0690537084398977,2.5319693094629154,2.2122762148337594,0.42287694974003465,0.502906976744186,0.4,0.15491996705532074
11,low_rating_bottom20_raw,content_quantity_plus_reliability,DummyClassifier,25,1480,0.175,0.175,0.5,0.12162162162162163,0.14864864864864866,0.1554054054054054,0.03474903474903475,0.08494208494208494,0.1776061776061776,0.694980694980695,0.8494208494208495,0.888030888030888,0.0,0.2978723404255319,0.05,0.14458779688229306
11,low_rating_bottom20_raw,content_quantity_plus_reliability,LogisticRegression,25,1480,0.175,0.4555124532737115,0.7930710633413336,0.6351351351351351,0.5472972972972973,0.44256756756756754,0.18146718146718147,0.3127413127413127,0.5057915057915058,3.629343629343629,3.1274131274131274,2.528957528957529,0.3869346733668342,0.45981308411214955,0.3,0.12119222112955946
11,low_rating_bottom20_raw,content_quantity_plus_reliability,LogisticRegressionBalanced,25,1480,0.175,0.4425067915468441,0.7879515176812473,0.5945945945945946,0.5337837837837838,0.43243243243243246,0.16988416988416988,0.305019305019305,0.4942084942084942,3.397683397683398,3.0501930501930503,2.4710424710424714,0.4639175257731959,0.4737631184407796,0.6,0.185733356211609
11,low_rating_bottom20_raw,content_quantity_plus_reliability,HistGradientBoostingClassifier,25,1480,0.175,0.43889029369226046,0.8000752595347189,0.5675675675675675,0.5067567567567568,0.4560810810810811,0.16216216216216217,0.28957528957528955,0.5212355212355212,3.2432432432432434,2.895752895752896,2.6061776061776065,0.22429906542056074,0.3493670886075949,0.35,0.12295889019020773
11,low_rating_bottom20_raw,content_quantity_plus_reliability,ExtraTreesClassifier,25,1480,0.175,0.49724521427291224,0.7945383080518216,0.7432432432432432,0.5743243243243243,0.46621621621621623,0.21235521235521235,0.3281853281853282,0.5328185328185329,4.2471042471042475,3.281853281853282,2.6640926640926645,0.24104234527687296,0.24104234527687296,0.5,0.12716186650554542
11,low_rating_bottom20_raw,content_quantity_plus_reliability,XGBoostClassifier,25,1480,0.175,0.4705085387848069,0.8106969728591351,0.5945945945945946,0.5675675675675675,0.44256756756756754,0.16988416988416988,0.32432432432432434,0.5057915057915058,3.397683397683398,3.2432432432432434,2.528957528957529,0.22580645161290322,0.4423529411764706,0.3,0.11926602572202682
11,low_rating_bottom30_bayes_global_m25,content_quantity_plus_reliability,DummyClassifier,25,1480,0.30675675675675673,0.30675675675675673,0.5,0.21621621621621623,0.25675675675675674,0.28040540540540543,0.03524229074889868,0.08370044052863436,0.1828193832599119,0.7048458149779737,0.8370044052863437,0.9140969162995596,0.0,0.46949327817993797,0.05,0.21269052096873856
11,low_rating_bottom30_bayes_global_m25,content_quantity_plus_reliability,LogisticRegression,25,1480,0.30675675675675673,0.5487586610746462,0.7379928038402419,0.6756756756756757,0.6621621621621622,0.5878378378378378,0.11013215859030837,0.21585903083700442,0.3832599118942731,2.2026431718061676,2.1585903083700444,1.9162995594713657,0.4777636594663278,0.5411764705882353,0.35,0.18557840283375543
11,low_rating_bottom30_bayes_global_m25,content_quantity_plus_reliability,LogisticRegressionBalanced,25,1480,0.30675675675675673,0.5472681385621909,0.7377373315815235,0.6621621621621622,0.6554054054054054,0.581081081081081,0.10792951541850221,0.21365638766519823,0.3788546255506608,2.1585903083700444,2.1365638766519823,1.894273127753304,0.5552511415525114,0.5387673956262425,0.55,0.2101515739803655
11,low_rating_bottom30_bayes_global_m25,content_quantity_plus_reliability,HistGradientBoostingClassifier,25,1480,0.30675675675675673,0.5321971411441154,0.7285317429648521,0.6891891891891891,0.6283783783783784,0.5878378378378378,0.11233480176211454,0.20484581497797358,0.3832599118942731,2.246696035242291,2.048458149779736,1.9162995594713657,0.42777777777777776,0.5209513023782559,0.4,0.18464133484184764
11,low_rating_bottom30_bayes_global_m25,content_quantity_plus_reliability,ExtraTreesClassifier,25,1480,0.30675675675675673,0.5411182655082154,0.7285446239190732,0.7027027027027027,0.6283783783783784,0.5675675675675675,0.1145374449339207,0.20484581497797358,0.3700440528634361,2.2907488986784146,2.048458149779736,1.8502202643171808,0.42777777777777776,0.2962962962962963,0.55,0.19242010319575567
11,low_rating_bottom30_bayes_global_m25,content_quantity_plus_reliability,XGBoostClassifier,25,1480,0.30675675675675673,0.5431354852906433,0.7392594310053155,0.6486486486486487,0.6486486486486487,0.5878378378378378,0.10572687224669604,0.21145374449339208,0.3832599118942731,2.114537444933921,2.114537444933921,1.9162995594713657,0.42424242424242425,0.5353075170842825,0.4,0.18101222813129425
11,low_rating_bottom30_bayes_category_m25,content_quantity_plus_reliability,DummyClassifier,25,1480,0.2891891891891892,0.2891891891891892,0.5,0.17567567567567569,0.20270270270270271,0.23648648648648649,0.030373831775700934,0.07009345794392523,0.16355140186915887,0.6074766355140188,0.7009345794392524,0.8177570093457944,0.0,0.44863731656184486,0.05,0.20556174954501008
11,low_rating_bottom30_bayes_category_m25,content_quantity_plus_reliability,LogisticRegression,25,1480,0.2891891891891892,0.550977173566869,0.767054742191109,0.6351351351351351,0.6486486486486487,0.6047297297297297,0.10981308411214953,0.22429906542056074,0.4182242990654206,2.196261682242991,2.2429906542056077,2.0911214953271027,0.5180240320427236,0.5560165975103735,0.35,0.1726821636287672
11,low_rating_bottom30_bayes_category_m25,content_quantity_plus_reliability,LogisticRegressionBalanced,25,1480,0.2891891891891892,0.5446889484461817,0.766048647880317,0.6081081081081081,0.6418918918918919,0.6081081081081081,0.10514018691588785,0.2219626168224299,0.4205607476635514,2.102803738317757,2.2196261682242993,2.102803738317757,0.5657142857142857,0.5657142857142857,0.5,0.20028166397393163
11,low_rating_bottom30_bayes_category_m25,content_quantity_plus_reliability,HistGradientBoostingClassifier,25,1480,0.2891891891891892,0.5705103632644638,0.7610803631711737,0.7162162162162162,0.7027027027027027,0.6182432432432432,0.12383177570093458,0.24299065420560748,0.42757009345794394,2.4766355140186915,2.429906542056075,2.1378504672897196,0.4501510574018127,0.5329949238578681,0.4,0.16860165853281178
11,low_rating_bottom30_bayes_category_m25,content_quantity_plus_reliability,ExtraTreesClassifier,25,1480,0.2891891891891892,0.5533395084166511,0.7599898724281298,0.6756756756756757,0.6486486486486487,0.5608108108108109,0.11682242990654206,0.22429906542056074,0.3878504672897196,2.336448598130841,2.2429906542056077,1.9392523364485983,0.41602465331278893,0.2893772893772894,0.55,0.18154216314999713
11,low_rating_bottom30_bayes_category_m25,content_quantity_plus_reliability,XGBoostClassifier,25,1480,0.2891891891891892,0.5852603610028263,0.7758697274439429,0.7432432432432432,0.6891891891891891,0.625,0.12850467289719625,0.2383177570093458,0.4322429906542056,2.5700934579439254,2.383177570093458,2.161214953271028,0.4246153846153846,0.5431472081218274,0.4,0.16481244564056396
11,low_rating_bottom30_category_relative,content_quantity_plus_reliability,DummyClassifier,25,1480,0.28040540540540543,0.28040540540540543,0.5,0.14864864864864866,0.20270270270270271,0.23986486486486486,0.02650602409638554,0.07228915662650602,0.1710843373493976,0.5301204819277109,0.7228915662650602,0.8554216867469878,0.0,0.43799472295514513,0.05,0.20177896350242255
11,low_rating_bottom30_category_relative,content_quantity_plus_reliability,LogisticRegression,25,1480,0.28040540540540543,0.5446444267312605,0.7635567622603088,0.6351351351351351,0.668918918918919,0.5608108108108109,0.11325301204819277,0.2385542168674699,0.4,2.265060240963855,2.3855421686746987,2.0,0.47058823529411764,0.5543369890329013,0.3,0.1693696299138469
11,low_rating_bottom30_category_relative,content_quantity_plus_reliability,LogisticRegressionBalanced,25,1480,0.28040540540540543,0.5435621762514912,0.7660863170993835,0.6351351351351351,0.6554054054054054,0.5709459459459459,0.11325301204819277,0.23373493975903614,0.4072289156626506,2.265060240963855,2.337349397590361,2.036144578313253,0.5632730732635585,0.5632730732635585,0.5,0.20043250442508423
11,low_rating_bottom30_category_relative,content_quantity_plus_reliability,HistGradientBoostingClassifier,25,1480,0.28040540540540543,0.5508015853123208,0.7604117879970587,0.7567567567567568,0.6621621621621622,0.5641891891891891,0.13493975903614458,0.236144578313253,0.40240963855421685,2.6987951807228914,2.36144578313253,2.012048192771084,0.40381558028616854,0.4940554821664465,0.4,0.16739537560264797
11,low_rating_bottom30_category_relative,content_quantity_plus_reliability,ExtraTreesClassifier,25,1480,0.28040540540540543,0.5539227622569458,0.7567102211663556,0.7567567567567568,0.6554054054054054,0.5574324324324325,0.13493975903614458,0.23373493975903614,0.39759036144578314,2.6987951807228914,2.337349397590361,1.9879518072289155,0.38175675675675674,0.2559055118110236,0.55,0.1799448621356564
11,low_rating_bottom30_category_relative,content_quantity_plus_reliability,XGBoostClassifier,25,1480,0.28040540540540543,0.54579985096951,0.7650953108207478,0.6756756756756757,0.6554054054054054,0.5945945945945946,0.12048192771084337,0.23373493975903614,0.42409638554216866,2.4096385542168672,2.337349397590361,2.1204819277108435,0.4215686274509804,0.5128900949796472,0.4,0.1661355048418045
22,low_rating_bottom30_raw,content_quantity_plus_reliability,DummyClassifier,25,1480,0.2641891891891892,0.2641891891891892,0.5,0.25675675675675674,0.2635135135135135,0.30405405405405406,0.04859335038363171,0.09974424552429667,0.23017902813299232,0.9718670076726341,0.9974424552429666,1.1508951406649615,0.0,0.4179583110636024,0.05,0.19439326159678844
22,low_rating_bottom30_raw,content_quantity_plus_reliability,LogisticRegression,25,1480,0.2641891891891892,0.545206099986532,0.7716551706321527,0.7297297297297297,0.6418918918918919,0.543918918918919,0.13810741687979539,0.24296675191815856,0.4117647058823529,2.7621483375959075,2.4296675191815855,2.058823529411765,0.46015037593984964,0.536928487690504,0.35,0.16264674771607535
22,low_rating_bottom30_raw,content_quantity_plus_reliability,LogisticRegressionBalanced,25,1480,0.2641891891891892,0.5434031888663136,0.7703728754647146,0.7027027027027027,0.668918918918919,0.5405405405405406,0.1329923273657289,0.2531969309462916,0.4092071611253197,2.659846547314578,2.5319693094629154,2.0460358056265986,0.5512295081967213,0.5460526315789473,0.55,0.19572302011833242
22,low_rating_bottom30_raw,content_quantity_plus_reliability,HistGradientBoostingClassifier,25,1480,0.2641891891891892,0.5474513640794668,0.7617913616518592,0.6891891891891891,0.6418918918918919,0.5878378378378378,0.13043478260869565,0.24296675191815856,0.44501278772378516,2.6086956521739126,2.4296675191815855,2.2250639386189257,0.40619621342512907,0.5065123010130246,0.4,0.16095662041258796
22,low_rating_bottom30_raw,content_quantity_plus_reliability,ExtraTreesClassifier,25,1480,0.2641891891891892,0.5670644302868827,0.7663568960941664,0.8243243243243243,0.6824324324324325,0.5608108108108109,0.15601023017902813,0.25831202046035806,0.42455242966751916,3.1202046035805626,2.5831202046035804,2.122762148337596,0.3890909090909091,0.16166281755196305,0.6,0.17043499561987438
22,low_rating_bottom30_raw,content_quantity_plus_reliability,XGBoostClassifier,25,1480,0.2641891891891892,0.5641038981352801,0.7750417450487201,0.7837837837837838,0.6486486486486487,0.5709459459459459,0.1483375959079284,0.24552429667519182,0.4322250639386189,2.9667519181585673,2.455242966751918,2.1611253196930944,0.3929824561403509,0.5220883534136547,0.35,0.15773051977157593
22,low_rating_bottom20_raw,content_quantity_plus_reliability,DummyClassifier,25,1480,0.1581081081081081,0.1581081081081081,0.5,0.14864864864864866,0.14189189189189189,0.16891891891891891,0.04700854700854701,0.08974358974358974,0.21367521367521367,0.9401709401709403,0.8974358974358975,1.0683760683760684,0.0,0.27304550758459745,0.05,0.13315257726117266
22,low_rating_bottom20_raw,content_quantity_plus_reliability,LogisticRegression,25,1480,0.1581081081081081,0.42078591585077335,0.7814407814407814,0.5675675675675675,0.5135135135135135,0.38513513513513514,0.1794871794871795,0.3247863247863248,0.48717948717948717,3.58974358974359,3.247863247863248,2.435897435897436,0.3891891891891892,0.4380305602716469,0.25,0.1154711333733399
22,low_rating_bottom20_raw,content_quantity_plus_reliability,LogisticRegressionBalanced,25,1480,0.1581081081081081,0.41216270089396684,0.7827783951379457,0.5405405405405406,0.5202702702702703,0.3885135135135135,0.17094017094017094,0.32905982905982906,0.49145299145299143,3.418803418803419,3.290598290598291,2.457264957264957,0.43490304709141275,0.44227642276422763,0.6,0.1827028021734533
22,low_rating_bottom20_raw,content_quantity_plus_reliability,HistGradientBoostingClassifier,25,1480,0.1581081081081081,0.4367360943188198,0.7739775829663471,0.6486486486486487,0.5405405405405406,0.3918918918918919,0.20512820512820512,0.3418803418803419,0.49572649572649574,4.102564102564103,3.418803418803419,2.4786324786324787,0.28187919463087246,0.4032258064516129,0.35,0.11228325333770614
22,low_rating_bottom20_raw,content_quantity_plus_reliability,ExtraTreesClassifier,25,1480,0.1581081081081081,0.44790333654213915,0.7940657968747856,0.6756756756756757,0.5540540540540541,0.38513513513513514,0.21367521367521367,0.3504273504273504,0.48717948717948717,4.273504273504273,3.5042735042735043,2.435897435897436,0.2127659574468085,0.109375,0.55,0.12147798639881371
22,low_rating_bottom20_raw,content_quantity_plus_reliability,XGBoostClassifier,25,1480,0.1581081081081081,0.43316980813820294,0.7796229987241223,0.6216216216216216,0.527027027027027,0.40202702702702703,0.19658119658119658,0.3333333333333333,0.5085470085470085,3.9316239316239314,3.333333333333333,2.542735042735043,0.28762541806020064,0.430622009569378,0.3,0.11162196099758148
22,low_rating_bottom30_bayes_global_m25,content_quantity_plus_reliability,DummyClassifier,25,1480,0.3202702702702703,0.3202702702702703,0.5,0.2972972972972973,0.31756756756756754,0.36486486486486486,0.046413502109704644,0.09915611814345991,0.22784810126582278,0.9282700421940928,0.991561181434599,1.1392405063291138,0.0,0.4851586489252815,0.05,0.2178206269025919
22,low_rating_bottom30_bayes_global_m25,content_quantity_plus_reliability,LogisticRegression,25,1480,0.3202702702702703,0.5697734782064493,0.746483126557113,0.7432432432432432,0.6418918918918919,0.597972972972973,0.1160337552742616,0.20042194092827004,0.37341772151898733,2.3206751054852317,2.0042194092827006,1.8670886075949369,0.4870848708487085,0.5553398058252427,0.35,0.18675885039126316
22,low_rating_bottom30_bayes_global_m25,content_quantity_plus_reliability,LogisticRegressionBalanced,25,1480,0.3202702702702703,0.569027072980654,0.7436394292473011,0.7567567567567568,0.6486486486486487,0.6013513513513513,0.11814345991561181,0.20253164556962025,0.3755274261603376,2.3628691983122363,2.0253164556962027,1.8776371308016877,0.5696087352138307,0.5696087352138307,0.5,0.20699753604371007
22,low_rating_bottom30_bayes_global_m25,content_quantity_plus_reliability,HistGradientBoostingClassifier,25,1480,0.3202702702702703,0.562935896489756,0.7450948318527651,0.6891891891891891,0.6824324324324325,0.597972972972973,0.10759493670886076,0.21308016877637131,0.37341772151898733,2.151898734177215,2.130801687763713,1.8670886075949369,0.4377564979480164,0.5409090909090909,0.4,0.18438057381233425
22,low_rating_bottom30_bayes_global_m25,content_quantity_plus_reliability,ExtraTreesClassifier,25,1480,0.3202702702702703,0.5996435960047722,0.7539929201164323,0.7837837837837838,0.7027027027027027,0.6385135135135135,0.12236286919831224,0.21940928270042195,0.3987341772151899,2.4472573839662446,2.1940928270042197,1.9936708860759493,0.45816186556927296,0.3197389885807504,0.55,0.18894042836483435
22,low_rating_bottom30_bayes_global_m25,content_quantity_plus_reliability,XGBoostClassifier,25,1480,0.3202702702702703,0.5837575384082689,0.7545528516663731,0.7837837837837838,0.668918918918919,0.6081081081081081,0.12236286919831224,0.2088607594936709,0.379746835443038,2.4472573839662446,2.088607594936709,1.8987341772151898,0.425,0.5452436194895591,0.4,0.1806296855211258
22,low_rating_bottom30_bayes_category_m25,content_quantity_plus_reliability,DummyClassifier,25,1480,0.2918918918918919,0.2918918918918919,0.5,0.3108108108108108,0.2972972972972973,0.3344594594594595,0.05324074074074074,0.10185185185185185,0.22916666666666666,1.0648148148148147,1.0185185185185186,1.1458333333333333,0.0,0.45188284518828453,0.05,0.20669377760638163
22,low_rating_bottom30_bayes_category_m25,content_quantity_plus_reliability,LogisticRegression,25,1480,0.2918918918918919,0.5925071591050575,0.7776850084817643,0.8243243243243243,0.7162162162162162,0.5878378378378378,0.1412037037037037,0.24537037037037038,0.4027777777777778,2.824074074074074,2.4537037037037037,2.013888888888889,0.49667994687915007,0.5852713178294574,0.3,0.16777339257835605
22,low_rating_bottom30_bayes_category_m25,content_quantity_plus_reliability,LogisticRegressionBalanced,25,1480,0.2918918918918919,0.5917355531944988,0.7767838210347753,0.7837837837837838,0.7027027027027027,0.5945945945945946,0.13425925925925927,0.24074074074074073,0.4074074074074074,2.685185185185185,2.4074074074074074,2.037037037037037,0.5807692307692308,0.5772773797338793,0.55,0.1932364451433301
22,low_rating_bottom30_bayes_category_m25,content_quantity_plus_reliability,HistGradientBoostingClassifier,25,1480,0.2918918918918919,0.5864418644365279,0.769366694939214,0.7837837837837838,0.7162162162162162,0.6317567567567568,0.13425925925925927,0.24537037037037038,0.43287037037037035,2.685185185185185,2.4537037037037037,2.164351851851852,0.44716692189892804,0.5362134688691232,0.4,0.16728125015601192
22,low_rating_bottom30_bayes_category_m25,content_quantity_plus_reliability,ExtraTreesClassifier,25,1480,0.2918918918918919,0.5968221965844961,0.7636702184054283,0.8918918918918919,0.7432432432432432,0.5844594594594594,0.1527777777777778,0.25462962962962965,0.40046296296296297,3.0555555555555554,2.546296296296296,2.0023148148148144,0.41379310344827586,0.3228200371057514,0.55,0.17841728874488091
22,low_rating_bottom30_bayes_category_m25,content_quantity_plus_reliability,XGBoostClassifier,25,1480,0.2918918918918919,0.602550159847766,0.7714230810008481,0.8378378378378378,0.6756756756756757,0.6216216216216216,0.14351851851851852,0.23148148148148148,0.42592592592592593,2.8703703703703702,2.3148148148148144,2.1296296296296293,0.41025641025641024,0.525096525096525,0.4,0.16573253273963928
22,low_rating_bottom30_category_relative,content_quantity_plus_reliability,DummyClassifier,25,1480,0.28243243243243243,0.28243243243243243,0.5,0.2702702702702703,0.28378378378378377,0.31756756756756754,0.04784688995215311,0.10047846889952153,0.22488038277511962,0.9569377990430622,1.0047846889952152,1.124401913875598,0.0,0.440463645943098,0.05,0.20266713711024323
22,low_rating_bottom30_category_relative,content_quantity_plus_reliability,LogisticRegression,25,1480,0.28243243243243243,0.548664886526437,0.7563795853269537,0.7297297297297297,0.6418918918918919,0.5608108108108109,0.1291866028708134,0.22727272727272727,0.39712918660287083,2.5837320574162677,2.2727272727272725,1.985645933014354,0.46088193456614507,0.5293466223698782,0.35,0.1724085421773334
22,low_rating_bottom30_category_relative,content_quantity_plus_reliability,LogisticRegressionBalanced,25,1480,0.28243243243243243,0.5445862066183788,0.7530456212436587,0.7297297297297297,0.6486486486486487,0.5641891891891891,0.1291866028708134,0.22966507177033493,0.39952153110047844,2.5837320574162677,2.2966507177033493,1.9976076555023923,0.549558390578999,0.5121107266435986,0.6,0.20208192015535556
22,low_rating_bottom30_category_relative,content_quantity_plus_reliability,HistGradientBoostingClassifier,25,1480,0.28243243243243243,0.5587781833607214,0.7525522846664685,0.7567567567567568,0.6891891891891891,0.6081081081081081,0.1339712918660287,0.24401913875598086,0.430622009569378,2.6794258373205744,2.4401913875598082,2.15311004784689,0.43729903536977494,0.5087956698240866,0.4,0.16836167185715067
22,low_rating_bottom30_category_relative,content_quantity_plus_reliability,ExtraTreesClassifier,25,1480,0.28243243243243243,0.5602404620471059,0.7478712188792475,0.8243243243243243,0.7094594594594594,0.5608108108108109,0.145933014354067,0.2511961722488038,0.39712918660287083,2.9186602870813396,2.511961722488038,1.985645933014354,0.3896551724137931,0.2634730538922156,0.55,0.18024847673354014
22,low_rating_bottom30_category_relative,content_quantity_plus_reliability,XGBoostClassifier,25,1480,0.28243243243243243,0.5583341243732737,0.7575554834698456,0.6891891891891891,0.6621621621621622,0.5844594594594594,0.12200956937799043,0.23444976076555024,0.4138755980861244,2.4401913875598082,2.3444976076555024,2.0693779904306218,0.3933884297520661,0.48678720445062584,0.4,0.16827434301376343
33,low_rating_bottom30_raw,content_quantity_plus_reliability,DummyClassifier,25,1480,0.2641891891891892,0.2641891891891892,0.5,0.32432432432432434,0.25675675675675674,0.23986486486486486,0.061381074168797956,0.09718670076726342,0.1815856777493606,1.227621483375959,0.9718670076726341,0.9079283887468029,0.0,0.4179583110636024,0.05,0.1943932615967885
33,low_rating_bottom30_raw,content_quantity_plus_reliability,LogisticRegression,25,1480,0.2641891891891892,0.522011821218312,0.7524489254319526,0.7027027027027027,0.6554054054054054,0.543918918918919,0.1329923273657289,0.24808184143222506,0.4117647058823529,2.659846547314578,2.4808184143222505,2.058823529411765,0.4617691154422789,0.5157096424702059,0.3,0.1681752023217928
33,low_rating_bottom30_raw,content_quantity_plus_reliability,LogisticRegressionBalanced,25,1480,0.2641891891891892,0.5201070583096026,0.7537312205993908,0.7027027027027027,0.6351351351351351,0.5371621621621622,0.1329923273657289,0.24040920716112532,0.40664961636828645,2.659846547314578,2.404092071611253,2.0332480818414322,0.529045643153527,0.529045643153527,0.5,0.20159106008516625
33,low_rating_bottom30_raw,content_quantity_plus_reliability,HistGradientBoostingClassifier,25,1480,0.2641891891891892,0.5492065525952043,0.7568148351687063,0.7567567567567568,0.6554054054054054,0.5878378378378378,0.1432225063938619,0.24808184143222506,0.44501278772378516,2.864450127877238,2.4808184143222505,2.2250639386189257,0.38571428571428573,0.5036818851251841,0.4,0.16133203265936955
33,low_rating_bottom30_raw,content_quantity_plus_reliability,ExtraTreesClassifier,25,1480,0.2641891891891892,0.5264445333204654,0.753240378676324,0.6891891891891891,0.6216216216216216,0.5304054054054054,0.13043478260869565,0.23529411764705882,0.40153452685422,2.6086956521739126,2.352941176470588,2.0076726342710995,0.3552397868561279,0.15873015873015872,0.6,0.17311377630825314
33,low_rating_bottom30_raw,content_quantity_plus_reliability,XGBoostClassifier,25,1480,0.2641891891891892,0.5524449310429919,0.7607086911899746,0.7297297297297297,0.6959459459459459,0.5608108108108109,0.13810741687979539,0.26342710997442453,0.42455242966751916,2.7621483375959075,2.6342710997442453,2.122762148337596,0.40636042402826855,0.48546511627906974,0.4,0.15990161895751953
33,low_rating_bottom20_raw,content_quantity_plus_reliability,DummyClassifier,25,1480,0.17229729729729729,0.17229729729729729,0.5,0.25675675675675674,0.17567567567567569,0.17905405405405406,0.07450980392156863,0.10196078431372549,0.20784313725490197,1.4901960784313726,1.019607843137255,1.0392156862745099,0.0,0.29394812680115273,0.05,0.14273657413363808
33,low_rating_bottom20_raw,content_quantity_plus_reliability,LogisticRegression,25,1480,0.17229729729729729,0.39629124456170994,0.7469579831932773,0.527027027027027,0.4391891891891892,0.38513513513513514,0.15294117647058825,0.2549019607843137,0.4470588235294118,3.0588235294117645,2.5490196078431375,2.235294117647059,0.2978723404255319,0.40373831775700936,0.3,0.1308091883624715
33,low_rating_bottom20_raw,content_quantity_plus_reliability,LogisticRegressionBalanced,25,1480,0.17229729729729729,0.379902094828813,0.7404561824729892,0.5,0.4527027027027027,0.36824324324324326,0.1450980392156863,0.2627450980392157,0.42745098039215684,2.901960784313726,2.627450980392157,2.1372549019607847,0.43105756358768405,0.43453237410071943,0.55,0.19665840936399523
33,low_rating_bottom20_raw,content_quantity_plus_reliability,HistGradientBoostingClassifier,25,1480,0.17229729729729729,0.4264574294274336,0.782815526210484,0.6081081081081081,0.4864864864864865,0.4222972972972973,0.17647058823529413,0.2823529411764706,0.49019607843137253,3.5294117647058827,2.823529411764706,2.450980392156863,0.24922118380062305,0.3460559796437659,0.35,0.12370571896410719
33,low_rating_bottom20_raw,content_quantity_plus_reliability,ExtraTreesClassifier,25,1480,0.17229729729729729,0.4065374438496546,0.7667002801120448,0.5135135135135135,0.4864864864864865,0.39864864864864863,0.14901960784313725,0.2823529411764706,0.4627450980392157,2.980392156862745,2.823529411764706,2.3137254901960786,0.21153846153846154,0.21153846153846154,0.5,0.13084883619340076
33,low_rating_bottom20_raw,content_quantity_plus_reliability,XGBoostClassifier,25,1480,0.17229729729729729,0.4286231745989333,0.7783881552621048,0.527027027027027,0.47297297297297297,0.4155405405405405,0.15294117647058825,0.27450980392156865,0.4823529411764706,3.0588235294117645,2.7450980392156863,2.411764705882353,0.21428571428571427,0.33587786259541985,0.35,0.12298594415187836
33,low_rating_bottom30_bayes_global_m25,content_quantity_plus_reliability,DummyClassifier,25,1480,0.31283783783783786,0.31283783783783786,0.5,0.35135135135135137,0.30405405405405406,0.28716216216216217,0.056155507559395246,0.09719222462203024,0.183585313174946,1.123110151187905,0.9719222462203023,0.91792656587473,0.0,0.47658260422027793,0.05,0.21497362609946905
33,low_rating_bottom30_bayes_global_m25,content_quantity_plus_reliability,LogisticRegression,25,1480,0.31283783783783786,0.5778741154938905,0.742940210800835,0.7567567567567568,0.7027027027027027,0.6351351351351351,0.12095032397408208,0.22462203023758098,0.4060475161987041,2.4190064794816415,2.24622030237581,2.03023758099352,0.504950495049505,0.5505836575875487,0.35,0.18337832190864348
33,low_rating_bottom30_bayes_global_m25,content_quantity_plus_reliability,LogisticRegressionBalanced,25,1480,0.31283783783783786,0.5780040331843928,0.74345839943424,0.7567567567567568,0.7094594594594594,0.6216216216216216,0.12095032397408208,0.2267818574514039,0.39740820734341253,2.4190064794816415,2.2678185745140387,1.9870410367170623,0.5599268069533394,0.5599268069533394,0.5,0.20721244529704624
33,low_rating_bottom30_bayes_global_m25,content_quantity_plus_reliability,HistGradientBoostingClassifier,25,1480,0.31283783783783786,0.5737800740163134,0.7450745533277692,0.7972972972972973,0.7027027027027027,0.6114864864864865,0.12742980561555076,0.22462203023758098,0.39092872570194387,2.548596112311015,2.24622030237581,1.954643628509719,0.4511691884456671,0.5264367816091954,0.4,0.18075575728191234
33,low_rating_bottom30_bayes_global_m25,content_quantity_plus_reliability,ExtraTreesClassifier,25,1480,0.31283783783783786,0.5773243427443567,0.7438895153874415,0.7297297297297297,0.6756756756756757,0.6013513513513513,0.11663066954643629,0.2159827213822894,0.38444924406047515,2.3326133909287257,2.159827213822894,1.9222462203023756,0.4521497919556172,0.19850187265917604,0.6,0.18923481547554358
33,low_rating_bottom30_bayes_global_m25,content_quantity_plus_reliability,XGBoostClassifier,25,1480,0.31283783783783786,0.6027315291124423,0.7566594672426205,0.7972972972972973,0.7432432432432432,0.6418918918918919,0.12742980561555076,0.23758099352051837,0.4103671706263499,2.548596112311015,2.3758099352051834,2.0518358531317493,0.479108635097493,0.5406032482598608,0.4,0.17506372928619385
33,low_rating_bottom30_bayes_category_m25,content_quantity_plus_reliability,DummyClassifier,25,1480,0.28783783783783784,0.28783783783783784,0.5,0.33783783783783783,0.2972972972972973,0.27364864864864863,0.05868544600938967,0.10328638497652583,0.19014084507042253,1.1737089201877935,1.0328638497652582,0.9507042253521126,0.0,0.44700944386149005,0.05,0.20499881945850662
33,low_rating_bottom30_bayes_category_m25,content_quantity_plus_reliability,LogisticRegression,25,1480,0.28783783783783784,0.5656179096859454,0.7584164060899234,0.7837837837837838,0.6891891891891891,0.5844594594594594,0.13615023474178403,0.23943661971830985,0.4061032863849765,2.7230046948356805,2.3943661971830985,2.0305164319248825,0.49865951742627346,0.5541463414634147,0.3,0.1725843980399886
33,low_rating_bottom30_bayes_category_m25,content_quantity_plus_reliability,LogisticRegressionBalanced,25,1480,0.28783783783783784,0.5611082619064581,0.7590867787369378,0.7837837837837838,0.6959459459459459,0.5777027027027027,0.13615023474178403,0.24178403755868544,0.4014084507042254,2.7230046948356805,2.4178403755868545,2.007042253521127,0.5642512077294686,0.5642512077294686,0.5,0.19996927098445821
33,low_rating_bottom30_bayes_category_m25,content_quantity_plus_reliability,HistGradientBoostingClassifier,25,1480,0.28783783783783784,0.5794713790996938,0.764215908989675,0.7837837837837838,0.7094594594594594,0.6047297297297297,0.13615023474178403,0.24647887323943662,0.42018779342723006,2.7230046948356805,2.464788732394366,2.10093896713615,0.4374057315233786,0.532484076433121,0.4,0.16735853372696952
33,low_rating_bottom30_bayes_category_m25,content_quantity_plus_reliability,ExtraTreesClassifier,25,1480,0.28783783783783784,0.5569278005805923,0.7529509759378537,0.7162162162162162,0.6554054054054054,0.581081081081081,0.12441314553990611,0.22769953051643194,0.40375586854460094,2.488262910798122,2.276995305164319,2.0187793427230045,0.42790697674418604,0.3115942028985507,0.55,0.1810854224314259
33,low_rating_bottom30_bayes_category_m25,content_quantity_plus_reliability,XGBoostClassifier,25,1480,0.28783783783783784,0.5986544250478629,0.7699151900651219,0.8108108108108109,0.722972972972973,0.625,0.14084507042253522,0.2511737089201878,0.43427230046948356,2.8169014084507045,2.511737089201878,2.171361502347418,0.4662576687116564,0.5326370757180157,0.4,0.1641256958246231
33,low_rating_bottom30_category_relative,content_quantity_plus_reliability,DummyClassifier,25,1480,0.27905405405405403,0.27905405405405403,0.5,0.33783783783783783,0.2702702702702703,0.26013513513513514,0.06053268765133172,0.09685230024213075,0.1864406779661017,1.2106537530266344,0.9685230024213076,0.9322033898305085,0.0,0.4363444268357105,0.05,0.20118941771736068
33,low_rating_bottom30_category_relative,content_quantity_plus_reliability,LogisticRegression,25,1480,0.27905405405405403,0.5228324681089446,0.73811301401726,0.7432432432432432,0.6418918918918919,0.543918918918919,0.13317191283292978,0.23002421307506055,0.3898305084745763,2.6634382566585955,2.3002421307506054,1.9491525423728817,0.45050215208034433,0.5172031076581576,0.35,0.17753754991036233
33,low_rating_bottom30_category_relative,content_quantity_plus_reliability,LogisticRegressionBalanced,25,1480,0.27905405405405403,0.5212935355370543,0.738818755942642,0.7297297297297297,0.6351351351351351,0.5371621621621622,0.13075060532687652,0.22760290556900725,0.38498789346246975,2.6150121065375305,2.2760290556900724,1.9249394673123488,0.5163853028798411,0.5213675213675214,0.55,0.20817731375145027
33,low_rating_bottom30_category_relative,content_quantity_plus_reliability,HistGradientBoostingClassifier,25,1480,0.27905405405405403,0.5468210775076281,0.7528042462517389,0.6486486486486487,0.6621621621621622,0.5709459459459459,0.1162227602905569,0.23728813559322035,0.4092009685230024,2.3244552058111383,2.3728813559322037,2.0460048426150124,0.43174603174603177,0.49865229110512127,0.4,0.1681692003296918
33,low_rating_bottom30_category_relative,content_quantity_plus_reliability,ExtraTreesClassifier,25,1480,0.27905405405405403,0.5325374666243143,0.7431144776942434,0.6891891891891891,0.6351351351351351,0.5506756756756757,0.1234866828087167,0.22760290556900725,0.3946731234866828,2.469733656174334,2.2760290556900724,1.9733656174334142,0.37333333333333335,0.23856858846918488,0.55,0.18107279501345758
33,low_rating_bottom30_category_relative,content_quantity_plus_reliability,XGBoostClassifier,25,1480,0.27905405405405403,0.5572888449379698,0.756180915013695,0.7567567567567568,0.668918918918919,0.5878378378378378,0.13559322033898305,0.2397094430992736,0.4213075060532688,2.7118644067796613,2.3970944309927362,2.106537530266344,0.4006677796327212,0.5068119891008175,0.4,0.16633783280849457
44,low_rating_bottom30_raw,content_quantity_plus_reliability,DummyClassifier,25,1480,0.2641891891891892,0.2641891891891892,0.5,0.22972972972972974,0.2635135135135135,0.25,0.043478260869565216,0.09974424552429667,0.18925831202046037,0.8695652173913043,0.9974424552429666,0.9462915601023018,0.0,0.4179583110636024,0.05,0.19439326159678844
44,low_rating_bottom30_raw,content_quantity_plus_reliability,LogisticRegression,25,1480,0.2641891891891892,0.5243079150235855,0.75049025479158,0.6756756756756757,0.5878378378378378,0.5472972972972973,0.1278772378516624,0.22250639386189258,0.4143222506393862,2.5575447570332477,2.2250639386189257,2.071611253196931,0.4550898203592814,0.515986769570011,0.3,0.1696402856644954
44,low_rating_bottom30_raw,content_quantity_plus_reliability,LogisticRegressionBalanced,25,1480,0.2641891891891892,0.522324066082809,0.7511525391088283,0.6891891891891891,0.6013513513513513,0.543918918918919,0.13043478260869565,0.22762148337595908,0.4117647058823529,2.6086956521739126,2.2762148337595907,2.058823529411765,0.5244536940686785,0.5244536940686785,0.5,0.20216460032298508
44,low_rating_bottom30_raw,content_quantity_plus_reliability,HistGradientBoostingClassifier,25,1480,0.2641891891891892,0.5207798146908619,0.7531487861643639,0.6621621621621622,0.5337837837837838,0.5202702702702703,0.12531969309462915,0.2020460358056266,0.3938618925831202,2.5063938618925827,2.020460358056266,1.969309462915601,0.35376532399299476,0.4659090909090909,0.4,0.1658801078868233
44,low_rating_bottom30_raw,content_quantity_plus_reliability,ExtraTreesClassifier,25,1480,0.2641891891891892,0.5316301409329037,0.75107973480445,0.7027027027027027,0.6081081081081081,0.5540540540540541,0.1329923273657289,0.23017902813299232,0.4194373401534527,2.659846547314578,2.301790281329923,2.097186700767263,0.38045375218150085,0.25363825363825365,0.55,0.17371740776868547
44,low_rating_bottom30_raw,content_quantity_plus_reliability,XGBoostClassifier,25,1480,0.2641891891891892,0.5365066152163936,0.755224883102121,0.7432432432432432,0.5675675675675675,0.5405405405405406,0.14066496163682865,0.21483375959079284,0.4092071611253197,2.8132992327365725,2.148337595907928,2.0460358056265986,0.3236363636363636,0.4717800289435601,0.4,0.16295337677001953
44,low_rating_bottom20_raw,content_quantity_plus_reliability,DummyClassifier,25,1480,0.16216216216216217,0.16216216216216217,0.5,0.14864864864864866,0.16891891891891891,0.16891891891891891,0.04583333333333333,0.10416666666666667,0.20833333333333334,0.9166666666666666,1.0416666666666665,1.0416666666666665,0.0,0.27906976744186046,0.05,0.13586773250051024
44,low_rating_bottom20_raw,content_quantity_plus_reliability,LogisticRegression,25,1480,0.16216216216216217,0.38230171639264365,0.7553024193548388,0.5,0.41216216216216217,0.36486486486486486,0.15416666666666667,0.25416666666666665,0.45,3.083333333333333,2.5416666666666665,2.25,0.30434782608695654,0.40225563909774437,0.3,0.12678997187857735
44,low_rating_bottom20_raw,content_quantity_plus_reliability,LogisticRegressionBalanced,25,1480,0.16216216216216217,0.3750537062500373,0.7529133064516129,0.5135135135135135,0.41216216216216217,0.35135135135135137,0.15833333333333333,0.25416666666666665,0.43333333333333335,3.1666666666666665,2.5416666666666665,2.1666666666666665,0.4230769230769231,0.41025641025641024,0.6,0.19523598670207792
44,low_rating_bottom20_raw,content_quantity_plus_reliability,HistGradientBoostingClassifier,25,1480,0.16216216216216217,0.42140227886682263,0.777940188172043,0.5135135135135135,0.4594594594594595,0.38175675675675674,0.15833333333333333,0.2833333333333333,0.4708333333333333,3.1666666666666665,2.8333333333333335,2.3541666666666665,0.2222222222222222,0.37346437346437344,0.3,0.11718313426113358
44,low_rating_bottom20_raw,content_quantity_plus_reliability,ExtraTreesClassifier,25,1480,0.16216216216216217,0.3850677791023573,0.7668111559139786,0.44594594594594594,0.4864864864864865,0.39864864864864863,0.1375,0.3,0.49166666666666664,2.75,3.0,2.458333333333333,0.17421602787456447,0.11278195488721804,0.55,0.12767349143053588
44,low_rating_bottom20_raw,content_quantity_plus_reliability,XGBoostClassifier,25,1480,0.16216216216216217,0.4078396161437288,0.777244623655914,0.5405405405405406,0.44594594594594594,0.38175675675675674,0.16666666666666666,0.275,0.4708333333333333,3.3333333333333335,2.75,2.3541666666666665,0.22972972972972974,0.3089430894308943,0.35,0.11726763099431992
44,low_rating_bottom30_bayes_global_m25,content_quantity_plus_reliability,DummyClassifier,25,1480,0.31486486486486487,0.31486486486486487,0.5,0.24324324324324326,0.2905405405405405,0.2905405405405405,0.03862660944206009,0.09227467811158799,0.18454935622317598,0.7725321888412018,0.9227467811158797,0.9227467811158797,0.0,0.4789311408016444,0.05,0.21574391297559264
44,low_rating_bottom30_bayes_global_m25,content_quantity_plus_reliability,LogisticRegression,25,1480,0.31486486486486487,0.569976492466625,0.7309131388035317,0.7432432432432432,0.6554054054054054,0.5912162162162162,0.11802575107296137,0.20815450643776823,0.37553648068669526,2.360515021459227,2.0815450643776825,1.8776824034334765,0.47901234567901235,0.5434782608695652,0.35,0.18947596813772205
44,low_rating_bottom30_bayes_global_m25,content_quantity_plus_reliability,LogisticRegressionBalanced,25,1480,0.31486486486486487,0.5716135668441845,0.7327670128924668,0.7702702702702703,0.6554054054054054,0.5878378378378378,0.1223175965665236,0.20815450643776823,0.37339055793991416,2.4463519313304722,2.0815450643776825,1.8669527896995708,0.5452881976212259,0.5465517241379311,0.45,0.2104474537828488
44,low_rating_bottom30_bayes_global_m25,content_quantity_plus_reliability,HistGradientBoostingClassifier,25,1480,0.31486486486486487,0.5587098817568759,0.7332939702533627,0.7162162162162162,0.6486486486486487,0.581081081081081,0.11373390557939914,0.20600858369098712,0.36909871244635195,2.274678111587983,2.060085836909871,1.8454935622317594,0.41379310344827586,0.5153933865450399,0.4,0.18588953931248497
44,low_rating_bottom30_bayes_global_m25,content_quantity_plus_reliability,ExtraTreesClassifier,25,1480,0.31486486486486487,0.5716678863592342,0.7316369115642805,0.7972972972972973,0.6621621621621622,0.597972972972973,0.12660944206008584,0.21030042918454936,0.3798283261802575,2.5321888412017164,2.1030042918454934,1.8991416309012876,0.43526170798898073,0.21851851851851853,0.6,0.19183888343787772
44,low_rating_bottom30_bayes_global_m25,content_quantity_plus_reliability,XGBoostClassifier,25,1480,0.31486486486486487,0.5695852622603883,0.7356155454537758,0.7972972972972973,0.6418918918918919,0.5709459459459459,0.12660944206008584,0.20386266094420602,0.3626609442060086,2.5321888412017164,2.03862660944206,1.8133047210300428,0.4158415841584158,0.505720823798627,0.4,0.18368592858314514
44,low_rating_bottom30_bayes_category_m25,content_quantity_plus_reliability,DummyClassifier,25,1480,0.2939189189189189,0.2939189189189189,0.5,0.25675675675675674,0.2905405405405405,0.27364864864864863,0.04367816091954023,0.09885057471264368,0.18620689655172415,0.8735632183908045,0.9885057471264367,0.9310344827586207,0.0,0.45430809399477806,0.05,0.2075481955547292
44,low_rating_bottom30_bayes_category_m25,content_quantity_plus_reliability,LogisticRegression,25,1480,0.2939189189189189,0.5890783452546414,0.7617268877522961,0.7972972972972973,0.7297297297297297,0.6013513513513513,0.135632183908046,0.2482758620689655,0.4091954022988506,2.7126436781609193,2.4827586206896552,2.045977011494253,0.5091863517060368,0.549558390578999,0.3,0.17329325002384502
44,low_rating_bottom30_bayes_category_m25,content_quantity_plus_reliability,LogisticRegressionBalanced,25,1480,0.2939189189189189,0.5887972951465891,0.762914810537315,0.7837837837837838,0.7027027027027027,0.6216216216216216,0.13333333333333333,0.23908045977011494,0.42298850574712643,2.6666666666666665,2.3908045977011496,2.1149425287356323,0.5523996082272282,0.5523996082272282,0.5,0.19757408589000672
44,low_rating_bottom30_bayes_category_m25,content_quantity_plus_reliability,HistGradientBoostingClassifier,25,1480,0.2939189189189189,0.5634204155333368,0.7582291151075179,0.7837837837837838,0.6486486486486487,0.5675675675675675,0.13333333333333333,0.2206896551724138,0.38620689655172413,2.6666666666666665,2.206896551724138,1.9310344827586206,0.42058823529411765,0.5125,0.4,0.17330138736876577
44,low_rating_bottom30_bayes_category_m25,content_quantity_plus_reliability,ExtraTreesClassifier,25,1480,0.2939189189189189,0.5687308478625472,0.7538557993730406,0.7837837837837838,0.6283783783783784,0.5878378378378378,0.13333333333333333,0.21379310344827587,0.4,2.6666666666666665,2.137931034482759,2.0,0.4012158054711246,0.28933092224231466,0.55,0.18215060245355602
44,low_rating_bottom30_bayes_category_m25,content_quantity_plus_reliability,XGBoostClassifier,25,1480,0.2939189189189189,0.5859833233944614,0.7613793103448276,0.8243243243243243,0.6756756756756757,0.6114864864864865,0.14022988505747128,0.22988505747126436,0.4160919540229885,2.8045977011494254,2.2988505747126435,2.0804597701149428,0.41112828438948995,0.5219573400250941,0.4,0.16950005292892456
44,low_rating_bottom30_category_relative,content_quantity_plus_reliability,DummyClassifier,25,1480,0.28243243243243243,0.28243243243243243,0.5,0.24324324324324326,0.28378378378378377,0.2702702702702703,0.0430622009569378,0.10047846889952153,0.19138755980861244,0.861244019138756,1.0047846889952152,0.9569377990430622,0.0,0.440463645943098,0.05,0.20266713711024323
44,low_rating_bottom30_category_relative,content_quantity_plus_reliability,LogisticRegression,25,1480,0.28243243243243243,0.529701926998721,0.7343100947026016,0.7027027027027027,0.6081081081081081,0.5506756756756757,0.12440191387559808,0.215311004784689,0.38995215311004783,2.488038277511962,2.15311004784689,1.9497607655502391,0.463245492371706,0.5231719876416066,0.3,0.18008138602350776
44,low_rating_bottom30_category_relative,content_quantity_plus_reliability,LogisticRegressionBalanced,25,1480,0.28243243243243243,0.5274144882375664,0.7362248713720615,0.7162162162162162,0.6283783783783784,0.5540540540540541,0.12679425837320574,0.22248803827751196,0.3923444976076555,2.535885167464115,2.22488038277512,1.9617224880382775,0.5365365365365365,0.5365365365365365,0.5,0.2069880830256256
44,low_rating_bottom30_category_relative,content_quantity_plus_reliability,HistGradientBoostingClassifier,25,1480,0.28243243243243243,0.533149135144515,0.7354184124924535,0.7162162162162162,0.6283783783783784,0.5405405405405406,0.12679425837320574,0.22248803827751196,0.3827751196172249,2.535885167464115,2.22488038277512,1.9138755980861244,0.3715670436187399,0.4639580602883355,0.4,0.17521779534260007
44,low_rating_bottom30_category_relative,content_quantity_plus_reliability,ExtraTreesClassifier,25,1480,0.28243243243243243,0.5315126006103724,0.742856756683697,0.6756756756756757,0.6486486486486487,0.5337837837837838,0.11961722488038277,0.22966507177033493,0.37799043062200954,2.3923444976076556,2.2966507177033493,1.8899521531100478,0.3795379537953795,0.3795379537953795,0.5,0.1826166495406785
44,low_rating_bottom30_category_relative,content_quantity_plus_reliability,XGBoostClassifier,25,1480,0.28243243243243243,0.5340398898472134,0.7376080159309419,0.7297297297297297,0.6283783783783784,0.5236486486486487,0.1291866028708134,0.22248803827751196,0.3708133971291866,2.5837320574162677,2.22488038277512,1.854066985645933,0.36807817589576547,0.4429347826086957,0.4,0.1738211214542389
55,low_rating_bottom30_raw,content_quantity_plus_reliability,DummyClassifier,25,1480,0.2641891891891892,0.2641891891891892,0.5,0.22972972972972974,0.2905405405405405,0.28378378378378377,0.043478260869565216,0.10997442455242967,0.21483375959079284,0.8695652173913043,1.0997442455242965,1.074168797953964,0.0,0.4179583110636024,0.05,0.19439326159678844
55,low_rating_bottom30_raw,content_quantity_plus_reliability,LogisticRegression,25,1480,0.2641891891891892,0.5223881485446923,0.7595743531572409,0.7027027027027027,0.6351351351351351,0.5371621621621622,0.1329923273657289,0.24040920716112532,0.40664961636828645,2.659846547314578,2.404092071611253,2.0332480818414322,0.45170876671619614,0.544290288153682,0.3,0.16609544225004216
55,low_rating_bottom30_raw,content_quantity_plus_reliability,LogisticRegressionBalanced,25,1480,0.2641891891891892,0.5203564827809078,0.7605818707887994,0.6756756756756757,0.6621621621621622,0.543918918918919,0.1278772378516624,0.2506393861892583,0.4117647058823529,2.5575447570332477,2.5063938618925827,2.058823529411765,0.5476429287863591,0.5476429287863591,0.5,0.20200706444330233
55,low_rating_bottom30_raw,content_quantity_plus_reliability,HistGradientBoostingClassifier,25,1480,0.2641891891891892,0.5433831143374659,0.782117853729107,0.7162162162162162,0.6148648648648649,0.5709459459459459,0.13554987212276215,0.23273657289002558,0.4322250639386189,2.710997442455243,2.3273657289002556,2.1611253196930944,0.4,0.4942857142857143,0.4,0.1580260413438349
55,low_rating_bottom30_raw,content_quantity_plus_reliability,ExtraTreesClassifier,25,1480,0.2641891891891892,0.5404300227053551,0.7720872994065275,0.7297297297297297,0.6891891891891891,0.5675675675675675,0.13810741687979539,0.2608695652173913,0.4296675191815857,2.7621483375959075,2.6086956521739126,2.148337595907928,0.40217391304347827,0.40217391304347827,0.5,0.17190568747386792
55,low_rating_bottom30_raw,content_quantity_plus_reliability,XGBoostClassifier,25,1480,0.2641891891891892,0.5551529051008751,0.7872024124058534,0.7027027027027027,0.6486486486486487,0.5675675675675675,0.1329923273657289,0.24552429667519182,0.4296675191815857,2.659846547314578,2.455242966751918,2.148337595907928,0.3929203539823009,0.5302445302445302,0.35,0.15601922571659088
55,low_rating_bottom20_raw,content_quantity_plus_reliability,DummyClassifier,25,1480,0.1777027027027027,0.1777027027027027,0.5,0.17567567567567569,0.17567567567567569,0.1858108108108108,0.049429657794676805,0.09885931558935361,0.20912547528517111,0.9885931558935362,0.9885931558935362,1.0456273764258555,0.0,0.3017785427423982,0.05,0.14644724348210067
55,low_rating_bottom20_raw,content_quantity_plus_reliability,LogisticRegression,25,1480,0.1777027027027027,0.43795611713329863,0.7677702759700191,0.5945945945945946,0.5,0.40540540540540543,0.16730038022813687,0.2813688212927757,0.45627376425855515,3.346007604562738,2.8136882129277567,2.281368821292776,0.33157894736842103,0.4288107202680067,0.25,0.12797810229770076
55,low_rating_bottom20_raw,content_quantity_plus_reliability,LogisticRegressionBalanced,25,1480,0.1777027027027027,0.4288233435255309,0.7575537927522331,0.5945945945945946,0.4864864864864865,0.41216216216216217,0.16730038022813687,0.2737642585551331,0.46387832699619774,3.346007604562738,2.737642585551331,2.3193916349809887,0.43824701195219123,0.44651162790697674,0.6,0.1917229824767011
55,low_rating_bottom20_raw,content_quantity_plus_reliability,HistGradientBoostingClassifier,25,1480,0.1777027027027027,0.4743060072726394,0.787837698510643,0.6486486486486487,0.5540540540540541,0.4391891891891892,0.18250950570342206,0.311787072243346,0.49429657794676807,3.6501901140684416,3.11787072243346,2.4714828897338403,0.25766871165644173,0.39709443099273606,0.35,0.12249418568327301
55,low_rating_bottom20_raw,content_quantity_plus_reliability,ExtraTreesClassifier,25,1480,0.1777027027027027,0.45761283526424046,0.7885094244714455,0.6891891891891891,0.5135135135135135,0.4222972972972973,0.19391634980988592,0.2889733840304182,0.4752851711026616,3.8783269961977185,2.8897338403041823,2.3764258555133084,0.21725239616613418,0.136986301369863,0.55,0.12971858062903874
55,low_rating_bottom20_raw,content_quantity_plus_reliability,XGBoostClassifier,25,1480,0.1777027027027027,0.47993341235506215,0.802537561978436,0.6216216216216216,0.6081081081081081,0.44932432432432434,0.17490494296577946,0.34220532319391633,0.5057034220532319,3.4980988593155895,3.422053231939164,2.52851711026616,0.2375,0.43171806167400884,0.3,0.1205340325832367
55,low_rating_bottom30_bayes_global_m25,content_quantity_plus_reliability,DummyClassifier,25,1480,0.31148648648648647,0.31148648648648647,0.5,0.25675675675675674,0.34459459459459457,0.33783783783783783,0.04121475054229935,0.11062906724511931,0.21691973969631237,0.824295010845987,1.106290672451193,1.0845986984815619,0.0,0.4750128799587841,0.05,0.21446267146887188
55,low_rating_bottom30_bayes_global_m25,content_quantity_plus_reliability,LogisticRegression,25,1480,0.31148648648648647,0.5485303293106683,0.7293995431700084,0.7162162162162162,0.6621621621621622,0.6114864864864865,0.11496746203904555,0.21258134490238612,0.3926247288503254,2.299349240780911,2.125813449023861,1.963123644251627,0.48816936488169366,0.5499505440158259,0.35,0.1883000584512132
55,low_rating_bottom30_bayes_global_m25,content_quantity_plus_reliability,LogisticRegressionBalanced,25,1480,0.31148648648648647,0.5487111701125837,0.7305639700356992,0.7027027027027027,0.6418918918918919,0.6148648648648649,0.11279826464208242,0.20607375271149675,0.3947939262472885,2.255965292841649,2.0607375271149677,1.9739696312364428,0.5495327102803739,0.5495327102803739,0.5,0.21129487638590447
55,low_rating_bottom30_bayes_global_m25,content_quantity_plus_reliability,HistGradientBoostingClassifier,25,1480,0.31148648648648647,0.5770412152176152,0.7452310652909258,0.7702702702702703,0.7094594594594594,0.6148648648648649,0.12364425162689804,0.227765726681128,0.3947939262472885,2.472885032537961,2.27765726681128,1.9739696312364428,0.46994535519125685,0.5362485615650172,0.4,0.17899298947055106
55,low_rating_bottom30_bayes_global_m25,content_quantity_plus_reliability,ExtraTreesClassifier,25,1480,0.31148648648648647,0.554004805320366,0.7365713057120779,0.7567567567567568,0.7094594594594594,0.5912162162162162,0.12147505422993492,0.227765726681128,0.3796095444685466,2.429501084598699,2.27765726681128,1.8980477223427332,0.4283727399165508,0.4283727399165508,0.5,0.1913289707184526
55,low_rating_bottom30_bayes_global_m25,content_quantity_plus_reliability,XGBoostClassifier,25,1480,0.31148648648648647,0.5667080409144305,0.7462273208176959,0.6756756756756757,0.668918918918919,0.6148648648648649,0.10845986984815618,0.21475054229934923,0.3947939262472885,2.1691973969631237,2.147505422993493,1.9739696312364428,0.42776203966005666,0.5302325581395348,0.4,0.1797822117805481
55,low_rating_bottom30_bayes_category_m25,content_quantity_plus_reliability,DummyClassifier,25,1480,0.2939189189189189,0.2939189189189189,0.5,0.22972972972972974,0.32432432432432434,0.3108108108108108,0.03908045977011494,0.1103448275862069,0.21149425287356322,0.7816091954022989,1.103448275862069,1.0574712643678161,0.0,0.45430809399477806,0.05,0.2075481955547292
55,low_rating_bottom30_bayes_category_m25,content_quantity_plus_reliability,LogisticRegression,25,1480,0.2939189189189189,0.5515338819934532,0.7572237804542705,0.6756756756756757,0.6756756756756757,0.5844594594594594,0.11494252873563218,0.22988505747126436,0.39770114942528734,2.2988505747126435,2.2988505747126435,1.9885057471264367,0.5122265122265123,0.5583333333333333,0.35,0.17648773882153526
55,low_rating_bottom30_bayes_category_m25,content_quantity_plus_reliability,LogisticRegressionBalanced,25,1480,0.2939189189189189,0.5474417673019374,0.7567464114832536,0.6891891891891891,0.668918918918919,0.5878378378378378,0.11724137931034483,0.22758620689655173,0.4,2.3448275862068964,2.2758620689655173,2.0,0.560303893637227,0.560303893637227,0.5,0.20352816919288705
55,low_rating_bottom30_bayes_category_m25,content_quantity_plus_reliability,HistGradientBoostingClassifier,25,1480,0.2939189189189189,0.5695314123321668,0.7654204476709012,0.7162162162162162,0.668918918918919,0.6114864864864865,0.12183908045977011,0.22758620689655173,0.4160919540229885,2.4367816091954024,2.2758620689655173,2.0804597701149428,0.45614035087719296,0.5285359801488834,0.4,0.1698164557786625
55,low_rating_bottom30_bayes_category_m25,content_quantity_plus_reliability,ExtraTreesClassifier,25,1480,0.2939189189189189,0.5682793106099611,0.7704273222240555,0.7027027027027027,0.6554054054054054,0.6047297297297297,0.11954022988505747,0.22298850574712645,0.4114942528735632,2.3908045977011496,2.229885057471264,2.057471264367816,0.43609022556390975,0.3005366726296959,0.55,0.1808703334058123
55,low_rating_bottom30_bayes_category_m25,content_quantity_plus_reliability,XGBoostClassifier,25,1480,0.2939189189189189,0.577633413159071,0.7719364241324315,0.7567567567567568,0.7094594594594594,0.5777027027027027,0.12873563218390804,0.2413793103448276,0.3931034482758621,2.574712643678161,2.413793103448276,1.9655172413793105,0.4176829268292683,0.5132743362831859,0.4,0.16848412156105042
55,low_rating_bottom30_category_relative,content_quantity_plus_reliability,DummyClassifier,25,1480,0.28243243243243243,0.28243243243243243,0.5,0.22972972972972974,0.2972972972972973,0.2939189189189189,0.04066985645933014,0.10526315789473684,0.20813397129186603,0.8133971291866029,1.0526315789473684,1.0406698564593302,0.0,0.440463645943098,0.05,0.20266713711024323
55,low_rating_bottom30_category_relative,content_quantity_plus_reliability,LogisticRegression,25,1480,0.28243243243243243,0.531128383040861,0.7506217392479659,0.6486486486486487,0.6824324324324325,0.5709459459459459,0.11483253588516747,0.24162679425837322,0.4043062200956938,2.2966507177033493,2.4162679425837323,2.021531100478469,0.4727272727272727,0.5434565434565435,0.3,0.17372900752772502
55,low_rating_bottom30_category_relative,content_quantity_plus_reliability,LogisticRegressionBalanced,25,1480,0.28243243243243243,0.5292346948085385,0.752140044512926,0.6621621621621622,0.6756756756756757,0.5641891891891891,0.11722488038277512,0.23923444976076555,0.39952153110047844,2.3444976076555024,2.3923444976076556,1.9976076555023923,0.5420743639921722,0.5420743639921722,0.5,0.2043480084995589
55,low_rating_bottom30_category_relative,content_quantity_plus_reliability,HistGradientBoostingClassifier,25,1480,0.28243243243243243,0.5498841950394439,0.7667148739851684,0.7297297297297297,0.6486486486486487,0.5709459459459459,0.1291866028708134,0.22966507177033493,0.4043062200956938,2.5837320574162677,2.2966507177033493,2.021531100478469,0.37540453074433655,0.49531459170013387,0.4,0.16748743793783222
55,low_rating_bottom30_category_relative,content_quantity_plus_reliability,ExtraTreesClassifier,25,1480,0.28243243243243243,0.5509640222923415,0.7694969318519721,0.7297297297297297,0.668918918918919,0.581081081081081,0.1291866028708134,0.23684210526315788,0.41148325358851673,2.5837320574162677,2.368421052631579,2.0574162679425836,0.39057239057239057,0.4889502762430939,0.45,0.17962287735855828
55,low_rating_bottom30_category_relative,content_quantity_plus_reliability,XGBoostClassifier,25,1480,0.28243243243243243,0.5460223707296289,0.761950459095865,0.7027027027027027,0.6621621621621622,0.581081081081081,0.12440191387559808,0.23444976076555024,0.41148325358851673,2.488038277511962,2.3444976076555024,2.0574162679425836,0.3602693602693603,0.5053475935828877,0.4,0.16784732043743134
11,low_rating_bottom30_raw,content_quantity_interactions,DummyClassifier,25,1480,0.2641891891891892,0.2641891891891892,0.5,0.14864864864864866,0.1891891891891892,0.2195945945945946,0.028132992327365727,0.07161125319693094,0.16624040920716113,0.5626598465473146,0.7161125319693095,0.8312020460358056,0.0,0.4179583110636024,0.05,0.19439326159678844
11,low_rating_bottom30_raw,content_quantity_interactions,LogisticRegression,25,1480,0.2641891891891892,0.4962545812427879,0.7411478185716734,0.6216216216216216,0.5878378378378378,0.527027027027027,0.11764705882352941,0.22250639386189258,0.3989769820971867,2.352941176470588,2.2250639386189257,1.9948849104859332,0.43962848297213625,0.49110320284697506,0.35,0.17226007438927757
11,low_rating_bottom30_raw,content_quantity_interactions,LogisticRegressionBalanced,25,1480,0.2641891891891892,0.4897040419643568,0.7428434543059048,0.5945945945945946,0.581081081081081,0.5236486486486487,0.11253196930946291,0.21994884910485935,0.39641943734015345,2.2506393861892584,2.199488491048593,1.9820971867007673,0.5236656596173213,0.5108225108225108,0.55,0.20786775161251878
11,low_rating_bottom30_raw,content_quantity_interactions,HistGradientBoostingClassifier,25,1480,0.2641891891891892,0.5162948151993152,0.7403587138532499,0.7297297297297297,0.6283783783783784,0.5236486486486487,0.13810741687979539,0.23785166240409208,0.39641943734015345,2.7621483375959075,2.3785166240409206,1.9820971867007673,0.3552397868561279,0.4480234260614934,0.4,0.1666624438275578
11,low_rating_bottom30_raw,content_quantity_interactions,ExtraTreesClassifier,25,1480,0.2641891891891892,0.5278143378311857,0.753148786164364,0.7297297297297297,0.6283783783783784,0.5472972972972973,0.13810741687979539,0.23785166240409208,0.4143222506393862,2.7621483375959075,2.3785166240409206,2.071611253196931,0.35815602836879434,0.1382488479262673,0.6,0.17422461121727562
11,low_rating_bottom30_raw,content_quantity_interactions,XGBoostClassifier,25,1480,0.2641891891891892,0.5300847995542435,0.7513568608662772,0.7162162162162162,0.6216216216216216,0.543918918918919,0.13554987212276215,0.23529411764705882,0.4117647058823529,2.710997442455243,2.352941176470588,2.058823529411765,0.36589698046181174,0.5039787798408488,0.35,0.16332298517227173
11,low_rating_bottom20_raw,content_quantity_interactions,DummyClassifier,25,1480,0.175,0.175,0.5,0.12162162162162163,0.14864864864864866,0.1554054054054054,0.03474903474903475,0.08494208494208494,0.1776061776061776,0.694980694980695,0.8494208494208495,0.888030888030888,0.0,0.2978723404255319,0.05,0.14458779688229306
11,low_rating_bottom20_raw,content_quantity_interactions,LogisticRegression,25,1480,0.175,0.40966847551669466,0.7580216228864878,0.581081081081081,0.5,0.41216216216216217,0.16602316602316602,0.2857142857142857,0.47104247104247104,3.3204633204633205,2.857142857142857,2.3552123552123554,0.32978723404255317,0.4399260628465804,0.3,0.1278260597039439
11,low_rating_bottom20_raw,content_quantity_interactions,LogisticRegressionBalanced,25,1480,0.175,0.4018087924376105,0.7526269688431851,0.581081081081081,0.49324324324324326,0.40202702702702703,0.16602316602316602,0.28185328185328185,0.4594594594594595,3.3204633204633205,2.8185328185328187,2.2972972972972974,0.4307692307692308,0.41914191419141916,0.65,0.19782982015190712
11,low_rating_bottom20_raw,content_quantity_interactions,HistGradientBoostingClassifier,25,1480,0.175,0.4213185572036386,0.7565006213654862,0.581081081081081,0.5135135135135135,0.40878378378378377,0.16602316602316602,0.29343629343629346,0.4671814671814672,3.3204633204633205,2.9343629343629343,2.335907335907336,0.21864951768488747,0.35789473684210527,0.35,0.12636477135393348
11,low_rating_bottom20_raw,content_quantity_interactions,ExtraTreesClassifier,25,1480,0.175,0.45669181576676726,0.7813647273106733,0.6351351351351351,0.5540540540540541,0.44256756756756754,0.18146718146718147,0.3166023166023166,0.5057915057915058,3.629343629343629,3.1660231660231664,2.528957528957529,0.19333333333333333,0.19333333333333333,0.5,0.1298013680365399
11,low_rating_bottom20_raw,content_quantity_interactions,XGBoostClassifier,25,1480,0.175,0.43050356671059403,0.7631443307118982,0.6081081081081081,0.5202702702702703,0.4189189189189189,0.17374517374517376,0.2972972972972973,0.47876447876447875,3.474903474903475,2.9729729729729732,2.393822393822394,0.16271186440677965,0.3916083916083916,0.3,0.1244635283946991
11,low_rating_bottom30_bayes_global_m25,content_quantity_interactions,DummyClassifier,25,1480,0.30675675675675673,0.30675675675675673,0.5,0.21621621621621623,0.25675675675675674,0.28040540540540543,0.03524229074889868,0.08370044052863436,0.1828193832599119,0.7048458149779737,0.8370044052863437,0.9140969162995596,0.0,0.46949327817993797,0.05,0.21269052096873856
11,low_rating_bottom30_bayes_global_m25,content_quantity_interactions,LogisticRegression,25,1480,0.30675675675675673,0.5410047850300141,0.7320718585499482,0.6756756756756757,0.6418918918918919,0.5878378378378378,0.11013215859030837,0.2092511013215859,0.3832599118942731,2.2026431718061676,2.092511013215859,1.9162995594713657,0.4841571609632446,0.5374015748031497,0.35,0.1877069033108889
11,low_rating_bottom30_bayes_global_m25,content_quantity_interactions,LogisticRegressionBalanced,25,1480,0.30675675675675673,0.5399005879369213,0.73126679891113,0.6351351351351351,0.6351351351351351,0.5912162162162162,0.10352422907488987,0.20704845814977973,0.3854625550660793,2.0704845814977975,2.0704845814977975,1.9273127753303967,0.538955087076077,0.5434782608695652,0.55,0.21260065152035282
11,low_rating_bottom30_bayes_global_m25,content_quantity_interactions,HistGradientBoostingClassifier,25,1480,0.30675675675675673,0.5301578497476733,0.7362452877175807,0.6216216216216216,0.5945945945945946,0.597972972972973,0.1013215859030837,0.19383259911894274,0.3898678414096916,2.026431718061674,1.9383259911894275,1.9493392070484585,0.45652173913043476,0.5110336817653891,0.4,0.1834662012952502
11,low_rating_bottom30_bayes_global_m25,content_quantity_interactions,ExtraTreesClassifier,25,1480,0.30675675675675673,0.5341243190816537,0.7294956677057304,0.6756756756756757,0.6081081081081081,0.5675675675675675,0.11013215859030837,0.19823788546255505,0.3700440528634361,2.2026431718061676,1.9823788546255507,1.8502202643171808,0.4334705075445816,0.2914572864321608,0.55,0.19278140442190883
11,low_rating_bottom30_bayes_global_m25,content_quantity_interactions,XGBoostClassifier,25,1480,0.30675675675675673,0.5477804594135431,0.7355303947583103,0.6756756756756757,0.6621621621621622,0.5777027027027027,0.11013215859030837,0.21585903083700442,0.3766519823788546,2.2026431718061676,2.1585903083700444,1.8832599118942734,0.43626062322946174,0.5157526254375729,0.4,0.1814388930797577
11,low_rating_bottom30_bayes_category_m25,content_quantity_interactions,DummyClassifier,25,1480,0.2891891891891892,0.2891891891891892,0.5,0.17567567567567569,0.20270270270270271,0.23648648648648649,0.030373831775700934,0.07009345794392523,0.16355140186915887,0.6074766355140188,0.7009345794392524,0.8177570093457944,0.0,0.44863731656184486,0.05,0.20556174954501008
11,low_rating_bottom30_bayes_category_m25,content_quantity_interactions,LogisticRegression,25,1480,0.2891891891891892,0.5180941637131636,0.7395614939056891,0.6351351351351351,0.6013513513513513,0.5675675675675675,0.10981308411214953,0.20794392523364486,0.3925233644859813,2.196261682242991,2.0794392523364484,1.9626168224299065,0.47297297297297297,0.5262054507337526,0.35,0.18215902520166719
11,low_rating_bottom30_bayes_category_m25,content_quantity_interactions,LogisticRegressionBalanced,25,1480,0.2891891891891892,0.5113602913812206,0.7392039195479905,0.6486486486486487,0.581081081081081,0.5371621621621622,0.11214953271028037,0.20093457943925233,0.37149532710280375,2.2429906542056077,2.0093457943925235,1.8574766355140189,0.5296367112810707,0.5185185185185185,0.55,0.2102158395241304
11,low_rating_bottom30_bayes_category_m25,content_quantity_interactions,HistGradientBoostingClassifier,25,1480,0.2891891891891892,0.5366882467819775,0.7404942965779466,0.7297297297297297,0.6283783783783784,0.5912162162162162,0.1261682242990654,0.21728971962616822,0.4088785046728972,2.5233644859813085,2.1728971962616823,2.044392523364486,0.4330827067669173,0.5006418485237484,0.4,0.17559297527383044
11,low_rating_bottom30_bayes_category_m25,content_quantity_interactions,ExtraTreesClassifier,25,1480,0.2891891891891892,0.5321723871949895,0.7386509008208664,0.7297297297297297,0.6351351351351351,0.527027027027027,0.1261682242990654,0.21962616822429906,0.3644859813084112,2.5233644859813085,2.196261682242991,1.822429906542056,0.3895705521472393,0.20481927710843373,0.6,0.18479067375311223
11,low_rating_bottom30_bayes_category_m25,content_quantity_interactions,XGBoostClassifier,25,1480,0.2891891891891892,0.5476020647684077,0.7520010838278667,0.7027027027027027,0.5945945945945946,0.5777027027027027,0.12149532710280374,0.205607476635514,0.39953271028037385,2.429906542056075,2.0560747663551404,1.9976635514018695,0.4153846153846154,0.5012853470437018,0.4,0.17246685922145844
11,low_rating_bottom30_category_relative,content_quantity_interactions,DummyClassifier,25,1480,0.28040540540540543,0.28040540540540543,0.5,0.14864864864864866,0.20270270270270271,0.23986486486486486,0.02650602409638554,0.07228915662650602,0.1710843373493976,0.5301204819277109,0.7228915662650602,0.8554216867469878,0.0,0.43799472295514513,0.05,0.20177896350242255
11,low_rating_bottom30_category_relative,content_quantity_interactions,LogisticRegression,25,1480,0.28040540540540543,0.508592068592759,0.7332134170484754,0.6081081081081081,0.6148648648648649,0.5472972972972973,0.10843373493975904,0.21927710843373494,0.39036144578313253,2.1686746987951806,2.1927710843373496,1.9518072289156623,0.43440233236151604,0.5106382978723404,0.35,0.17846954561718498
11,low_rating_bottom30_category_relative,content_quantity_interactions,LogisticRegressionBalanced,25,1480,0.28040540540540543,0.5069839405546012,0.7352814073194186,0.6081081081081081,0.6081081081081081,0.5472972972972973,0.10843373493975904,0.21686746987951808,0.39036144578313253,2.1686746987951806,2.1686746987951806,1.9518072289156623,0.5229268292682927,0.5175718849840255,0.55,0.21053740120757766
11,low_rating_bottom30_category_relative,content_quantity_interactions,HistGradientBoostingClassifier,25,1480,0.28040540540540543,0.51478967295343,0.7302019344985575,0.7027027027027027,0.6081081081081081,0.543918918918919,0.12530120481927712,0.21686746987951808,0.38795180722891565,2.5060240963855422,2.1686746987951806,1.9397590361445782,0.3615257048092869,0.4563758389261745,0.4,0.1749198690938301
11,low_rating_bottom30_category_relative,content_quantity_interactions,ExtraTreesClassifier,25,1480,0.28040540540540543,0.5304842086017073,0.7423836189829742,0.7162162162162162,0.6283783783783784,0.5371621621621622,0.12771084337349398,0.22409638554216868,0.38313253012048193,2.5542168674698793,2.2409638554216866,1.9156626506024095,0.36054421768707484,0.24110671936758893,0.55,0.1824078611733228
11,low_rating_bottom30_category_relative,content_quantity_interactions,XGBoostClassifier,25,1480,0.28040540540540543,0.5295672011582165,0.7385643984388257,0.6891891891891891,0.6554054054054054,0.5472972972972973,0.12289156626506025,0.23373493975903614,0.39036144578313253,2.4578313253012043,2.337349397590361,1.9518072289156623,0.3777403035413153,0.46238030095759236,0.4,0.17212353646755219
22,low_rating_bottom30_raw,content_quantity_interactions,DummyClassifier,25,1480,0.2641891891891892,0.2641891891891892,0.5,0.25675675675675674,0.2635135135135135,0.30405405405405406,0.04859335038363171,0.09974424552429667,0.23017902813299232,0.9718670076726341,0.9974424552429666,1.1508951406649615,0.0,0.4179583110636024,0.05,0.19439326159678844
22,low_rating_bottom30_raw,content_quantity_interactions,LogisticRegression,25,1480,0.2641891891891892,0.5191085633594972,0.7440318084354356,0.7162162162162162,0.6216216216216216,0.5304054054054054,0.13554987212276215,0.23529411764705882,0.40153452685422,2.710997442455243,2.352941176470588,2.0076726342710995,0.43302180685358255,0.5071350164654226,0.3,0.16891085090238822
22,low_rating_bottom30_raw,content_quantity_interactions,LogisticRegressionBalanced,25,1480,0.2641891891891892,0.5168250947565676,0.7420966230545398,0.7297297297297297,0.6283783783783784,0.5202702702702703,0.13810741687979539,0.23785166240409208,0.3938618925831202,2.7621483375959075,2.3785166240409206,1.969309462915601,0.5219164118246687,0.5373699148533586,0.45,0.2050753229569595
22,low_rating_bottom30_raw,content_quantity_interactions,HistGradientBoostingClassifier,25,1480,0.2641891891891892,0.5146190677133076,0.7503563888125617,0.6486486486486487,0.6216216216216216,0.5405405405405406,0.12276214833759591,0.23529411764705882,0.4092071611253197,2.455242966751918,2.352941176470588,2.0460358056265986,0.38045375218150085,0.4597014925373134,0.4,0.16571291475920455
22,low_rating_bottom30_raw,content_quantity_interactions,ExtraTreesClassifier,25,1480,0.2641891891891892,0.5597683694669743,0.7562817197785809,0.7972972972972973,0.6959459459459459,0.543918918918919,0.15089514066496162,0.26342710997442453,0.4117647058823529,3.0179028132992323,2.6342710997442453,2.058823529411765,0.3889908256880734,0.15348837209302327,0.6,0.17237406577561704
22,low_rating_bottom30_raw,content_quantity_interactions,XGBoostClassifier,25,1480,0.2641891891891892,0.5373765288128217,0.7539613761422643,0.7027027027027027,0.6351351351351351,0.5608108108108109,0.1329923273657289,0.24040920716112532,0.42455242966751916,2.659846547314578,2.404092071611253,2.122762148337596,0.36594202898550726,0.507628294036061,0.35,0.16259227693080902
22,low_rating_bottom20_raw,content_quantity_interactions,DummyClassifier,25,1480,0.1581081081081081,0.1581081081081081,0.5,0.14864864864864866,0.14189189189189189,0.16891891891891891,0.04700854700854701,0.08974358974358974,0.21367521367521367,0.9401709401709403,0.8974358974358975,1.0683760683760684,0.0,0.27304550758459745,0.05,0.13315257726117266
22,low_rating_bottom20_raw,content_quantity_interactions,LogisticRegression,25,1480,0.1581081081081081,0.37276715880007394,0.751371911484271,0.5540540540540541,0.49324324324324326,0.34459459459459457,0.1752136752136752,0.31196581196581197,0.4358974358974359,3.5042735042735043,3.1196581196581197,2.1794871794871793,0.3389830508474576,0.3826429980276134,0.3,0.12101938029692834
22,low_rating_bottom20_raw,content_quantity_interactions,LogisticRegressionBalanced,25,1480,0.1581081081081081,0.3634910996889498,0.7493929291682101,0.5540540540540541,0.47297297297297297,0.34459459459459457,0.1752136752136752,0.29914529914529914,0.4358974358974359,3.5042735042735043,2.9914529914529915,2.1794871794871793,0.4147339699863574,0.4147339699863574,0.5,0.19189815746951247
22,low_rating_bottom20_raw,content_quantity_interactions,HistGradientBoostingClassifier,25,1480,0.1581081081081081,0.3990334651390462,0.751978982316061,0.5945945945945946,0.5202702702702703,0.3885135135135135,0.18803418803418803,0.32905982905982906,0.49145299145299143,3.760683760683761,3.290598290598291,2.457264957264957,0.22837370242214533,0.3767313019390582,0.35,0.11576771976232547
22,low_rating_bottom20_raw,content_quantity_interactions,ExtraTreesClassifier,25,1480,0.1581081081081081,0.4298173059131677,0.7774210807918673,0.6891891891891891,0.5202702702702703,0.3783783783783784,0.21794871794871795,0.32905982905982906,0.47863247863247865,4.358974358974359,3.290598290598291,2.3931623931623935,0.2508710801393728,0.10810810810810811,0.55,0.12317859006592723
22,low_rating_bottom20_raw,content_quantity_interactions,XGBoostClassifier,25,1480,0.1581081081081081,0.4043740274808836,0.7569590210039647,0.5675675675675675,0.4864864864864865,0.38175675675675674,0.1794871794871795,0.3076923076923077,0.4829059829059829,3.58974358974359,3.076923076923077,2.4145299145299144,0.20422535211267606,0.3940149625935162,0.3,0.11517097800970078
22,low_rating_bottom30_bayes_global_m25,content_quantity_interactions,DummyClassifier,25,1480,0.3202702702702703,0.3202702702702703,0.5,0.2972972972972973,0.31756756756756754,0.36486486486486486,0.046413502109704644,0.09915611814345991,0.22784810126582278,0.9282700421940928,0.991561181434599,1.1392405063291138,0.0,0.4851586489252815,0.05,0.2178206269025919
22,low_rating_bottom30_bayes_global_m25,content_quantity_interactions,LogisticRegression,25,1480,0.3202702702702703,0.5650572450655369,0.7402462859970976,0.7162162162162162,0.6418918918918919,0.5878378378378378,0.11181434599156118,0.20042194092827004,0.3670886075949367,2.236286919831224,2.0042194092827006,1.8354430379746836,0.47348951911220716,0.5521951219512196,0.35,0.18833208075421412
22,low_rating_bottom30_bayes_global_m25,content_quantity_interactions,LogisticRegressionBalanced,25,1480,0.3202702702702703,0.565942112154584,0.7375430958552482,0.7432432432432432,0.6621621621621622,0.581081081081081,0.1160337552742616,0.20675105485232068,0.3628691983122363,2.3206751054852317,2.067510548523207,1.8143459915611813,0.5763636363636364,0.5841161400512382,0.45,0.2087984532719827
22,low_rating_bottom30_bayes_global_m25,content_quantity_interactions,HistGradientBoostingClassifier,25,1480,0.3202702702702703,0.5594712671044786,0.7377590994119669,0.6756756756756757,0.6554054054054054,0.6081081081081081,0.10548523206751055,0.20464135021097046,0.379746835443038,2.109704641350211,2.0464135021097043,1.8987341772151898,0.42857142857142855,0.5144175317185697,0.4,0.1869320994447152
22,low_rating_bottom30_bayes_global_m25,content_quantity_interactions,ExtraTreesClassifier,25,1480,0.3202702702702703,0.5974946545064577,0.7469151336705504,0.7702702702702703,0.7432432432432432,0.6351351351351351,0.12025316455696203,0.2320675105485232,0.39662447257383965,2.4050632911392404,2.3206751054852317,1.983122362869198,0.4462809917355372,0.32781456953642385,0.55,0.18990463393015128
22,low_rating_bottom30_bayes_global_m25,content_quantity_interactions,XGBoostClassifier,25,1480,0.3202702702702703,0.5780396259153924,0.7498112590281099,0.7702702702702703,0.6756756756756757,0.6047297297297297,0.12025316455696203,0.2109704641350211,0.37763713080168776,2.4050632911392404,2.109704641350211,1.8881856540084387,0.40625,0.5221445221445221,0.4,0.18199335038661957
22,low_rating_bottom30_bayes_category_m25,content_quantity_interactions,DummyClassifier,25,1480,0.2918918918918919,0.2918918918918919,0.5,0.3108108108108108,0.2972972972972973,0.3344594594594595,0.05324074074074074,0.10185185185185185,0.22916666666666666,1.0648148148148147,1.0185185185185186,1.1458333333333333,0.0,0.45188284518828453,0.05,0.20669377760638163
22,low_rating_bottom30_bayes_category_m25,content_quantity_interactions,LogisticRegression,25,1480,0.2918918918918919,0.5669088245837544,0.7543888712185468,0.7432432432432432,0.6959459459459459,0.5743243243243243,0.12731481481481483,0.23842592592592593,0.39351851851851855,2.546296296296296,2.384259259259259,1.9675925925925926,0.46820027063599456,0.5542676501580611,0.35,0.17427731314896075
22,low_rating_bottom30_bayes_category_m25,content_quantity_interactions,LogisticRegressionBalanced,25,1480,0.2918918918918919,0.5652231210154677,0.7528670130053717,0.7702702702702703,0.6959459459459459,0.5709459459459459,0.13194444444444445,0.23842592592592593,0.3912037037037037,2.638888888888889,2.384259259259259,1.9560185185185184,0.5611374407582939,0.5452674897119342,0.55,0.20174278475343196
22,low_rating_bottom30_bayes_category_m25,content_quantity_interactions,HistGradientBoostingClassifier,25,1480,0.2918918918918919,0.5669188552536524,0.7528913097257564,0.7702702702702703,0.668918918918919,0.6081081081081081,0.13194444444444445,0.22916666666666666,0.4166666666666667,2.638888888888889,2.2916666666666665,2.083333333333333,0.41497659906396256,0.5058977719528178,0.4,0.17263464737730114
22,low_rating_bottom30_bayes_category_m25,content_quantity_interactions,ExtraTreesClassifier,25,1480,0.2918918918918919,0.5720538899179728,0.7532778484591461,0.8378378378378378,0.6891891891891891,0.581081081081081,0.14351851851851852,0.2361111111111111,0.39814814814814814,2.8703703703703702,2.3611111111111107,1.9907407407407405,0.4,0.3173431734317343,0.55,0.1810519388500725
22,low_rating_bottom30_bayes_category_m25,content_quantity_interactions,XGBoostClassifier,25,1480,0.2918918918918919,0.569248720998642,0.7564673452078032,0.7702702702702703,0.6486486486486487,0.581081081081081,0.13194444444444445,0.2222222222222222,0.39814814814814814,2.638888888888889,2.2222222222222223,1.9907407407407405,0.40063593004769477,0.49546044098573283,0.4,0.17120975255966187
22,low_rating_bottom30_category_relative,content_quantity_interactions,DummyClassifier,25,1480,0.28243243243243243,0.28243243243243243,0.5,0.2702702702702703,0.28378378378378377,0.31756756756756754,0.04784688995215311,0.10047846889952153,0.22488038277511962,0.9569377990430622,1.0047846889952152,1.124401913875598,0.0,0.440463645943098,0.05,0.20266713711024323
22,low_rating_bottom30_category_relative,content_quantity_interactions,LogisticRegression,25,1480,0.28243243243243243,0.516044232300377,0.7273515710179403,0.6891891891891891,0.6283783783783784,0.5337837837837838,0.12200956937799043,0.22248803827751196,0.37799043062200954,2.4401913875598082,2.22488038277512,1.8899521531100478,0.4227405247813411,0.5185185185185185,0.3,0.17956922929622854
22,low_rating_bottom30_category_relative,content_quantity_interactions,LogisticRegressionBalanced,25,1480,0.28243243243243243,0.5125059827744485,0.7227876445093216,0.7027027027027027,0.5878378378378378,0.5236486486486487,0.12440191387559808,0.20813397129186603,0.3708133971291866,2.488038277511962,2.0813397129186604,1.854066985645933,0.5205479452054794,0.5037194473963869,0.55,0.2115708658681247
22,low_rating_bottom30_category_relative,content_quantity_interactions,HistGradientBoostingClassifier,25,1480,0.28243243243243243,0.5249304547343696,0.7409217059083251,0.6891891891891891,0.6283783783783784,0.5743243243243243,0.12200956937799043,0.22248803827751196,0.40669856459330145,2.4401913875598082,2.22488038277512,2.0334928229665072,0.36789297658862874,0.4849315068493151,0.4,0.17350529420442481
22,low_rating_bottom30_category_relative,content_quantity_interactions,ExtraTreesClassifier,25,1480,0.28243243243243243,0.5486806125485552,0.742162931725822,0.8243243243243243,0.6418918918918919,0.5608108108108109,0.145933014354067,0.22727272727272727,0.39712918660287083,2.9186602870813396,2.2727272727272725,1.985645933014354,0.3494809688581315,0.264,0.55,0.18146395553982483
22,low_rating_bottom30_category_relative,content_quantity_interactions,XGBoostClassifier,25,1480,0.28243243243243243,0.5367395511363071,0.742744122761964,0.7162162162162162,0.6148648648648649,0.5709459459459459,0.12679425837320574,0.21770334928229665,0.4043062200956938,2.535885167464115,2.1770334928229667,2.021531100478469,0.34974533106960953,0.4769874476987448,0.4,0.1721370816230774
33,low_rating_bottom30_raw,content_quantity_interactions,DummyClassifier,25,1480,0.2641891891891892,0.2641891891891892,0.5,0.32432432432432434,0.25675675675675674,0.23986486486486486,0.061381074168797956,0.09718670076726342,0.1815856777493606,1.227621483375959,0.9718670076726341,0.9079283887468029,0.0,0.4179583110636024,0.05,0.1943932615967885
33,low_rating_bottom30_raw,content_quantity_interactions,LogisticRegression,25,1480,0.2641891891891892,0.4936786143262059,0.7327447927308425,0.6621621621621622,0.6013513513513513,0.5337837837837838,0.12531969309462915,0.22762148337595908,0.4040920716112532,2.5063938618925827,2.2762148337595907,2.020460358056266,0.4305343511450382,0.5032679738562091,0.3,0.17363259588664076
33,low_rating_bottom30_raw,content_quantity_interactions,LogisticRegressionBalanced,25,1480,0.2641891891891892,0.49269933306692165,0.7324253932019568,0.6351351351351351,0.6081081081081081,0.5236486486486487,0.12020460358056266,0.23017902813299232,0.39641943734015345,2.404092071611253,2.301790281329923,1.9820971867007673,0.513595166163142,0.500544069640914,0.55,0.2093124304447202
33,low_rating_bottom30_raw,content_quantity_interactions,HistGradientBoostingClassifier,25,1480,0.2641891891891892,0.513191639252873,0.7338791307635762,0.7432432432432432,0.6216216216216216,0.5371621621621622,0.14066496163682865,0.23529411764705882,0.40664961636828645,2.8132992327365725,2.352941176470588,2.0332480818414322,0.36906854130052724,0.496,0.35,0.1675202657241068
33,low_rating_bottom30_raw,content_quantity_interactions,ExtraTreesClassifier,25,1480,0.2641891891891892,0.5106849504030858,0.7386701236968617,0.6756756756756757,0.6148648648648649,0.5304054054054054,0.1278772378516624,0.23273657289002558,0.40153452685422,2.5575447570332477,2.3273657289002556,2.0076726342710995,0.3626760563380282,0.15315315315315314,0.6,0.17527857532745592
33,low_rating_bottom30_raw,content_quantity_interactions,XGBoostClassifier,25,1480,0.2641891891891892,0.5354717958295496,0.7477683132182087,0.6891891891891891,0.6486486486486487,0.5608108108108109,0.13043478260869565,0.24552429667519182,0.42455242966751916,2.6086956521739126,2.455242966751918,2.122762148337596,0.3709090909090909,0.5213903743315508,0.35,0.16280657052993774
33,low_rating_bottom20_raw,content_quantity_interactions,DummyClassifier,25,1480,0.17229729729729729,0.17229729729729729,0.5,0.25675675675675674,0.17567567567567569,0.17905405405405406,0.07450980392156863,0.10196078431372549,0.20784313725490197,1.4901960784313726,1.019607843137255,1.0392156862745099,0.0,0.29394812680115273,0.05,0.14273657413363808
33,low_rating_bottom20_raw,content_quantity_interactions,LogisticRegression,25,1480,0.17229729729729729,0.3656734142920107,0.7208163265306121,0.47297297297297297,0.4527027027027027,0.3547297297297297,0.13725490196078433,0.2627450980392157,0.4117647058823529,2.7450980392156863,2.627450980392157,2.058823529411765,0.27298050139275765,0.3870967741935484,0.25,0.13370077229941998
33,low_rating_bottom20_raw,content_quantity_interactions,LogisticRegressionBalanced,25,1480,0.17229729729729729,0.35346447313792656,0.7168851540616248,0.4864864864864865,0.41216216216216217,0.3581081081081081,0.1411764705882353,0.23921568627450981,0.41568627450980394,2.823529411764706,2.3921568627450984,2.0784313725490198,0.4,0.4,0.55,0.20452114044256883
33,low_rating_bottom20_raw,content_quantity_interactions,HistGradientBoostingClassifier,25,1480,0.17229729729729729,0.41309726111135675,0.7591324529811926,0.527027027027027,0.4527027027027027,0.4189189189189189,0.15294117647058825,0.2627450980392157,0.48627450980392156,3.0588235294117645,2.627450980392157,2.431372549019608,0.1901639344262295,0.35764705882352943,0.3,0.12570992496066374
33,low_rating_bottom20_raw,content_quantity_interactions,ExtraTreesClassifier,25,1480,0.17229729729729729,0.40365256845120046,0.7523073229291717,0.5540540540540541,0.44594594594594594,0.3783783783783784,0.1607843137254902,0.25882352941176473,0.4392156862745098,3.215686274509804,2.588235294117647,2.196078431372549,0.21019108280254778,0.15331010452961671,0.55,0.1319733807196011
33,low_rating_bottom20_raw,content_quantity_interactions,XGBoostClassifier,25,1480,0.17229729729729729,0.42092855637368953,0.7627915166066426,0.5675675675675675,0.49324324324324326,0.41216216216216217,0.16470588235294117,0.28627450980392155,0.47843137254901963,3.294117647058824,2.8627450980392157,2.3921568627450984,0.17704918032786884,0.3402061855670103,0.35,0.12356959283351898
33,low_rating_bottom30_bayes_global_m25,content_quantity_interactions,DummyClassifier,25,1480,0.31283783783783786,0.31283783783783786,0.5,0.35135135135135137,0.30405405405405406,0.28716216216216217,0.056155507559395246,0.09719222462203024,0.183585313174946,1.123110151187905,0.9719222462203023,0.91792656587473,0.0,0.47658260422027793,0.05,0.21497362609946905
33,low_rating_bottom30_bayes_global_m25,content_quantity_interactions,LogisticRegression,25,1480,0.31283783783783786,0.5770818897364625,0.7419675452512471,0.7567567567567568,0.7094594594594594,0.6351351351351351,0.12095032397408208,0.2267818574514039,0.4060475161987041,2.4190064794816415,2.2678185745140387,2.03023758099352,0.505521472392638,0.5515911282545806,0.35,0.1836706396986878
33,low_rating_bottom30_bayes_global_m25,content_quantity_interactions,LogisticRegressionBalanced,25,1480,0.31283783783783786,0.577982326487796,0.7417169458301743,0.7702702702702703,0.7297297297297297,0.6351351351351351,0.12311015118790497,0.23326133909287258,0.4060475161987041,2.462203023758099,2.3326133909287257,2.03023758099352,0.5566820276497696,0.5566820276497696,0.5,0.2079109687442929
33,low_rating_bottom30_bayes_global_m25,content_quantity_interactions,HistGradientBoostingClassifier,25,1480,0.31283783783783786,0.565092271258208,0.7362844600750524,0.7297297297297297,0.7162162162162162,0.6182432432432432,0.11663066954643629,0.22894168466522677,0.3952483801295896,2.3326133909287257,2.2894168466522675,1.976241900647948,0.4496551724137931,0.5290763968072976,0.4,0.18272598824482722
33,low_rating_bottom30_bayes_global_m25,content_quantity_interactions,ExtraTreesClassifier,25,1480,0.31283783783783786,0.5770832357832464,0.7454865557658042,0.7702702702702703,0.6621621621621622,0.5844594594594594,0.12311015118790497,0.21166306695464362,0.37365010799136067,2.462203023758099,2.1166306695464363,1.8682505399568032,0.44813278008298757,0.19548872180451127,0.6,0.18901488601808938
33,low_rating_bottom30_bayes_global_m25,content_quantity_interactions,XGBoostClassifier,25,1480,0.31283783783783786,0.5860489620969653,0.7455035455570634,0.7432432432432432,0.6891891891891891,0.6385135135135135,0.11879049676025918,0.2203023758099352,0.408207343412527,2.3758099352051834,2.2030237580993517,2.0410367170626347,0.44287729196050774,0.5465116279069767,0.4,0.17855554819107056
33,low_rating_bottom30_bayes_category_m25,content_quantity_interactions,DummyClassifier,25,1480,0.28783783783783784,0.28783783783783784,0.5,0.33783783783783783,0.2972972972972973,0.27364864864864863,0.05868544600938967,0.10328638497652583,0.19014084507042253,1.1737089201877935,1.0328638497652582,0.9507042253521126,0.0,0.44700944386149005,0.05,0.20499881945850662
33,low_rating_bottom30_bayes_category_m25,content_quantity_interactions,LogisticRegression,25,1480,0.28783783783783784,0.5342569295738557,0.7403697962601669,0.7297297297297297,0.6486486486486487,0.5608108108108109,0.1267605633802817,0.22535211267605634,0.38967136150234744,2.5352112676056335,2.2535211267605635,1.9483568075117372,0.46567967698519513,0.5387931034482759,0.35,0.17846247302207838
33,low_rating_bottom30_bayes_category_m25,content_quantity_interactions,LogisticRegressionBalanced,25,1480,0.28783783783783784,0.5321179787559286,0.740487835297681,0.7027027027027027,0.6621621621621622,0.5506756756756757,0.12206572769953052,0.2300469483568075,0.3826291079812207,2.4413145539906105,2.300469483568075,1.9131455399061033,0.5454545454545454,0.5454545454545454,0.5,0.20686368747586567
33,low_rating_bottom30_bayes_category_m25,content_quantity_interactions,HistGradientBoostingClassifier,25,1480,0.28783783783783784,0.5468687022522533,0.7441537269155731,0.7162162162162162,0.6283783783783784,0.6081081081081081,0.12441314553990611,0.21830985915492956,0.4225352112676056,2.488262910798122,2.183098591549296,2.112676056338028,0.42592592592592593,0.5194805194805194,0.4,0.17244670140929322
33,low_rating_bottom30_bayes_category_m25,content_quantity_interactions,ExtraTreesClassifier,25,1480,0.28783783783783784,0.5413893800561885,0.7397261494329672,0.6621621621621622,0.6486486486486487,0.5945945945945946,0.11502347417840375,0.22535211267605634,0.4131455399061033,2.300469483568075,2.2535211267605635,2.0657276995305165,0.4169278996865204,0.3099099099099099,0.55,0.18311097878381208
33,low_rating_bottom30_bayes_category_m25,content_quantity_interactions,XGBoostClassifier,25,1480,0.28783783783783784,0.5714098898125893,0.7553451639629045,0.6891891891891891,0.6554054054054054,0.6081081081081081,0.11971830985915492,0.22769953051643194,0.4225352112676056,2.3943661971830985,2.276995305164319,2.112676056338028,0.4409448818897638,0.5235602094240838,0.4,0.16808274388313293
33,low_rating_bottom30_category_relative,content_quantity_interactions,DummyClassifier,25,1480,0.27905405405405403,0.27905405405405403,0.5,0.33783783783783783,0.2702702702702703,0.26013513513513514,0.06053268765133172,0.09685230024213075,0.1864406779661017,1.2106537530266344,0.9685230024213076,0.9322033898305085,0.0,0.4363444268357105,0.05,0.20118941771736068
33,low_rating_bottom30_category_relative,content_quantity_interactions,LogisticRegression,25,1480,0.27905405405405403,0.49758909249010985,0.721638138202877,0.6756756756756757,0.6148648648648649,0.5168918918918919,0.12106537530266344,0.22033898305084745,0.3704600484261501,2.4213075060532687,2.203389830508475,1.8523002421307506,0.4260869565217391,0.5173824130879345,0.3,0.18178492366101112
33,low_rating_bottom30_category_relative,content_quantity_interactions,LogisticRegressionBalanced,25,1480,0.27905405405405403,0.4995663536871793,0.7217357166684443,0.6756756756756757,0.6148648648648649,0.527027027027027,0.12106537530266344,0.22033898305084745,0.37772397094430993,2.4213075060532687,2.203389830508475,1.8886198547215496,0.5103857566765578,0.5103857566765578,0.5,0.21366306294785142
33,low_rating_bottom30_category_relative,content_quantity_interactions,HistGradientBoostingClassifier,25,1480,0.27905405405405403,0.5149447062344074,0.7367332998994716,0.6216216216216216,0.5945945945945946,0.5641891891891891,0.11138014527845036,0.21307506053268765,0.4043583535108959,2.2276029055690074,2.130750605326877,2.0217917675544794,0.39080459770114945,0.48032564450474896,0.4,0.17333553690371314
33,low_rating_bottom30_category_relative,content_quantity_interactions,ExtraTreesClassifier,25,1480,0.27905405405405403,0.5180014358750873,0.7352355839163458,0.6486486486486487,0.5878378378378378,0.5405405405405406,0.1162227602905569,0.2106537530266344,0.387409200968523,2.3244552058111383,2.106537530266344,1.9370460048426152,0.34459459459459457,0.14035087719298245,0.6,0.18266678494461047
33,low_rating_bottom30_category_relative,content_quantity_interactions,XGBoostClassifier,25,1480,0.27905405405405403,0.5195579198972371,0.7400396213955537,0.6216216216216216,0.6148648648648649,0.5777027027027027,0.11138014527845036,0.22033898305084745,0.41404358353510895,2.2276029055690074,2.203389830508475,2.070217917675545,0.36394557823129253,0.49657064471879286,0.4,0.1718817800283432
44,low_rating_bottom30_raw,content_quantity_interactions,DummyClassifier,25,1480,0.2641891891891892,0.2641891891891892,0.5,0.22972972972972974,0.2635135135135135,0.25,0.043478260869565216,0.09974424552429667,0.18925831202046037,0.8695652173913043,0.9974424552429666,0.9462915601023018,0.0,0.4179583110636024,0.05,0.19439326159678844
44,low_rating_bottom30_raw,content_quantity_interactions,LogisticRegression,25,1480,0.2641891891891892,0.5078886613392868,0.7281910009182737,0.7027027027027027,0.6013513513513513,0.5033783783783784,0.1329923273657289,0.22762148337595908,0.38107416879795397,2.659846547314578,2.2762148337595907,1.9053708439897696,0.42857142857142855,0.5005464480874317,0.3,0.1742941089518078
44,low_rating_bottom30_raw,content_quantity_interactions,LogisticRegressionBalanced,25,1480,0.2641891891891892,0.5074881840822558,0.7281158480879476,0.7297297297297297,0.6081081081081081,0.5033783783783784,0.13810741687979539,0.23017902813299232,0.38107416879795397,2.7621483375959075,2.301790281329923,1.9053708439897696,0.4959349593495935,0.4966698382492864,0.45,0.21090961291418928
44,low_rating_bottom30_raw,content_quantity_interactions,HistGradientBoostingClassifier,25,1480,0.2641891891891892,0.49974232660888807,0.7334587446189399,0.6621621621621622,0.5945945945945946,0.48986486486486486,0.12531969309462915,0.22506393861892582,0.37084398976982097,2.5063938618925827,2.2506393861892584,1.8542199488491047,0.35500878734622143,0.4679144385026738,0.35,0.1702019289441731
44,low_rating_bottom30_raw,content_quantity_interactions,ExtraTreesClassifier,25,1480,0.2641891891891892,0.509433025971303,0.7351121068861128,0.6621621621621622,0.6148648648648649,0.5236486486486487,0.12531969309462915,0.23273657289002558,0.39641943734015345,2.5063938618925827,2.3273657289002556,1.9820971867007673,0.37347294938917974,0.2601626016260163,0.55,0.17661310594403049
44,low_rating_bottom30_raw,content_quantity_interactions,XGBoostClassifier,25,1480,0.2641891891891892,0.5183418015734654,0.7333765462107709,0.6891891891891891,0.5878378378378378,0.5168918918918919,0.13043478260869565,0.22250639386189258,0.391304347826087,2.6086956521739126,2.2250639386189257,1.9565217391304346,0.3434704830053667,0.47493403693931396,0.35,0.1674366146326065
44,low_rating_bottom20_raw,content_quantity_interactions,DummyClassifier,25,1480,0.16216216216216217,0.16216216216216217,0.5,0.14864864864864866,0.16891891891891891,0.16891891891891891,0.04583333333333333,0.10416666666666667,0.20833333333333334,0.9166666666666666,1.0416666666666665,1.0416666666666665,0.0,0.27906976744186046,0.05,0.13586773250051024
44,low_rating_bottom20_raw,content_quantity_interactions,LogisticRegression,25,1480,0.16216216216216217,0.3590595620745065,0.7207963709677421,0.47297297297297297,0.3918918918918919,0.3344594594594595,0.14583333333333334,0.24166666666666667,0.4125,2.9166666666666665,2.4166666666666665,2.0625,0.2785515320334262,0.3687150837988827,0.3,0.12991658816802246
44,low_rating_bottom20_raw,content_quantity_interactions,LogisticRegressionBalanced,25,1480,0.16216216216216217,0.3513543483666741,0.716065188172043,0.4864864864864865,0.39864864864864863,0.3277027027027027,0.15,0.24583333333333332,0.4041666666666667,3.0,2.458333333333333,2.020833333333333,0.3870967741935484,0.3734567901234568,0.6,0.20826584722653765
44,low_rating_bottom20_raw,content_quantity_interactions,HistGradientBoostingClassifier,25,1480,0.16216216216216217,0.36956042065512906,0.7328024193548387,0.5540540540540541,0.41216216216216217,0.34797297297297297,0.17083333333333334,0.25416666666666665,0.42916666666666664,3.4166666666666665,2.5416666666666665,2.145833333333333,0.19931271477663232,0.3446601941747573,0.3,0.12316252332928831
44,low_rating_bottom20_raw,content_quantity_interactions,ExtraTreesClassifier,25,1480,0.16216216216216217,0.37331604586118555,0.7412936827956991,0.44594594594594594,0.4527027027027027,0.3783783783783784,0.1375,0.2791666666666667,0.4666666666666667,2.75,2.7916666666666665,2.3333333333333335,0.17793594306049823,0.17793594306049823,0.5,0.12990311038899519
44,low_rating_bottom20_raw,content_quantity_interactions,XGBoostClassifier,25,1480,0.16216216216216217,0.4012054631306424,0.7515524193548389,0.581081081081081,0.44594594594594594,0.38175675675675674,0.17916666666666667,0.275,0.4708333333333333,3.583333333333333,2.75,2.3541666666666665,0.20905923344947736,0.3671497584541063,0.3,0.11882401257753372
44,low_rating_bottom30_bayes_global_m25,content_quantity_interactions,DummyClassifier,25,1480,0.31486486486486487,0.31486486486486487,0.5,0.24324324324324326,0.2905405405405405,0.2905405405405405,0.03862660944206009,0.09227467811158799,0.18454935622317598,0.7725321888412018,0.9227467811158797,0.9227467811158797,0.0,0.4789311408016444,0.05,0.21574391297559264
44,low_rating_bottom30_bayes_global_m25,content_quantity_interactions,LogisticRegression,25,1480,0.31486486486486487,0.5740137060268483,0.7290000084651784,0.7567567567567568,0.6824324324324325,0.5878378378378378,0.12017167381974249,0.2167381974248927,0.37339055793991416,2.40343347639485,2.167381974248927,1.8669527896995708,0.4882280049566295,0.5441441441441441,0.3,0.1891317159914395
44,low_rating_bottom30_bayes_global_m25,content_quantity_interactions,LogisticRegressionBalanced,25,1480,0.31486486486486487,0.5771570323021488,0.7306443693865285,0.8108108108108109,0.6959459459459459,0.5945945945945946,0.12875536480686695,0.22103004291845493,0.3776824034334764,2.575107296137339,2.2103004291845494,1.8884120171673822,0.5442922374429223,0.5442922374429223,0.5,0.21086796049222367
44,low_rating_bottom30_bayes_global_m25,content_quantity_interactions,HistGradientBoostingClassifier,25,1480,0.31486486486486487,0.5547414190393304,0.7287079598073325,0.7162162162162162,0.6486486486486487,0.5777027027027027,0.11373390557939914,0.20600858369098712,0.3669527896995708,2.274678111587983,2.060085836909871,1.8347639484978542,0.40559440559440557,0.5040276179516686,0.4,0.18721688785160734
44,low_rating_bottom30_bayes_global_m25,content_quantity_interactions,ExtraTreesClassifier,25,1480,0.31486486486486487,0.5793371077305802,0.7328135713741525,0.8243243243243243,0.6756756756756757,0.6148648648648649,0.13090128755364808,0.2145922746781116,0.3905579399141631,2.6180257510729614,2.1459227467811157,1.9527896995708156,0.44689655172413795,0.3246753246753247,0.55,0.19140143847285362
44,low_rating_bottom30_bayes_global_m25,content_quantity_interactions,XGBoostClassifier,25,1480,0.31486486486486487,0.5676520332996242,0.731685586340588,0.8108108108108109,0.6554054054054054,0.5709459459459459,0.12875536480686695,0.20815450643776823,0.3626609442060086,2.575107296137339,2.0815450643776825,1.8133047210300428,0.3977272727272727,0.5253456221198156,0.4,0.18411684036254883
44,low_rating_bottom30_bayes_category_m25,content_quantity_interactions,DummyClassifier,25,1480,0.2939189189189189,0.2939189189189189,0.5,0.25675675675675674,0.2905405405405405,0.27364864864864863,0.04367816091954023,0.09885057471264368,0.18620689655172415,0.8735632183908045,0.9885057471264367,0.9310344827586207,0.0,0.45430809399477806,0.05,0.2075481955547292
44,low_rating_bottom30_bayes_category_m25,content_quantity_interactions,LogisticRegression,25,1480,0.2939189189189189,0.5714757513974542,0.7441610295330804,0.8243243243243243,0.6824324324324325,0.5878378378378378,0.14022988505747128,0.23218390804597702,0.4,2.8045977011494254,2.32183908045977,2.0,0.4854111405835544,0.541015625,0.3,0.17766845333284978
44,low_rating_bottom30_bayes_category_m25,content_quantity_interactions,LogisticRegressionBalanced,25,1480,0.2939189189189189,0.5736739157475852,0.7453511521751086,0.8243243243243243,0.6756756756756757,0.5844594594594594,0.14022988505747128,0.22988505747126436,0.39770114942528734,2.8045977011494254,2.2988505747126435,1.9885057471264367,0.5389797882579404,0.5445240532241555,0.55,0.2047046642316762
44,low_rating_bottom30_bayes_category_m25,content_quantity_interactions,HistGradientBoostingClassifier,25,1480,0.2939189189189189,0.5639933677812199,0.7404102733322335,0.7837837837837838,0.668918918918919,0.5709459459459459,0.13333333333333333,0.22758620689655173,0.38850574712643676,2.6666666666666665,2.2758620689655173,1.9425287356321839,0.39076923076923076,0.49936305732484076,0.4,0.1758402076109188
44,low_rating_bottom30_bayes_category_m25,content_quantity_interactions,ExtraTreesClassifier,25,1480,0.2939189189189189,0.5576485982975555,0.7449529780564264,0.7432432432432432,0.6283783783783784,0.5574324324324325,0.12643678160919541,0.21379310344827587,0.3793103448275862,2.528735632183908,2.137931034482759,1.896551724137931,0.3765432098765432,0.30303030303030304,0.55,0.18381740317127038
44,low_rating_bottom30_bayes_category_m25,content_quantity_interactions,XGBoostClassifier,25,1480,0.2939189189189189,0.5515344367776853,0.7409690370125942,0.7837837837837838,0.6013513513513513,0.5574324324324325,0.13333333333333333,0.2045977011494253,0.3793103448275862,2.6666666666666665,2.045977011494253,1.896551724137931,0.3895705521472393,0.49625935162094764,0.4,0.17608824372291565
44,low_rating_bottom30_category_relative,content_quantity_interactions,DummyClassifier,25,1480,0.28243243243243243,0.28243243243243243,0.5,0.24324324324324326,0.28378378378378377,0.2702702702702703,0.0430622009569378,0.10047846889952153,0.19138755980861244,0.861244019138756,1.0047846889952152,0.9569377990430622,0.0,0.440463645943098,0.05,0.20266713711024323
44,low_rating_bottom30_category_relative,content_quantity_interactions,LogisticRegression,25,1480,0.28243243243243243,0.5195610273930839,0.7126731183377035,0.7297297297297297,0.6013513513513513,0.5135135135135135,0.1291866028708134,0.21291866028708134,0.36363636363636365,2.5837320574162677,2.129186602870813,1.8181818181818181,0.4166666666666667,0.5025641025641026,0.3,0.18408196833821763
44,low_rating_bottom30_category_relative,content_quantity_interactions,LogisticRegressionBalanced,25,1480,0.28243243243243243,0.5212337598455054,0.7148131628506295,0.7297297297297297,0.6283783783783784,0.5135135135135135,0.1291866028708134,0.22248803827751196,0.36363636363636365,2.5837320574162677,2.22488038277512,1.8181818181818181,0.5079365079365079,0.5114155251141552,0.45,0.21478144268143093
44,low_rating_bottom30_category_relative,content_quantity_interactions,HistGradientBoostingClassifier,25,1480,0.28243243243243243,0.5148170686417501,0.724950215806594,0.6756756756756757,0.6013513513513513,0.5304054054054054,0.11961722488038277,0.21291866028708134,0.37559808612440193,2.3923444976076556,2.129186602870813,1.8779904306220094,0.36628849270664504,0.44808743169398907,0.4,0.1775696396754097
44,low_rating_bottom30_category_relative,content_quantity_interactions,ExtraTreesClassifier,25,1480,0.28243243243243243,0.5292356388149594,0.7312081564980761,0.7162162162162162,0.6216216216216216,0.5540540540540541,0.12679425837320574,0.22009569377990432,0.3923444976076555,2.535885167464115,2.200956937799043,1.9617224880382775,0.3576158940397351,0.2578125,0.55,0.18442561612390918
44,low_rating_bottom30_category_relative,content_quantity_interactions,XGBoostClassifier,25,1480,0.28243243243243243,0.5218255491906957,0.7223573829283018,0.7297297297297297,0.6486486486486487,0.5371621621621622,0.1291866028708134,0.22966507177033493,0.3803827751196172,2.5837320574162677,2.2966507177033493,1.9019138755980862,0.35093696763202725,0.44937586685159503,0.4,0.17660732567310333
55,low_rating_bottom30_raw,content_quantity_interactions,DummyClassifier,25,1480,0.2641891891891892,0.2641891891891892,0.5,0.22972972972972974,0.2905405405405405,0.28378378378378377,0.043478260869565216,0.10997442455242967,0.21483375959079284,0.8695652173913043,1.0997442455242965,1.074168797953964,0.0,0.4179583110636024,0.05,0.19439326159678844
55,low_rating_bottom30_raw,content_quantity_interactions,LogisticRegression,25,1480,0.2641891891891892,0.48922422488236106,0.7350698334190544,0.6486486486486487,0.5878378378378378,0.5033783783783784,0.12276214833759591,0.22250639386189258,0.38107416879795397,2.455242966751918,2.2250639386189257,1.9053708439897696,0.4175491679273828,0.5191675794085433,0.3,0.1735305180033665
55,low_rating_bottom30_raw,content_quantity_interactions,LogisticRegressionBalanced,25,1480,0.2641891891891892,0.4820490123711919,0.7330735863635188,0.6081081081081081,0.5878378378378378,0.5033783783783784,0.11508951406649616,0.22250639386189258,0.38107416879795397,2.301790281329923,2.2250639386189257,1.9053708439897696,0.5207700101317123,0.5207700101317123,0.5,0.21108268414329653
55,low_rating_bottom30_raw,content_quantity_interactions,HistGradientBoostingClassifier,25,1480,0.2641891891891892,0.5052928129835155,0.7447481088494807,0.6891891891891891,0.6216216216216216,0.5033783783783784,0.13043478260869565,0.23529411764705882,0.38107416879795397,2.6086956521739126,2.352941176470588,1.9053708439897696,0.36869565217391304,0.4264705882352941,0.4,0.16781824212268776
55,low_rating_bottom30_raw,content_quantity_interactions,ExtraTreesClassifier,25,1480,0.2641891891891892,0.522136853448053,0.7618782571119238,0.6756756756756757,0.6351351351351351,0.5608108108108109,0.1278772378516624,0.24040920716112532,0.42455242966751916,2.5575447570332477,2.404092071611253,2.122762148337596,0.3685152057245081,0.3685152057245081,0.5,0.1738385274798309
55,low_rating_bottom30_raw,content_quantity_interactions,XGBoostClassifier,25,1480,0.2641891891891892,0.529217890573237,0.7602483801042275,0.6756756756756757,0.6216216216216216,0.5371621621621622,0.1278772378516624,0.23529411764705882,0.40664961636828645,2.5575447570332477,2.352941176470588,2.0332480818414322,0.35611510791366907,0.4608567208271787,0.4,0.16232913732528687
55,low_rating_bottom20_raw,content_quantity_interactions,DummyClassifier,25,1480,0.1777027027027027,0.1777027027027027,0.5,0.17567567567567569,0.17567567567567569,0.1858108108108108,0.049429657794676805,0.09885931558935361,0.20912547528517111,0.9885931558935362,0.9885931558935362,1.0456273764258555,0.0,0.3017785427423982,0.05,0.14644724348210067
55,low_rating_bottom20_raw,content_quantity_interactions,LogisticRegression,25,1480,0.1777027027027027,0.3996004556777883,0.7376332126309474,0.527027027027027,0.44594594594594594,0.3918918918918919,0.1482889733840304,0.2509505703422053,0.44106463878326996,2.9657794676806084,2.5095057034220534,2.20532319391635,0.2849462365591398,0.4075993091537133,0.25,0.13273158561257245
55,low_rating_bottom20_raw,content_quantity_interactions,LogisticRegressionBalanced,25,1480,0.1777027027027027,0.3861117767712511,0.7268137382018366,0.5,0.44594594594594594,0.36486486486486486,0.14068441064638784,0.2509505703422053,0.41064638783269963,2.8136882129277567,2.5095057034220534,2.0532319391634983,0.4247104247104247,0.4169014084507042,0.55,0.2010430278817611
55,low_rating_bottom20_raw,content_quantity_interactions,HistGradientBoostingClassifier,25,1480,0.1777027027027027,0.4308470853509011,0.7489869435219062,0.6486486486486487,0.49324324324324326,0.40540540540540543,0.18250950570342206,0.27756653992395436,0.45627376425855515,3.6501901140684416,2.775665399239544,2.281368821292776,0.25153374233128833,0.3917995444191344,0.3,0.12829573418566378
55,low_rating_bottom20_raw,content_quantity_interactions,ExtraTreesClassifier,25,1480,0.1777027027027027,0.434633506123317,0.7690606146761189,0.6621621621621622,0.5472972972972973,0.4222972972972973,0.18631178707224336,0.30798479087452474,0.4752851711026616,3.7262357414448672,3.079847908745247,2.3764258555133084,0.21221864951768488,0.21221864951768488,0.5,0.1319793296499282
55,low_rating_bottom20_raw,content_quantity_interactions,XGBoostClassifier,25,1480,0.1777027027027027,0.44830779195205034,0.7714225906127079,0.6216216216216216,0.5337837837837838,0.4391891891891892,0.17490494296577946,0.30038022813688214,0.49429657794676807,3.4980988593155895,3.0038022813688214,2.4714828897338403,0.23529411764705882,0.41839080459770117,0.3,0.1245037391781807
55,low_rating_bottom30_bayes_global_m25,content_quantity_interactions,DummyClassifier,25,1480,0.31148648648648647,0.31148648648648647,0.5,0.25675675675675674,0.34459459459459457,0.33783783783783783,0.04121475054229935,0.11062906724511931,0.21691973969631237,0.824295010845987,1.106290672451193,1.0845986984815619,0.0,0.4750128799587841,0.05,0.21446267146887188
55,low_rating_bottom30_bayes_global_m25,content_quantity_interactions,LogisticRegression,25,1480,0.31148648648648647,0.5453950146966803,0.7243096992287535,0.6891891891891891,0.6621621621621622,0.6047297297297297,0.11062906724511931,0.21258134490238612,0.3882863340563991,2.212581344902386,2.125813449023861,1.9414316702819958,0.4824120603015075,0.5531135531135531,0.3,0.18979819552311175
55,low_rating_bottom30_bayes_global_m25,content_quantity_interactions,LogisticRegressionBalanced,25,1480,0.31148648648648647,0.5447102219194755,0.724680101924604,0.7027027027027027,0.6621621621621622,0.5844594594594594,0.11279826464208242,0.21258134490238612,0.3752711496746204,2.255965292841649,2.125813449023861,1.876355748373102,0.5490196078431373,0.5490196078431373,0.5,0.21346140917682854
55,low_rating_bottom30_bayes_global_m25,content_quantity_interactions,HistGradientBoostingClassifier,25,1480,0.31148648648648647,0.5594067723116185,0.7292547880934692,0.7567567567567568,0.7162162162162162,0.5912162162162162,0.12147505422993492,0.2299349240780911,0.3796095444685466,2.429501084598699,2.299349240780911,1.8980477223427332,0.423728813559322,0.5158264947245017,0.4,0.18361412044489503
55,low_rating_bottom30_bayes_global_m25,content_quantity_interactions,ExtraTreesClassifier,25,1480,0.31148648648648647,0.5522657986328047,0.7377506338356477,0.7162162162162162,0.6891891891891891,0.5878378378378378,0.11496746203904555,0.22125813449023862,0.3774403470715835,2.299349240780911,2.212581344902386,1.8872017353579176,0.42857142857142855,0.42857142857142855,0.5,0.1913345460193148
55,low_rating_bottom30_bayes_global_m25,content_quantity_interactions,XGBoostClassifier,25,1480,0.31148648648648647,0.5598108000752323,0.7400283975400153,0.7297297297297297,0.6824324324324325,0.6216216216216216,0.11713665943600868,0.21908893709327548,0.39913232104121477,2.3427331887201737,2.190889370932755,1.9956616052060738,0.41714285714285715,0.5336374002280502,0.4,0.1811702400445938
55,low_rating_bottom30_bayes_category_m25,content_quantity_interactions,DummyClassifier,25,1480,0.2939189189189189,0.2939189189189189,0.5,0.22972972972972974,0.32432432432432434,0.3108108108108108,0.03908045977011494,0.1103448275862069,0.21149425287356322,0.7816091954022989,1.103448275862069,1.0574712643678161,0.0,0.45430809399477806,0.05,0.2075481955547292
55,low_rating_bottom30_bayes_category_m25,content_quantity_interactions,LogisticRegression,25,1480,0.2939189189189189,0.5207953442944108,0.736318539294946,0.6081081081081081,0.6081081081081081,0.5506756756756757,0.10344827586206896,0.20689655172413793,0.37471264367816093,2.0689655172413794,2.0689655172413794,1.8735632183908046,0.46875,0.5410526315789473,0.35,0.18359470826324464
55,low_rating_bottom30_bayes_category_m25,content_quantity_interactions,LogisticRegressionBalanced,25,1480,0.2939189189189189,0.5150305860016899,0.7348908320959138,0.5945945945945946,0.6148648648648649,0.5540540540540541,0.10114942528735632,0.20919540229885059,0.37701149425287356,2.0229885057471266,2.091954022988506,1.885057471264368,0.5527831094049904,0.5609318996415771,0.45,0.21142590450479062
55,low_rating_bottom30_bayes_category_m25,content_quantity_interactions,HistGradientBoostingClassifier,25,1480,0.2939189189189189,0.5207728192273016,0.737231479953803,0.6891891891891891,0.6081081081081081,0.5540540540540541,0.11724137931034483,0.20689655172413793,0.37701149425287356,2.3448275862068964,2.0689655172413794,1.885057471264368,0.37251908396946565,0.48531289910600256,0.4,0.17983518084113695
55,low_rating_bottom30_bayes_category_m25,content_quantity_interactions,ExtraTreesClassifier,25,1480,0.2939189189189189,0.5534108818839502,0.7584688995215311,0.6891891891891891,0.6351351351351351,0.5878378378378378,0.11724137931034483,0.2160919540229885,0.4,2.3448275862068964,2.160919540229885,2.0,0.42201834862385323,0.1663286004056795,0.6,0.18298999769185373
55,low_rating_bottom30_bayes_category_m25,content_quantity_interactions,XGBoostClassifier,25,1480,0.2939189189189189,0.5455077724947095,0.7522895011824232,0.7027027027027027,0.6216216216216216,0.5709459459459459,0.11954022988505747,0.21149425287356322,0.38850574712643676,2.3908045977011496,2.1149425287356323,1.9425287356321839,0.3870967741935484,0.5025252525252525,0.4,0.17442138493061066
55,low_rating_bottom30_category_relative,content_quantity_interactions,DummyClassifier,25,1480,0.28243243243243243,0.28243243243243243,0.5,0.22972972972972974,0.2972972972972973,0.2939189189189189,0.04066985645933014,0.10526315789473684,0.20813397129186603,0.8133971291866029,1.0526315789473684,1.0406698564593302,0.0,0.440463645943098,0.05,0.20266713711024323
55,low_rating_bottom30_category_relative,content_quantity_interactions,LogisticRegression,25,1480,0.28243243243243243,0.5017221162785109,0.7280318799052073,0.6621621621621622,0.6013513513513513,0.5405405405405406,0.11722488038277512,0.21291866028708134,0.3827751196172249,2.3444976076555024,2.129186602870813,1.9138755980861244,0.44096728307254623,0.5360443622920518,0.25,0.18036166492652705
55,low_rating_bottom30_category_relative,content_quantity_interactions,LogisticRegressionBalanced,25,1480,0.28243243243243243,0.4978663925019863,0.7275610701123636,0.6891891891891891,0.6013513513513513,0.5304054054054054,0.12200956937799043,0.21291866028708134,0.37559808612440193,2.4401913875598082,2.129186602870813,1.8779904306220094,0.5360623781676414,0.5360623781676414,0.5,0.21229515712266017
55,low_rating_bottom30_category_relative,content_quantity_interactions,HistGradientBoostingClassifier,25,1480,0.28243243243243243,0.5246735782116895,0.7380630569747431,0.6756756756756757,0.6486486486486487,0.5608108108108109,0.11961722488038277,0.22966507177033493,0.39712918660287083,2.3923444976076556,2.2966507177033493,1.985645933014354,0.3836065573770492,0.46703296703296704,0.4,0.17390607908596586
55,low_rating_bottom30_category_relative,content_quantity_interactions,ExtraTreesClassifier,25,1480,0.28243243243243243,0.532092483239542,0.7556159273376044,0.6891891891891891,0.6621621621621622,0.5540540540540541,0.12200956937799043,0.23444976076555024,0.3923444976076555,2.4401913875598082,2.3444976076555024,1.9617224880382775,0.3694915254237288,0.3694915254237288,0.5,0.18204614807924285
55,low_rating_bottom30_category_relative,content_quantity_interactions,XGBoostClassifier,25,1480,0.28243243243243243,0.516106298169233,0.7361032267365898,0.7297297297297297,0.6081081081081081,0.5304054054054054,0.1291866028708134,0.215311004784689,0.37559808612440193,2.5837320574162677,2.15311004784689,1.8779904306220094,0.3572621035058431,0.43922651933701656,0.4,0.17453834414482117
11,low_rating_bottom30_raw,full_content_quantity_interactions_plus_reliability,DummyClassifier,25,1480,0.2641891891891892,0.2641891891891892,0.5,0.14864864864864866,0.1891891891891892,0.2195945945945946,0.028132992327365727,0.07161125319693094,0.16624040920716113,0.5626598465473146,0.7161125319693095,0.8312020460358056,0.0,0.4179583110636024,0.05,0.19439326159678844
11,low_rating_bottom30_raw,full_content_quantity_interactions_plus_reliability,LogisticRegression,25,1480,0.2641891891891892,0.530659836538919,0.7711690257609811,0.6081081081081081,0.6486486486486487,0.5574324324324325,0.11508951406649616,0.24552429667519182,0.4219948849104859,2.301790281329923,2.455242966751918,2.1099744245524295,0.47234678624813153,0.5517241379310345,0.3,0.16311409882540676
11,low_rating_bottom30_raw,full_content_quantity_interactions_plus_reliability,LogisticRegressionBalanced,25,1480,0.2641891891891892,0.5279334821234108,0.7728012512946248,0.6351351351351351,0.6351351351351351,0.5574324324324325,0.12020460358056266,0.24040920716112532,0.4219948849104859,2.404092071611253,2.404092071611253,2.1099744245524295,0.5608040201005026,0.5608040201005026,0.5,0.1969531670464056
11,low_rating_bottom30_raw,full_content_quantity_interactions_plus_reliability,HistGradientBoostingClassifier,25,1480,0.2641891891891892,0.5499151000462367,0.7742808226416691,0.6891891891891891,0.6554054054054054,0.5743243243243243,0.13043478260869565,0.24808184143222506,0.43478260869565216,2.6086956521739126,2.4808184143222505,2.1739130434782608,0.41567291311754684,0.4934687953555878,0.4,0.15822294287691854
11,low_rating_bottom30_raw,full_content_quantity_interactions_plus_reliability,ExtraTreesClassifier,25,1480,0.2641891891891892,0.5424906150012724,0.7621976566408093,0.6621621621621622,0.6486486486486487,0.5709459459459459,0.12531969309462915,0.24552429667519182,0.4322250639386189,2.5063938618925827,2.455242966751918,2.1611253196930944,0.3858407079646018,0.2525879917184265,0.55,0.17242529184579664
11,low_rating_bottom30_raw,full_content_quantity_interactions_plus_reliability,XGBoostClassifier,25,1480,0.2641891891891892,0.5895519765704733,0.7921178772143664,0.8108108108108109,0.668918918918919,0.6148648648648649,0.1534526854219949,0.2531969309462916,0.46547314578005117,3.0690537084398977,2.5319693094629154,2.3273657289002556,0.4007220216606498,0.5255474452554745,0.4,0.15220017731189728
11,low_rating_bottom20_raw,full_content_quantity_interactions_plus_reliability,DummyClassifier,25,1480,0.175,0.175,0.5,0.12162162162162163,0.14864864864864866,0.1554054054054054,0.03474903474903475,0.08494208494208494,0.1776061776061776,0.694980694980695,0.8494208494208495,0.888030888030888,0.0,0.2978723404255319,0.05,0.14458779688229306
11,low_rating_bottom20_raw,full_content_quantity_interactions_plus_reliability,LogisticRegression,25,1480,0.175,0.44921928763381364,0.7929667118856308,0.6216216216216216,0.5472972972972973,0.4358108108108108,0.1776061776061776,0.3127413127413127,0.4980694980694981,3.552123552123552,3.1274131274131274,2.4903474903474905,0.3826530612244898,0.46589018302828616,0.25,0.12168415301977231
11,low_rating_bottom20_raw,full_content_quantity_interactions_plus_reliability,LogisticRegressionBalanced,25,1480,0.175,0.44073989595989943,0.7879104095320311,0.6216216216216216,0.527027027027027,0.43243243243243246,0.1776061776061776,0.30115830115830117,0.4942084942084942,3.552123552123552,3.0115830115830113,2.4710424710424714,0.4599483204134367,0.47023809523809523,0.6,0.18555695610300318
11,low_rating_bottom20_raw,full_content_quantity_interactions_plus_reliability,HistGradientBoostingClassifier,25,1480,0.175,0.45186779035511326,0.7981558251828522,0.5675675675675675,0.5405405405405406,0.44256756756756754,0.16216216216216217,0.3088803088803089,0.5057915057915058,3.2432432432432434,3.0888030888030893,2.528957528957529,0.2367601246105919,0.3674540682414698,0.35,0.12237888714569592
11,low_rating_bottom20_raw,full_content_quantity_interactions_plus_reliability,ExtraTreesClassifier,25,1480,0.175,0.49302027067736676,0.8096091879875664,0.6756756756756757,0.5743243243243243,0.4594594594594595,0.19305019305019305,0.3281853281853282,0.525096525096525,3.8610038610038613,3.281853281853282,2.625482625482626,0.2119205298013245,0.2119205298013245,0.5,0.1266505990777394
11,low_rating_bottom20_raw,full_content_quantity_interactions_plus_reliability,XGBoostClassifier,25,1480,0.175,0.475527752456502,0.8095174851931609,0.6216216216216216,0.5878378378378378,0.4527027027027027,0.1776061776061776,0.3359073359073359,0.5173745173745173,3.552123552123552,3.359073359073359,2.586872586872587,0.1870967741935484,0.4413793103448276,0.3,0.11883604526519775
11,low_rating_bottom30_bayes_global_m25,full_content_quantity_interactions_plus_reliability,DummyClassifier,25,1480,0.30675675675675673,0.30675675675675673,0.5,0.21621621621621623,0.25675675675675674,0.28040540540540543,0.03524229074889868,0.08370044052863436,0.1828193832599119,0.7048458149779737,0.8370044052863437,0.9140969162995596,0.0,0.46949327817993797,0.05,0.21269052096873856
11,low_rating_bottom30_bayes_global_m25,full_content_quantity_interactions_plus_reliability,LogisticRegression,25,1480,0.30675675675675673,0.5492630787642591,0.7377051291959709,0.6891891891891891,0.6554054054054054,0.5878378378378378,0.11233480176211454,0.21365638766519823,0.3832599118942731,2.246696035242291,2.1365638766519823,1.9162995594713657,0.48020434227330777,0.5372549019607843,0.35,0.18564518667884644
11,low_rating_bottom30_bayes_global_m25,full_content_quantity_interactions_plus_reliability,LogisticRegressionBalanced,25,1480,0.30675675675675673,0.548419184371653,0.7377287442787095,0.6621621621621622,0.6486486486486487,0.581081081081081,0.10792951541850221,0.21145374449339208,0.3788546255506608,2.1585903083700444,2.114537444933921,1.894273127753304,0.5539305301645339,0.5539305301645339,0.5,0.21010909324690527
11,low_rating_bottom30_bayes_global_m25,full_content_quantity_interactions_plus_reliability,HistGradientBoostingClassifier,25,1480,0.30675675675675673,0.5423711451144553,0.7409640106139062,0.6486486486486487,0.6486486486486487,0.6013513513513513,0.10572687224669604,0.21145374449339208,0.3920704845814978,2.114537444933921,2.114537444933921,1.9603524229074891,0.44692737430167595,0.5352743561030235,0.4,0.18106716369038875
11,low_rating_bottom30_bayes_global_m25,full_content_quantity_interactions_plus_reliability,ExtraTreesClassifier,25,1480,0.30675675675675673,0.5380196274714766,0.7312732393882406,0.7162162162162162,0.6216216216216216,0.581081081081081,0.11674008810572688,0.2026431718061674,0.3788546255506608,2.334801762114538,2.026431718061674,1.894273127753304,0.4376731301939058,0.30564784053156147,0.55,0.1922175272089848
11,low_rating_bottom30_bayes_global_m25,full_content_quantity_interactions_plus_reliability,XGBoostClassifier,25,1480,0.30675675675675673,0.5518977481947833,0.7406720423182283,0.6756756756756757,0.6351351351351351,0.597972972972973,0.11013215859030837,0.20704845814977973,0.3898678414096916,2.2026431718061676,2.0704845814977975,1.9493392070484585,0.4155844155844156,0.5725971370143149,0.35,0.1799226850271225
11,low_rating_bottom30_bayes_category_m25,full_content_quantity_interactions_plus_reliability,DummyClassifier,25,1480,0.2891891891891892,0.2891891891891892,0.5,0.17567567567567569,0.20270270270270271,0.23648648648648649,0.030373831775700934,0.07009345794392523,0.16355140186915887,0.6074766355140188,0.7009345794392524,0.8177570093457944,0.0,0.44863731656184486,0.05,0.20556174954501008
11,low_rating_bottom30_bayes_category_m25,full_content_quantity_interactions_plus_reliability,LogisticRegression,25,1480,0.2891891891891892,0.5507230905490053,0.7659553676130912,0.6486486486486487,0.6554054054054054,0.6182432432432432,0.11214953271028037,0.2266355140186916,0.42757009345794394,2.2429906542056077,2.2663551401869158,2.1378504672897196,0.5179282868525896,0.5464025026068822,0.35,0.1729760768612707
11,low_rating_bottom30_bayes_category_m25,full_content_quantity_interactions_plus_reliability,LogisticRegressionBalanced,25,1480,0.2891891891891892,0.5438806689566009,0.7653557087523541,0.6081081081081081,0.6351351351351351,0.6047297297297297,0.10514018691588785,0.21962616822429906,0.4182242990654206,2.102803738317757,2.196261682242991,2.0911214953271027,0.5651760228353948,0.5601617795753286,0.55,0.20043281062751994
11,low_rating_bottom30_bayes_category_m25,full_content_quantity_interactions_plus_reliability,HistGradientBoostingClassifier,25,1480,0.2891891891891892,0.5789105085010715,0.7654623147720409,0.7972972972972973,0.6824324324324325,0.6216216216216216,0.1378504672897196,0.23598130841121495,0.42990654205607476,2.7570093457943927,2.3598130841121496,2.149532710280374,0.4568835098335855,0.5305105853051059,0.4,0.16750652841702912
11,low_rating_bottom30_bayes_category_m25,full_content_quantity_interactions_plus_reliability,ExtraTreesClassifier,25,1480,0.2891891891891892,0.5494485769930851,0.7622663551401868,0.7162162162162162,0.6148648648648649,0.5574324324324325,0.12383177570093458,0.21261682242990654,0.3855140186915888,2.4766355140186915,2.126168224299066,1.927570093457944,0.4116743471582181,0.2924187725631769,0.55,0.181579591128274
11,low_rating_bottom30_bayes_category_m25,full_content_quantity_interactions_plus_reliability,XGBoostClassifier,25,1480,0.2891891891891892,0.5788534533385171,0.7740152268931452,0.7567567567567568,0.6959459459459459,0.6148648648648649,0.1308411214953271,0.24065420560747663,0.4252336448598131,2.6168224299065423,2.4065420560747666,2.126168224299066,0.44891640866873067,0.5375796178343949,0.4,0.1653098613023758
11,low_rating_bottom30_category_relative,full_content_quantity_interactions_plus_reliability,DummyClassifier,25,1480,0.28040540540540543,0.28040540540540543,0.5,0.14864864864864866,0.20270270270270271,0.23986486486486486,0.02650602409638554,0.07228915662650602,0.1710843373493976,0.5301204819277109,0.7228915662650602,0.8554216867469878,0.0,0.43799472295514513,0.05,0.20177896350242255
11,low_rating_bottom30_category_relative,full_content_quantity_interactions_plus_reliability,LogisticRegression,25,1480,0.28040540540540543,0.5450905729429487,0.764396176254313,0.6216216216216216,0.6756756756756757,0.5675675675675675,0.1108433734939759,0.24096385542168675,0.40481927710843374,2.2168674698795177,2.4096385542168672,2.0240963855421685,0.4733893557422969,0.5505505505505506,0.3,0.16939485275668378
11,low_rating_bottom30_category_relative,full_content_quantity_interactions_plus_reliability,LogisticRegressionBalanced,25,1480,0.28040540540540543,0.5427778647119381,0.7666632728095479,0.6216216216216216,0.6418918918918919,0.581081081081081,0.1108433734939759,0.2289156626506024,0.41445783132530123,2.2168674698795177,2.2891566265060237,2.0722891566265056,0.5648854961832062,0.5648854961832062,0.5,0.20013166946440306
11,low_rating_bottom30_category_relative,full_content_quantity_interactions_plus_reliability,HistGradientBoostingClassifier,25,1480,0.28040540540540543,0.5546287083563952,0.7539838226144013,0.7297297297297297,0.668918918918919,0.5743243243243243,0.13012048192771083,0.2385542168674699,0.40963855421686746,2.602409638554217,2.3855421686746987,2.048192771084337,0.40390879478827363,0.5019815059445178,0.4,0.16818328841782848
11,low_rating_bottom30_category_relative,full_content_quantity_interactions_plus_reliability,ExtraTreesClassifier,25,1480,0.28040540540540543,0.5507208543926733,0.7546558063238871,0.7567567567567568,0.6486486486486487,0.5574324324324325,0.13493975903614458,0.23132530120481928,0.39759036144578314,2.6987951807228914,2.3132530120481927,1.9879518072289155,0.3694915254237288,0.3694915254237288,0.5,0.18033456152441707
11,low_rating_bottom30_category_relative,full_content_quantity_interactions_plus_reliability,XGBoostClassifier,25,1480,0.28040540540540543,0.5645947634312514,0.7747881667515132,0.7162162162162162,0.668918918918919,0.5777027027027027,0.12771084337349398,0.2385542168674699,0.41204819277108434,2.5542168674698793,2.3855421686746987,2.0602409638554215,0.40266222961730447,0.5020026702269693,0.4,0.16363655030727386
22,low_rating_bottom30_raw,full_content_quantity_interactions_plus_reliability,DummyClassifier,25,1480,0.2641891891891892,0.2641891891891892,0.5,0.25675675675675674,0.2635135135135135,0.30405405405405406,0.04859335038363171,0.09974424552429667,0.23017902813299232,0.9718670076726341,0.9974424552429666,1.1508951406649615,0.0,0.4179583110636024,0.05,0.19439326159678844
22,low_rating_bottom30_raw,full_content_quantity_interactions_plus_reliability,LogisticRegression,25,1480,0.2641891891891892,0.5445327192191233,0.769938398164392,0.7027027027027027,0.6554054054054054,0.543918918918919,0.1329923273657289,0.24808184143222506,0.4117647058823529,2.659846547314578,2.4808184143222505,2.058823529411765,0.4693572496263079,0.55119825708061,0.3,0.16305080848706083
22,low_rating_bottom30_raw,full_content_quantity_interactions_plus_reliability,LogisticRegressionBalanced,25,1480,0.2641891891891892,0.542931575599225,0.7683061726307483,0.7162162162162162,0.6621621621621622,0.543918918918919,0.13554987212276215,0.2506393861892583,0.4117647058823529,2.710997442455243,2.5063938618925827,2.058823529411765,0.5515832482124617,0.5428571428571428,0.55,0.19647660110024773
22,low_rating_bottom30_raw,full_content_quantity_interactions_plus_reliability,HistGradientBoostingClassifier,25,1480,0.2641891891891892,0.5408831759690031,0.7659858289944317,0.7162162162162162,0.6621621621621622,0.5608108108108109,0.13554987212276215,0.2506393861892583,0.42455242966751916,2.710997442455243,2.5063938618925827,2.122762148337596,0.4013722126929674,0.4766081871345029,0.4,0.16102476227751694
22,low_rating_bottom30_raw,full_content_quantity_interactions_plus_reliability,ExtraTreesClassifier,25,1480,0.2641891891891892,0.5626650176647028,0.7692808108990392,0.7972972972972973,0.6824324324324325,0.5574324324324325,0.15089514066496162,0.25831202046035806,0.4219948849104859,3.0179028132992323,2.5831202046035804,2.1099744245524295,0.3898916967509025,0.26382978723404255,0.55,0.17052031184452326
22,low_rating_bottom30_raw,full_content_quantity_interactions_plus_reliability,XGBoostClassifier,25,1480,0.2641891891891892,0.5607134366036302,0.7790882552565882,0.7432432432432432,0.6486486486486487,0.5912162162162162,0.14066496163682865,0.24552429667519182,0.4475703324808184,2.8132992327365725,2.455242966751918,2.237851662404092,0.3835125448028674,0.5058823529411764,0.4,0.15675337612628937
22,low_rating_bottom20_raw,full_content_quantity_interactions_plus_reliability,DummyClassifier,25,1480,0.1581081081081081,0.1581081081081081,0.5,0.14864864864864866,0.14189189189189189,0.16891891891891891,0.04700854700854701,0.08974358974358974,0.21367521367521367,0.9401709401709403,0.8974358974358975,1.0683760683760684,0.0,0.27304550758459745,0.05,0.13315257726117266
22,low_rating_bottom20_raw,full_content_quantity_interactions_plus_reliability,LogisticRegression,25,1480,0.1581081081081081,0.4177086095548029,0.7800688699565105,0.5405405405405406,0.527027027027027,0.3918918918918919,0.17094017094017094,0.3333333333333333,0.49572649572649574,3.418803418803419,3.333333333333333,2.4786324786324787,0.39892183288409705,0.4359464627151052,0.3,0.11581420806656444
22,low_rating_bottom20_raw,full_content_quantity_interactions_plus_reliability,LogisticRegressionBalanced,25,1480,0.1581081081081081,0.4104541564001773,0.7803329629172325,0.5675675675675675,0.5202702702702703,0.3952702702702703,0.1794871794871795,0.32905982905982906,0.5,3.58974358974359,3.290598290598291,2.5,0.43115438108484005,0.4338781575037147,0.55,0.1836502479148907
22,low_rating_bottom20_raw,full_content_quantity_interactions_plus_reliability,HistGradientBoostingClassifier,25,1480,0.1581081081081081,0.4325998857572751,0.7741319230083274,0.6081081081081081,0.5337837837837838,0.40540540540540543,0.19230769230769232,0.33760683760683763,0.5128205128205128,3.8461538461538463,3.376068376068376,2.5641025641025643,0.25,0.4065040650406504,0.35,0.1124663491687278
22,low_rating_bottom20_raw,full_content_quantity_interactions_plus_reliability,ExtraTreesClassifier,25,1480,0.1581081081081081,0.4433388017677827,0.787466902635442,0.6351351351351351,0.5405405405405406,0.38513513513513514,0.20085470085470086,0.3418803418803419,0.48717948717948717,4.017094017094017,3.418803418803419,2.435897435897436,0.2491349480968858,0.13076923076923078,0.55,0.12200461411465915
22,low_rating_bottom20_raw,full_content_quantity_interactions_plus_reliability,XGBoostClassifier,25,1480,0.1581081081081081,0.44028392706988584,0.7791874168278663,0.6621621621621622,0.5405405405405406,0.38175675675675674,0.2094017094017094,0.3418803418803419,0.4829059829059829,4.188034188034188,3.418803418803419,2.4145299145299144,0.2534246575342466,0.4176904176904177,0.3,0.11124564707279205
22,low_rating_bottom30_bayes_global_m25,full_content_quantity_interactions_plus_reliability,DummyClassifier,25,1480,0.3202702702702703,0.3202702702702703,0.5,0.2972972972972973,0.31756756756756754,0.36486486486486486,0.046413502109704644,0.09915611814345991,0.22784810126582278,0.9282700421940928,0.991561181434599,1.1392405063291138,0.0,0.4851586489252815,0.05,0.2178206269025919
22,low_rating_bottom30_bayes_global_m25,full_content_quantity_interactions_plus_reliability,LogisticRegression,25,1480,0.3202702702702703,0.5684353701769225,0.744522317571365,0.7567567567567568,0.6351351351351351,0.5945945945945946,0.11814345991561181,0.19831223628691982,0.37130801687763715,2.3628691983122363,1.983122362869198,1.8565400843881856,0.484548825710754,0.5557692307692308,0.35,0.1876568794995077
22,low_rating_bottom30_bayes_global_m25,full_content_quantity_interactions_plus_reliability,LogisticRegressionBalanced,25,1480,0.3202702702702703,0.5686242973321454,0.7417121742121113,0.7567567567567568,0.6486486486486487,0.6047297297297297,0.11814345991561181,0.20253164556962025,0.37763713080168776,2.3628691983122363,2.0253164556962027,1.8881856540084387,0.5657298277425205,0.5657298277425205,0.5,0.20797013080553337
22,low_rating_bottom30_bayes_global_m25,full_content_quantity_interactions_plus_reliability,HistGradientBoostingClassifier,25,1480,0.3202702702702703,0.5785096632762661,0.7470409609851439,0.7432432432432432,0.6824324324324325,0.6182432432432432,0.1160337552742616,0.21308016877637131,0.3860759493670886,2.3206751054852317,2.130801687763713,1.930379746835443,0.44505494505494503,0.5208333333333334,0.4,0.18295444129481936
22,low_rating_bottom30_bayes_global_m25,full_content_quantity_interactions_plus_reliability,ExtraTreesClassifier,25,1480,0.3202702702702703,0.5976335661487103,0.7523886218553657,0.7567567567567568,0.7162162162162162,0.6351351351351351,0.11814345991561181,0.22362869198312235,0.39662447257383965,2.3628691983122363,2.236286919831224,1.983122362869198,0.46174863387978143,0.17325800376647835,0.6,0.1892351659424573
22,low_rating_bottom30_bayes_global_m25,full_content_quantity_interactions_plus_reliability,XGBoostClassifier,25,1480,0.3202702702702703,0.5722743328881339,0.7469885329373968,0.7027027027027027,0.6351351351351351,0.6114864864864865,0.10970464135021098,0.19831223628691982,0.3818565400843882,2.1940928270042197,1.983122362869198,1.909282700421941,0.4226950354609929,0.5234741784037559,0.4,0.18343068659305573
22,low_rating_bottom30_bayes_category_m25,full_content_quantity_interactions_plus_reliability,DummyClassifier,25,1480,0.2918918918918919,0.2918918918918919,0.5,0.3108108108108108,0.2972972972972973,0.3344594594594595,0.05324074074074074,0.10185185185185185,0.22916666666666666,1.0648148148148147,1.0185185185185186,1.1458333333333333,0.0,0.45188284518828453,0.05,0.20669377760638163
22,low_rating_bottom30_bayes_category_m25,full_content_quantity_interactions_plus_reliability,LogisticRegression,25,1480,0.2918918918918919,0.590576468190593,0.7754894684761098,0.7972972972972973,0.7027027027027027,0.5878378378378378,0.13657407407407407,0.24074074074074073,0.4027777777777778,2.7314814814814814,2.4074074074074074,2.013888888888889,0.49206349206349204,0.5744234800838575,0.35,0.16873931925829383
22,low_rating_bottom30_bayes_category_m25,full_content_quantity_interactions_plus_reliability,LogisticRegressionBalanced,25,1480,0.2918918918918919,0.5903977079257572,0.7747230173876167,0.7567567567567568,0.7027027027027027,0.5945945945945946,0.12962962962962962,0.24074074074074073,0.4074074074074074,2.5925925925925926,2.4074074074074074,2.037037037037037,0.5747348119575699,0.5747348119575699,0.5,0.19421240525112504
22,low_rating_bottom30_bayes_category_m25,full_content_quantity_interactions_plus_reliability,HistGradientBoostingClassifier,25,1480,0.2918918918918919,0.5815266828511225,0.766294264206955,0.8108108108108109,0.7162162162162162,0.6114864864864865,0.1388888888888889,0.24537037037037038,0.41898148148148145,2.7777777777777777,2.4537037037037037,2.0949074074074074,0.44,0.4881450488145049,0.45,0.16816587885715406
22,low_rating_bottom30_bayes_category_m25,full_content_quantity_interactions_plus_reliability,ExtraTreesClassifier,25,1480,0.2918918918918919,0.5874730695590834,0.767893430166808,0.8783783783783784,0.7027027027027027,0.5912162162162162,0.15046296296296297,0.24074074074074073,0.4050925925925926,3.009259259259259,2.4074074074074074,2.025462962962963,0.3993610223642173,0.31226765799256506,0.55,0.17863967449174725
22,low_rating_bottom30_bayes_category_m25,full_content_quantity_interactions_plus_reliability,XGBoostClassifier,25,1480,0.2918918918918919,0.5907297639920184,0.7720282902176986,0.7702702702702703,0.6756756756756757,0.6351351351351351,0.13194444444444445,0.23148148148148148,0.4351851851851852,2.638888888888889,2.3148148148148144,2.1759259259259256,0.41324921135646686,0.529335071707953,0.4,0.16682183742523193
22,low_rating_bottom30_category_relative,full_content_quantity_interactions_plus_reliability,DummyClassifier,25,1480,0.28243243243243243,0.28243243243243243,0.5,0.2702702702702703,0.28378378378378377,0.31756756756756754,0.04784688995215311,0.10047846889952153,0.22488038277511962,0.9569377990430622,1.0047846889952152,1.124401913875598,0.0,0.440463645943098,0.05,0.20266713711024323
22,low_rating_bottom30_category_relative,full_content_quantity_interactions_plus_reliability,LogisticRegression,25,1480,0.28243243243243243,0.5461447632206957,0.7532303408753006,0.7297297297297297,0.6283783783783784,0.5574324324324325,0.1291866028708134,0.22248803827751196,0.39473684210526316,2.5837320574162677,2.22488038277512,1.973684210526316,0.4624113475177305,0.5353982300884956,0.35,0.1732848936046805
22,low_rating_bottom30_category_relative,full_content_quantity_interactions_plus_reliability,LogisticRegressionBalanced,25,1480,0.28243243243243243,0.543057252714656,0.7499414303606989,0.7027027027027027,0.6283783783783784,0.5608108108108109,0.12440191387559808,0.22248803827751196,0.39712918660287083,2.488038277511962,2.22488038277512,1.985645933014354,0.5463510848126233,0.5463510848126233,0.5,0.20332851625859727
22,low_rating_bottom30_category_relative,full_content_quantity_interactions_plus_reliability,HistGradientBoostingClassifier,25,1480,0.28243243243243243,0.5625362718347693,0.7566318853116355,0.7702702702702703,0.668918918918919,0.6081081081081081,0.13636363636363635,0.23684210526315788,0.430622009569378,2.7272727272727275,2.368421052631579,2.15311004784689,0.4019607843137255,0.5040650406504065,0.4,0.16762194648428183
22,low_rating_bottom30_category_relative,full_content_quantity_interactions_plus_reliability,ExtraTreesClassifier,25,1480,0.28243243243243243,0.5625223016888886,0.7534195658638121,0.7972972972972973,0.6959459459459459,0.5709459459459459,0.14114832535885166,0.24641148325358853,0.4043062200956938,2.8229665071770333,2.464114832535885,2.021531100478469,0.3745704467353952,0.2605210420841683,0.55,0.17976661574397312
22,low_rating_bottom30_category_relative,full_content_quantity_interactions_plus_reliability,XGBoostClassifier,25,1480,0.28243243243243243,0.577095805048075,0.7695374800637959,0.7702702702702703,0.7094594594594594,0.5878378378378378,0.13636363636363635,0.2511961722488038,0.41626794258373206,2.7272727272727275,2.511961722488038,2.0813397129186604,0.4079601990049751,0.4889502762430939,0.4,0.16463667154312134
33,low_rating_bottom30_raw,full_content_quantity_interactions_plus_reliability,DummyClassifier,25,1480,0.2641891891891892,0.2641891891891892,0.5,0.32432432432432434,0.25675675675675674,0.23986486486486486,0.061381074168797956,0.09718670076726342,0.1815856777493606,1.227621483375959,0.9718670076726341,0.9079283887468029,0.0,0.4179583110636024,0.05,0.1943932615967885
33,low_rating_bottom30_raw,full_content_quantity_interactions_plus_reliability,LogisticRegression,25,1480,0.2641891891891892,0.522108626376076,0.7522845286156145,0.7162162162162162,0.6486486486486487,0.5506756756756757,0.13554987212276215,0.24552429667519182,0.41687979539641945,2.710997442455243,2.455242966751918,2.0843989769820968,0.45901639344262296,0.5223068552774756,0.3,0.16843083158703046
33,low_rating_bottom30_raw,full_content_quantity_interactions_plus_reliability,LogisticRegressionBalanced,25,1480,0.2641891891891892,0.518899855166282,0.7530337083929273,0.7027027027027027,0.6351351351351351,0.5304054054054054,0.1329923273657289,0.24040920716112532,0.40153452685422,2.659846547314578,2.404092071611253,2.0076726342710995,0.5371900826446281,0.5104972375690607,0.55,0.2017010382362106
33,low_rating_bottom30_raw,full_content_quantity_interactions_plus_reliability,HistGradientBoostingClassifier,25,1480,0.2641891891891892,0.548627333579734,0.7598185998558006,0.6891891891891891,0.668918918918919,0.5743243243243243,0.13043478260869565,0.2531969309462916,0.43478260869565216,2.6086956521739126,2.5319693094629154,2.1739130434782608,0.4386873920552677,0.49039881831610044,0.4,0.16059387765976368
33,low_rating_bottom30_raw,full_content_quantity_interactions_plus_reliability,ExtraTreesClassifier,25,1480,0.2641891891891892,0.5164611043706872,0.7515330003123539,0.6621621621621622,0.6013513513513513,0.527027027027027,0.12531969309462915,0.22762148337595908,0.3989769820971867,2.5063938618925827,2.2762148337595907,1.9948849104859332,0.36331569664902996,0.17002237136465326,0.6,0.17383682432778141
33,low_rating_bottom30_raw,full_content_quantity_interactions_plus_reliability,XGBoostClassifier,25,1480,0.2641891891891892,0.5509395129759753,0.7653211961512357,0.7567567567567568,0.6418918918918919,0.5709459459459459,0.1432225063938619,0.24296675191815856,0.4322250639386189,2.864450127877238,2.4296675191815855,2.1611253196930944,0.3893805309734513,0.4889543446244477,0.4,0.15957535803318024
33,low_rating_bottom20_raw,full_content_quantity_interactions_plus_reliability,DummyClassifier,25,1480,0.17229729729729729,0.17229729729729729,0.5,0.25675675675675674,0.17567567567567569,0.17905405405405406,0.07450980392156863,0.10196078431372549,0.20784313725490197,1.4901960784313726,1.019607843137255,1.0392156862745099,0.0,0.29394812680115273,0.05,0.14273657413363808
33,low_rating_bottom20_raw,full_content_quantity_interactions_plus_reliability,LogisticRegression,25,1480,0.17229729729729729,0.3921349880059658,0.7478671468587436,0.527027027027027,0.4527027027027027,0.38175675675675674,0.15294117647058825,0.2627450980392157,0.44313725490196076,3.0588235294117645,2.627450980392157,2.215686274509804,0.29411764705882354,0.3757828810020877,0.35,0.13084323981481022
33,low_rating_bottom20_raw,full_content_quantity_interactions_plus_reliability,LogisticRegressionBalanced,25,1480,0.17229729729729729,0.3790180737691382,0.7407442977190877,0.47297297297297297,0.4391891891891892,0.3581081081081081,0.13725490196078433,0.2549019607843137,0.41568627450980394,2.7450980392156863,2.5490196078431375,2.0784313725490198,0.4390896921017403,0.4281609195402299,0.55,0.19646638417663642
33,low_rating_bottom20_raw,full_content_quantity_interactions_plus_reliability,HistGradientBoostingClassifier,25,1480,0.17229729729729729,0.4357181091620334,0.7829435774309724,0.5945945945945946,0.5,0.42567567567567566,0.17254901960784313,0.2901960784313726,0.49411764705882355,3.4509803921568634,2.901960784313726,2.4705882352941178,0.2546583850931677,0.3553299492385787,0.35,0.12316958259865646
33,low_rating_bottom20_raw,full_content_quantity_interactions_plus_reliability,ExtraTreesClassifier,25,1480,0.17229729729729729,0.404677951938933,0.7652148859543817,0.5135135135135135,0.4864864864864865,0.38175675675675674,0.14901960784313725,0.2823529411764706,0.44313725490196076,2.980392156862745,2.823529411764706,2.215686274509804,0.19935691318327975,0.15753424657534246,0.55,0.13101592319260053
33,low_rating_bottom20_raw,full_content_quantity_interactions_plus_reliability,XGBoostClassifier,25,1480,0.17229729729729729,0.44421060221784914,0.7860264105642257,0.581081081081081,0.5135135135135135,0.43243243243243246,0.16862745098039217,0.2980392156862745,0.5019607843137255,3.372549019607843,2.980392156862745,2.509803921568628,0.19801980198019803,0.3677581863979849,0.35,0.12133020162582397
33,low_rating_bottom30_bayes_global_m25,full_content_quantity_interactions_plus_reliability,DummyClassifier,25,1480,0.31283783783783786,0.31283783783783786,0.5,0.35135135135135137,0.30405405405405406,0.28716216216216217,0.056155507559395246,0.09719222462203024,0.183585313174946,1.123110151187905,0.9719222462203023,0.91792656587473,0.0,0.47658260422027793,0.05,0.21497362609946905
33,low_rating_bottom30_bayes_global_m25,full_content_quantity_interactions_plus_reliability,LogisticRegression,25,1480,0.31283783783783786,0.5774986488024915,0.7434711417776843,0.7702702702702703,0.7027027027027027,0.625,0.12311015118790497,0.22462203023758098,0.39956803455723544,2.462203023758099,2.24622030237581,1.997840172786177,0.5043050430504306,0.5526570048309178,0.35,0.18336126414445464
33,low_rating_bottom30_bayes_global_m25,full_content_quantity_interactions_plus_reliability,LogisticRegressionBalanced,25,1480,0.31283783783783786,0.5789791046306852,0.744271785690773,0.7837837837837838,0.7027027027027027,0.625,0.12526997840172785,0.22462203023758098,0.39956803455723544,2.505399568034557,2.24622030237581,1.997840172786177,0.5633546034639927,0.5680272108843537,0.45,0.20701037324924582
33,low_rating_bottom30_bayes_global_m25,full_content_quantity_interactions_plus_reliability,HistGradientBoostingClassifier,25,1480,0.31283783783783786,0.5880650341054142,0.7515221791106269,0.7702702702702703,0.7162162162162162,0.6385135135135135,0.12311015118790497,0.22894168466522677,0.408207343412527,2.462203023758099,2.2894168466522675,2.0410367170626347,0.4918032786885246,0.5410404624277456,0.4,0.1779139041514333
33,low_rating_bottom30_bayes_global_m25,full_content_quantity_interactions_plus_reliability,ExtraTreesClassifier,25,1480,0.31283783783783786,0.588218956940898,0.7517876445990517,0.7702702702702703,0.6891891891891891,0.6114864864864865,0.12311015118790497,0.2203023758099352,0.39092872570194387,2.462203023758099,2.2030237580993517,1.954643628509719,0.45034965034965035,0.33169129720853857,0.55,0.18795584734073853
33,low_rating_bottom30_bayes_global_m25,full_content_quantity_interactions_plus_reliability,XGBoostClassifier,25,1480,0.31283783783783786,0.5955973564116877,0.7536013048159688,0.7972972972972973,0.7297297297297297,0.6418918918918919,0.12742980561555076,0.23326133909287258,0.4103671706263499,2.548596112311015,2.3326133909287257,2.0518358531317493,0.4630681818181818,0.5359628770301624,0.4,0.17616453766822815
33,low_rating_bottom30_bayes_category_m25,full_content_quantity_interactions_plus_reliability,DummyClassifier,25,1480,0.28783783783783784,0.28783783783783784,0.5,0.33783783783783783,0.2972972972972973,0.27364864864864863,0.05868544600938967,0.10328638497652583,0.19014084507042253,1.1737089201877935,1.0328638497652582,0.9507042253521126,0.0,0.44700944386149005,0.05,0.20499881945850662
33,low_rating_bottom30_bayes_category_m25,full_content_quantity_interactions_plus_reliability,LogisticRegression,25,1480,0.28783783783783784,0.5627475960070943,0.7573941434820181,0.7837837837837838,0.6756756756756757,0.5945945945945946,0.13615023474178403,0.2347417840375587,0.4131455399061033,2.7230046948356805,2.347417840375587,2.0657276995305165,0.500669344042838,0.5516569200779727,0.3,0.17322582371940268
33,low_rating_bottom30_bayes_category_m25,full_content_quantity_interactions_plus_reliability,LogisticRegressionBalanced,25,1480,0.28783783783783784,0.5591984409979667,0.7581536021950805,0.7702702702702703,0.6824324324324325,0.581081081081081,0.13380281690140844,0.23708920187793428,0.40375586854460094,2.676056338028169,2.370892018779343,2.0187793427230045,0.5606207565470417,0.5606207565470417,0.5,0.20035048514953985
33,low_rating_bottom30_bayes_category_m25,full_content_quantity_interactions_plus_reliability,HistGradientBoostingClassifier,25,1480,0.28783783783783784,0.5760350113307183,0.764235953354536,0.7837837837837838,0.6959459459459459,0.6013513513513513,0.13615023474178403,0.24178403755868544,0.41784037558685444,2.7230046948356805,2.4178403755868545,2.089201877934272,0.44376899696048633,0.5228426395939086,0.4,0.1674050446631921
33,low_rating_bottom30_bayes_category_m25,full_content_quantity_interactions_plus_reliability,ExtraTreesClassifier,25,1480,0.28783783783783784,0.5553875274844772,0.7537861578070575,0.7432432432432432,0.6756756756756757,0.5844594594594594,0.12910798122065728,0.2347417840375587,0.4061032863849765,2.5821596244131455,2.347417840375587,2.0305164319248825,0.40442338072669826,0.30036630036630035,0.55,0.18096971131817585
33,low_rating_bottom30_bayes_category_m25,full_content_quantity_interactions_plus_reliability,XGBoostClassifier,25,1480,0.28783783783783784,0.588636181851438,0.7661089878932037,0.7837837837837838,0.6959459459459459,0.6283783783783784,0.13615023474178403,0.24178403755868544,0.43661971830985913,2.7230046948356805,2.4178403755868545,2.183098591549296,0.4496124031007752,0.5489199491740788,0.4,0.16519883275032043
33,low_rating_bottom30_category_relative,full_content_quantity_interactions_plus_reliability,DummyClassifier,25,1480,0.27905405405405403,0.27905405405405403,0.5,0.33783783783783783,0.2702702702702703,0.26013513513513514,0.06053268765133172,0.09685230024213075,0.1864406779661017,1.2106537530266344,0.9685230024213076,0.9322033898305085,0.0,0.4363444268357105,0.05,0.20118941771736068
33,low_rating_bottom30_category_relative,full_content_quantity_interactions_plus_reliability,LogisticRegression,25,1480,0.27905405405405403,0.5240242494078259,0.7384829044797593,0.7432432432432432,0.6351351351351351,0.5405405405405406,0.13317191283292978,0.22760290556900725,0.387409200968523,2.6634382566585955,2.2760290556900724,1.9370460048426152,0.4466571834992888,0.5145413870246085,0.35,0.17730957609248912
33,low_rating_bottom30_category_relative,full_content_quantity_interactions_plus_reliability,LogisticRegressionBalanced,25,1480,0.27905405405405403,0.5220959462608643,0.7391477996056014,0.7162162162162162,0.6283783783783784,0.5405405405405406,0.12832929782082325,0.22518159806295399,0.387409200968523,2.566585956416465,2.2518159806295404,1.9370460048426152,0.5261044176706827,0.5197860962566845,0.55,0.20745615062929712
33,low_rating_bottom30_category_relative,full_content_quantity_interactions_plus_reliability,HistGradientBoostingClassifier,25,1480,0.27905405405405403,0.5468421275668678,0.754177152569604,0.6891891891891891,0.6351351351351351,0.581081081081081,0.1234866828087167,0.22760290556900725,0.41646489104116224,2.469733656174334,2.2760290556900724,2.082324455205811,0.4057971014492754,0.5094339622641509,0.4,0.1677753334414964
33,low_rating_bottom30_category_relative,full_content_quantity_interactions_plus_reliability,ExtraTreesClassifier,25,1480,0.27905405405405403,0.5296642805186065,0.7523231617238256,0.6486486486486487,0.6283783783783784,0.5472972972972973,0.1162227602905569,0.22518159806295399,0.3922518159806295,2.3244552058111383,2.2518159806295404,1.9612590799031477,0.35845896147403683,0.14814814814814814,0.6,0.1803571663253971
33,low_rating_bottom30_category_relative,full_content_quantity_interactions_plus_reliability,XGBoostClassifier,25,1480,0.27905405405405403,0.5473896659810427,0.7549418954276547,0.7432432432432432,0.6621621621621622,0.5777027027027027,0.13317191283292978,0.23728813559322035,0.41404358353510895,2.6634382566585955,2.3728813559322037,2.070217917675545,0.3920265780730897,0.4980026631158455,0.4,0.1671108454465866
44,low_rating_bottom30_raw,full_content_quantity_interactions_plus_reliability,DummyClassifier,25,1480,0.2641891891891892,0.2641891891891892,0.5,0.22972972972972974,0.2635135135135135,0.25,0.043478260869565216,0.09974424552429667,0.18925831202046037,0.8695652173913043,0.9974424552429666,0.9462915601023018,0.0,0.4179583110636024,0.05,0.19439326159678844
44,low_rating_bottom30_raw,full_content_quantity_interactions_plus_reliability,LogisticRegression,25,1480,0.2641891891891892,0.5222700752805592,0.7495484958865567,0.6621621621621622,0.6013513513513513,0.5337837837837838,0.12531969309462915,0.22762148337595908,0.4040920716112532,2.5063938618925827,2.2762148337595907,2.020460358056266,0.4550898203592814,0.512087912087912,0.3,0.17006554075394154
44,low_rating_bottom30_raw,full_content_quantity_interactions_plus_reliability,LogisticRegressionBalanced,25,1480,0.2641891891891892,0.5208995935454929,0.7503587373385094,0.6756756756756757,0.6013513513513513,0.543918918918919,0.1278772378516624,0.22762148337595908,0.4117647058823529,2.5575447570332477,2.2762148337595907,2.058823529411765,0.5244536940686785,0.5244536940686785,0.5,0.2024668220510014
44,low_rating_bottom30_raw,full_content_quantity_interactions_plus_reliability,HistGradientBoostingClassifier,25,1480,0.2641891891891892,0.5228689882711992,0.7534775797970404,0.7162162162162162,0.5675675675675675,0.5304054054054054,0.13554987212276215,0.21483375959079284,0.40153452685422,2.710997442455243,2.148337595907928,2.0076726342710995,0.3642611683848797,0.4633093525179856,0.4,0.1656913997893838
44,low_rating_bottom30_raw,full_content_quantity_interactions_plus_reliability,ExtraTreesClassifier,25,1480,0.2641891891891892,0.5194086750433631,0.7505043459472661,0.6621621621621622,0.6081081081081081,0.5337837837837838,0.12531969309462915,0.23017902813299232,0.4040920716112532,2.5063938618925827,2.301790281329923,2.020460358056266,0.36649214659685864,0.24691358024691357,0.55,0.17454924945575861
44,low_rating_bottom30_raw,full_content_quantity_interactions_plus_reliability,XGBoostClassifier,25,1480,0.2641891891891892,0.5535235707310263,0.7610609700821279,0.8243243243243243,0.6148648648648649,0.5405405405405406,0.15601023017902813,0.23273657289002558,0.4092071611253197,3.1202046035805626,2.3273657289002556,2.0460358056265986,0.3623445825932504,0.4653179190751445,0.4,0.160799041390419
44,low_rating_bottom20_raw,full_content_quantity_interactions_plus_reliability,DummyClassifier,25,1480,0.16216216216216217,0.16216216216216217,0.5,0.14864864864864866,0.16891891891891891,0.16891891891891891,0.04583333333333333,0.10416666666666667,0.20833333333333334,0.9166666666666666,1.0416666666666665,1.0416666666666665,0.0,0.27906976744186046,0.05,0.13586773250051024
44,low_rating_bottom20_raw,full_content_quantity_interactions_plus_reliability,LogisticRegression,25,1480,0.16216216216216217,0.3855293335391413,0.7535450268817203,0.5135135135135135,0.42567567567567566,0.3614864864864865,0.15833333333333333,0.2625,0.44583333333333336,3.1666666666666665,2.6249999999999996,2.2291666666666665,0.3143631436314363,0.3946869070208729,0.3,0.12660673433277853
44,low_rating_bottom20_raw,full_content_quantity_interactions_plus_reliability,LogisticRegressionBalanced,25,1480,0.16216216216216217,0.3768988121011465,0.7515423387096775,0.5135135135135135,0.41216216216216217,0.3581081081081081,0.15833333333333333,0.25416666666666665,0.44166666666666665,3.1666666666666665,2.5416666666666665,2.208333333333333,0.4236588720770289,0.40063593004769477,0.6,0.19574778554786046
44,low_rating_bottom20_raw,full_content_quantity_interactions_plus_reliability,HistGradientBoostingClassifier,25,1480,0.16216216216216217,0.424987605142471,0.7756922043010751,0.581081081081081,0.46621621621621623,0.38175675675675674,0.17916666666666667,0.2875,0.4708333333333333,3.583333333333333,2.875,2.3541666666666665,0.23208191126279865,0.3448275862068966,0.35,0.11726062042376058
44,low_rating_bottom20_raw,full_content_quantity_interactions_plus_reliability,ExtraTreesClassifier,25,1480,0.16216216216216217,0.3874346000933376,0.7667069892473118,0.4864864864864865,0.5067567567567568,0.38175675675675674,0.15,0.3125,0.4708333333333333,3.0,3.125,2.3541666666666665,0.16666666666666666,0.10566037735849057,0.55,0.1278607099953782
44,low_rating_bottom20_raw,full_content_quantity_interactions_plus_reliability,XGBoostClassifier,25,1480,0.16216216216216217,0.40379914193721955,0.778010752688172,0.5675675675675675,0.4594594594594595,0.3783783783783784,0.175,0.2833333333333333,0.4666666666666667,3.4999999999999996,2.8333333333333335,2.3333333333333335,0.19310344827586207,0.37825059101654845,0.3,0.11736437678337097
44,low_rating_bottom30_bayes_global_m25,full_content_quantity_interactions_plus_reliability,DummyClassifier,25,1480,0.31486486486486487,0.31486486486486487,0.5,0.24324324324324326,0.2905405405405405,0.2905405405405405,0.03862660944206009,0.09227467811158799,0.18454935622317598,0.7725321888412018,0.9227467811158797,0.9227467811158797,0.0,0.4789311408016444,0.05,0.21574391297559264
44,low_rating_bottom30_bayes_global_m25,full_content_quantity_interactions_plus_reliability,LogisticRegression,25,1480,0.31486486486486487,0.5713230655473046,0.7312284667022204,0.7837837837837838,0.6621621621621622,0.5912162162162162,0.12446351931330472,0.21030042918454936,0.37553648068669526,2.4892703862660945,2.1030042918454934,1.8776824034334765,0.484472049689441,0.5469314079422383,0.3,0.18944173800859818
44,low_rating_bottom30_bayes_global_m25,full_content_quantity_interactions_plus_reliability,LogisticRegressionBalanced,25,1480,0.31486486486486487,0.5728668199297157,0.7328770602128145,0.7972972972972973,0.6486486486486487,0.5878378378378378,0.12660944206008584,0.20600858369098712,0.37339055793991416,2.5321888412017164,2.060085836909871,1.8669527896995708,0.5467889908256881,0.5456125108601216,0.45,0.2103930447873355
44,low_rating_bottom30_bayes_global_m25,full_content_quantity_interactions_plus_reliability,HistGradientBoostingClassifier,25,1480,0.31486486486486487,0.5595520264754821,0.7333870872167341,0.7432432432432432,0.6283783783783784,0.5675675675675675,0.11802575107296137,0.19957081545064378,0.3605150214592275,2.360515021459227,1.995708154506438,1.8025751072961373,0.40782122905027934,0.5069124423963134,0.4,0.1860547777439854
44,low_rating_bottom30_bayes_global_m25,full_content_quantity_interactions_plus_reliability,ExtraTreesClassifier,25,1480,0.31486486486486487,0.5664782741139275,0.7323225910218317,0.7837837837837838,0.6621621621621622,0.6081081081081081,0.12446351931330472,0.21030042918454936,0.38626609442060084,2.4892703862660945,2.1030042918454934,1.9313304721030042,0.43191196698762035,0.30971993410214166,0.55,0.191756752864549
44,low_rating_bottom30_bayes_global_m25,full_content_quantity_interactions_plus_reliability,XGBoostClassifier,25,1480,0.31486486486486487,0.5738614608493067,0.7346737943469538,0.8243243243243243,0.6554054054054054,0.5945945945945946,0.13090128755364808,0.20815450643776823,0.3776824034334764,2.6180257510729614,2.0815450643776825,1.8884120171673822,0.4169014084507042,0.5179190751445086,0.4,0.18288911879062653
44,low_rating_bottom30_bayes_category_m25,full_content_quantity_interactions_plus_reliability,DummyClassifier,25,1480,0.2939189189189189,0.2939189189189189,0.5,0.25675675675675674,0.2905405405405405,0.27364864864864863,0.04367816091954023,0.09885057471264368,0.18620689655172415,0.8735632183908045,0.9885057471264367,0.9310344827586207,0.0,0.45430809399477806,0.05,0.2075481955547292
44,low_rating_bottom30_bayes_category_m25,full_content_quantity_interactions_plus_reliability,LogisticRegression,25,1480,0.2939189189189189,0.5875092569127595,0.7609921355111917,0.8108108108108109,0.7094594594594594,0.6047297297297297,0.13793103448275862,0.2413793103448276,0.4114942528735632,2.7586206896551726,2.413793103448276,2.057471264367816,0.5157894736842106,0.5506391347099312,0.3,0.1737150992050934
44,low_rating_bottom30_bayes_category_m25,full_content_quantity_interactions_plus_reliability,LogisticRegressionBalanced,25,1480,0.2939189189189189,0.5875722828754554,0.7622262552934058,0.7837837837837838,0.7094594594594594,0.6216216216216216,0.13333333333333333,0.2413793103448276,0.42298850574712643,2.6666666666666665,2.413793103448276,2.1149425287356323,0.5486725663716814,0.5486725663716814,0.5,0.19783132747544147
44,low_rating_bottom30_bayes_category_m25,full_content_quantity_interactions_plus_reliability,HistGradientBoostingClassifier,25,1480,0.2939189189189189,0.5665909460008262,0.7579717318374305,0.7567567567567568,0.6554054054054054,0.581081081081081,0.12873563218390804,0.22298850574712645,0.3954022988505747,2.574712643678161,2.229885057471264,1.9770114942528734,0.41566265060240964,0.5099502487562189,0.4,0.1732433660592607
44,low_rating_bottom30_bayes_category_m25,full_content_quantity_interactions_plus_reliability,ExtraTreesClassifier,25,1480,0.2939189189189189,0.5696714896017949,0.7565506242094264,0.7972972972972973,0.6148648648648649,0.5675675675675675,0.135632183908046,0.20919540229885059,0.38620689655172413,2.7126436781609193,2.091954022988506,1.9310344827586206,0.38258164852255055,0.38258164852255055,0.5,0.18183197751315303
44,low_rating_bottom30_bayes_category_m25,full_content_quantity_interactions_plus_reliability,XGBoostClassifier,25,1480,0.2939189189189189,0.5829243877712134,0.7618390804597701,0.7567567567567568,0.668918918918919,0.5878378378378378,0.12873563218390804,0.22758620689655173,0.4,2.574712643678161,2.2758620689655173,2.0,0.4116743471582181,0.5136476426799007,0.4,0.16990990936756134
44,low_rating_bottom30_category_relative,full_content_quantity_interactions_plus_reliability,DummyClassifier,25,1480,0.28243243243243243,0.28243243243243243,0.5,0.24324324324324326,0.28378378378378377,0.2702702702702703,0.0430622009569378,0.10047846889952153,0.19138755980861244,0.861244019138756,1.0047846889952152,0.9569377990430622,0.0,0.440463645943098,0.05,0.20266713711024323
44,low_rating_bottom30_category_relative,full_content_quantity_interactions_plus_reliability,LogisticRegression,25,1480,0.28243243243243243,0.5313099284463547,0.7343100947026013,0.6891891891891891,0.6283783783783784,0.5472972972972973,0.12200956937799043,0.22248803827751196,0.3875598086124402,2.4401913875598082,2.22488038277512,1.9377990430622007,0.4598337950138504,0.5129265770423992,0.3,0.18008175250013647
44,low_rating_bottom30_category_relative,full_content_quantity_interactions_plus_reliability,LogisticRegressionBalanced,25,1480,0.28243243243243243,0.5291174809353961,0.7365424990313483,0.6891891891891891,0.6351351351351351,0.5472972972972973,0.12200956937799043,0.22488038277511962,0.3875598086124402,2.4401913875598082,2.248803827751196,1.9377990430622007,0.532258064516129,0.5413533834586466,0.45,0.2066401615627585
44,low_rating_bottom30_category_relative,full_content_quantity_interactions_plus_reliability,HistGradientBoostingClassifier,25,1480,0.28243243243243243,0.5283482210618522,0.7348732643112662,0.7432432432432432,0.6216216216216216,0.5472972972972973,0.13157894736842105,0.22009569377990432,0.3875598086124402,2.631578947368421,2.200956937799043,1.9377990430622007,0.37359098228663445,0.4603174603174603,0.4,0.175616286715797
44,low_rating_bottom30_category_relative,full_content_quantity_interactions_plus_reliability,ExtraTreesClassifier,25,1480,0.28243243243243243,0.5275012554097923,0.7404013371899187,0.6891891891891891,0.6081081081081081,0.5304054054054054,0.12200956937799043,0.215311004784689,0.37559808612440193,2.4401913875598082,2.15311004784689,1.8779904306220094,0.36688311688311687,0.36688311688311687,0.5,0.1829362814902773
44,low_rating_bottom30_category_relative,full_content_quantity_interactions_plus_reliability,XGBoostClassifier,25,1480,0.28243243243243243,0.5388101340523,0.7420480451256544,0.7297297297297297,0.6216216216216216,0.5337837837837838,0.1291866028708134,0.22009569377990432,0.37799043062200954,2.5837320574162677,2.200956937799043,1.8899521531100478,0.36,0.4654255319148936,0.4,0.17226821184158325
55,low_rating_bottom30_raw,full_content_quantity_interactions_plus_reliability,DummyClassifier,25,1480,0.2641891891891892,0.2641891891891892,0.5,0.22972972972972974,0.2905405405405405,0.28378378378378377,0.043478260869565216,0.10997442455242967,0.21483375959079284,0.8695652173913043,1.0997442455242965,1.074168797953964,0.0,0.4179583110636024,0.05,0.19439326159678844
55,low_rating_bottom30_raw,full_content_quantity_interactions_plus_reliability,LogisticRegression,25,1480,0.2641891891891892,0.5221998895897445,0.7574677253821638,0.6891891891891891,0.6418918918918919,0.5405405405405406,0.13043478260869565,0.24296675191815856,0.4092071611253197,2.6086956521739126,2.4296675191815855,2.0460358056265986,0.4565537555228277,0.5404255319148936,0.3,0.16693634542031446
55,low_rating_bottom30_raw,full_content_quantity_interactions_plus_reliability,LogisticRegressionBalanced,25,1480,0.2641891891891892,0.5190622388962279,0.7581957684259474,0.6351351351351351,0.6621621621621622,0.5506756756756757,0.12020460358056266,0.2506393861892583,0.41687979539641945,2.404092071611253,2.5063938618925827,2.0843989769820968,0.5409181636726547,0.5409181636726547,0.5,0.2036944861428396
55,low_rating_bottom30_raw,full_content_quantity_interactions_plus_reliability,HistGradientBoostingClassifier,25,1480,0.2641891891891892,0.5490093887402978,0.7827754409944598,0.7162162162162162,0.6621621621621622,0.5641891891891891,0.13554987212276215,0.2506393861892583,0.42710997442455245,2.710997442455243,2.5063938618925827,2.1355498721227617,0.4013605442176871,0.5437908496732026,0.35,0.15737696883508592
55,low_rating_bottom30_raw,full_content_quantity_interactions_plus_reliability,ExtraTreesClassifier,25,1480,0.2641891891891892,0.5392838038827121,0.7721483610811675,0.7297297297297297,0.6283783783783784,0.5675675675675675,0.13810741687979539,0.23785166240409208,0.4296675191815857,2.7621483375959075,2.3785166240409206,2.148337595907928,0.36917562724014336,0.36917562724014336,0.5,0.1723123261584575
55,low_rating_bottom30_raw,full_content_quantity_interactions_plus_reliability,XGBoostClassifier,25,1480,0.2641891891891892,0.5476269391976281,0.782690894060343,0.6891891891891891,0.6418918918918919,0.5675675675675675,0.13043478260869565,0.24296675191815856,0.4296675191815857,2.6086956521739126,2.4296675191815855,2.148337595907928,0.3850085178875639,0.5028409090909091,0.4,0.15712034702301025
55,low_rating_bottom20_raw,full_content_quantity_interactions_plus_reliability,DummyClassifier,25,1480,0.1777027027027027,0.1777027027027027,0.5,0.17567567567567569,0.17567567567567569,0.1858108108108108,0.049429657794676805,0.09885931558935361,0.20912547528517111,0.9885931558935362,0.9885931558935362,1.0456273764258555,0.0,0.3017785427423982,0.05,0.14644724348210067
55,low_rating_bottom20_raw,full_content_quantity_interactions_plus_reliability,LogisticRegression,25,1480,0.1777027027027027,0.4373417454952939,0.7677827731971969,0.5945945945945946,0.5202702702702703,0.39864864864864863,0.16730038022813687,0.29277566539923955,0.44866920152091255,3.346007604562738,2.927756653992396,2.2433460076045626,0.34536082474226804,0.43278688524590164,0.25,0.12800251641193436
55,low_rating_bottom20_raw,full_content_quantity_interactions_plus_reliability,LogisticRegressionBalanced,25,1480,0.1777027027027027,0.426367592794177,0.7585660681536285,0.5945945945945946,0.5,0.40540540540540543,0.16730038022813687,0.2813688212927757,0.45627376425855515,3.346007604562738,2.8136882129277567,2.281368821292776,0.44152431011826543,0.44036697247706424,0.6,0.1926057749911194
55,low_rating_bottom20_raw,full_content_quantity_interactions_plus_reliability,HistGradientBoostingClassifier,25,1480,0.1777027027027027,0.4710040296684082,0.7837542295303229,0.6756756756756757,0.5675675675675675,0.44256756756756754,0.19011406844106463,0.3193916349809886,0.49809885931558934,3.802281368821293,3.193916349809886,2.4904942965779466,0.23270440251572327,0.40963855421686746,0.35,0.12276184428740804
55,low_rating_bottom20_raw,full_content_quantity_interactions_plus_reliability,ExtraTreesClassifier,25,1480,0.1777027027027027,0.4430624571714756,0.7774118867376301,0.6756756756756757,0.5202702702702703,0.42567567567567566,0.19011406844106463,0.29277566539923955,0.4790874524714829,3.802281368821293,2.927756653992396,2.3954372623574143,0.2,0.2,0.5,0.13110818271718905
55,low_rating_bottom20_raw,full_content_quantity_interactions_plus_reliability,XGBoostClassifier,25,1480,0.1777027027027027,0.4703207989922719,0.7966326221369633,0.6891891891891891,0.5472972972972973,0.4391891891891892,0.19391634980988592,0.30798479087452474,0.49429657794676807,3.8783269961977185,3.079847908745247,2.4714828897338403,0.2507836990595611,0.375,0.35,0.12179338932037354
55,low_rating_bottom30_bayes_global_m25,full_content_quantity_interactions_plus_reliability,DummyClassifier,25,1480,0.31148648648648647,0.31148648648648647,0.5,0.25675675675675674,0.34459459459459457,0.33783783783783783,0.04121475054229935,0.11062906724511931,0.21691973969631237,0.824295010845987,1.106290672451193,1.0845986984815619,0.0,0.4750128799587841,0.05,0.21446267146887188
55,low_rating_bottom30_bayes_global_m25,full_content_quantity_interactions_plus_reliability,LogisticRegression,25,1480,0.31148648648648647,0.550339649882851,0.7287736903390888,0.7162162162162162,0.6621621621621622,0.6114864864864865,0.11496746203904555,0.21258134490238612,0.3926247288503254,2.299349240780911,2.125813449023861,1.963123644251627,0.4975247524752475,0.5502958579881657,0.35,0.18851429302594755
55,low_rating_bottom30_bayes_global_m25,full_content_quantity_interactions_plus_reliability,LogisticRegressionBalanced,25,1480,0.31148648648648647,0.5505176031903531,0.7298614821642587,0.7027027027027027,0.6486486486486487,0.6148648648648649,0.11279826464208242,0.20824295010845986,0.3947939262472885,2.255965292841649,2.082429501084599,1.9739696312364428,0.5533890436397401,0.5533890436397401,0.5,0.21215774406683766
55,low_rating_bottom30_bayes_global_m25,full_content_quantity_interactions_plus_reliability,HistGradientBoostingClassifier,25,1480,0.31148648648648647,0.5692861495867623,0.7399496337483689,0.7567567567567568,0.6959459459459459,0.6081081081081081,0.12147505422993492,0.22342733188720174,0.39045553145336226,2.429501084598699,2.2342733188720176,1.9522776572668115,0.45392022008253097,0.536697247706422,0.4,0.18050591575561778
55,low_rating_bottom30_bayes_global_m25,full_content_quantity_interactions_plus_reliability,ExtraTreesClassifier,25,1480,0.31148648648648647,0.5595211752062186,0.7408415804699856,0.6891891891891891,0.6824324324324325,0.6013513513513513,0.11062906724511931,0.21908893709327548,0.38611713665943603,2.212581344902386,2.190889370932755,1.93058568329718,0.44506258692628653,0.44506258692628653,0.5,0.1908307111500494
55,low_rating_bottom30_bayes_global_m25,full_content_quantity_interactions_plus_reliability,XGBoostClassifier,25,1480,0.31148648648648647,0.5799730368418413,0.7520473263950238,0.7297297297297297,0.6824324324324325,0.625,0.11713665943600868,0.21908893709327548,0.40130151843817785,2.3427331887201737,2.190889370932755,2.0065075921908897,0.43453237410071943,0.5486111111111112,0.4,0.1773146092891693
55,low_rating_bottom30_bayes_category_m25,full_content_quantity_interactions_plus_reliability,DummyClassifier,25,1480,0.2939189189189189,0.2939189189189189,0.5,0.22972972972972974,0.32432432432432434,0.3108108108108108,0.03908045977011494,0.1103448275862069,0.21149425287356322,0.7816091954022989,1.103448275862069,1.0574712643678161,0.0,0.45430809399477806,0.05,0.2075481955547292
55,low_rating_bottom30_bayes_category_m25,full_content_quantity_interactions_plus_reliability,LogisticRegression,25,1480,0.2939189189189189,0.5531556988126417,0.7555100918440302,0.6756756756756757,0.668918918918919,0.5777027027027027,0.11494252873563218,0.22758620689655173,0.3931034482758621,2.2988505747126435,2.2758620689655173,1.9655172413793105,0.5140664961636828,0.5667311411992263,0.3,0.17726261667798954
55,low_rating_bottom30_bayes_category_m25,full_content_quantity_interactions_plus_reliability,LogisticRegressionBalanced,25,1480,0.2939189189189189,0.5497234638544859,0.7551339162954408,0.7162162162162162,0.6621621621621622,0.5844594594594594,0.12183908045977011,0.22528735632183908,0.39770114942528734,2.4367816091954024,2.2528735632183907,1.9885057471264367,0.5627376425855514,0.5627376425855514,0.5,0.20507126540950232
55,low_rating_bottom30_bayes_category_m25,full_content_quantity_interactions_plus_reliability,HistGradientBoostingClassifier,25,1480,0.2939189189189189,0.5665067009090116,0.7707353022053567,0.7297297297297297,0.6351351351351351,0.6114864864864865,0.12413793103448276,0.2160919540229885,0.4160919540229885,2.4827586206896552,2.160919540229885,2.0804597701149428,0.44052863436123346,0.5252774352651048,0.4,0.1696296992133905
55,low_rating_bottom30_bayes_category_m25,full_content_quantity_interactions_plus_reliability,ExtraTreesClassifier,25,1480,0.2939189189189189,0.5657400574159287,0.7705791123576968,0.6756756756756757,0.6756756756756757,0.6013513513513513,0.11494252873563218,0.22988505747126436,0.4091954022988506,2.2988505747126435,2.2988505747126435,2.045977011494253,0.40860215053763443,0.2994652406417112,0.55,0.18104327193894948
55,low_rating_bottom30_bayes_category_m25,full_content_quantity_interactions_plus_reliability,XGBoostClassifier,25,1480,0.2939189189189189,0.5787475679192193,0.7743364681295716,0.7567567567567568,0.6621621621621622,0.6047297297297297,0.12873563218390804,0.22528735632183908,0.4114942528735632,2.574712643678161,2.2528735632183907,2.057471264367816,0.4259818731117825,0.523153942428035,0.4,0.16796648502349854
55,low_rating_bottom30_category_relative,full_content_quantity_interactions_plus_reliability,DummyClassifier,25,1480,0.28243243243243243,0.28243243243243243,0.5,0.22972972972972974,0.2972972972972973,0.2939189189189189,0.04066985645933014,0.10526315789473684,0.20813397129186603,0.8133971291866029,1.0526315789473684,1.0406698564593302,0.0,0.440463645943098,0.05,0.20266713711024323
55,low_rating_bottom30_category_relative,full_content_quantity_interactions_plus_reliability,LogisticRegression,25,1480,0.28243243243243243,0.5309082360607028,0.750502347290929,0.6351351351351351,0.6486486486486487,0.5608108108108109,0.11244019138755981,0.22966507177033493,0.39712918660287083,2.248803827751196,2.2966507177033493,1.985645933014354,0.463245492371706,0.5427435387673957,0.3,0.17422868726096027
55,low_rating_bottom30_category_relative,full_content_quantity_interactions_plus_reliability,LogisticRegressionBalanced,25,1480,0.28243243243243243,0.5301643221491358,0.7514935258021789,0.6756756756756757,0.668918918918919,0.5709459459459459,0.11961722488038277,0.23684210526315788,0.4043062200956938,2.3923444976076556,2.368421052631579,2.021531100478469,0.5394352482960078,0.5394352482960078,0.5,0.20539446905136066
55,low_rating_bottom30_category_relative,full_content_quantity_interactions_plus_reliability,HistGradientBoostingClassifier,25,1480,0.28243243243243243,0.5468533338378239,0.7660165436704242,0.7162162162162162,0.6621621621621622,0.5945945945945946,0.12679425837320574,0.23444976076555024,0.42105263157894735,2.535885167464115,2.3444976076555024,2.1052631578947367,0.3980891719745223,0.5171503957783641,0.4,0.1673218740710814
55,low_rating_bottom30_category_relative,full_content_quantity_interactions_plus_reliability,ExtraTreesClassifier,25,1480,0.28243243243243243,0.5517229297195637,0.762353688535669,0.7162162162162162,0.6756756756756757,0.5878378378378378,0.12679425837320574,0.23923444976076555,0.41626794258373206,2.535885167464115,2.3923444976076556,2.0813397129186604,0.36769759450171824,0.36769759450171824,0.5,0.18022587605222268
55,low_rating_bottom30_category_relative,full_content_quantity_interactions_plus_reliability,XGBoostClassifier,25,1480,0.28243243243243243,0.5517950614821988,0.7629191108227682,0.6891891891891891,0.668918918918919,0.597972972972973,0.12200956937799043,0.23684210526315788,0.423444976076555,2.4401913875598082,2.368421052631579,2.1172248803827753,0.39669421487603307,0.5106951871657754,0.4,0.16709282994270325
