ingredient_combo,recipe_count,avg_rating,median_rating,avg_rating_count,lower_rated_count,lower_rated_share,overall_avg_rating,overall_lower_rated_share,rating_difference_from_overall,lower_rated_share_difference_from_overall
egg + milk + unsweetened cocoa powder,16,4.225,4.2,461.56,11,0.6875,4.5442,0.1821,-0.3192,0.5054
all-purpose flour + salt + skim milk,12,4.15,4.1,152.17,7,0.5833,4.5442,0.1821,-0.3942,0.4012
onion + salt and pepper + stalks celery,11,4.3818,4.3,167.64,6,0.5455,4.5442,0.1821,-0.1624,0.3634
olive oil + tomato + water,13,4.3462,4.3,260.62,7,0.5385,4.5442,0.1821,-0.198,0.3564
garlic + tomato + water,17,4.3294,4.3,113.06,9,0.5294,4.5442,0.1821,-0.2148,0.3473
carrot + egg + onion,10,4.28,4.25,86.5,5,0.5,4.5442,0.1821,-0.2642,0.3179
applesauce + cinnamon + vanilla extract,12,4.2917,4.35,59.17,6,0.5,4.5442,0.1821,-0.2525,0.3179
ginger + nutmeg + water,10,4.32,4.35,1120.2,5,0.5,4.5442,0.1821,-0.2242,0.3179
baking powder + cream cheese + salt,10,4.34,4.35,840.5,5,0.5,4.5442,0.1821,-0.2042,0.3179
baking powder + cream cheese + vanilla extract,10,4.34,4.35,863.5,5,0.5,4.5442,0.1821,-0.2042,0.3179
all-purpose flour + egg white + water,10,4.35,4.45,426.2,5,0.5,4.5442,0.1821,-0.1942,0.3179
butter + milk + raisin,10,4.35,4.45,126.5,5,0.5,4.5442,0.1821,-0.1942,0.3179
all-purpose flour + salt and pepper + water,16,4.3688,4.35,272.88,8,0.5,4.5442,0.1821,-0.1754,0.3179
black pepper + butter + white sugar,10,4.37,4.35,243.7,5,0.5,4.5442,0.1821,-0.1742,0.3179
boiling water + salt + vegetable oil,10,4.37,4.35,902.6,5,0.5,4.5442,0.1821,-0.1742,0.3179
butter + salt + vegetable oil for frying,10,4.37,4.35,186.8,5,0.5,4.5442,0.1821,-0.1742,0.3179
egg + packed brown sugar + unsalted butter,12,4.375,4.4,1227.75,6,0.5,4.5442,0.1821,-0.1692,0.3179
brown sugar + dry mustard + salt,10,4.38,4.4,422.6,5,0.5,4.5442,0.1821,-0.1642,0.3179
confectioners' sugar + egg + unsweetened cocoa powder,10,4.38,4.4,1589.5,5,0.5,4.5442,0.1821,-0.1642,0.3179
14 ounce can sweetened condensed milk + egg + vanilla extract,10,4.39,4.35,281.8,5,0.5,4.5442,0.1821,-0.1542,0.3179
baking powder + lemon juice + milk,10,4.39,4.5,113.6,5,0.5,4.5442,0.1821,-0.1542,0.3179
pecan + salt + semisweet chocolate chip,12,4.3917,4.35,197.17,6,0.5,4.5442,0.1821,-0.1525,0.3179
lemon extract + salt + vanilla extract,10,4.4,4.45,146.3,5,0.5,4.5442,0.1821,-0.1442,0.3179
garlic + ginger root + turmeric,10,4.41,4.4,301.0,5,0.5,4.5442,0.1821,-0.1342,0.3179
baking powder + salt + vegetable oil for frying,14,4.4143,4.35,135.57,7,0.5,4.5442,0.1821,-0.1299,0.3179
clove + confectioners' sugar + ginger,10,4.43,4.35,157.5,5,0.5,4.5442,0.1821,-0.1142,0.3179
butter + egg + unsweetened cocoa powder,27,4.3407,4.4,890.63,13,0.4815,4.5442,0.1821,-0.2035,0.2994
baking powder + milk + unsweetened cocoa powder,19,4.3684,4.4,626.37,9,0.4737,4.5442,0.1821,-0.1758,0.2916
bay leaf + salt + water,17,4.3882,4.4,495.24,8,0.4706,4.5442,0.1821,-0.156,0.2885
milk + self-rising flour + white sugar,15,4.3733,4.4,219.93,7,0.4667,4.5442,0.1821,-0.1709,0.2846
all-purpose flour + milk + unsweetened cocoa powder,28,4.2929,4.4,708.61,13,0.4643,4.5442,0.1821,-0.2513,0.2822
cinnamon + egg + unsalted butter,13,4.3615,4.6,94.54,6,0.4615,4.5442,0.1821,-0.1827,0.2794
14 ounce can sweetened condensed milk + egg + white sugar,13,4.4,4.5,238.38,6,0.4615,4.5442,0.1821,-0.1442,0.2794
baking powder + cake flour + salt,13,4.4077,4.5,71.92,6,0.4615,4.5442,0.1821,-0.1365,0.2794
egg yolk + lemon juice + white sugar,11,4.3636,4.6,46.0,5,0.4545,4.5442,0.1821,-0.1806,0.2724
olive oil + salt and pepper + water,22,4.3773,4.4,381.91,10,0.4545,4.5442,0.1821,-0.1669,0.2724
baking powder + cinnamon + lemon juice,11,4.4091,4.7,468.27,5,0.4545,4.5442,0.1821,-0.1351,0.2724
garlic + onion + stalk celery,11,4.4091,4.4,94.73,5,0.4545,4.5442,0.1821,-0.1351,0.2724
butter + raisin + water,11,4.4273,4.5,134.18,5,0.4545,4.5442,0.1821,-0.1169,0.2724
butter + buttermilk + large egg,11,4.4364,4.6,1017.55,5,0.4545,4.5442,0.1821,-0.1078,0.2724
cream cheese + egg + vanilla extract,11,4.4364,4.5,718.55,5,0.4545,4.5442,0.1821,-0.1078,0.2724
almond extract + egg white + white sugar,11,4.4455,4.6,96.36,5,0.4545,4.5442,0.1821,-0.0987,0.2724
brown sugar + butter + raisin,11,4.4455,4.6,194.55,5,0.4545,4.5442,0.1821,-0.0987,0.2724
olive oil + salt + worcestershire sauce,11,4.4455,4.4,833.27,5,0.4545,4.5442,0.1821,-0.0987,0.2724
cream cheese + egg + white sugar,11,4.4727,4.6,725.45,5,0.4545,4.5442,0.1821,-0.0715,0.2724
onion + salt and pepper + water,29,4.3586,4.4,457.03,13,0.4483,4.5442,0.1821,-0.1856,0.2662
egg + milk + shortening,18,4.2944,4.45,165.17,8,0.4444,4.5442,0.1821,-0.2498,0.2623
milk + unsweetened cocoa powder + white sugar,45,4.32,4.4,618.49,20,0.4444,4.5442,0.1821,-0.2242,0.2623
baking powder + vanilla extract + water,27,4.3444,4.4,162.59,12,0.4444,4.5442,0.1821,-0.1998,0.2623
all-purpose flour + egg + unsweetened cocoa powder,44,4.375,4.5,817.05,19,0.4318,4.5442,0.1821,-0.1692,0.2497
applesauce + cinnamon + white sugar,14,4.2857,4.4,111.71,6,0.4286,4.5442,0.1821,-0.2585,0.2465
cinnamon + honey + nutmeg,14,4.35,4.5,67.43,6,0.4286,4.5442,0.1821,-0.1942,0.2465
baking powder + cream of tartar + white sugar,14,4.3571,4.45,399.57,6,0.4286,4.5442,0.1821,-0.1871,0.2465
milk + salt + unsweetened cocoa powder,35,4.3629,4.4,692.86,15,0.4286,4.5442,0.1821,-0.1813,0.2465
baking powder + cream of tartar + salt,14,4.3786,4.45,389.07,6,0.4286,4.5442,0.1821,-0.1656,0.2465
egg white + milk + white sugar,14,4.4071,4.5,110.86,6,0.4286,4.5442,0.1821,-0.1371,0.2465
egg white + salt + water,14,4.4286,4.5,561.43,6,0.4286,4.5442,0.1821,-0.1156,0.2465
confectioners' sugar + ginger + salt,14,4.4357,4.4,158.57,6,0.4286,4.5442,0.1821,-0.1085,0.2465
cream cheese + salt + white sugar,14,4.4357,4.55,611.43,6,0.4286,4.5442,0.1821,-0.1085,0.2465
all-purpose flour + cream of tartar + egg,19,4.4105,4.4,378.74,8,0.4211,4.5442,0.1821,-0.1337,0.239
butter + milk + unsweetened cocoa powder,31,4.3355,4.4,306.13,13,0.4194,4.5442,0.1821,-0.2087,0.2373
egg + unsweetened cocoa powder + vanilla extract,43,4.3791,4.5,798.14,18,0.4186,4.5442,0.1821,-0.1651,0.2365
applesauce + vanilla extract + white sugar,12,4.3083,4.5,87.08,5,0.4167,4.5442,0.1821,-0.2359,0.2346
olive oil + onion + vegetable broth,12,4.3167,4.45,111.25,5,0.4167,4.5442,0.1821,-0.2275,0.2346
onion + salt and pepper + vegetable oil,12,4.325,4.4,461.17,5,0.4167,4.5442,0.1821,-0.2192,0.2346
all-purpose flour + butter at room temperature + white sugar,12,4.3333,4.5,60.17,5,0.4167,4.5442,0.1821,-0.2109,0.2346
all-purpose flour + cream cheese + egg,12,4.4,4.45,676.58,5,0.4167,4.5442,0.1821,-0.1442,0.2346
baking powder + cream cheese + white sugar,12,4.4083,4.55,737.42,5,0.4167,4.5442,0.1821,-0.1359,0.2346
garlic powder + parmesan cheese + parsley,12,4.4083,4.5,248.25,5,0.4167,4.5442,0.1821,-0.1359,0.2346
olive oil + paprika + parsley,12,4.4083,4.4,254.42,5,0.4167,4.5442,0.1821,-0.1359,0.2346
onion + white sugar + white vinegar,12,4.4083,4.45,434.33,5,0.4167,4.5442,0.1821,-0.1359,0.2346
rolled oat + salt + water,12,4.4167,4.55,122.0,5,0.4167,4.5442,0.1821,-0.1275,0.2346
cilantro + vegetable oil + water,12,4.425,4.4,169.25,5,0.4167,4.5442,0.1821,-0.1192,0.2346
baking powder + cake flour + white sugar,12,4.4333,4.5,89.67,5,0.4167,4.5442,0.1821,-0.1109,0.2346
egg + margarine + milk,12,4.4333,4.5,255.0,5,0.4167,4.5442,0.1821,-0.1109,0.2346
all-purpose flour + salt + salt and pepper,12,4.4417,4.4,176.25,5,0.4167,4.5442,0.1821,-0.1025,0.2346
egg + ginger + pumpkin puree,12,4.4417,4.45,99.75,5,0.4167,4.5442,0.1821,-0.1025,0.2346
baking powder + cinnamon + margarine,12,4.4583,4.55,286.33,5,0.4167,4.5442,0.1821,-0.0859,0.2346
all-purpose flour + baking powder + vegetable oil for frying,12,4.475,4.7,141.58,5,0.4167,4.5442,0.1821,-0.0692,0.2346
honey + rolled oat + vanilla extract,12,4.5167,4.6,252.92,5,0.4167,4.5442,0.1821,-0.0275,0.2346
egg + salt + unsweetened cocoa powder,39,4.3974,4.5,843.18,16,0.4103,4.5442,0.1821,-0.1468,0.2282
baking powder + butter + unsweetened cocoa powder,22,4.3682,4.45,868.86,9,0.4091,4.5442,0.1821,-0.176,0.227
egg + unsweetened cocoa powder + white sugar,49,4.4061,4.5,758.63,20,0.4082,4.5442,0.1821,-0.1381,0.2261
baking powder + egg + unsweetened cocoa powder,27,4.4556,4.5,943.3,11,0.4074,4.5442,0.1821,-0.0886,0.2253
all-purpose flour + margarine + unsweetened cocoa powder,10,4.24,4.45,623.4,4,0.4,4.5442,0.1821,-0.3042,0.2179
cinnamon + olive oil + white sugar,10,4.29,4.45,210.9,4,0.4,4.5442,0.1821,-0.2542,0.2179
egg white + vanilla extract + water,10,4.29,4.4,139.9,4,0.4,4.5442,0.1821,-0.2542,0.2179
egg + garlic powder + onion powder,15,4.32,4.4,420.6,6,0.4,4.5442,0.1821,-0.2242,0.2179
butter at room temperature + salt + white sugar,10,4.34,4.5,61.8,4,0.4,4.5442,0.1821,-0.2042,0.2179
applesauce + cinnamon + egg,10,4.35,4.45,72.6,4,0.4,4.5442,0.1821,-0.1942,0.2179
cheddar cheese + onion + vegetable oil,15,4.3667,4.4,593.13,6,0.4,4.5442,0.1821,-0.1775,0.2179
all-purpose flour + cocoa powder + salt,10,4.37,4.55,859.9,4,0.4,4.5442,0.1821,-0.1742,0.2179
all-purpose flour + cocoa powder + white sugar,10,4.37,4.55,859.9,4,0.4,4.5442,0.1821,-0.1742,0.2179
black pepper + salt + spinach,10,4.37,4.45,141.1,4,0.4,4.5442,0.1821,-0.1742,0.2179
carrot + egg + garlic,10,4.37,4.55,69.4,4,0.4,4.5442,0.1821,-0.1742,0.2179
all-purpose flour + baking powder + olive oil,10,4.38,4.5,94.9,4,0.4,4.5442,0.1821,-0.1642,0.2179
baking soda + brown sugar + unsalted butter,10,4.38,4.5,149.6,4,0.4,4.5442,0.1821,-0.1642,0.2179
unsalted butter + vanilla extract + water,10,4.38,4.5,666.4,4,0.4,4.5442,0.1821,-0.1642,0.2179
egg + margarine + salt,35,4.3857,4.5,361.26,14,0.4,4.5442,0.1821,-0.1585,0.2179
brown sugar + paprika + water,10,4.39,4.5,448.3,4,0.4,4.5442,0.1821,-0.1542,0.2179
confectioners' sugar + egg + lemon juice,10,4.39,4.5,372.1,4,0.4,4.5442,0.1821,-0.1542,0.2179
cream of tartar + egg + vanilla extract,10,4.39,4.4,233.5,4,0.4,4.5442,0.1821,-0.1542,0.2179
distilled white vinegar + onion + salt,10,4.39,4.45,241.5,4,0.4,4.5442,0.1821,-0.1542,0.2179
egg + evaporated milk + salt,15,4.3933,4.6,120.67,6,0.4,4.5442,0.1821,-0.1509,0.2179
cilantro + turmeric + water,10,4.41,4.5,237.4,4,0.4,4.5442,0.1821,-0.1342,0.2179
cinnamon + rolled oat + water,10,4.41,4.5,144.4,4,0.4,4.5442,0.1821,-0.1342,0.2179
dried oregano + garlic powder + white sugar,10,4.41,4.5,458.4,4,0.4,4.5442,0.1821,-0.1342,0.2179
egg + parsley + salt and pepper,10,4.41,4.55,220.6,4,0.4,4.5442,0.1821,-0.1342,0.2179
egg white + egg yolk + milk,10,4.41,4.5,133.5,4,0.4,4.5442,0.1821,-0.1342,0.2179
nutmeg + olive oil + onion,10,4.41,4.4,64.7,4,0.4,4.5442,0.1821,-0.1342,0.2179
onion + tomato paste + water,15,4.42,4.5,171.13,6,0.4,4.5442,0.1821,-0.1242,0.2179
green bell pepper + water + worcestershire sauce,10,4.42,4.45,597.8,4,0.4,4.5442,0.1821,-0.1242,0.2179
cinnamon + margarine + nutmeg,10,4.43,4.55,102.0,4,0.4,4.5442,0.1821,-0.1142,0.2179
confectioners' sugar + ginger + white sugar,10,4.43,4.45,151.6,4,0.4,4.5442,0.1821,-0.1142,0.2179
baking powder + butter + sifted all-purpose flour,10,4.44,4.5,397.2,4,0.4,4.5442,0.1821,-0.1042,0.2179
cayenne pepper + coriander + water,10,4.44,4.45,283.8,4,0.4,4.5442,0.1821,-0.1042,0.2179
onion + tomato + water,10,4.45,4.45,106.1,4,0.4,4.5442,0.1821,-0.0942,0.2179
egg + garlic + salt and pepper,15,4.4533,4.4,393.53,6,0.4,4.5442,0.1821,-0.0909,0.2179
cinnamon + confectioners' sugar + ginger,15,4.46,4.4,154.27,6,0.4,4.5442,0.1821,-0.0842,0.2179
all-purpose flour + boiling water + milk,10,4.46,4.45,901.4,4,0.4,4.5442,0.1821,-0.0842,0.2179
baking powder + egg + onion,10,4.46,4.45,324.8,4,0.4,4.5442,0.1821,-0.0842,0.2179
egg yolk + unsweetened cocoa powder + white sugar,10,4.46,4.5,183.3,4,0.4,4.5442,0.1821,-0.0842,0.2179
cooking spray + garlic powder + parmesan cheese,10,4.47,4.45,33.0,4,0.4,4.5442,0.1821,-0.0742,0.2179
beef + salt + white sugar,10,4.48,4.55,268.1,4,0.4,4.5442,0.1821,-0.0642,0.2179
brown sugar + flaked coconut + vanilla extract,10,4.48,4.6,102.2,4,0.4,4.5442,0.1821,-0.0642,0.2179
egg + lemon extract + salt,10,4.48,4.55,77.4,4,0.4,4.5442,0.1821,-0.0642,0.2179
salt and pepper + stalks celery + water,10,4.48,4.5,290.2,4,0.4,4.5442,0.1821,-0.0642,0.2179
all-purpose flour + vegetable oil + worcestershire sauce,10,4.5,4.45,635.6,4,0.4,4.5442,0.1821,-0.0442,0.2179
all-purpose flour + black pepper + nutmeg,10,4.51,4.55,56.4,4,0.4,4.5442,0.1821,-0.0342,0.2179
chicken broth + garlic + parmesan cheese,10,4.51,4.55,448.3,4,0.4,4.5442,0.1821,-0.0342,0.2179
baking powder + egg + unsalted butter,23,4.4348,4.5,226.61,9,0.3913,4.5442,0.1821,-0.1094,0.2092
baking powder + egg yolk + salt,18,4.3833,4.45,124.39,7,0.3889,4.5442,0.1821,-0.1609,0.2068
beef + paprika + salt,13,4.3615,4.4,151.69,5,0.3846,4.5442,0.1821,-0.1827,0.2025
almond extract + cinnamon + white sugar,13,4.4077,4.5,55.62,5,0.3846,4.5442,0.1821,-0.1365,0.2025
butter + milk + self-rising flour,13,4.4077,4.4,163.77,5,0.3846,4.5442,0.1821,-0.1365,0.2025
egg + lemon extract + vanilla extract,13,4.4077,4.5,87.31,5,0.3846,4.5442,0.1821,-0.1365,0.2025
egg + unsweetened cocoa powder + walnut,13,4.4077,4.5,427.69,5,0.3846,4.5442,0.1821,-0.1365,0.2025
green onion + onion + water,13,4.4154,4.6,152.15,5,0.3846,4.5442,0.1821,-0.1288,0.2025
black pepper + red pepper flake + water,13,4.4231,4.5,212.31,5,0.3846,4.5442,0.1821,-0.1211,0.2025
all-purpose flour + confectioners' sugar + ginger,13,4.4308,4.4,170.46,5,0.3846,4.5442,0.1821,-0.1134,0.2025
peanut butter + semisweet chocolate chip + vanilla extract,13,4.4385,4.5,383.62,5,0.3846,4.5442,0.1821,-0.1057,0.2025
salt + tomato + water,13,4.4385,4.4,242.23,5,0.3846,4.5442,0.1821,-0.1057,0.2025
baking powder + large egg + water,13,4.4462,4.6,263.62,5,0.3846,4.5442,0.1821,-0.098,0.2025
chocolate chip + vanilla extract + white sugar,13,4.4462,4.6,79.23,5,0.3846,4.5442,0.1821,-0.098,0.2025
all-purpose flour + confectioners' sugar for dusting + egg,13,4.4538,4.5,221.23,5,0.3846,4.5442,0.1821,-0.0904,0.2025
butter + cream cheese + egg,13,4.4615,4.5,616.92,5,0.3846,4.5442,0.1821,-0.0827,0.2025
lime juice + salt + white sugar,13,4.4692,4.4,54.15,5,0.3846,4.5442,0.1821,-0.075,0.2025
all-purpose flour + cream cheese + salt,13,4.4769,4.6,643.62,5,0.3846,4.5442,0.1821,-0.0673,0.2025
rolled oat + salt + whole wheat flour,13,4.4769,4.6,105.15,5,0.3846,4.5442,0.1821,-0.0673,0.2025
black pepper + garlic + nutmeg,13,4.4923,4.5,107.92,5,0.3846,4.5442,0.1821,-0.0519,0.2025
all-purpose flour + clove + confectioners' sugar,13,4.5077,4.6,491.15,5,0.3846,4.5442,0.1821,-0.0365,0.2025
cinnamon + clove + confectioners' sugar,13,4.5077,4.6,490.92,5,0.3846,4.5442,0.1821,-0.0365,0.2025
egg + shortening + vanilla extract,42,4.3595,4.5,212.81,16,0.381,4.5442,0.1821,-0.1847,0.1989
all-purpose flour + lemon juice + milk,21,4.419,4.6,313.95,8,0.381,4.5442,0.1821,-0.1252,0.1989
lemon juice + milk + salt,21,4.4429,4.6,441.43,8,0.381,4.5442,0.1821,-0.1013,0.1989
brown sugar + pecan + white sugar,21,4.4619,4.7,421.76,8,0.381,4.5442,0.1821,-0.0823,0.1989
milk + shortening + vanilla extract,29,4.3724,4.5,276.86,11,0.3793,4.5442,0.1821,-0.1718,0.1972
all-purpose flour + shortening + water,29,4.4345,4.5,166.17,11,0.3793,4.5442,0.1821,-0.1097,0.1972
onion + uncooked white rice + water,16,4.3125,4.4,443.0,6,0.375,4.5442,0.1821,-0.2317,0.1929
all-purpose flour + egg yolk + milk,16,4.3688,4.5,234.62,6,0.375,4.5442,0.1821,-0.1754,0.1929
all-purpose flour + unsweetened cocoa powder + walnut,16,4.4188,4.5,583.44,6,0.375,4.5442,0.1821,-0.1254,0.1929
brown sugar + ketchup + salt,24,4.4625,4.55,387.04,9,0.375,4.5442,0.1821,-0.0817,0.1929
cream cheese + vanilla extract + white sugar,16,4.4625,4.6,607.75,6,0.375,4.5442,0.1821,-0.0817,0.1929
egg + molasse + salt,16,4.4625,4.5,181.0,6,0.375,4.5442,0.1821,-0.0817,0.1929
cream cheese + egg + salt,16,4.4875,4.55,517.62,6,0.375,4.5442,0.1821,-0.0567,0.1929
olive oil + onion + worcestershire sauce,16,4.4875,4.45,322.56,6,0.375,4.5442,0.1821,-0.0567,0.1929
cumin + medium onion + salt,16,4.5,4.6,379.88,6,0.375,4.5442,0.1821,-0.0442,0.1929
cream cheese + salt + vanilla extract,16,4.5062,4.65,569.5,6,0.375,4.5442,0.1821,-0.038,0.1929
garlic + ginger root + water,19,4.4105,4.6,462.47,7,0.3684,4.5442,0.1821,-0.1337,0.1863
all-purpose flour + milk + shortening,38,4.4289,4.45,380.82,14,0.3684,4.5442,0.1821,-0.1153,0.1863
brown sugar + large egg + white sugar,19,4.4421,4.5,261.63,7,0.3684,4.5442,0.1821,-0.1021,0.1863
all-purpose flour + onion + worcestershire sauce,19,4.5,4.5,295.63,7,0.3684,4.5442,0.1821,-0.0442,0.1863
egg + unsalted butter + vanilla extract,30,4.4467,4.6,568.47,11,0.3667,4.5442,0.1821,-0.0975,0.1846
butter + egg + peanut butter,11,4.3,4.6,786.64,4,0.3636,4.5442,0.1821,-0.2442,0.1815
honey + soy sauce + water,11,4.3636,4.4,366.64,4,0.3636,4.5442,0.1821,-0.1806,0.1815
all-purpose flour + butter at room temperature + salt,11,4.3818,4.5,61.82,4,0.3636,4.5442,0.1821,-0.1624,0.1815
black pepper + dry mustard + onion,11,4.3909,4.5,373.0,4,0.3636,4.5442,0.1821,-0.1533,0.1815
all-purpose flour + egg + lemon extract,11,4.4,4.5,97.09,4,0.3636,4.5442,0.1821,-0.1442,0.1815
applesauce + baking soda + egg,11,4.4,4.5,131.82,4,0.3636,4.5442,0.1821,-0.1442,0.1815
egg + egg yolk + vanilla extract,11,4.4,4.4,1361.09,4,0.3636,4.5442,0.1821,-0.1442,0.1815
all-purpose flour + baking powder + cream of tartar,11,4.4091,4.5,518.09,4,0.3636,4.5442,0.1821,-0.1351,0.1815
all-purpose flour + parsley + salt and pepper,11,4.4091,4.5,248.09,4,0.3636,4.5442,0.1821,-0.1351,0.1815
beef + egg + water,11,4.4091,4.4,613.82,4,0.3636,4.5442,0.1821,-0.1351,0.1815
chocolate chip + egg + vanilla extract,11,4.4091,4.5,72.91,4,0.3636,4.5442,0.1821,-0.1351,0.1815
milk + shortening + white sugar,33,4.4182,4.5,371.97,12,0.3636,4.5442,0.1821,-0.126,0.1815
black pepper + egg + paprika,11,4.4273,4.6,489.55,4,0.3636,4.5442,0.1821,-0.1169,0.1815
baking powder + cheddar cheese + salt,11,4.4364,4.5,342.18,4,0.3636,4.5442,0.1821,-0.1078,0.1815
butter + confectioners' sugar + semisweet chocolate chip,11,4.4364,4.5,155.27,4,0.3636,4.5442,0.1821,-0.1078,0.1815
clove + ginger + pumpkin puree,11,4.4364,4.4,111.0,4,0.3636,4.5442,0.1821,-0.1078,0.1815
egg + pumpkin puree + vanilla extract,11,4.4364,4.5,87.82,4,0.3636,4.5442,0.1821,-0.1078,0.1815
all-purpose flour + egg + evaporated milk,11,4.4455,4.4,111.45,4,0.3636,4.5442,0.1821,-0.0987,0.1815
all-purpose flour + margarine + water,11,4.4455,4.5,944.0,4,0.3636,4.5442,0.1821,-0.0987,0.1815
allspice + butter + ginger,11,4.4455,4.5,241.55,4,0.3636,4.5442,0.1821,-0.0987,0.1815
nutmeg + pumpkin puree + vanilla extract,11,4.4455,4.6,129.18,4,0.3636,4.5442,0.1821,-0.0987,0.1815
onion + red pepper flake + water,11,4.4455,4.6,402.91,4,0.3636,4.5442,0.1821,-0.0987,0.1815
all-purpose flour + olive oil + paprika,11,4.4545,4.5,132.64,4,0.3636,4.5442,0.1821,-0.0897,0.1815
butter + milk + sharp cheddar cheese,11,4.4545,4.5,361.36,4,0.3636,4.5442,0.1821,-0.0897,0.1815
dried basil + olive oil + water,11,4.4545,4.5,670.09,4,0.3636,4.5442,0.1821,-0.0897,0.1815
milk + salt + sharp cheddar cheese,11,4.4545,4.5,398.0,4,0.3636,4.5442,0.1821,-0.0897,0.1815
egg + salt + unsalted butter,33,4.4576,4.6,523.94,12,0.3636,4.5442,0.1821,-0.0866,0.1815
dijon mustard + onion + salt,11,4.4636,4.6,85.0,4,0.3636,4.5442,0.1821,-0.0806,0.1815
all-purpose flour + evaporated milk + salt,11,4.4818,4.4,108.36,4,0.3636,4.5442,0.1821,-0.0624,0.1815
baking powder + salt + strawberry,11,4.4818,4.5,199.73,4,0.3636,4.5442,0.1821,-0.0624,0.1815
confectioners' sugar + cream cheese + white sugar,11,4.4818,4.6,807.0,4,0.3636,4.5442,0.1821,-0.0624,0.1815
black pepper + brown sugar + egg,11,4.4909,4.6,578.55,4,0.3636,4.5442,0.1821,-0.0533,0.1815
all-purpose flour + small onion + water,11,4.5182,4.7,303.0,4,0.3636,4.5442,0.1821,-0.026,0.1815
dried thyme + garlic + worcestershire sauce,11,4.5182,4.5,99.45,4,0.3636,4.5442,0.1821,-0.026,0.1815
lemon juice + milk + white sugar,25,4.42,4.6,225.48,9,0.36,4.5442,0.1821,-0.1242,0.1779
all-purpose flour + butter + unsweetened cocoa powder,39,4.3923,4.5,741.59,14,0.359,4.5442,0.1821,-0.1519,0.1769
butter + unsweetened cocoa powder + white sugar,53,4.383,4.5,623.15,19,0.3585,4.5442,0.1821,-0.1612,0.1764
applesauce + baking soda + cinnamon,14,4.3143,4.45,128.71,5,0.3571,4.5442,0.1821,-0.2299,0.175
egg + evaporated milk + white sugar,14,4.3857,4.45,86.43,5,0.3571,4.5442,0.1821,-0.1585,0.175
black pepper + dried parsley + egg,14,4.3929,4.55,429.43,5,0.3571,4.5442,0.1821,-0.1513,0.175
garlic + mushroom + vegetable oil,14,4.3929,4.4,359.14,5,0.3571,4.5442,0.1821,-0.1513,0.175
butter + milk + pecan,14,4.4071,4.45,156.71,5,0.3571,4.5442,0.1821,-0.1371,0.175
cornstarch + olive oil + water,14,4.4071,4.5,287.36,5,0.3571,4.5442,0.1821,-0.1371,0.175
baking powder + packed brown sugar + semisweet chocolate chip,14,4.4143,4.5,416.43,5,0.3571,4.5442,0.1821,-0.1299,0.175
all-purpose flour + lemon juice + vegetable oil,14,4.4214,4.65,174.21,5,0.3571,4.5442,0.1821,-0.1228,0.175
black pepper + cayenne pepper + egg,14,4.4214,4.6,178.79,5,0.3571,4.5442,0.1821,-0.1228,0.175
cocoa powder + salt + white sugar,14,4.4214,4.55,692.71,5,0.3571,4.5442,0.1821,-0.1228,0.175
baking powder + cinnamon + water,28,4.4429,4.55,504.57,10,0.3571,4.5442,0.1821,-0.1013,0.175
all-purpose flour + rolled oat + water,14,4.4429,4.55,162.93,5,0.3571,4.5442,0.1821,-0.1013,0.175
baking powder + milk + shortening,28,4.4464,4.5,421.14,10,0.3571,4.5442,0.1821,-0.0978,0.175
garlic + nutmeg + olive oil,14,4.45,4.5,89.86,5,0.3571,4.5442,0.1821,-0.0942,0.175
baking powder + butter + egg yolk,14,4.4786,4.6,163.21,5,0.3571,4.5442,0.1821,-0.0656,0.175
baking powder + milk + water,14,4.4786,4.5,119.14,5,0.3571,4.5442,0.1821,-0.0656,0.175
brown sugar + lemon juice + salt,14,4.4786,4.7,467.0,5,0.3571,4.5442,0.1821,-0.0656,0.175
butter + salt and pepper + water,14,4.4786,4.45,416.29,5,0.3571,4.5442,0.1821,-0.0656,0.175
lemon juice + onion + water,14,4.4786,4.45,194.21,5,0.3571,4.5442,0.1821,-0.0656,0.175
butter + olive oil + water,17,4.4059,4.4,128.29,6,0.3529,4.5442,0.1821,-0.1383,0.1708
garlic + olive oil + vegetable broth,17,4.4059,4.4,67.76,6,0.3529,4.5442,0.1821,-0.1383,0.1708
egg + ketchup + salt,17,4.4118,4.5,452.76,6,0.3529,4.5442,0.1821,-0.1324,0.1708
all-purpose flour + confectioners' sugar + unsweetened cocoa powder,17,4.4176,4.5,1495.29,6,0.3529,4.5442,0.1821,-0.1266,0.1708
brown sugar + egg + water,17,4.4588,4.6,361.76,6,0.3529,4.5442,0.1821,-0.0854,0.1708
garlic + ginger root + vegetable oil,17,4.4588,4.5,383.59,6,0.3529,4.5442,0.1821,-0.0854,0.1708
boiling water + salt + vanilla extract,17,4.4706,4.6,598.94,6,0.3529,4.5442,0.1821,-0.0736,0.1708
evaporated milk + salt + white sugar,17,4.4824,4.6,251.59,6,0.3529,4.5442,0.1821,-0.0618,0.1708
garlic + nutmeg + salt,17,4.5176,4.6,169.41,6,0.3529,4.5442,0.1821,-0.0266,0.1708
milk + onion + salt and pepper,20,4.415,4.5,706.65,7,0.35,4.5442,0.1821,-0.1292,0.1679
baking soda + brown sugar + milk,20,4.44,4.6,304.6,7,0.35,4.5442,0.1821,-0.1042,0.1679
all-purpose flour + unsalted butter + water,20,4.45,4.5,1009.1,7,0.35,4.5442,0.1821,-0.0942,0.1679
egg + onion + salt and pepper,20,4.455,4.5,794.45,7,0.35,4.5442,0.1821,-0.0892,0.1679
brown sugar + onion + water,20,4.475,4.55,406.7,7,0.35,4.5442,0.1821,-0.0692,0.1679
cream of tartar + egg white + salt,20,4.48,4.6,137.95,7,0.35,4.5442,0.1821,-0.0642,0.1679
onion + water + white sugar,23,4.4087,4.4,1097.22,8,0.3478,4.5442,0.1821,-0.1355,0.1657
ketchup + salt + water,23,4.4565,4.5,484.0,8,0.3478,4.5442,0.1821,-0.0877,0.1657
all-purpose flour + molasse + salt,23,4.4609,4.5,476.65,8,0.3478,4.5442,0.1821,-0.0833,0.1657
baking powder + unsweetened cocoa powder + white sugar,49,4.4429,4.5,819.35,17,0.3469,4.5442,0.1821,-0.1013,0.1648
egg + onion + water,29,4.4103,4.5,999.72,10,0.3448,4.5442,0.1821,-0.1339,0.1627
salt + shortening + water,29,4.4586,4.5,219.21,10,0.3448,4.5442,0.1821,-0.0856,0.1627
baking powder + margarine + salt,29,4.4655,4.6,523.03,10,0.3448,4.5442,0.1821,-0.0787,0.1627
all-purpose flour + egg + unsalted butter,35,4.4629,4.6,530.17,12,0.3429,4.5442,0.1821,-0.0813,0.1608
all-purpose flour + baking powder + water,62,4.4355,4.5,344.29,21,0.3387,4.5442,0.1821,-0.1087,0.1566
all-purpose flour + cinnamon + honey,12,4.325,4.6,127.42,4,0.3333,4.5442,0.1821,-0.2192,0.1512
all-purpose flour + applesauce + cinnamon,12,4.3417,4.5,147.33,4,0.3333,4.5442,0.1821,-0.2025,0.1512
all-purpose flour + canola oil + cinnamon,15,4.3667,4.4,108.8,5,0.3333,4.5442,0.1821,-0.1775,0.1512
garlic + olive oil + stalk celery,12,4.3667,4.4,105.0,4,0.3333,4.5442,0.1821,-0.1775,0.1512
egg + soy sauce + vegetable oil,12,4.375,4.4,268.5,4,0.3333,4.5442,0.1821,-0.1692,0.1512
black pepper + salt + stalk celery,12,4.3833,4.45,673.58,4,0.3333,4.5442,0.1821,-0.1609,0.1512
black pepper + egg + mayonnaise,12,4.3917,4.55,366.42,4,0.3333,4.5442,0.1821,-0.1525,0.1512
butter + unsweetened cocoa powder + vanilla extract,48,4.3958,4.5,685.96,16,0.3333,4.5442,0.1821,-0.1484,0.1512
all-purpose flour + cheddar cheese + salt and pepper,12,4.4,4.4,632.58,4,0.3333,4.5442,0.1821,-0.1442,0.1512
green bell pepper + onion + salt and pepper,12,4.4,4.45,433.5,4,0.3333,4.5442,0.1821,-0.1442,0.1512
butter + salt + unsweetened cocoa powder,39,4.4077,4.5,767.97,13,0.3333,4.5442,0.1821,-0.1365,0.1512
all-purpose flour + lemon extract + vanilla extract,12,4.4083,4.55,184.75,4,0.3333,4.5442,0.1821,-0.1359,0.1512
brown sugar + confectioners' sugar + salt,12,4.4083,4.5,326.5,4,0.3333,4.5442,0.1821,-0.1359,0.1512
butter + egg + evaporated milk,12,4.4083,4.45,114.83,4,0.3333,4.5442,0.1821,-0.1359,0.1512
egg + onion powder + salt,12,4.4083,4.45,77.92,4,0.3333,4.5442,0.1821,-0.1359,0.1512
milk + unsweetened cocoa powder + vanilla extract,45,4.4111,4.6,657.62,15,0.3333,4.5442,0.1821,-0.1331,0.1512
butter + milk + shortening,15,4.4133,4.5,398.07,5,0.3333,4.5442,0.1821,-0.1309,0.1512
black pepper + milk + vegetable oil,12,4.4167,4.5,184.33,4,0.3333,4.5442,0.1821,-0.1275,0.1512
ginger root + vegetable oil + water,12,4.4167,4.4,299.08,4,0.3333,4.5442,0.1821,-0.1275,0.1512
pepper + salt + water,12,4.4167,4.45,295.67,4,0.3333,4.5442,0.1821,-0.1275,0.1512
egg + honey + vanilla extract,15,4.42,4.6,1094.27,5,0.3333,4.5442,0.1821,-0.1242,0.1512
pumpkin puree + salt + vanilla extract,15,4.42,4.5,162.33,5,0.3333,4.5442,0.1821,-0.1242,0.1512
butter + evaporated milk + white sugar,24,4.425,4.5,243.42,8,0.3333,4.5442,0.1821,-0.1192,0.1512
7 ounce jar marshmallow creme + butter + white sugar,12,4.425,4.5,415.17,4,0.3333,4.5442,0.1821,-0.1192,0.1512
cake flour + salt + vanilla extract,18,4.4278,4.6,119.06,6,0.3333,4.5442,0.1821,-0.1164,0.1512
cilantro + salt + water,18,4.4333,4.55,355.94,6,0.3333,4.5442,0.1821,-0.1109,0.1512
milk + salt + vegetable oil for frying,15,4.4333,4.4,128.93,5,0.3333,4.5442,0.1821,-0.1109,0.1512
all-purpose flour + black pepper + dried oregano,12,4.4333,4.5,521.42,4,0.3333,4.5442,0.1821,-0.1109,0.1512
all-purpose flour + packed brown sugar + water,24,4.4375,4.5,1397.12,8,0.3333,4.5442,0.1821,-0.1067,0.1512
all-purpose flour + baking powder + egg yolk,21,4.4381,4.6,142.86,7,0.3333,4.5442,0.1821,-0.1061,0.1512
all-purpose flour + egg + molasse,15,4.44,4.4,169.0,5,0.3333,4.5442,0.1821,-0.1042,0.1512
all-purpose flour + olive oil + salt and pepper,12,4.4417,4.5,250.08,4,0.3333,4.5442,0.1821,-0.1025,0.1512
all-purpose flour + salt and pepper + vegetable oil,12,4.4417,4.5,620.92,4,0.3333,4.5442,0.1821,-0.1025,0.1512
cheddar cheese + lean beef + onion,12,4.4417,4.55,538.92,4,0.3333,4.5442,0.1821,-0.1025,0.1512
all-purpose flour + margarine + salt,57,4.4439,4.6,668.42,19,0.3333,4.5442,0.1821,-0.1003,0.1512
black pepper + nutmeg + onion,18,4.4444,4.4,107.78,6,0.3333,4.5442,0.1821,-0.0998,0.1512
baking powder + butter + shortening,15,4.4467,4.5,286.8,5,0.3333,4.5442,0.1821,-0.0975,0.1512
all-purpose flour + egg + egg yolk,18,4.45,4.55,886.28,6,0.3333,4.5442,0.1821,-0.0942,0.1512
all-purpose flour + cinnamon + cream of tartar,12,4.45,4.5,830.58,4,0.3333,4.5442,0.1821,-0.0942,0.1512
butter + olive oil + paprika,12,4.45,4.45,101.25,4,0.3333,4.5442,0.1821,-0.0942,0.1512
cinnamon + egg white + vanilla extract,12,4.45,4.6,115.67,4,0.3333,4.5442,0.1821,-0.0942,0.1512
milk + salt + shortening,39,4.4513,4.5,377.1,13,0.3333,4.5442,0.1821,-0.0929,0.1512
baking soda + margarine + vanilla extract,21,4.4524,4.5,607.0,7,0.3333,4.5442,0.1821,-0.0918,0.1512
cinnamon + honey + white sugar,15,4.4533,4.6,452.6,5,0.3333,4.5442,0.1821,-0.0909,0.1512
cream of tartar + egg white + white sugar,24,4.4583,4.6,150.71,8,0.3333,4.5442,0.1821,-0.0859,0.1512
14.5 ounce can tomatoe + garlic + green bell pepper,12,4.4583,4.4,149.25,4,0.3333,4.5442,0.1821,-0.0859,0.1512
baking powder + garlic + salt,12,4.4583,4.5,392.25,4,0.3333,4.5442,0.1821,-0.0859,0.1512
dried basil + onion + vegetable oil,12,4.4583,4.45,292.33,4,0.3333,4.5442,0.1821,-0.0859,0.1512
evaporated milk + salt + vanilla extract,12,4.4583,4.55,283.25,4,0.3333,4.5442,0.1821,-0.0859,0.1512
all-purpose flour + confectioners' sugar + lemon juice,15,4.46,4.5,325.6,5,0.3333,4.5442,0.1821,-0.0842,0.1512
butter + garlic + water,45,4.4667,4.5,231.49,15,0.3333,4.5442,0.1821,-0.0775,0.1512
butter + confectioners' sugar + unsweetened cocoa powder,21,4.4667,4.6,866.86,7,0.3333,4.5442,0.1821,-0.0775,0.1512
all-purpose flour + onion + paprika,12,4.4667,4.5,411.17,4,0.3333,4.5442,0.1821,-0.0775,0.1512
baking powder + butter + cornstarch,12,4.4667,4.55,185.33,4,0.3333,4.5442,0.1821,-0.0775,0.1512
baking powder + egg + pumpkin puree,12,4.4667,4.45,91.42,4,0.3333,4.5442,0.1821,-0.0775,0.1512
carrot + cheddar cheese + onion,12,4.4667,4.6,611.25,4,0.3333,4.5442,0.1821,-0.0775,0.1512
carrot + garlic + mushroom,12,4.4667,4.5,171.0,4,0.3333,4.5442,0.1821,-0.0775,0.1512
baking soda + margarine + salt,33,4.4697,4.6,851.48,11,0.3333,4.5442,0.1821,-0.0745,0.1512
confectioners' sugar + salt + unsweetened cocoa powder,21,4.4714,4.6,1228.29,7,0.3333,4.5442,0.1821,-0.0728,0.1512
all-purpose flour + confectioners' sugar for dusting + white sugar,15,4.4733,4.5,244.8,5,0.3333,4.5442,0.1821,-0.0709,0.1512
confectioners' sugar for dusting + egg + white sugar,15,4.4733,4.5,251.87,5,0.3333,4.5442,0.1821,-0.0709,0.1512
egg + olive oil + salt and pepper,15,4.4733,4.5,285.4,5,0.3333,4.5442,0.1821,-0.0709,0.1512
allspice + butter + egg,12,4.475,4.55,190.67,4,0.3333,4.5442,0.1821,-0.0692,0.1512
beef + black pepper + paprika,12,4.475,4.45,172.25,4,0.3333,4.5442,0.1821,-0.0692,0.1512
butter + small onion + water,12,4.475,4.6,539.08,4,0.3333,4.5442,0.1821,-0.0692,0.1512
milk + peanut butter + vanilla extract,18,4.4778,4.55,796.28,6,0.3333,4.5442,0.1821,-0.0664,0.1512
baking powder + boiling water + salt,15,4.48,4.5,909.0,5,0.3333,4.5442,0.1821,-0.0642,0.1512
egg + lemon zest + salt,21,4.481,4.6,104.52,7,0.3333,4.5442,0.1821,-0.0632,0.1512
all-purpose flour + carrot + garlic,27,4.4815,4.5,155.59,9,0.3333,4.5442,0.1821,-0.0627,0.1512
all-purpose flour + salt + small onion,12,4.4833,4.6,127.33,4,0.3333,4.5442,0.1821,-0.0609,0.1512
baking powder + boiling water + white sugar,12,4.4833,4.6,1097.25,4,0.3333,4.5442,0.1821,-0.0609,0.1512
beef + brown sugar + salt,12,4.4833,4.6,362.92,4,0.3333,4.5442,0.1821,-0.0609,0.1512
beef + cumin + water,12,4.4833,4.5,157.83,4,0.3333,4.5442,0.1821,-0.0609,0.1512
cayenne pepper + green onion + water,12,4.4833,4.6,138.58,4,0.3333,4.5442,0.1821,-0.0609,0.1512
egg + milk + walnut,12,4.4833,4.55,300.25,4,0.3333,4.5442,0.1821,-0.0609,0.1512
nutmeg + olive oil + salt,12,4.4833,4.5,72.0,4,0.3333,4.5442,0.1821,-0.0609,0.1512
nutmeg + onion + salt,15,4.4867,4.5,102.93,5,0.3333,4.5442,0.1821,-0.0575,0.1512
all-purpose flour + egg + salt and black pepper,12,4.4917,4.6,77.33,4,0.3333,4.5442,0.1821,-0.0525,0.1512
almond extract + butter + milk,12,4.4917,4.45,328.5,4,0.3333,4.5442,0.1821,-0.0525,0.1512
margarine + milk + vanilla extract,12,4.4917,4.55,753.75,4,0.3333,4.5442,0.1821,-0.0525,0.1512
all-purpose flour + vegetable oil for frying + white sugar,15,4.5,4.7,220.47,5,0.3333,4.5442,0.1821,-0.0442,0.1512
baking powder + cornstarch + milk,12,4.5,4.6,199.5,4,0.3333,4.5442,0.1821,-0.0442,0.1512
brown sugar + raisin + vanilla extract,15,4.5067,4.6,407.93,5,0.3333,4.5442,0.1821,-0.0375,0.1512
butter + dried parsley + garlic powder,12,4.5083,4.6,315.92,4,0.3333,4.5442,0.1821,-0.0359,0.1512
cinnamon + milk + shortening,12,4.5083,4.5,305.58,4,0.3333,4.5442,0.1821,-0.0359,0.1512
all-purpose flour + cream cheese + vanilla extract,12,4.5167,4.6,744.83,4,0.3333,4.5442,0.1821,-0.0275,0.1512
all-purpose flour + cream cheese + white sugar,12,4.525,4.6,751.33,4,0.3333,4.5442,0.1821,-0.0192,0.1512
boiling water + egg + white sugar,12,4.525,4.65,436.5,4,0.3333,4.5442,0.1821,-0.0192,0.1512
garlic + nutmeg + onion,12,4.525,4.6,92.75,4,0.3333,4.5442,0.1821,-0.0192,0.1512
cumin + red pepper flake + salt,12,4.5333,4.6,251.5,4,0.3333,4.5442,0.1821,-0.0109,0.1512
arborio rice + garlic + olive oil,12,4.5667,4.7,70.58,4,0.3333,4.5442,0.1821,0.0225,0.1512
clove + confectioners' sugar + salt,12,4.5667,4.6,524.0,4,0.3333,4.5442,0.1821,0.0225,0.1512
lemon juice + salt + worcestershire sauce,15,4.5733,4.6,602.73,5,0.3333,4.5442,0.1821,0.0291,0.1512
egg + milk + nutmeg,40,4.4425,4.45,270.52,13,0.325,4.5442,0.1821,-0.1017,0.1429
all-purpose flour + garlic + milk,31,4.4581,4.5,469.55,10,0.3226,4.5442,0.1821,-0.0861,0.1405
garlic + salt and pepper + water,31,4.471,4.5,320.74,10,0.3226,4.5442,0.1821,-0.0732,0.1405
all-purpose flour + egg white + salt,31,4.5097,4.7,251.06,10,0.3226,4.5442,0.1821,-0.0345,0.1405
all-purpose flour + unsweetened cocoa powder + white sugar,84,4.4321,4.5,749.31,27,0.3214,4.5442,0.1821,-0.1121,0.1393
brown sugar + onion + salt,28,4.4821,4.55,405.07,9,0.3214,4.5442,0.1821,-0.0621,0.1393
all-purpose flour + egg + onion,25,4.428,4.5,364.72,8,0.32,4.5442,0.1821,-0.1162,0.1379
baking powder + canola oil + salt,25,4.452,4.5,202.72,8,0.32,4.5442,0.1821,-0.0922,0.1379
all-purpose flour + unsweetened cocoa powder + vanilla extract,72,4.425,4.5,830.35,23,0.3194,4.5442,0.1821,-0.1192,0.1373
all-purpose flour + onion + salt and pepper,22,4.4273,4.5,409.0,7,0.3182,4.5442,0.1821,-0.1169,0.1361
all-purpose flour + baking powder + canola oil,22,4.4409,4.5,215.18,7,0.3182,4.5442,0.1821,-0.1033,0.1361
all-purpose flour + baking powder + unsweetened cocoa powder,44,4.4523,4.5,883.39,14,0.3182,4.5442,0.1821,-0.0919,0.1361
baking powder + egg yolk + white sugar,22,4.4591,4.55,137.91,7,0.3182,4.5442,0.1821,-0.0851,0.1361
all-purpose flour + egg + garlic,22,4.4682,4.45,99.82,7,0.3182,4.5442,0.1821,-0.076,0.1361
boiling water + vanilla extract + white sugar,22,4.4727,4.6,500.0,7,0.3182,4.5442,0.1821,-0.0715,0.1361
all-purpose flour + egg + margarine,41,4.4049,4.5,436.83,13,0.3171,4.5442,0.1821,-0.1393,0.135
salt + water + whole wheat flour,19,4.4105,4.5,156.21,6,0.3158,4.5442,0.1821,-0.1337,0.1337
green onion + vegetable oil + water,19,4.4211,4.4,433.68,6,0.3158,4.5442,0.1821,-0.1231,0.1337
all-purpose flour + egg white + vanilla extract,19,4.4263,4.6,146.47,6,0.3158,4.5442,0.1821,-0.1179,0.1337
all-purpose flour + baking powder + pumpkin puree,19,4.4368,4.5,301.84,6,0.3158,4.5442,0.1821,-0.1074,0.1337
baking powder + pumpkin puree + salt,19,4.4368,4.5,301.84,6,0.3158,4.5442,0.1821,-0.1074,0.1337
butter + nutmeg + walnut,19,4.4526,4.6,182.95,6,0.3158,4.5442,0.1821,-0.0916,0.1337
.25 ounce package active dry yeast + salt + warm water 110 degrees f/45 degrees c,19,4.4579,4.5,738.26,6,0.3158,4.5442,0.1821,-0.0863,0.1337
all-purpose flour + garlic + mushroom,19,4.4632,4.5,245.11,6,0.3158,4.5442,0.1821,-0.081,0.1337
baking powder + canola oil + white sugar,19,4.4684,4.5,201.0,6,0.3158,4.5442,0.1821,-0.0758,0.1337
almond extract + baking powder + butter,19,4.4789,4.5,174.74,6,0.3158,4.5442,0.1821,-0.0653,0.1337
garlic + turmeric + water,19,4.4947,4.5,169.95,6,0.3158,4.5442,0.1821,-0.0495,0.1337
egg + olive oil + water,19,4.5,4.5,205.26,6,0.3158,4.5442,0.1821,-0.0442,0.1337
butter + lemon juice + milk,19,4.5053,4.6,176.89,6,0.3158,4.5442,0.1821,-0.0389,0.1337
all-purpose flour + salt + unsweetened cocoa powder,70,4.4329,4.55,824.66,22,0.3143,4.5442,0.1821,-0.1113,0.1322
butter + cornstarch + salt,35,4.4886,4.5,369.4,11,0.3143,4.5442,0.1821,-0.0556,0.1322
egg + unsalted butter + white sugar,35,4.5257,4.6,575.49,11,0.3143,4.5442,0.1821,-0.0185,0.1322
all-purpose flour + butter + peanut butter,16,4.3625,4.55,926.94,5,0.3125,4.5442,0.1821,-0.1817,0.1304
cheddar cheese + onion + salt and pepper,16,4.3812,4.5,755.75,5,0.3125,4.5442,0.1821,-0.163,0.1304
bay leave + onion + water,16,4.4,4.45,154.25,5,0.3125,4.5442,0.1821,-0.1442,0.1304
olive oil + parsley + water,16,4.4062,4.4,242.56,5,0.3125,4.5442,0.1821,-0.138,0.1304
butter + egg + shortening,16,4.425,4.55,179.19,5,0.3125,4.5442,0.1821,-0.1192,0.1304
cheddar cheese + onion + water,16,4.4438,4.5,893.5,5,0.3125,4.5442,0.1821,-0.1004,0.1304
cinnamon + packed brown sugar + water,16,4.45,4.6,999.31,5,0.3125,4.5442,0.1821,-0.0942,0.1304
baking powder + egg white + salt,16,4.4625,4.6,141.19,5,0.3125,4.5442,0.1821,-0.0817,0.1304
milk + onion + parsley,16,4.4688,4.5,663.62,5,0.3125,4.5442,0.1821,-0.0754,0.1304
unsweetened cocoa powder + vanilla extract + walnut,16,4.4812,4.5,560.62,5,0.3125,4.5442,0.1821,-0.063,0.1304
cilantro + garlic + turmeric,16,4.4875,4.55,277.44,5,0.3125,4.5442,0.1821,-0.0567,0.1304
cinnamon + pumpkin puree + vanilla extract,16,4.4875,4.55,399.62,5,0.3125,4.5442,0.1821,-0.0567,0.1304
unsweetened cocoa powder + walnut + white sugar,16,4.5,4.5,621.06,5,0.3125,4.5442,0.1821,-0.0442,0.1304
egg + onion + worcestershire sauce,16,4.5062,4.5,233.12,5,0.3125,4.5442,0.1821,-0.038,0.1304
baking powder + flaked coconut + salt,16,4.5125,4.6,169.25,5,0.3125,4.5442,0.1821,-0.0317,0.1304
baking soda + egg + unsalted butter,16,4.5188,4.6,927.38,5,0.3125,4.5442,0.1821,-0.0254,0.1304
red pepper flake + salt + water,16,4.5188,4.6,383.38,5,0.3125,4.5442,0.1821,-0.0254,0.1304
unsalted butter + vanilla extract + walnut,16,4.525,4.65,286.44,5,0.3125,4.5442,0.1821,-0.0192,0.1304
14 ounce can sweetened condensed milk + vanilla extract + white sugar,16,4.5312,4.6,341.19,5,0.3125,4.5442,0.1821,-0.013,0.1304
brown sugar + cornstarch + soy sauce,16,4.5312,4.6,224.38,5,0.3125,4.5442,0.1821,-0.013,0.1304
baking powder + salt + water,61,4.441,4.5,216.11,19,0.3115,4.5442,0.1821,-0.1032,0.1294
all-purpose flour + garlic + water,45,4.5111,4.6,259.96,14,0.3111,4.5442,0.1821,-0.0331,0.129
all-purpose flour + shortening + vanilla extract,58,4.4345,4.5,387.55,18,0.3103,4.5442,0.1821,-0.1097,0.1282
all-purpose flour + onion + vegetable oil,29,4.4586,4.5,359.24,9,0.3103,4.5442,0.1821,-0.0856,0.1282
almond extract + baking powder + salt,29,4.4759,4.5,199.48,9,0.3103,4.5442,0.1821,-0.0683,0.1282
applesauce + baking soda + white sugar,13,4.3462,4.5,163.77,4,0.3077,4.5442,0.1821,-0.198,0.1256
egg + soy sauce + water,13,4.3462,4.4,307.08,4,0.3077,4.5442,0.1821,-0.198,0.1256
all-purpose flour + applesauce + baking soda,13,4.3692,4.5,174.77,4,0.3077,4.5442,0.1821,-0.175,0.1256
packed brown sugar + vanilla extract + water,13,4.3692,4.4,705.15,4,0.3077,4.5442,0.1821,-0.175,0.1256
applesauce + salt + white sugar,13,4.3846,4.5,92.85,4,0.3077,4.5442,0.1821,-0.1596,0.1256
applesauce + baking powder + baking soda,13,4.3923,4.5,201.15,4,0.3077,4.5442,0.1821,-0.1519,0.1256
applesauce + cinnamon + salt,13,4.4,4.5,62.38,4,0.3077,4.5442,0.1821,-0.1442,0.1256
black pepper + cilantro + water,13,4.4,4.6,225.15,4,0.3077,4.5442,0.1821,-0.1442,0.1256
baking powder + pumpkin puree + vanilla extract,13,4.4308,4.5,172.23,4,0.3077,4.5442,0.1821,-0.1134,0.1256
olive oil + salt + whole wheat flour,13,4.4308,4.5,191.62,4,0.3077,4.5442,0.1821,-0.1134,0.1256
baking powder + egg + shortening,26,4.4346,4.6,247.15,8,0.3077,4.5442,0.1821,-0.1096,0.1256
baking powder + canola oil + cinnamon,13,4.4385,4.5,92.46,4,0.3077,4.5442,0.1821,-0.1057,0.1256
baking powder + unsalted butter + vanilla extract,52,4.4462,4.55,228.12,16,0.3077,4.5442,0.1821,-0.098,0.1256
all-purpose flour + milk + vegetable oil for frying,13,4.4462,4.5,223.54,4,0.3077,4.5442,0.1821,-0.098,0.1256
baking powder + egg + flaked coconut,13,4.4462,4.5,151.77,4,0.3077,4.5442,0.1821,-0.098,0.1256
baking powder + egg yolk + vanilla extract,13,4.4462,4.5,157.08,4,0.3077,4.5442,0.1821,-0.098,0.1256
baking soda + confectioners' sugar + unsweetened cocoa powder,13,4.4462,4.6,679.92,4,0.3077,4.5442,0.1821,-0.098,0.1256
confectioners' sugar for dusting + egg + salt,13,4.4462,4.5,248.46,4,0.3077,4.5442,0.1821,-0.098,0.1256
all-purpose flour + almond extract + milk,13,4.4538,4.4,324.0,4,0.3077,4.5442,0.1821,-0.0904,0.1256
baking powder + cinnamon + molasse,13,4.4538,4.5,118.85,4,0.3077,4.5442,0.1821,-0.0904,0.1256
butter + cream of tartar + egg,13,4.4538,4.5,396.77,4,0.3077,4.5442,0.1821,-0.0904,0.1256
butter + nutmeg + onion,13,4.4538,4.5,91.08,4,0.3077,4.5442,0.1821,-0.0904,0.1256
butter + onion + water,39,4.4692,4.5,370.28,12,0.3077,4.5442,0.1821,-0.075,0.1256
butter + warm water 110 degrees f/45 degrees c + white sugar,13,4.4692,4.6,206.23,4,0.3077,4.5442,0.1821,-0.075,0.1256
all-purpose flour + boiling water + salt,26,4.4769,4.55,613.31,8,0.3077,4.5442,0.1821,-0.0673,0.1256
all-purpose flour + baking powder + boiling water,13,4.4769,4.5,1038.77,4,0.3077,4.5442,0.1821,-0.0673,0.1256
all-purpose flour + cumin + onion,13,4.4769,4.4,79.08,4,0.3077,4.5442,0.1821,-0.0673,0.1256
quinoa + salt + water,13,4.4769,4.5,558.85,4,0.3077,4.5442,0.1821,-0.0673,0.1256
butter + egg white + vanilla extract,13,4.4846,4.6,175.31,4,0.3077,4.5442,0.1821,-0.0596,0.1256
garlic + onion + red bell pepper,26,4.4923,4.5,149.27,8,0.3077,4.5442,0.1821,-0.0519,0.1256
all-purpose flour + baking powder + strawberry,13,4.4923,4.5,226.62,4,0.3077,4.5442,0.1821,-0.0519,0.1256
egg + packed brown sugar + vegetable oil,13,4.4923,4.5,242.69,4,0.3077,4.5442,0.1821,-0.0519,0.1256
ginger + pumpkin puree + white sugar,13,4.4923,4.6,143.92,4,0.3077,4.5442,0.1821,-0.0519,0.1256
butter + evaporated milk + salt,13,4.5,4.5,314.77,4,0.3077,4.5442,0.1821,-0.0442,0.1256
carrot + onion + worcestershire sauce,13,4.5,4.6,149.31,4,0.3077,4.5442,0.1821,-0.0442,0.1256
cooking spray + large egg + white sugar,13,4.5,4.6,246.77,4,0.3077,4.5442,0.1821,-0.0442,0.1256
baking powder + strawberry + white sugar,13,4.5077,4.5,205.31,4,0.3077,4.5442,0.1821,-0.0365,0.1256
garlic + salt + thyme,13,4.5077,4.6,155.15,4,0.3077,4.5442,0.1821,-0.0365,0.1256
all-purpose flour + salt + stalks celery,13,4.5154,4.6,165.77,4,0.3077,4.5442,0.1821,-0.0288,0.1256
cinnamon + cream cheese + vanilla extract,13,4.5154,4.7,678.23,4,0.3077,4.5442,0.1821,-0.0288,0.1256
onion + vegetable oil + worcestershire sauce,13,4.5154,4.5,266.85,4,0.3077,4.5442,0.1821,-0.0288,0.1256
garlic + milk + salt,39,4.5231,4.5,539.59,12,0.3077,4.5442,0.1821,-0.0211,0.1256
black pepper + butter + large egg,13,4.5231,4.6,228.08,4,0.3077,4.5442,0.1821,-0.0211,0.1256
confectioners' sugar + cream cheese + vanilla extract,13,4.5231,4.6,841.23,4,0.3077,4.5442,0.1821,-0.0211,0.1256
egg white + milk + salt,13,4.5231,4.7,144.92,4,0.3077,4.5442,0.1821,-0.0211,0.1256
all-purpose flour + garlic + lemon juice,13,4.5308,4.6,395.77,4,0.3077,4.5442,0.1821,-0.0134,0.1256
baking powder + flaked coconut + vanilla extract,13,4.5308,4.6,170.46,4,0.3077,4.5442,0.1821,-0.0134,0.1256
cumin + parsley + salt,13,4.5308,4.6,371.77,4,0.3077,4.5442,0.1821,-0.0134,0.1256
black pepper + milk + parsley,13,4.5385,4.6,721.31,4,0.3077,4.5442,0.1821,-0.0057,0.1256
carrot + garlic + tomato paste,13,4.5385,4.6,137.46,4,0.3077,4.5442,0.1821,-0.0057,0.1256
cayenne pepper + garlic powder + water,13,4.5462,4.6,144.31,4,0.3077,4.5442,0.1821,0.002,0.1256
all-purpose flour + milk + salt and pepper,23,4.4261,4.5,336.65,7,0.3043,4.5442,0.1821,-0.1181,0.1222
cake flour + salt + white sugar,23,4.4478,4.6,123.74,7,0.3043,4.5442,0.1821,-0.0964,0.1222
baking powder + cinnamon + shortening,23,4.4696,4.5,251.57,7,0.3043,4.5442,0.1821,-0.0746,0.1222
baking soda + egg + unsweetened cocoa powder,23,4.4826,4.5,540.7,7,0.3043,4.5442,0.1821,-0.0616,0.1222
egg + peanut butter + vanilla extract,23,4.4913,4.5,512.26,7,0.3043,4.5442,0.1821,-0.0529,0.1222
egg + pumpkin puree + salt,23,4.4957,4.5,116.39,7,0.3043,4.5442,0.1821,-0.0485,0.1222
shortening + vanilla extract + white sugar,56,4.4339,4.5,383.21,17,0.3036,4.5442,0.1821,-0.1103,0.1215
butter + milk + salt and pepper,33,4.4212,4.5,466.39,10,0.303,4.5442,0.1821,-0.123,0.1209
cream of tartar + salt + vanilla extract,33,4.4667,4.6,348.85,10,0.303,4.5442,0.1821,-0.0775,0.1209
baking powder + shortening + white sugar,43,4.4628,4.5,405.12,13,0.3023,4.5442,0.1821,-0.0814,0.1202
baking powder + lemon juice + white sugar,43,4.4977,4.6,207.88,13,0.3023,4.5442,0.1821,-0.0465,0.1202
egg + self-rising flour + white sugar,10,4.35,4.5,35.0,3,0.3,4.5442,0.1821,-0.1942,0.1179
applesauce + baking powder + cinnamon,10,4.37,4.5,152.2,3,0.3,4.5442,0.1821,-0.1742,0.1179
baking soda + kosher salt + vanilla extract,10,4.37,4.5,118.1,3,0.3,4.5442,0.1821,-0.1742,0.1179
butter + buttermilk + nutmeg,10,4.37,4.5,79.7,3,0.3,4.5442,0.1821,-0.1742,0.1179
canola oil + salt + water,10,4.37,4.6,367.4,3,0.3,4.5442,0.1821,-0.1742,0.1179
brown sugar + cinnamon + margarine,10,4.38,4.55,295.0,3,0.3,4.5442,0.1821,-0.1642,0.1179
onion + soy sauce + water,20,4.385,4.4,531.5,6,0.3,4.5442,0.1821,-0.1592,0.1179
applesauce + baking soda + vanilla extract,10,4.4,4.55,98.6,3,0.3,4.5442,0.1821,-0.1442,0.1179
black pepper + tomato + water,10,4.4,4.4,189.2,3,0.3,4.5442,0.1821,-0.1442,0.1179
egg + lemon juice + vegetable oil,10,4.4,4.6,134.5,3,0.3,4.5442,0.1821,-0.1442,0.1179
baking powder + olive oil + salt,10,4.41,4.55,247.9,3,0.3,4.5442,0.1821,-0.1342,0.1179
baking soda + kosher salt + white sugar,10,4.41,4.55,112.1,3,0.3,4.5442,0.1821,-0.1342,0.1179
carrot + egg + soy sauce,10,4.41,4.5,116.0,3,0.3,4.5442,0.1821,-0.1342,0.1179
cinnamon + vanilla extract + whole wheat flour,10,4.41,4.6,108.3,3,0.3,4.5442,0.1821,-0.1342,0.1179
nutmeg + raisin + water,10,4.41,4.5,63.5,3,0.3,4.5442,0.1821,-0.1342,0.1179
applesauce + egg + white sugar,10,4.42,4.55,97.1,3,0.3,4.5442,0.1821,-0.1242,0.1179
egg + milk + unsalted butter,10,4.42,4.55,237.8,3,0.3,4.5442,0.1821,-0.1242,0.1179
garlic + mozzarella cheese + salt and pepper,10,4.42,4.45,234.7,3,0.3,4.5442,0.1821,-0.1242,0.1179
large egg + peanut butter + vanilla extract,10,4.42,4.5,879.4,3,0.3,4.5442,0.1821,-0.1242,0.1179
baking soda + milk + unsweetened cocoa powder,20,4.43,4.6,1001.9,6,0.3,4.5442,0.1821,-0.1142,0.1179
all-purpose flour + semisweet chocolate chip + water,10,4.43,4.55,632.9,3,0.3,4.5442,0.1821,-0.1142,0.1179
almond extract + egg + milk,10,4.43,4.45,132.0,3,0.3,4.5442,0.1821,-0.1142,0.1179
canola oil + cinnamon + vanilla extract,10,4.43,4.5,140.8,3,0.3,4.5442,0.1821,-0.1142,0.1179
cinnamon + cream of tartar + egg,10,4.43,4.45,372.2,3,0.3,4.5442,0.1821,-0.1142,0.1179
cinnamon + molasse + vanilla extract,10,4.43,4.5,82.3,3,0.3,4.5442,0.1821,-0.1142,0.1179
cinnamon + egg + milk,70,4.4386,4.5,327.96,21,0.3,4.5442,0.1821,-0.1056,0.1179
butter + self-rising flour + white sugar,20,4.44,4.45,162.3,6,0.3,4.5442,0.1821,-0.1042,0.1179
all-purpose flour + onion + parmesan cheese,10,4.44,4.45,852.0,3,0.3,4.5442,0.1821,-0.1042,0.1179
carrot + onion + soy sauce,10,4.44,4.45,142.8,3,0.3,4.5442,0.1821,-0.1042,0.1179
curry powder + garlic + water,10,4.44,4.5,209.2,3,0.3,4.5442,0.1821,-0.1042,0.1179
all-purpose flour + butter + evaporated milk,10,4.45,4.4,90.6,3,0.3,4.5442,0.1821,-0.0942,0.1179
all-purpose flour + garlic + mozzarella cheese,10,4.45,4.4,365.6,3,0.3,4.5442,0.1821,-0.0942,0.1179
basil + garlic + lemon juice,10,4.45,4.45,120.2,3,0.3,4.5442,0.1821,-0.0942,0.1179
confectioners' sugar + egg + packed brown sugar,10,4.45,4.45,168.6,3,0.3,4.5442,0.1821,-0.0942,0.1179
ginger root + salt + vegetable oil,10,4.45,4.45,434.5,3,0.3,4.5442,0.1821,-0.0942,0.1179
margarine + salt + water,10,4.45,4.6,1038.5,3,0.3,4.5442,0.1821,-0.0942,0.1179
mushroom + olive oil + water,10,4.45,4.5,161.7,3,0.3,4.5442,0.1821,-0.0942,0.1179
onion + salt and pepper + worcestershire sauce,10,4.45,4.5,629.5,3,0.3,4.5442,0.1821,-0.0942,0.1179
rolled oat + water + white sugar,10,4.45,4.55,193.4,3,0.3,4.5442,0.1821,-0.0942,0.1179
baking powder + unsweetened cocoa powder + vanilla extract,40,4.455,4.55,954.3,12,0.3,4.5442,0.1821,-0.0892,0.1179
lemon juice + salt + vanilla extract,20,4.455,4.6,169.45,6,0.3,4.5442,0.1821,-0.0892,0.1179
milk + olive oil + salt,20,4.46,4.55,240.8,6,0.3,4.5442,0.1821,-0.0842,0.1179
almond extract + cinnamon + salt,10,4.46,4.55,57.5,3,0.3,4.5442,0.1821,-0.0842,0.1179
baking powder + baking soda + molasse,10,4.46,4.5,84.8,3,0.3,4.5442,0.1821,-0.0842,0.1179
baking powder + confectioners' sugar + unsweetened cocoa powder,10,4.46,4.55,2071.6,3,0.3,4.5442,0.1821,-0.0842,0.1179
brown sugar + lemon juice + soy sauce,10,4.46,4.6,445.7,3,0.3,4.5442,0.1821,-0.0842,0.1179
butter + lemon extract + vanilla extract,10,4.46,4.6,213.7,3,0.3,4.5442,0.1821,-0.0842,0.1179
buttermilk + confectioners' sugar + salt,10,4.46,4.5,200.4,3,0.3,4.5442,0.1821,-0.0842,0.1179
cheddar cheese + salt + vegetable oil,10,4.46,4.55,127.8,3,0.3,4.5442,0.1821,-0.0842,0.1179
egg + salt and pepper + vegetable oil,10,4.46,4.45,210.0,3,0.3,4.5442,0.1821,-0.0842,0.1179
garlic + salt and pepper + worcestershire sauce,10,4.46,4.5,371.2,3,0.3,4.5442,0.1821,-0.0842,0.1179
ginger root + salt + water,10,4.46,4.5,526.3,3,0.3,4.5442,0.1821,-0.0842,0.1179
large egg + packed light brown sugar + salt,10,4.46,4.4,417.6,3,0.3,4.5442,0.1821,-0.0842,0.1179
cream of tartar + egg white + vanilla extract,20,4.47,4.55,140.75,6,0.3,4.5442,0.1821,-0.0742,0.1179
all-purpose flour + garlic + stalk celery,10,4.47,4.4,794.4,3,0.3,4.5442,0.1821,-0.0742,0.1179
all-purpose flour + oil for frying + salt,10,4.47,4.45,491.0,3,0.3,4.5442,0.1821,-0.0742,0.1179
almond extract + baking soda + vanilla extract,10,4.47,4.5,205.8,3,0.3,4.5442,0.1821,-0.0742,0.1179
baking powder + brown sugar + clove,10,4.47,4.6,96.3,3,0.3,4.5442,0.1821,-0.0742,0.1179
baking powder + peanut butter + vanilla extract,10,4.47,4.5,534.6,3,0.3,4.5442,0.1821,-0.0742,0.1179
baking soda + cornstarch + vanilla extract,10,4.47,4.55,118.9,3,0.3,4.5442,0.1821,-0.0742,0.1179
brown sugar + clove + egg,10,4.47,4.6,64.6,3,0.3,4.5442,0.1821,-0.0742,0.1179
cheddar cheese + egg + salt and pepper,10,4.47,4.5,315.1,3,0.3,4.5442,0.1821,-0.0742,0.1179
confectioners' sugar + lemon juice + salt,10,4.47,4.55,174.2,3,0.3,4.5442,0.1821,-0.0742,0.1179
ketchup + onion + prepared mustard,10,4.47,4.6,1090.9,3,0.3,4.5442,0.1821,-0.0742,0.1179
large egg + margarine + vanilla extract,10,4.47,4.5,678.6,3,0.3,4.5442,0.1821,-0.0742,0.1179
lemon juice + salt + unsalted butter,10,4.47,4.55,338.4,3,0.3,4.5442,0.1821,-0.0742,0.1179
parsley + salt + water,30,4.4733,4.5,262.73,9,0.3,4.5442,0.1821,-0.0709,0.1179
all-purpose flour + dried oregano + salt,20,4.475,4.5,457.0,6,0.3,4.5442,0.1821,-0.0692,0.1179
cream of tartar + egg + salt,20,4.48,4.5,418.75,6,0.3,4.5442,0.1821,-0.0642,0.1179
all-purpose flour + cayenne pepper + vegetable oil,10,4.48,4.6,150.6,3,0.3,4.5442,0.1821,-0.0642,0.1179
all-purpose flour + ginger + pumpkin puree,10,4.48,4.6,414.2,3,0.3,4.5442,0.1821,-0.0642,0.1179
apples - peeled cored and + butter + cinnamon,10,4.48,4.6,303.9,3,0.3,4.5442,0.1821,-0.0642,0.1179
butter + peanut butter + semisweet chocolate chip,10,4.48,4.55,477.5,3,0.3,4.5442,0.1821,-0.0642,0.1179
cinnamon + packed brown sugar + shortening,10,4.48,4.6,133.9,3,0.3,4.5442,0.1821,-0.0642,0.1179
cinnamon + pecan halve + salt,10,4.48,4.6,301.9,3,0.3,4.5442,0.1821,-0.0642,0.1179
dry mustard + salt + water,10,4.48,4.5,241.6,3,0.3,4.5442,0.1821,-0.0642,0.1179
egg + green onion + soy sauce,10,4.48,4.55,101.3,3,0.3,4.5442,0.1821,-0.0642,0.1179
garam masala + turmeric + water,10,4.48,4.5,235.2,3,0.3,4.5442,0.1821,-0.0642,0.1179
cinnamon + ginger + pumpkin puree,20,4.485,4.6,263.45,6,0.3,4.5442,0.1821,-0.0592,0.1179
baking powder + baking soda + cornstarch,10,4.49,4.55,119.7,3,0.3,4.5442,0.1821,-0.0542,0.1179
baking powder + confectioners' sugar + lemon juice,10,4.49,4.5,176.9,3,0.3,4.5442,0.1821,-0.0542,0.1179
baking powder + eggs separated + salt,10,4.49,4.5,127.2,3,0.3,4.5442,0.1821,-0.0542,0.1179
black pepper + cayenne pepper + coriander,10,4.49,4.65,152.3,3,0.3,4.5442,0.1821,-0.0542,0.1179
butter + salt + thyme,10,4.49,4.55,217.8,3,0.3,4.5442,0.1821,-0.0542,0.1179
buttermilk + confectioners' sugar + vanilla extract,10,4.49,4.6,220.3,3,0.3,4.5442,0.1821,-0.0542,0.1179
celery + garlic + green onion,10,4.49,4.6,100.1,3,0.3,4.5442,0.1821,-0.0542,0.1179
cinnamon + clove + egg white,10,4.49,4.6,131.7,3,0.3,4.5442,0.1821,-0.0542,0.1179
onion + sour cream + water,10,4.49,4.55,411.3,3,0.3,4.5442,0.1821,-0.0542,0.1179
butter + milk + walnut,20,4.495,4.6,214.0,6,0.3,4.5442,0.1821,-0.0492,0.1179
all-purpose flour + black pepper + medium onion,10,4.5,4.55,701.3,3,0.3,4.5442,0.1821,-0.0442,0.1179
all-purpose flour + brown sugar + cooking spray,10,4.5,4.6,383.3,3,0.3,4.5442,0.1821,-0.0442,0.1179
black pepper + margarine + salt,10,4.5,4.65,176.4,3,0.3,4.5442,0.1821,-0.0442,0.1179
butter + heavy whipping cream + parmesan cheese,10,4.5,4.5,97.2,3,0.3,4.5442,0.1821,-0.0442,0.1179
egg + light brown sugar + white sugar,10,4.5,4.55,304.4,3,0.3,4.5442,0.1821,-0.0442,0.1179
unsalted butter + water + white sugar,20,4.505,4.6,1091.6,6,0.3,4.5442,0.1821,-0.0392,0.1179
bread crumb + butter + salt,10,4.51,4.55,287.8,3,0.3,4.5442,0.1821,-0.0342,0.1179
butter + confectioners' sugar + cream cheese,10,4.51,4.6,1059.9,3,0.3,4.5442,0.1821,-0.0342,0.1179
cayenne pepper + coriander + turmeric,10,4.51,4.6,384.0,3,0.3,4.5442,0.1821,-0.0342,0.1179
cayenne pepper + turmeric + water,10,4.51,4.6,275.7,3,0.3,4.5442,0.1821,-0.0342,0.1179
celery seed + onion + white sugar,10,4.51,4.55,205.7,3,0.3,4.5442,0.1821,-0.0342,0.1179
dijon mustard + garlic + worcestershire sauce,10,4.51,4.65,458.5,3,0.3,4.5442,0.1821,-0.0342,0.1179
garlic + lime juice + red onion,10,4.51,4.55,93.7,3,0.3,4.5442,0.1821,-0.0342,0.1179
large egg + milk + shortening,10,4.51,4.45,433.6,3,0.3,4.5442,0.1821,-0.0342,0.1179
mayonnaise + onion + salt and pepper,10,4.51,4.6,590.6,3,0.3,4.5442,0.1821,-0.0342,0.1179
olive oil + parmesan cheese + ricotta cheese,10,4.51,4.55,339.2,3,0.3,4.5442,0.1821,-0.0342,0.1179
egg + pumpkin puree + white sugar,20,4.52,4.5,125.25,6,0.3,4.5442,0.1821,-0.0242,0.1179
6 ounce can tomato paste + black pepper + onion,10,4.52,4.5,752.8,3,0.3,4.5442,0.1821,-0.0242,0.1179
all-purpose flour + butter + sharp cheddar cheese,10,4.52,4.6,530.1,3,0.3,4.5442,0.1821,-0.0242,0.1179
all-purpose flour + egg yolk + water,10,4.52,4.65,477.0,3,0.3,4.5442,0.1821,-0.0242,0.1179
allspice + garlic + onion,10,4.52,4.5,165.1,3,0.3,4.5442,0.1821,-0.0242,0.1179
baking powder + unsweetened cocoa powder + walnut,10,4.52,4.55,457.8,3,0.3,4.5442,0.1821,-0.0242,0.1179
boiling water + milk + salt,10,4.52,4.6,899.6,3,0.3,4.5442,0.1821,-0.0242,0.1179
carrot + salt and pepper + stalks celery,10,4.52,4.6,316.7,3,0.3,4.5442,0.1821,-0.0242,0.1179
cinnamon + cornstarch + milk,10,4.52,4.6,166.1,3,0.3,4.5442,0.1821,-0.0242,0.1179
garlic + large onion + milk,10,4.52,4.55,134.3,3,0.3,4.5442,0.1821,-0.0242,0.1179
allspice + baking soda + butter,10,4.53,4.65,154.3,3,0.3,4.5442,0.1821,-0.0142,0.1179
black pepper + garlic + ginger root,10,4.53,4.6,211.7,3,0.3,4.5442,0.1821,-0.0142,0.1179
brown sugar + egg + rolled oat,10,4.53,4.65,268.4,3,0.3,4.5442,0.1821,-0.0142,0.1179
butter + salt + white vinegar,10,4.53,4.6,1806.1,3,0.3,4.5442,0.1821,-0.0142,0.1179
garlic + onion + zucchini,10,4.53,4.65,167.4,3,0.3,4.5442,0.1821,-0.0142,0.1179
all-purpose flour + salt + white chocolate chip,10,4.54,4.6,289.0,3,0.3,4.5442,0.1821,-0.0042,0.1179
all-purpose flour + vanilla extract + white chocolate chip,10,4.54,4.6,289.0,3,0.3,4.5442,0.1821,-0.0042,0.1179
baking powder + brown sugar + cooking spray,10,4.54,4.5,391.7,3,0.3,4.5442,0.1821,-0.0042,0.1179
cinnamon + salt + unsweetened cocoa powder,10,4.54,4.7,253.6,3,0.3,4.5442,0.1821,-0.0042,0.1179
golden raisin + salt + white sugar,10,4.54,4.65,771.6,3,0.3,4.5442,0.1821,-0.0042,0.1179
salt + vanilla extract + white chocolate chip,10,4.54,4.6,289.0,3,0.3,4.5442,0.1821,-0.0042,0.1179
beef + black pepper + white sugar,10,4.55,4.6,270.2,3,0.3,4.5442,0.1821,0.0058,0.1179
olive oil + onion + turkey,10,4.55,4.55,348.6,3,0.3,4.5442,0.1821,0.0058,0.1179
baking powder + clove + confectioners' sugar,10,4.56,4.6,611.0,3,0.3,4.5442,0.1821,0.0158,0.1179
milk + onion + worcestershire sauce,10,4.56,4.55,269.7,3,0.3,4.5442,0.1821,0.0158,0.1179
black pepper + brown sugar + lemon juice,10,4.57,4.6,278.9,3,0.3,4.5442,0.1821,0.0258,0.1179
baking powder + unsalted butter + walnut,10,4.58,4.65,260.5,3,0.3,4.5442,0.1821,0.0358,0.1179
parsley + salt + worcestershire sauce,10,4.58,4.65,173.1,3,0.3,4.5442,0.1821,0.0358,0.1179
confectioners' sugar + egg + walnut,10,4.59,4.65,241.7,3,0.3,4.5442,0.1821,0.0458,0.1179
8 ounce can tomato sauce + olive oil + onion,10,4.6,4.7,117.6,3,0.3,4.5442,0.1821,0.0558,0.1179
egg + lemon juice + white sugar,47,4.4447,4.5,192.36,14,0.2979,4.5442,0.1821,-0.0995,0.1158
baking powder + egg + lemon juice,27,4.4926,4.5,159.89,8,0.2963,4.5442,0.1821,-0.0516,0.1142
boiling water + salt + white sugar,27,4.5037,4.6,560.15,8,0.2963,4.5442,0.1821,-0.0405,0.1142
egg + olive oil + onion,27,4.5074,4.6,472.11,8,0.2963,4.5442,0.1821,-0.0368,0.1142
allspice + ginger + salt,27,4.5185,4.5,317.85,8,0.2963,4.5442,0.1821,-0.0257,0.1142
brown sugar + salt + worcestershire sauce,27,4.5185,4.6,533.56,8,0.2963,4.5442,0.1821,-0.0257,0.1142
all-purpose flour + baking powder + lemon juice,44,4.4977,4.55,208.57,13,0.2955,4.5442,0.1821,-0.0465,0.1134
all-purpose flour + egg + parsley,17,4.4059,4.5,155.71,5,0.2941,4.5442,0.1821,-0.1383,0.112
all-purpose flour + egg + peanut butter,17,4.4059,4.6,568.82,5,0.2941,4.5442,0.1821,-0.1383,0.112
egg + peanut butter + salt,17,4.4235,4.6,624.29,5,0.2941,4.5442,0.1821,-0.1207,0.112
all-purpose flour + milk + olive oil,17,4.4412,4.6,479.76,5,0.2941,4.5442,0.1821,-0.103,0.112
all-purpose flour + canola oil + egg,17,4.4529,4.4,281.71,5,0.2941,4.5442,0.1821,-0.0913,0.112
baking soda + cream of tartar + egg,17,4.4588,4.5,456.65,5,0.2941,4.5442,0.1821,-0.0854,0.112
butter + egg + parsley,17,4.4588,4.5,151.12,5,0.2941,4.5442,0.1821,-0.0854,0.112
butter + garlic + small onion,17,4.4706,4.6,314.94,5,0.2941,4.5442,0.1821,-0.0736,0.112
ginger + molasse + salt,17,4.4765,4.5,616.18,5,0.2941,4.5442,0.1821,-0.0677,0.112
ginger + pumpkin puree + salt,17,4.4765,4.6,304.88,5,0.2941,4.5442,0.1821,-0.0677,0.112
milk + pecan + white sugar,17,4.4765,4.5,443.71,5,0.2941,4.5442,0.1821,-0.0677,0.112
milk + raisin + white sugar,17,4.4765,4.6,257.18,5,0.2941,4.5442,0.1821,-0.0677,0.112
egg + garlic + water,17,4.4824,4.4,1298.12,5,0.2941,4.5442,0.1821,-0.0618,0.112
all-purpose flour + egg + pumpkin puree,17,4.4941,4.5,102.06,5,0.2941,4.5442,0.1821,-0.0501,0.112
celery + onion + parsley,17,4.4941,4.6,145.71,5,0.2941,4.5442,0.1821,-0.0501,0.112
baking powder + canola oil + egg,17,4.5118,4.6,176.94,5,0.2941,4.5442,0.1821,-0.0324,0.112
beef + ketchup + salt,17,4.5118,4.6,719.65,5,0.2941,4.5442,0.1821,-0.0324,0.112
.25 ounce package active dry yeast + all-purpose flour + salt,17,4.5176,4.6,510.35,5,0.2941,4.5442,0.1821,-0.0266,0.112
all-purpose flour + salt + strawberry,17,4.5176,4.5,174.41,5,0.2941,4.5442,0.1821,-0.0266,0.112
confectioners' sugar + nutmeg + salt,17,4.5471,4.6,397.0,5,0.2941,4.5442,0.1821,0.0029,0.112
baking powder + salt + unsweetened cocoa powder,41,4.4902,4.6,943.66,12,0.2927,4.5442,0.1821,-0.054,0.1106
all-purpose flour + cream of tartar + vanilla extract,24,4.4583,4.55,533.71,7,0.2917,4.5442,0.1821,-0.0859,0.1096
baking soda + molasse + salt,24,4.4792,4.6,497.67,7,0.2917,4.5442,0.1821,-0.065,0.1096
butter + egg white + white sugar,24,4.5125,4.6,262.04,7,0.2917,4.5442,0.1821,-0.0317,0.1096
carrot + garlic + vegetable oil,24,4.5167,4.5,186.71,7,0.2917,4.5442,0.1821,-0.0275,0.1096
baking powder + salt + shortening,55,4.4709,4.5,389.15,16,0.2909,4.5442,0.1821,-0.0733,0.1088
all-purpose flour + egg yolk + vanilla extract,31,4.4516,4.6,719.16,9,0.2903,4.5442,0.1821,-0.0926,0.1082
butter + egg + onion,31,4.4581,4.5,426.71,9,0.2903,4.5442,0.1821,-0.0861,0.1082
almond extract + baking powder + white sugar,31,4.4839,4.5,159.42,9,0.2903,4.5442,0.1821,-0.0603,0.1082
all-purpose flour + egg + lemon juice,45,4.4511,4.5,220.93,13,0.2889,4.5442,0.1821,-0.0931,0.1068
all-purpose flour + milk + water,45,4.5133,4.6,522.27,13,0.2889,4.5442,0.1821,-0.0309,0.1068
all-purpose flour + onion + white sugar,14,4.4071,4.5,199.43,4,0.2857,4.5442,0.1821,-0.1371,0.1036
garlic + honey + water,14,4.4143,4.4,323.93,4,0.2857,4.5442,0.1821,-0.1299,0.1036
egg + milk + vanilla extract,133,4.4271,4.5,452.11,38,0.2857,4.5442,0.1821,-0.1171,0.1036
baking powder + egg white + vanilla extract,14,4.4286,4.6,147.07,4,0.2857,4.5442,0.1821,-0.1156,0.1036
garlic + parsley + red pepper flake,14,4.4286,4.5,350.14,4,0.2857,4.5442,0.1821,-0.1156,0.1036
salt + unsweetened cocoa powder + water,14,4.4357,4.5,509.14,4,0.2857,4.5442,0.1821,-0.1085,0.1036
all-purpose flour + cheddar cheese + milk,28,4.4429,4.5,411.71,8,0.2857,4.5442,0.1821,-0.1013,0.1036
all-purpose flour + canola oil + white sugar,21,4.4476,4.5,374.71,6,0.2857,4.5442,0.1821,-0.0966,0.1036
all-purpose flour + pumpkin puree + vanilla extract,14,4.45,4.5,201.71,4,0.2857,4.5442,0.1821,-0.0942,0.1036
kosher salt + vanilla extract + white sugar,14,4.45,4.55,64.07,4,0.2857,4.5442,0.1821,-0.0942,0.1036
salt + unsweetened cocoa powder + walnut,14,4.45,4.55,658.21,4,0.2857,4.5442,0.1821,-0.0942,0.1036
garlic + honey + soy sauce,28,4.4536,4.5,276.89,8,0.2857,4.5442,0.1821,-0.0906,0.1036
black pepper + parsley + water,28,4.4571,4.55,956.32,8,0.2857,4.5442,0.1821,-0.0871,0.1036
cream of tartar + egg + white sugar,21,4.4571,4.5,384.86,6,0.2857,4.5442,0.1821,-0.0871,0.1036
olive oil + paprika + water,14,4.4571,4.5,251.93,4,0.2857,4.5442,0.1821,-0.0871,0.1036
egg + lemon zest + white sugar,28,4.4643,4.5,159.79,8,0.2857,4.5442,0.1821,-0.0799,0.1036
all-purpose flour + confectioners' sugar for dusting + salt,14,4.4643,4.5,246.07,4,0.2857,4.5442,0.1821,-0.0799,0.1036
cinnamon + shortening + water,14,4.4643,4.5,104.14,4,0.2857,4.5442,0.1821,-0.0799,0.1036
cumin + dried oregano + water,14,4.4643,4.45,296.5,4,0.2857,4.5442,0.1821,-0.0799,0.1036
all-purpose flour + garlic + salt and pepper,21,4.4714,4.4,386.24,6,0.2857,4.5442,0.1821,-0.0728,0.1036
baking powder + sifted all-purpose flour + white sugar,14,4.4714,4.55,363.5,4,0.2857,4.5442,0.1821,-0.0728,0.1036
basil + olive oil + onion,14,4.4714,4.5,378.07,4,0.2857,4.5442,0.1821,-0.0728,0.1036
margarine + salt + vanilla extract,35,4.48,4.5,779.89,10,0.2857,4.5442,0.1821,-0.0642,0.1036
.25 ounce package active dry yeast + all-purpose flour + warm water 110 degrees f/45 degrees c,14,4.4857,4.5,551.07,4,0.2857,4.5442,0.1821,-0.0585,0.1036
baking powder + pumpkin puree + white sugar,14,4.4857,4.5,168.93,4,0.2857,4.5442,0.1821,-0.0585,0.1036
all-purpose flour + unsweetened cocoa powder + vegetable oil,28,4.4893,4.5,943.79,8,0.2857,4.5442,0.1821,-0.0549,0.1036
baking soda + brown sugar + large egg,14,4.4929,4.6,520.86,4,0.2857,4.5442,0.1821,-0.0513,0.1036
brown sugar + large egg + vanilla extract,21,4.4952,4.6,199.9,6,0.2857,4.5442,0.1821,-0.049,0.1036
carrot + garlic + parsley,21,4.5,4.6,180.29,6,0.2857,4.5442,0.1821,-0.0442,0.1036
butter + raisin + walnut,14,4.5,4.6,147.29,4,0.2857,4.5442,0.1821,-0.0442,0.1036
cumin + garlic + salt and pepper,14,4.5,4.5,310.71,4,0.2857,4.5442,0.1821,-0.0442,0.1036
ginger + rice vinegar + sesame oil,14,4.5,4.6,255.29,4,0.2857,4.5442,0.1821,-0.0442,0.1036
olive oil + salt + salt and pepper,14,4.5,4.55,251.14,4,0.2857,4.5442,0.1821,-0.0442,0.1036
all-purpose flour + butter + cornstarch,35,4.5057,4.6,520.51,10,0.2857,4.5442,0.1821,-0.0385,0.1036
black pepper + milk + water,14,4.5071,4.6,321.14,4,0.2857,4.5442,0.1821,-0.0371,0.1036
all-purpose flour + brown sugar + large egg,21,4.5143,4.6,427.86,6,0.2857,4.5442,0.1821,-0.0299,0.1036
all-purpose flour + milk + pecan,14,4.5143,4.5,452.79,4,0.2857,4.5442,0.1821,-0.0299,0.1036
lemon extract + salt + white sugar,14,4.5143,4.6,171.57,4,0.2857,4.5442,0.1821,-0.0299,0.1036
brown sugar + cornstarch + garlic,14,4.5214,4.6,203.93,4,0.2857,4.5442,0.1821,-0.0228,0.1036
all-purpose flour + salt and black pepper + vegetable oil,14,4.5286,4.6,127.29,4,0.2857,4.5442,0.1821,-0.0156,0.1036
black pepper + egg + parsley,14,4.5286,4.65,1817.0,4,0.2857,4.5442,0.1821,-0.0156,0.1036
brown sugar + ketchup + water,14,4.5286,4.55,338.71,4,0.2857,4.5442,0.1821,-0.0156,0.1036
cinnamon + egg + pumpkin puree,21,4.5333,4.5,97.71,6,0.2857,4.5442,0.1821,-0.0109,0.1036
butter + salt + sifted all-purpose flour,14,4.5357,4.6,358.79,4,0.2857,4.5442,0.1821,-0.0085,0.1036
egg + onion + salt and black pepper,14,4.5357,4.6,101.79,4,0.2857,4.5442,0.1821,-0.0085,0.1036
butter + eggs separated + salt,14,4.5429,4.7,105.0,4,0.2857,4.5442,0.1821,-0.0013,0.1036
carrot + milk + onion,14,4.5429,4.65,1171.0,4,0.2857,4.5442,0.1821,-0.0013,0.1036
parmesan cheese + pepper + salt,14,4.55,4.6,254.0,4,0.2857,4.5442,0.1821,0.0058,0.1036
confectioners' sugar + egg + salt,74,4.4757,4.5,557.73,21,0.2838,4.5442,0.1821,-0.0685,0.1017
all-purpose flour + egg + shortening,60,4.4667,4.6,250.23,17,0.2833,4.5442,0.1821,-0.0775,0.1012
salt + unsweetened cocoa powder + white sugar,85,4.4788,4.6,750.68,24,0.2824,4.5442,0.1821,-0.0654,0.1003
brown sugar + butter + milk,39,4.4897,4.5,213.23,11,0.2821,4.5442,0.1821,-0.0545,0.1
baking powder + shortening + vanilla extract,32,4.4344,4.55,278.09,9,0.2812,4.5442,0.1821,-0.1098,0.0991
all-purpose flour + baking powder + margarine,32,4.475,4.6,502.5,9,0.2812,4.5442,0.1821,-0.0692,0.0991
all-purpose flour + onion + water,32,4.4781,4.5,275.03,9,0.2812,4.5442,0.1821,-0.0661,0.0991
light corn syrup + vanilla extract + white sugar,25,4.432,4.6,234.48,7,0.28,4.5442,0.1821,-0.1122,0.0979
egg white + vanilla extract + white sugar,50,4.466,4.6,138.12,14,0.28,4.5442,0.1821,-0.0782,0.0979
all-purpose flour + baking powder + cornstarch,25,4.48,4.6,465.72,7,0.28,4.5442,0.1821,-0.0642,0.0979
all-purpose flour + boiling water + white sugar,25,4.488,4.6,595.76,7,0.28,4.5442,0.1821,-0.0562,0.0979
garlic + mushroom + salt,25,4.488,4.5,203.48,7,0.28,4.5442,0.1821,-0.0562,0.0979
packed brown sugar + unsalted butter + vanilla extract,25,4.496,4.5,976.04,7,0.28,4.5442,0.1821,-0.0482,0.0979
carrot + garlic + salt,50,4.526,4.6,193.7,14,0.28,4.5442,0.1821,-0.0182,0.0979
all-purpose flour + salt + water,194,4.5026,4.6,460.38,54,0.2784,4.5442,0.1821,-0.0416,0.0963
unsweetened cocoa powder + vanilla extract + water,18,4.4056,4.5,446.44,5,0.2778,4.5442,0.1821,-0.1386,0.0957
all-purpose flour + lemon extract + white sugar,18,4.4556,4.55,178.44,5,0.2778,4.5442,0.1821,-0.0886,0.0957
all-purpose flour + dried oregano + garlic,18,4.4611,4.45,228.94,5,0.2778,4.5442,0.1821,-0.0831,0.0957
lemon extract + vanilla extract + white sugar,18,4.4611,4.6,140.17,5,0.2778,4.5442,0.1821,-0.0831,0.0957
egg + mozzarella cheese + olive oil,18,4.4667,4.5,204.78,5,0.2778,4.5442,0.1821,-0.0775,0.0957
baking soda + egg + milk,54,4.4704,4.5,850.37,15,0.2778,4.5442,0.1821,-0.0738,0.0957
black pepper + bread crumb + salt,18,4.4722,4.6,433.83,5,0.2778,4.5442,0.1821,-0.072,0.0957
egg + garlic + parsley,18,4.4722,4.45,1532.28,5,0.2778,4.5442,0.1821,-0.072,0.0957
all-purpose flour + egg yolk + white sugar,54,4.4796,4.6,532.19,15,0.2778,4.5442,0.1821,-0.0646,0.0957
coriander + cumin + water,18,4.4833,4.5,151.56,5,0.2778,4.5442,0.1821,-0.0609,0.0957
all-purpose flour + egg white + egg yolk,18,4.4889,4.65,367.06,5,0.2778,4.5442,0.1821,-0.0553,0.0957
baking soda + egg + molasse,18,4.4889,4.6,183.94,5,0.2778,4.5442,0.1821,-0.0553,0.0957
coriander + garlic + water,18,4.5,4.55,173.44,5,0.2778,4.5442,0.1821,-0.0442,0.0957
egg white + egg yolk + salt,18,4.5,4.7,364.78,5,0.2778,4.5442,0.1821,-0.0442,0.0957
all-purpose flour + brown sugar + walnut,18,4.5167,4.6,262.44,5,0.2778,4.5442,0.1821,-0.0275,0.0957
green bell pepper + onion + tomato,18,4.5167,4.55,197.5,5,0.2778,4.5442,0.1821,-0.0275,0.0957
butter + flaked coconut + salt,18,4.5222,4.6,200.83,5,0.2778,4.5442,0.1821,-0.022,0.0957
ketchup + water + worcestershire sauce,18,4.5222,4.6,547.22,5,0.2778,4.5442,0.1821,-0.022,0.0957
all-purpose flour + butter + egg white,18,4.5333,4.6,314.33,5,0.2778,4.5442,0.1821,-0.0109,0.0957
all-purpose flour + unsalted butter + walnut,18,4.5333,4.6,299.44,5,0.2778,4.5442,0.1821,-0.0109,0.0957
coriander + garlic + onion,18,4.55,4.6,305.94,5,0.2778,4.5442,0.1821,0.0058,0.0957
milk + parsley + salt,18,4.55,4.6,603.61,5,0.2778,4.5442,0.1821,0.0058,0.0957
8 ounce can tomato sauce + onion + salt,18,4.5889,4.65,224.94,5,0.2778,4.5442,0.1821,0.0447,0.0957
all-purpose flour + water + worcestershire sauce,18,4.6,4.7,626.94,5,0.2778,4.5442,0.1821,0.0558,0.0957
all-purpose flour + salt + shortening,112,4.4902,4.6,409.56,31,0.2768,4.5442,0.1821,-0.054,0.0947
baking powder + confectioners' sugar + egg,47,4.4957,4.5,748.23,13,0.2766,4.5442,0.1821,-0.0485,0.0945
all-purpose flour + baking powder + shortening,58,4.4724,4.55,376.19,16,0.2759,4.5442,0.1821,-0.0718,0.0938
all-purpose flour + lemon zest + salt,29,4.4931,4.6,161.52,8,0.2759,4.5442,0.1821,-0.0511,0.0938
cream of tartar + vanilla extract + white sugar,40,4.4875,4.6,375.78,11,0.275,4.5442,0.1821,-0.0567,0.0929
unsweetened cocoa powder + vanilla extract + white sugar,95,4.4547,4.6,752.61,26,0.2737,4.5442,0.1821,-0.0895,0.0916
buttermilk + cinnamon + nutmeg,11,4.3636,4.5,75.36,3,0.2727,4.5442,0.1821,-0.1806,0.0906
all-purpose flour + beef + onion,11,4.4091,4.4,358.91,3,0.2727,4.5442,0.1821,-0.1351,0.0906
all-purpose flour + egg + paprika,11,4.4091,4.5,585.91,3,0.2727,4.5442,0.1821,-0.1351,0.0906
applesauce + baking powder + white sugar,11,4.4091,4.5,190.18,3,0.2727,4.5442,0.1821,-0.1351,0.0906
garlic + onion + uncooked white rice,11,4.4091,4.5,432.82,3,0.2727,4.5442,0.1821,-0.1351,0.0906
black pepper + lean beef + worcestershire sauce,11,4.4182,4.5,359.0,3,0.2727,4.5442,0.1821,-0.126,0.0906
all-purpose flour + applesauce + white sugar,11,4.4273,4.5,170.91,3,0.2727,4.5442,0.1821,-0.1169,0.0906
egg + paprika + salt,11,4.4273,4.6,479.73,3,0.2727,4.5442,0.1821,-0.1169,0.0906
ketchup + salt + white sugar,11,4.4273,4.6,348.55,3,0.2727,4.5442,0.1821,-0.1169,0.0906
all-purpose flour + canola oil + salt,33,4.4303,4.5,286.73,9,0.2727,4.5442,0.1821,-0.1139,0.0906
cinnamon + raisin + water,22,4.4318,4.5,210.55,6,0.2727,4.5442,0.1821,-0.1124,0.0906
applesauce + baking powder + salt,11,4.4364,4.5,111.45,3,0.2727,4.5442,0.1821,-0.1078,0.0906
black pepper + cayenne pepper + parsley,11,4.4364,4.6,131.91,3,0.2727,4.5442,0.1821,-0.1078,0.0906
black pepper + onion + vegetable broth,11,4.4364,4.5,236.55,3,0.2727,4.5442,0.1821,-0.1078,0.0906
butter + milk + peanut butter,11,4.4364,4.5,976.55,3,0.2727,4.5442,0.1821,-0.1078,0.0906
cayenne pepper + cilantro + water,11,4.4364,4.6,270.27,3,0.2727,4.5442,0.1821,-0.1078,0.0906
all-purpose flour + large egg + peanut butter,11,4.4455,4.5,1029.36,3,0.2727,4.5442,0.1821,-0.0987,0.0906
applesauce + salt + vanilla extract,11,4.4455,4.6,91.73,3,0.2727,4.5442,0.1821,-0.0987,0.0906
baking powder + light brown sugar + salt,11,4.4455,4.5,179.0,3,0.2727,4.5442,0.1821,-0.0987,0.0906
all-purpose flour + baking powder + molasse,11,4.4545,4.5,119.73,3,0.2727,4.5442,0.1821,-0.0897,0.0906
all-purpose flour + plain yogurt + white sugar,11,4.4545,4.6,157.55,3,0.2727,4.5442,0.1821,-0.0897,0.0906
baking powder + light brown sugar + white sugar,11,4.4545,4.5,189.91,3,0.2727,4.5442,0.1821,-0.0897,0.0906
egg + milk + raisin,11,4.4545,4.6,145.55,3,0.2727,4.5442,0.1821,-0.0897,0.0906
garlic + green onion + lemon juice,11,4.4545,4.5,280.27,3,0.2727,4.5442,0.1821,-0.0897,0.0906
lean beef + onion + vegetable oil,11,4.4545,4.6,435.09,3,0.2727,4.5442,0.1821,-0.0897,0.0906
all-purpose flour + egg + olive oil,22,4.4591,4.5,401.77,6,0.2727,4.5442,0.1821,-0.0851,0.0906
baking powder + canola oil + vanilla extract,11,4.4636,4.6,134.73,3,0.2727,4.5442,0.1821,-0.0806,0.0906
baking powder + large egg + lemon juice,11,4.4636,4.6,67.55,3,0.2727,4.5442,0.1821,-0.0806,0.0906
baking soda + butter + peanut butter,11,4.4636,4.6,1134.45,3,0.2727,4.5442,0.1821,-0.0806,0.0906
brown sugar + cooking spray + white sugar,11,4.4636,4.5,71.45,3,0.2727,4.5442,0.1821,-0.0806,0.0906
cayenne pepper + egg + milk,11,4.4636,4.6,156.55,3,0.2727,4.5442,0.1821,-0.0806,0.0906
celery + garlic + vegetable oil,11,4.4636,4.4,113.0,3,0.2727,4.5442,0.1821,-0.0806,0.0906
peanut butter + semisweet chocolate chip + white sugar,11,4.4636,4.5,400.27,3,0.2727,4.5442,0.1821,-0.0806,0.0906
all-purpose flour + semisweet chocolate chip + unsalted butter,11,4.4727,4.5,1344.91,3,0.2727,4.5442,0.1821,-0.0715,0.0906
baking powder + salt + sifted all-purpose flour,11,4.4727,4.5,596.55,3,0.2727,4.5442,0.1821,-0.0715,0.0906
butter + garlic + thyme,11,4.4727,4.6,232.27,3,0.2727,4.5442,0.1821,-0.0715,0.0906
carrot + green bell pepper + water,11,4.4727,4.5,109.18,3,0.2727,4.5442,0.1821,-0.0715,0.0906
carrot + olive oil + parsley,11,4.4727,4.5,153.0,3,0.2727,4.5442,0.1821,-0.0715,0.0906
egg yolk + unsalted butter + white sugar,11,4.4727,4.6,1223.09,3,0.2727,4.5442,0.1821,-0.0715,0.0906
garam masala + garlic + water,11,4.4727,4.5,264.09,3,0.2727,4.5442,0.1821,-0.0715,0.0906
baking powder + egg + margarine,22,4.4818,4.6,490.91,6,0.2727,4.5442,0.1821,-0.0624,0.0906
black pepper + lemon juice + onion,22,4.4818,4.5,396.18,6,0.2727,4.5442,0.1821,-0.0624,0.0906
all-purpose flour + baking soda + egg white,11,4.4818,4.5,201.27,3,0.2727,4.5442,0.1821,-0.0624,0.0906
all-purpose flour + butter + eggs separated,11,4.4818,4.6,68.91,3,0.2727,4.5442,0.1821,-0.0624,0.0906
all-purpose flour + butter + half-and-half cream,11,4.4818,4.7,421.36,3,0.2727,4.5442,0.1821,-0.0624,0.0906
bay leave + black pepper + water,11,4.4818,4.5,136.09,3,0.2727,4.5442,0.1821,-0.0624,0.0906
black pepper + chive + salt,11,4.4818,4.6,188.09,3,0.2727,4.5442,0.1821,-0.0624,0.0906
butter + nutmeg + pecan,11,4.4818,4.5,73.64,3,0.2727,4.5442,0.1821,-0.0624,0.0906
cayenne pepper + medium onion + salt,11,4.4818,4.6,216.91,3,0.2727,4.5442,0.1821,-0.0624,0.0906
all-purpose flour + baking soda + molasse,22,4.4864,4.55,500.73,6,0.2727,4.5442,0.1821,-0.0578,0.0906
carrot + onion + salt and pepper,22,4.4864,4.6,521.91,6,0.2727,4.5442,0.1821,-0.0578,0.0906
baking powder + margarine + white sugar,33,4.4909,4.6,526.85,9,0.2727,4.5442,0.1821,-0.0533,0.0906
all-purpose flour + cinnamon + unsweetened cocoa powder,11,4.4909,4.6,227.09,3,0.2727,4.5442,0.1821,-0.0533,0.0906
black pepper + celery + parsley,11,4.4909,4.6,158.91,3,0.2727,4.5442,0.1821,-0.0533,0.0906
black pepper + large egg + water,11,4.4909,4.5,249.27,3,0.2727,4.5442,0.1821,-0.0533,0.0906
butter + confectioners' sugar + lemon juice,11,4.4909,4.6,347.09,3,0.2727,4.5442,0.1821,-0.0533,0.0906
egg + vanilla extract + whole milk,11,4.4909,4.6,213.64,3,0.2727,4.5442,0.1821,-0.0533,0.0906
all-purpose flour + carrot + parsley,11,4.5,4.5,166.09,3,0.2727,4.5442,0.1821,-0.0442,0.0906
all-purpose flour + egg lightly + salt,11,4.5,4.7,1726.27,3,0.2727,4.5442,0.1821,-0.0442,0.0906
all-purpose flour + eggs separated + salt,11,4.5,4.6,121.27,3,0.2727,4.5442,0.1821,-0.0442,0.0906
all-purpose flour + lemon extract + salt,11,4.5,4.6,207.09,3,0.2727,4.5442,0.1821,-0.0442,0.0906
baking powder + shortening + water,11,4.5,4.6,181.27,3,0.2727,4.5442,0.1821,-0.0442,0.0906
black pepper + sesame seed + white sugar,11,4.5,4.5,226.0,3,0.2727,4.5442,0.1821,-0.0442,0.0906
butter + mozzarella cheese + olive oil,11,4.5,4.5,116.55,3,0.2727,4.5442,0.1821,-0.0442,0.0906
cayenne pepper + vegetable oil + water,11,4.5,4.6,126.55,3,0.2727,4.5442,0.1821,-0.0442,0.0906
carrot + onion + parsley,22,4.5045,4.55,192.82,6,0.2727,4.5442,0.1821,-0.0397,0.0906
confectioners' sugar + unsweetened cocoa powder + white sugar,22,4.5091,4.65,1197.41,6,0.2727,4.5442,0.1821,-0.0351,0.0906
all-purpose flour + mushroom + olive oil,11,4.5091,4.5,193.36,3,0.2727,4.5442,0.1821,-0.0351,0.0906
all-purpose flour + warm milk + white sugar,11,4.5091,4.7,436.27,3,0.2727,4.5442,0.1821,-0.0351,0.0906
black pepper + butter + nutmeg,11,4.5091,4.6,162.91,3,0.2727,4.5442,0.1821,-0.0351,0.0906
black pepper + white sugar + white vinegar,11,4.5091,4.6,213.64,3,0.2727,4.5442,0.1821,-0.0351,0.0906
brown sugar + vegetable oil + water,11,4.5091,4.6,691.64,3,0.2727,4.5442,0.1821,-0.0351,0.0906
butter + sifted all-purpose flour + vanilla extract,11,4.5091,4.6,333.64,3,0.2727,4.5442,0.1821,-0.0351,0.0906
cayenne pepper + olive oil + parsley,11,4.5091,4.5,247.91,3,0.2727,4.5442,0.1821,-0.0351,0.0906
clove + egg + molasse,11,4.5091,4.6,203.45,3,0.2727,4.5442,0.1821,-0.0351,0.0906
egg + milk + sour cream,11,4.5091,4.6,953.18,3,0.2727,4.5442,0.1821,-0.0351,0.0906
freshly black pepper + milk + salt,11,4.5091,4.7,74.82,3,0.2727,4.5442,0.1821,-0.0351,0.0906
garlic + ginger root + salt,22,4.5182,4.6,473.86,6,0.2727,4.5442,0.1821,-0.026,0.0906
all-purpose flour + confectioners' sugar + lemon zest,11,4.5182,4.6,234.91,3,0.2727,4.5442,0.1821,-0.026,0.0906
all-purpose flour + evaporated milk + white sugar,11,4.5182,4.5,97.64,3,0.2727,4.5442,0.1821,-0.026,0.0906
beef + black pepper + parsley,11,4.5182,4.5,367.36,3,0.2727,4.5442,0.1821,-0.026,0.0906
chicken broth + onion + salt and pepper,11,4.5182,4.6,350.45,3,0.2727,4.5442,0.1821,-0.026,0.0906
cornstarch + salt and black pepper + water,11,4.5182,4.6,263.45,3,0.2727,4.5442,0.1821,-0.026,0.0906
dry mustard + ketchup + salt,11,4.5182,4.6,424.45,3,0.2727,4.5442,0.1821,-0.026,0.0906
salt + vegetable oil for frying + white sugar,22,4.5273,4.65,298.91,6,0.2727,4.5442,0.1821,-0.0169,0.0906
.25 ounce package active dry yeast + butter + white sugar,11,4.5273,4.6,374.27,3,0.2727,4.5442,0.1821,-0.0169,0.0906
all-purpose flour + butter + warm water 110 degrees f/45 degrees c,11,4.5273,4.6,301.09,3,0.2727,4.5442,0.1821,-0.0169,0.0906
all-purpose flour + white chocolate chip + white sugar,11,4.5273,4.6,453.64,3,0.2727,4.5442,0.1821,-0.0169,0.0906
baking soda + brown sugar + clove,11,4.5273,4.6,106.82,3,0.2727,4.5442,0.1821,-0.0169,0.0906
baking soda + brown sugar + rolled oat,11,4.5273,4.6,193.55,3,0.2727,4.5442,0.1821,-0.0169,0.0906
celery + garlic + salt and pepper,11,4.5273,4.6,484.64,3,0.2727,4.5442,0.1821,-0.0169,0.0906
dried thyme + green bell pepper + vegetable oil,11,4.5273,4.6,75.64,3,0.2727,4.5442,0.1821,-0.0169,0.0906
honey + vanilla extract + vegetable oil,11,4.5273,4.6,271.45,3,0.2727,4.5442,0.1821,-0.0169,0.0906
all-purpose flour + egg white + milk,11,4.5364,4.7,167.18,3,0.2727,4.5442,0.1821,-0.0078,0.0906
black pepper + sesame seed + soy sauce,11,4.5364,4.7,208.0,3,0.2727,4.5442,0.1821,-0.0078,0.0906
butter + confectioners' sugar + lemon zest,11,4.5364,4.7,214.36,3,0.2727,4.5442,0.1821,-0.0078,0.0906
butter + egg + garlic powder,11,4.5364,4.6,297.27,3,0.2727,4.5442,0.1821,-0.0078,0.0906
milk + salt + worcestershire sauce,11,4.5364,4.4,519.36,3,0.2727,4.5442,0.1821,-0.0078,0.0906
olive oil + salt and black pepper + worcestershire sauce,11,4.5364,4.5,365.27,3,0.2727,4.5442,0.1821,-0.0078,0.0906
rolled oat + salt + vegetable oil,11,4.5364,4.6,419.0,3,0.2727,4.5442,0.1821,-0.0078,0.0906
egg + salt + worcestershire sauce,22,4.5455,4.6,542.82,6,0.2727,4.5442,0.1821,0.0013,0.0906
active dry yeast + large egg + salt,11,4.5455,4.6,63.18,3,0.2727,4.5442,0.1821,0.0013,0.0906
active dry yeast + large egg + white sugar,11,4.5455,4.6,63.18,3,0.2727,4.5442,0.1821,0.0013,0.0906
black pepper + cumin + medium onion,11,4.5455,4.7,509.55,3,0.2727,4.5442,0.1821,0.0013,0.0906
chicken broth + garlic + soy sauce,11,4.5455,4.5,334.73,3,0.2727,4.5442,0.1821,0.0013,0.0906
cumin + garlic + red onion,11,4.5455,4.6,43.73,3,0.2727,4.5442,0.1821,0.0013,0.0906
large egg + salt + vegetable oil for frying,11,4.5455,4.6,178.45,3,0.2727,4.5442,0.1821,0.0013,0.0906
baking powder + packed light brown sugar + salt,11,4.5545,4.6,272.91,3,0.2727,4.5442,0.1821,0.0103,0.0906
brown sugar + butter + large egg,11,4.5545,4.6,162.91,3,0.2727,4.5442,0.1821,0.0103,0.0906
all-purpose flour + garlic powder + large egg,11,4.5727,4.6,143.36,3,0.2727,4.5442,0.1821,0.0285,0.0906
cinnamon + light brown sugar + white sugar,11,4.5727,4.7,110.18,3,0.2727,4.5442,0.1821,0.0285,0.0906
all-purpose flour + raspberry + white sugar,11,4.5818,4.6,250.55,3,0.2727,4.5442,0.1821,0.0376,0.0906
brown sugar + butter + cooking spray,11,4.5818,4.6,64.73,3,0.2727,4.5442,0.1821,0.0376,0.0906
freshly black pepper + garlic + red pepper flake,11,4.6182,4.7,302.0,3,0.2727,4.5442,0.1821,0.074,0.0906
cooking spray + salt + water,11,4.6273,4.8,303.36,3,0.2727,4.5442,0.1821,0.0831,0.0906
onion + vegetable oil + water,48,4.4667,4.5,394.21,13,0.2708,4.5442,0.1821,-0.0775,0.0887
cinnamon + milk + nutmeg,48,4.4771,4.5,328.12,13,0.2708,4.5442,0.1821,-0.0671,0.0887
baking powder + lemon juice + salt,37,4.5135,4.6,230.27,10,0.2703,4.5442,0.1821,-0.0307,0.0882
onion + salt + worcestershire sauce,63,4.5381,4.6,330.48,17,0.2698,4.5442,0.1821,-0.0061,0.0877
cinnamon + salt + water,89,4.5124,4.6,474.39,24,0.2697,4.5442,0.1821,-0.0318,0.0876
egg + peanut butter + white sugar,26,4.4346,4.5,662.73,7,0.2692,4.5442,0.1821,-0.1096,0.0871
egg yolk + milk + white sugar,26,4.4423,4.5,210.19,7,0.2692,4.5442,0.1821,-0.1019,0.0871
salt + shortening + vanilla extract,52,4.4577,4.55,412.83,14,0.2692,4.5442,0.1821,-0.0865,0.0871
baking powder + egg + water,26,4.4577,4.5,209.42,7,0.2692,4.5442,0.1821,-0.0865,0.0871
butter + semisweet chocolate chip + vanilla extract,52,4.4865,4.6,1323.4,14,0.2692,4.5442,0.1821,-0.0577,0.0871
butter + egg + lemon zest,26,4.4885,4.5,144.92,7,0.2692,4.5442,0.1821,-0.0557,0.0871
milk + nutmeg + white sugar,52,4.5,4.6,313.73,14,0.2692,4.5442,0.1821,-0.0442,0.0871
black pepper + nutmeg + salt,26,4.5192,4.55,134.85,7,0.2692,4.5442,0.1821,-0.025,0.0871
all-purpose flour + margarine + vanilla extract,41,4.4512,4.5,453.27,11,0.2683,4.5442,0.1821,-0.093,0.0862
all-purpose flour + confectioners' sugar + egg,82,4.4768,4.5,549.06,22,0.2683,4.5442,0.1821,-0.0674,0.0862
confectioners' sugar + egg + white sugar,82,4.4939,4.5,545.82,22,0.2683,4.5442,0.1821,-0.0503,0.0862
egg + lemon juice + salt,41,4.5171,4.6,208.71,11,0.2683,4.5442,0.1821,-0.0271,0.0862
garlic + onion + vegetable broth,15,4.4,4.5,553.93,4,0.2667,4.5442,0.1821,-0.1442,0.0846
light corn syrup + pecan + vanilla extract,15,4.4133,4.6,195.27,4,0.2667,4.5442,0.1821,-0.1309,0.0846
all-purpose flour + unsweetened cocoa powder + water,15,4.42,4.5,460.67,4,0.2667,4.5442,0.1821,-0.1242,0.0846
milk + salt + semisweet chocolate chip,15,4.42,4.6,447.2,4,0.2667,4.5442,0.1821,-0.1242,0.0846
olive oil + onion + stalks celery,15,4.42,4.6,386.27,4,0.2667,4.5442,0.1821,-0.1242,0.0846
all-purpose flour + beef + salt,15,4.4267,4.5,537.07,4,0.2667,4.5442,0.1821,-0.1175,0.0846
butter + parsley + salt and pepper,15,4.4267,4.5,160.47,4,0.2667,4.5442,0.1821,-0.1175,0.0846
baking powder + cornstarch + vanilla extract,15,4.4333,4.5,125.47,4,0.2667,4.5442,0.1821,-0.1109,0.0846
baking powder + cooking spray + large egg,15,4.4467,4.6,380.13,4,0.2667,4.5442,0.1821,-0.0975,0.0846
garlic + parmesan cheese + salt and pepper,15,4.4467,4.4,269.53,4,0.2667,4.5442,0.1821,-0.0975,0.0846
garlic + salt and black pepper + small onion,15,4.4533,4.4,149.67,4,0.2667,4.5442,0.1821,-0.0909,0.0846
baking powder + cinnamon + pumpkin puree,15,4.46,4.5,338.73,4,0.2667,4.5442,0.1821,-0.0842,0.0846
all-purpose flour + garlic powder + paprika,15,4.4667,4.4,459.6,4,0.2667,4.5442,0.1821,-0.0775,0.0846
baking powder + lemon juice + vanilla extract,15,4.4667,4.6,98.73,4,0.2667,4.5442,0.1821,-0.0775,0.0846
black pepper + carrot + parsley,15,4.4667,4.4,164.07,4,0.2667,4.5442,0.1821,-0.0775,0.0846
carrot + vegetable oil + water,15,4.4667,4.5,141.73,4,0.2667,4.5442,0.1821,-0.0775,0.0846
all-purpose flour + buttermilk + egg,45,4.4733,4.5,311.31,12,0.2667,4.5442,0.1821,-0.0709,0.0846
all-purpose flour + nutmeg + pumpkin puree,15,4.4733,4.5,125.07,4,0.2667,4.5442,0.1821,-0.0709,0.0846
all-purpose flour + boiling water + vanilla extract,15,4.48,4.6,669.6,4,0.2667,4.5442,0.1821,-0.0642,0.0846
ginger + nutmeg + pumpkin puree,15,4.48,4.6,122.6,4,0.2667,4.5442,0.1821,-0.0642,0.0846
all-purpose flour + salt + vegetable oil for frying,30,4.4833,4.5,226.13,8,0.2667,4.5442,0.1821,-0.0609,0.0846
.25 ounce package active dry yeast + warm water 110 degrees f/45 degrees c + white sugar,15,4.4867,4.5,821.8,4,0.2667,4.5442,0.1821,-0.0575,0.0846
cinnamon + clove + pumpkin puree,15,4.4867,4.5,129.0,4,0.2667,4.5442,0.1821,-0.0575,0.0846
cornstarch + large egg + salt,15,4.4867,4.5,318.53,4,0.2667,4.5442,0.1821,-0.0575,0.0846
freshly parmesan cheese + garlic + olive oil,15,4.4867,4.5,202.93,4,0.2667,4.5442,0.1821,-0.0575,0.0846
brown sugar + salt + soy sauce,15,4.4933,4.4,458.93,4,0.2667,4.5442,0.1821,-0.0509,0.0846
egg + nutmeg + pumpkin puree,15,4.4933,4.5,104.07,4,0.2667,4.5442,0.1821,-0.0509,0.0846
brown sugar + egg + milk,45,4.4978,4.5,509.33,12,0.2667,4.5442,0.1821,-0.0464,0.0846
brown sugar + water + worcestershire sauce,15,4.5,4.5,603.6,4,0.2667,4.5442,0.1821,-0.0442,0.0846
butter + egg + olive oil,15,4.5,4.6,146.0,4,0.2667,4.5442,0.1821,-0.0442,0.0846
salt + unsalted butter + water,15,4.5,4.6,557.8,4,0.2667,4.5442,0.1821,-0.0442,0.0846
brown sugar + cooking spray + salt,15,4.5067,4.6,281.4,4,0.2667,4.5442,0.1821,-0.0375,0.0846
butter + honey + white sugar,15,4.5067,4.6,1314.67,4,0.2667,4.5442,0.1821,-0.0375,0.0846
butter + salt + warm water 110 degrees f/45 degrees c,15,4.5067,4.6,480.87,4,0.2667,4.5442,0.1821,-0.0375,0.0846
cinnamon + egg + molasse,15,4.5067,4.6,180.4,4,0.2667,4.5442,0.1821,-0.0375,0.0846
lemon zest + salt + vanilla extract,15,4.5067,4.6,202.67,4,0.2667,4.5442,0.1821,-0.0375,0.0846
salt + turmeric + water,15,4.5067,4.5,172.67,4,0.2667,4.5442,0.1821,-0.0375,0.0846
butter + eggs separated + white sugar,15,4.5133,4.6,101.53,4,0.2667,4.5442,0.1821,-0.0309,0.0846
cilantro + garlic + ginger root,15,4.5133,4.6,330.33,4,0.2667,4.5442,0.1821,-0.0309,0.0846
mozzarella cheese + parmesan cheese + ricotta cheese,15,4.5133,4.5,1858.33,4,0.2667,4.5442,0.1821,-0.0309,0.0846
black pepper + egg + olive oil,30,4.52,4.6,387.33,8,0.2667,4.5442,0.1821,-0.0242,0.0846
cheddar cheese + garlic + salt,15,4.52,4.6,413.4,4,0.2667,4.5442,0.1821,-0.0242,0.0846
dried basil + garlic + vegetable oil,15,4.52,4.6,270.73,4,0.2667,4.5442,0.1821,-0.0242,0.0846
all-purpose flour + parsley + water,15,4.5267,4.6,269.4,4,0.2667,4.5442,0.1821,-0.0175,0.0846
butter + cheddar cheese + onion,30,4.53,4.6,443.07,8,0.2667,4.5442,0.1821,-0.0142,0.0846
all-purpose flour + packed brown sugar + unsalted butter,30,4.5333,4.55,1432.4,8,0.2667,4.5442,0.1821,-0.0109,0.0846
brown sugar + soy sauce + worcestershire sauce,15,4.5333,4.6,397.67,4,0.2667,4.5442,0.1821,-0.0109,0.0846
onion + salt and black pepper + vegetable oil,15,4.5333,4.6,572.6,4,0.2667,4.5442,0.1821,-0.0109,0.0846
flaked coconut + salt + white sugar,30,4.5433,4.65,301.2,8,0.2667,4.5442,0.1821,-0.0009,0.0846
garlic + red pepper flake + salt and black pepper,15,4.5533,4.6,166.13,4,0.2667,4.5442,0.1821,0.0091,0.0846
garlic powder + paprika + vegetable oil,15,4.5533,4.7,255.07,4,0.2667,4.5442,0.1821,0.0091,0.0846
milk + onion + salt and black pepper,15,4.5667,4.7,133.0,4,0.2667,4.5442,0.1821,0.0225,0.0846
all-purpose flour + large egg + pecan,15,4.6067,4.8,253.07,4,0.2667,4.5442,0.1821,0.0625,0.0846
all-purpose flour + cream of tartar + salt,34,4.5088,4.6,519.0,9,0.2647,4.5442,0.1821,-0.0354,0.0826
black pepper + chicken broth + garlic,34,4.5118,4.6,310.71,9,0.2647,4.5442,0.1821,-0.0324,0.0826
egg + milk + white sugar,208,4.4553,4.5,593.23,55,0.2644,4.5442,0.1821,-0.0889,0.0823
brown sugar + unsalted butter + vanilla extract,19,4.4474,4.6,299.11,5,0.2632,4.5442,0.1821,-0.0968,0.0811
all-purpose flour + cinnamon + egg white,19,4.4526,4.6,180.11,5,0.2632,4.5442,0.1821,-0.0916,0.0811
egg + lemon juice + lemon zest,19,4.4684,4.5,186.37,5,0.2632,4.5442,0.1821,-0.0758,0.0811
all-purpose flour + raisin + water,19,4.4737,4.5,221.95,5,0.2632,4.5442,0.1821,-0.0705,0.0811
baking powder + milk + packed brown sugar,19,4.4737,4.5,310.16,5,0.2632,4.5442,0.1821,-0.0705,0.0811
garlic + onion + sour cream,19,4.4737,4.6,575.21,5,0.2632,4.5442,0.1821,-0.0705,0.0811
lemon juice + vegetable oil + white sugar,19,4.4737,4.6,199.26,5,0.2632,4.5442,0.1821,-0.0705,0.0811
baking powder + butter + semisweet chocolate chip,19,4.4789,4.5,453.42,5,0.2632,4.5442,0.1821,-0.0653,0.0811
black pepper + garlic + mushroom,19,4.4789,4.5,158.0,5,0.2632,4.5442,0.1821,-0.0653,0.0811
basil + garlic + onion,19,4.4842,4.5,580.47,5,0.2632,4.5442,0.1821,-0.06,0.0811
almond extract + baking powder + vanilla extract,19,4.4895,4.5,226.53,5,0.2632,4.5442,0.1821,-0.0547,0.0811
egg white + salt + vanilla extract,38,4.4921,4.6,126.37,10,0.2632,4.5442,0.1821,-0.0521,0.0811
cornstarch + garlic + olive oil,19,4.4947,4.5,264.47,5,0.2632,4.5442,0.1821,-0.0495,0.0811
butter + milk + nutmeg,38,4.4974,4.6,418.84,10,0.2632,4.5442,0.1821,-0.0468,0.0811
baking powder + butter + sour cream,19,4.5053,4.6,426.0,5,0.2632,4.5442,0.1821,-0.0389,0.0811
confectioners' sugar + milk + unsweetened cocoa powder,19,4.5053,4.6,549.58,5,0.2632,4.5442,0.1821,-0.0389,0.0811
all-purpose flour + baking powder + flaked coconut,19,4.5105,4.6,191.11,5,0.2632,4.5442,0.1821,-0.0337,0.0811
all-purpose flour + salt and black pepper + water,19,4.5105,4.6,187.11,5,0.2632,4.5442,0.1821,-0.0337,0.0811
baking powder + flaked coconut + white sugar,19,4.5105,4.6,191.11,5,0.2632,4.5442,0.1821,-0.0337,0.0811
confectioners' sugar + lemon juice + white sugar,19,4.5158,4.6,332.74,5,0.2632,4.5442,0.1821,-0.0284,0.0811
onion + vegetable oil + white sugar,19,4.5158,4.5,539.68,5,0.2632,4.5442,0.1821,-0.0284,0.0811
almond extract + baking powder + egg,19,4.5211,4.6,147.68,5,0.2632,4.5442,0.1821,-0.0231,0.0811
all-purpose flour + margarine + milk,19,4.5316,4.6,631.84,5,0.2632,4.5442,0.1821,-0.0126,0.0811
salt + strawberry + white sugar,19,4.5421,4.6,157.84,5,0.2632,4.5442,0.1821,-0.0021,0.0811
baking powder + baking soda + milk,61,4.5131,4.6,900.07,16,0.2623,4.5442,0.1821,-0.0311,0.0802
all-purpose flour + unsalted butter + vanilla extract,84,4.4869,4.6,414.36,22,0.2619,4.5442,0.1821,-0.0573,0.0798
vanilla extract + white sugar + whole milk,23,4.4304,4.6,194.87,6,0.2609,4.5442,0.1821,-0.1138,0.0788
raisin + salt + water,23,4.4565,4.5,203.13,6,0.2609,4.5442,0.1821,-0.0877,0.0788
all-purpose flour + vanilla extract + water,69,4.4594,4.5,380.41,18,0.2609,4.5442,0.1821,-0.0848,0.0788
baking soda + egg + margarine,23,4.4739,4.6,578.0,6,0.2609,4.5442,0.1821,-0.0703,0.0788
lemon juice + salt + white sugar,92,4.4978,4.6,232.04,24,0.2609,4.5442,0.1821,-0.0464,0.0788
all-purpose flour + garlic powder + onion powder,23,4.5,4.6,311.13,6,0.2609,4.5442,0.1821,-0.0442,0.0788
brown sugar + egg + nutmeg,23,4.5043,4.6,135.04,6,0.2609,4.5442,0.1821,-0.0399,0.0788
brown sugar + onion + worcestershire sauce,23,4.5043,4.5,371.48,6,0.2609,4.5442,0.1821,-0.0399,0.0788
black pepper + coriander + cumin,23,4.5087,4.6,133.65,6,0.2609,4.5442,0.1821,-0.0355,0.0788
cinnamon + egg white + white sugar,23,4.513,4.6,227.3,6,0.2609,4.5442,0.1821,-0.0312,0.0788
black pepper + lemon juice + water,23,4.5304,4.6,137.3,6,0.2609,4.5442,0.1821,-0.0138,0.0788
cinnamon + margarine + salt,23,4.5304,4.6,1012.65,6,0.2609,4.5442,0.1821,-0.0138,0.0788
baking powder + butter + lemon zest,23,4.5348,4.6,98.35,6,0.2609,4.5442,0.1821,-0.0094,0.0788
baking powder + egg + semisweet chocolate chip,23,4.5348,4.6,248.91,6,0.2609,4.5442,0.1821,-0.0094,0.0788
black pepper + egg + worcestershire sauce,23,4.5391,4.6,699.39,6,0.2609,4.5442,0.1821,-0.0051,0.0788
garlic + red pepper flake + water,23,4.5478,4.7,420.0,6,0.2609,4.5442,0.1821,0.0036,0.0788
all-purpose flour + egg + milk,211,4.4621,4.5,603.35,55,0.2607,4.5442,0.1821,-0.0821,0.0786
baking powder + baking soda + brown sugar,50,4.504,4.6,257.22,13,0.26,4.5442,0.1821,-0.0402,0.0779
egg + packed brown sugar + vanilla extract,77,4.4714,4.5,869.45,20,0.2597,4.5442,0.1821,-0.0728,0.0776
evaporated milk + vanilla extract + white sugar,27,4.4704,4.5,240.19,7,0.2593,4.5442,0.1821,-0.0738,0.0772
all-purpose flour + packed brown sugar + semisweet chocolate chip,27,4.4778,4.6,2044.63,7,0.2593,4.5442,0.1821,-0.0664,0.0772
all-purpose flour + pumpkin puree + salt,27,4.4778,4.5,244.07,7,0.2593,4.5442,0.1821,-0.0664,0.0772
all-purpose flour + black pepper + parsley,27,4.4815,4.6,324.89,7,0.2593,4.5442,0.1821,-0.0627,0.0772
garlic + lemon juice + water,27,4.4963,4.6,249.48,7,0.2593,4.5442,0.1821,-0.0479,0.0772
baking powder + butter + water,27,4.5074,4.6,422.78,7,0.2593,4.5442,0.1821,-0.0368,0.0772
ketchup + onion + salt,27,4.5074,4.6,322.26,7,0.2593,4.5442,0.1821,-0.0368,0.0772
black pepper + brown sugar + onion,27,4.5148,4.6,413.52,7,0.2593,4.5442,0.1821,-0.0294,0.0772
cayenne pepper + garlic + green bell pepper,27,4.5148,4.6,188.74,7,0.2593,4.5442,0.1821,-0.0294,0.0772
flaked coconut + salt + vanilla extract,27,4.5667,4.7,358.22,7,0.2593,4.5442,0.1821,0.0225,0.0772
butter + onion + salt and pepper,31,4.4484,4.5,284.74,8,0.2581,4.5442,0.1821,-0.0958,0.076
baking powder + buttermilk + egg,31,4.4548,4.5,371.48,8,0.2581,4.5442,0.1821,-0.0894,0.076
beef + onion + water,35,4.4514,4.5,266.29,9,0.2571,4.5442,0.1821,-0.0928,0.075
all-purpose flour + egg white + white sugar,35,4.4886,4.6,215.37,9,0.2571,4.5442,0.1821,-0.0556,0.075
all-purpose flour + baking powder + cooking spray,35,4.4971,4.6,756.89,9,0.2571,4.5442,0.1821,-0.0471,0.075
lemon zest + salt + white sugar,35,4.5229,4.6,152.86,9,0.2571,4.5442,0.1821,-0.0213,0.075
butter + milk + white sugar,257,4.4825,4.6,519.45,66,0.2568,4.5442,0.1821,-0.0617,0.0747
salt + unsweetened cocoa powder + vanilla extract,78,4.4885,4.6,799.01,20,0.2564,4.5442,0.1821,-0.0557,0.0743
baking soda + confectioners' sugar + egg,39,4.4923,4.6,523.77,10,0.2564,4.5442,0.1821,-0.0519,0.0743
butter + lemon zest + white sugar,39,4.5026,4.5,147.31,10,0.2564,4.5442,0.1821,-0.0416,0.0743
baking powder + egg + packed brown sugar,43,4.4628,4.5,197.49,11,0.2558,4.5442,0.1821,-0.0814,0.0737
coriander + cumin + garlic,43,4.5558,4.6,180.26,11,0.2558,4.5442,0.1821,0.0116,0.0737
baking powder + egg + milk,133,4.4857,4.5,675.88,34,0.2556,4.5442,0.1821,-0.0585,0.0735
all-purpose flour + egg yolk + salt,47,4.4957,4.6,562.06,12,0.2553,4.5442,0.1821,-0.0485,0.0732
garlic + salt + water,141,4.5028,4.5,295.38,36,0.2553,4.5442,0.1821,-0.0414,0.0732
baking powder + milk + salt,239,4.4921,4.5,530.66,61,0.2552,4.5442,0.1821,-0.0521,0.0731
garlic + vegetable oil + water,63,4.4762,4.5,318.95,16,0.254,4.5442,0.1821,-0.068,0.0719
carrot + garlic + onion,71,4.5014,4.6,222.92,18,0.2535,4.5442,0.1821,-0.0428,0.0714
cinnamon + milk + white sugar,115,4.493,4.6,384.5,29,0.2522,4.5442,0.1821,-0.0512,0.0701
salt + vanilla extract + whole milk,12,4.3917,4.6,106.42,3,0.25,4.5442,0.1821,-0.1525,0.0679
baking powder + packed brown sugar + shortening,12,4.4167,4.5,147.17,3,0.25,4.5442,0.1821,-0.1275,0.0679
cheddar cheese + garlic powder + onion,12,4.4167,4.5,184.0,3,0.25,4.5442,0.1821,-0.1275,0.0679
margarine + unsweetened cocoa powder + vanilla extract,12,4.4167,4.5,816.0,3,0.25,4.5442,0.1821,-0.1275,0.0679
all-purpose flour + milk + semisweet chocolate chip,16,4.425,4.55,481.5,4,0.25,4.5442,0.1821,-0.1192,0.0679
baking powder + ginger + molasse,12,4.425,4.5,121.5,3,0.25,4.5442,0.1821,-0.1192,0.0679
onion + sesame oil + soy sauce,12,4.425,4.45,186.58,3,0.25,4.5442,0.1821,-0.1192,0.0679
cheddar cheese + milk + salt and pepper,16,4.4312,4.45,414.31,4,0.25,4.5442,0.1821,-0.113,0.0679
egg + shortening + water,16,4.4312,4.6,204.12,4,0.25,4.5442,0.1821,-0.113,0.0679
butter + peanut butter + white sugar,24,4.4375,4.6,679.0,6,0.25,4.5442,0.1821,-0.1067,0.0679
all-purpose flour + egg + salt and pepper,12,4.4417,4.5,309.58,3,0.25,4.5442,0.1821,-0.1025,0.0679
butter + cheddar cheese + salt and pepper,12,4.4417,4.45,663.08,3,0.25,4.5442,0.1821,-0.1025,0.0679
milk + pecan + vanilla extract,12,4.4417,4.45,492.08,3,0.25,4.5442,0.1821,-0.1025,0.0679
butter + carrot + garlic,16,4.4438,4.55,140.19,4,0.25,4.5442,0.1821,-0.1004,0.0679
light corn syrup + pecan + white sugar,16,4.4438,4.6,209.75,4,0.25,4.5442,0.1821,-0.1004,0.0679
brown sugar + confectioners' sugar + vanilla extract,12,4.45,4.55,420.33,3,0.25,4.5442,0.1821,-0.0942,0.0679
garlic + salt and pepper + tomato,12,4.45,4.45,351.5,3,0.25,4.5442,0.1821,-0.0942,0.0679
bay leave + onion + salt,20,4.455,4.5,134.5,5,0.25,4.5442,0.1821,-0.0892,0.0679
basil + black pepper + olive oil,16,4.4562,4.45,104.94,4,0.25,4.5442,0.1821,-0.088,0.0679
egg + egg yolk + white sugar,24,4.4583,4.5,674.25,6,0.25,4.5442,0.1821,-0.0859,0.0679
all-purpose flour + brown sugar + clove,12,4.4583,4.55,99.17,3,0.25,4.5442,0.1821,-0.0859,0.0679
baking powder + nutmeg + pumpkin puree,12,4.4583,4.55,134.0,3,0.25,4.5442,0.1821,-0.0859,0.0679
olive oil + sesame oil + soy sauce,12,4.4583,4.5,87.25,3,0.25,4.5442,0.1821,-0.0859,0.0679
onion + paprika + water,12,4.4583,4.5,511.75,3,0.25,4.5442,0.1821,-0.0859,0.0679
cake flour + vanilla extract + white sugar,20,4.46,4.6,153.25,5,0.25,4.5442,0.1821,-0.0842,0.0679
cinnamon + olive oil + salt,20,4.46,4.5,144.5,5,0.25,4.5442,0.1821,-0.0842,0.0679
baking soda + shortening + water,12,4.4667,4.5,181.0,3,0.25,4.5442,0.1821,-0.0775,0.0679
brown sugar + cinnamon + confectioners' sugar,12,4.4667,4.55,326.67,3,0.25,4.5442,0.1821,-0.0775,0.0679
all-purpose flour + parmesan cheese + salt,28,4.4679,4.55,522.86,7,0.25,4.5442,0.1821,-0.0763,0.0679
black pepper + green onion + water,16,4.4688,4.55,167.25,4,0.25,4.5442,0.1821,-0.0754,0.0679
butter + buttermilk + cinnamon,16,4.4688,4.5,206.12,4,0.25,4.5442,0.1821,-0.0754,0.0679
egg + ginger + molasse,16,4.4688,4.5,167.0,4,0.25,4.5442,0.1821,-0.0754,0.0679
egg + milk + parmesan cheese,16,4.4688,4.5,266.44,4,0.25,4.5442,0.1821,-0.0754,0.0679
cinnamon + salt + whole wheat flour,20,4.47,4.6,164.35,5,0.25,4.5442,0.1821,-0.0742,0.0679
all-purpose flour + olive oil + water,24,4.4708,4.5,218.92,6,0.25,4.5442,0.1821,-0.0734,0.0679
milk + nutmeg + vanilla extract,28,4.4714,4.55,464.36,7,0.25,4.5442,0.1821,-0.0728,0.0679
egg + margarine + vanilla extract,32,4.475,4.5,336.88,8,0.25,4.5442,0.1821,-0.0692,0.0679
egg + egg yolk + salt,24,4.475,4.5,724.04,6,0.25,4.5442,0.1821,-0.0692,0.0679
brown sugar + cornstarch + water,16,4.475,4.55,220.69,4,0.25,4.5442,0.1821,-0.0692,0.0679
butter + milk + parsley,16,4.475,4.5,336.19,4,0.25,4.5442,0.1821,-0.0692,0.0679
all-purpose flour + black pepper + cumin,12,4.475,4.55,117.25,3,0.25,4.5442,0.1821,-0.0692,0.0679
clove + nutmeg + pumpkin puree,12,4.475,4.5,131.92,3,0.25,4.5442,0.1821,-0.0692,0.0679
egg + garlic + soy sauce,12,4.475,4.5,175.0,3,0.25,4.5442,0.1821,-0.0692,0.0679
all-purpose flour + salt + whole wheat flour,36,4.4778,4.5,156.56,9,0.25,4.5442,0.1821,-0.0664,0.0679
salt + soy sauce + white sugar,20,4.48,4.5,253.25,5,0.25,4.5442,0.1821,-0.0642,0.0679
almond + vanilla extract + white sugar,16,4.4812,4.6,140.25,4,0.25,4.5442,0.1821,-0.063,0.0679
bay leave + salt + water,16,4.4812,4.5,184.12,4,0.25,4.5442,0.1821,-0.063,0.0679
canola oil + egg + white sugar,16,4.4812,4.55,205.19,4,0.25,4.5442,0.1821,-0.063,0.0679
egg yolk + vanilla extract + white sugar,56,4.4821,4.55,460.84,14,0.25,4.5442,0.1821,-0.0621,0.0679
14.5 ounce can tomatoe + black pepper + green bell pepper,12,4.4833,4.45,127.58,3,0.25,4.5442,0.1821,-0.0609,0.0679
cinnamon + egg + honey,12,4.4833,4.6,97.58,3,0.25,4.5442,0.1821,-0.0609,0.0679
egg + garlic + vegetable oil,12,4.4833,4.4,123.42,3,0.25,4.5442,0.1821,-0.0609,0.0679
garlic + green bell pepper + parmesan cheese,12,4.4833,4.55,288.75,3,0.25,4.5442,0.1821,-0.0609,0.0679
vanilla extract + walnut + water,12,4.4833,4.55,208.33,3,0.25,4.5442,0.1821,-0.0609,0.0679
all-purpose flour + black pepper + parmesan cheese,20,4.485,4.55,336.35,5,0.25,4.5442,0.1821,-0.0592,0.0679
baking soda + buttermilk + egg,40,4.4875,4.5,334.88,10,0.25,4.5442,0.1821,-0.0567,0.0679
all-purpose flour + peanut butter + vanilla extract,24,4.4875,4.5,725.04,6,0.25,4.5442,0.1821,-0.0567,0.0679
bay leave + garlic + salt,24,4.4875,4.55,304.21,6,0.25,4.5442,0.1821,-0.0567,0.0679
basil + olive oil + parmesan cheese,16,4.4875,4.5,609.12,4,0.25,4.5442,0.1821,-0.0567,0.0679
egg + lemon extract + white sugar,16,4.4875,4.55,83.25,4,0.25,4.5442,0.1821,-0.0567,0.0679
baking soda + ginger + molasse,20,4.49,4.55,545.0,5,0.25,4.5442,0.1821,-0.0542,0.0679
black pepper + milk + parmesan cheese,20,4.49,4.5,397.15,5,0.25,4.5442,0.1821,-0.0542,0.0679
all-purpose flour + baking soda + margarine,36,4.4917,4.6,889.53,9,0.25,4.5442,0.1821,-0.0525,0.0679
all-purpose flour + garlic + green bell pepper,24,4.4917,4.55,93.62,6,0.25,4.5442,0.1821,-0.0525,0.0679
semisweet chocolate chip + walnut + white sugar,24,4.4917,4.6,2032.12,6,0.25,4.5442,0.1821,-0.0525,0.0679
butter + packed brown sugar + peanut butter,12,4.4917,4.6,1075.17,3,0.25,4.5442,0.1821,-0.0525,0.0679
carrot + cumin + garlic,12,4.4917,4.45,154.67,3,0.25,4.5442,0.1821,-0.0525,0.0679
chocolate chip + egg + white sugar,12,4.4917,4.6,75.25,3,0.25,4.5442,0.1821,-0.0525,0.0679
egg + ketchup + onion,12,4.4917,4.6,920.25,3,0.25,4.5442,0.1821,-0.0525,0.0679
olive oil + salt + sour cream,12,4.4917,4.6,331.75,3,0.25,4.5442,0.1821,-0.0525,0.0679
salt + small onion + water,12,4.4917,4.5,413.67,3,0.25,4.5442,0.1821,-0.0525,0.0679
canola oil + egg + salt,20,4.495,4.5,191.55,5,0.25,4.5442,0.1821,-0.0492,0.0679
baking powder + baking soda + water,24,4.4958,4.6,596.38,6,0.25,4.5442,0.1821,-0.0484,0.0679
baking powder + cornstarch + salt,28,4.4964,4.65,416.79,7,0.25,4.5442,0.1821,-0.0478,0.0679
butter + raisin + vanilla extract,28,4.4964,4.6,483.82,7,0.25,4.5442,0.1821,-0.0478,0.0679
butter + egg + nutmeg,64,4.4969,4.5,214.92,16,0.25,4.5442,0.1821,-0.0473,0.0679
all-purpose flour + baking powder + semisweet chocolate chip,40,4.5,4.6,369.68,10,0.25,4.5442,0.1821,-0.0442,0.0679
butter + cheddar cheese + egg,24,4.5,4.6,310.5,6,0.25,4.5442,0.1821,-0.0442,0.0679
baking powder + butter + clove,16,4.5,4.6,414.06,4,0.25,4.5442,0.1821,-0.0442,0.0679
canola oil + cinnamon + white sugar,16,4.5,4.55,107.31,4,0.25,4.5442,0.1821,-0.0442,0.0679
all-purpose flour + baking powder + peanut butter,12,4.5,4.5,448.92,3,0.25,4.5442,0.1821,-0.0442,0.0679
all-purpose flour + boiling water + egg,12,4.5,4.55,588.83,3,0.25,4.5442,0.1821,-0.0442,0.0679
all-purpose flour + milk + peanut butter,12,4.5,4.6,745.42,3,0.25,4.5442,0.1821,-0.0442,0.0679
baking powder + peanut butter + salt,12,4.5,4.5,448.92,3,0.25,4.5442,0.1821,-0.0442,0.0679
baking soda + cinnamon + margarine,12,4.5,4.6,934.58,3,0.25,4.5442,0.1821,-0.0442,0.0679
confectioners' sugar + packed brown sugar + white sugar,12,4.5,4.5,259.17,3,0.25,4.5442,0.1821,-0.0442,0.0679
dried basil + dried parsley + onion,12,4.5,4.5,588.92,3,0.25,4.5442,0.1821,-0.0442,0.0679
garlic + parsley + vegetable oil,12,4.5,4.5,148.83,3,0.25,4.5442,0.1821,-0.0442,0.0679
garlic + small onion + water,12,4.5,4.6,82.0,3,0.25,4.5442,0.1821,-0.0442,0.0679
milk + pecan + salt,12,4.5,4.6,442.17,3,0.25,4.5442,0.1821,-0.0442,0.0679
milk + vanilla extract + water,28,4.5036,4.6,345.18,7,0.25,4.5442,0.1821,-0.0406,0.0679
beef + brown sugar + onion,20,4.505,4.6,665.95,5,0.25,4.5442,0.1821,-0.0392,0.0679
brown sugar + vanilla extract + water,20,4.505,4.55,191.8,5,0.25,4.5442,0.1821,-0.0392,0.0679
coriander + salt + water,16,4.5062,4.5,171.5,4,0.25,4.5442,0.1821,-0.038,0.0679
egg + packed brown sugar + semisweet chocolate chip,16,4.5062,4.55,3002.12,4,0.25,4.5442,0.1821,-0.038,0.0679
all-purpose flour + cumin + salt,24,4.5083,4.6,241.17,6,0.25,4.5442,0.1821,-0.0359,0.0679
.25 ounce package active dry yeast + butter + salt,12,4.5083,4.6,468.17,3,0.25,4.5442,0.1821,-0.0359,0.0679
brown sugar + milk + vegetable oil,12,4.5083,4.55,495.33,3,0.25,4.5442,0.1821,-0.0359,0.0679
butter + egg + green onion,12,4.5083,4.55,263.25,3,0.25,4.5442,0.1821,-0.0359,0.0679
cumin + onion + red bell pepper,12,4.5083,4.6,233.75,3,0.25,4.5442,0.1821,-0.0359,0.0679
garlic + onion + pepper,12,4.5083,4.55,459.5,3,0.25,4.5442,0.1821,-0.0359,0.0679
all-purpose flour + lemon juice + white sugar,88,4.5125,4.6,223.4,22,0.25,4.5442,0.1821,-0.0317,0.0679
almond + butter + vanilla extract,16,4.5125,4.6,117.5,4,0.25,4.5442,0.1821,-0.0317,0.0679
confectioners' sugar + unsweetened cocoa powder + vanilla extract,28,4.5143,4.65,1077.57,7,0.25,4.5442,0.1821,-0.0299,0.0679
black pepper + dried parsley + olive oil,12,4.5167,4.6,525.67,3,0.25,4.5442,0.1821,-0.0275,0.0679
brown sugar + cinnamon + lemon juice,12,4.5167,4.7,423.83,3,0.25,4.5442,0.1821,-0.0275,0.0679
butter + egg + light brown sugar,12,4.5167,4.55,262.75,3,0.25,4.5442,0.1821,-0.0275,0.0679
butter + eggs lightly + salt,12,4.5167,4.65,272.42,3,0.25,4.5442,0.1821,-0.0275,0.0679
milk + salt + sugar,12,4.5167,4.6,438.58,3,0.25,4.5442,0.1821,-0.0275,0.0679
allspice + baking soda + ginger,16,4.5188,4.6,452.19,4,0.25,4.5442,0.1821,-0.0254,0.0679
garlic + medium onion + water,16,4.5188,4.55,279.25,4,0.25,4.5442,0.1821,-0.0254,0.0679
garlic + turmeric + vegetable oil,16,4.5188,4.5,384.0,4,0.25,4.5442,0.1821,-0.0254,0.0679
margarine + salt + white sugar,60,4.52,4.6,858.68,15,0.25,4.5442,0.1821,-0.0242,0.0679
carrot + onion + vegetable oil,28,4.5214,4.6,293.5,7,0.25,4.5442,0.1821,-0.0228,0.0679
salt + unsweetened cocoa powder + vegetable oil,28,4.5214,4.7,948.86,7,0.25,4.5442,0.1821,-0.0228,0.0679
allspice + cinnamon + ginger,32,4.5219,4.6,283.91,8,0.25,4.5442,0.1821,-0.0223,0.0679
bay leaf + olive oil + onion,16,4.525,4.6,556.81,4,0.25,4.5442,0.1821,-0.0192,0.0679
beef + water + worcestershire sauce,16,4.525,4.6,603.75,4,0.25,4.5442,0.1821,-0.0192,0.0679
cayenne pepper + coriander + salt,16,4.525,4.6,309.94,4,0.25,4.5442,0.1821,-0.0192,0.0679
pumpkin puree + vanilla extract + white sugar,16,4.525,4.55,424.38,4,0.25,4.5442,0.1821,-0.0192,0.0679
buttermilk + confectioners' sugar + white sugar,12,4.525,4.6,233.17,3,0.25,4.5442,0.1821,-0.0192,0.0679
dried basil + salt + vegetable oil,12,4.525,4.6,264.67,3,0.25,4.5442,0.1821,-0.0192,0.0679
dried oregano + mozzarella cheese + onion,12,4.525,4.6,738.83,3,0.25,4.5442,0.1821,-0.0192,0.0679
egg + green bell pepper + onion,12,4.525,4.6,242.25,3,0.25,4.5442,0.1821,-0.0192,0.0679
egg + white sugar + whole milk,12,4.525,4.65,270.75,3,0.25,4.5442,0.1821,-0.0192,0.0679
large onion + salt + white sugar,12,4.525,4.6,564.33,3,0.25,4.5442,0.1821,-0.0192,0.0679
vanilla extract + white chocolate chip + white sugar,12,4.525,4.6,561.17,3,0.25,4.5442,0.1821,-0.0192,0.0679
black pepper + onion + worcestershire sauce,56,4.5286,4.6,266.38,14,0.25,4.5442,0.1821,-0.0156,0.0679
cooking spray + egg + vanilla extract,20,4.53,4.6,82.1,5,0.25,4.5442,0.1821,-0.0142,0.0679
all-purpose flour + clove + molasse,16,4.5312,4.6,663.88,4,0.25,4.5442,0.1821,-0.013,0.0679
baking powder + packed brown sugar + unsalted butter,16,4.5312,4.6,543.94,4,0.25,4.5442,0.1821,-0.013,0.0679
dried parsley + olive oil + onion,16,4.5312,4.6,514.56,4,0.25,4.5442,0.1821,-0.013,0.0679
egg + garlic powder + parmesan cheese,16,4.5312,4.6,452.62,4,0.25,4.5442,0.1821,-0.013,0.0679
all-purpose flour + milk + walnut,24,4.5333,4.65,483.92,6,0.25,4.5442,0.1821,-0.0109,0.0679
apple cider vinegar + black pepper + salt,12,4.5333,4.55,134.08,3,0.25,4.5442,0.1821,-0.0109,0.0679
baking powder + eggs separated + white sugar,12,4.5333,4.65,89.17,3,0.25,4.5442,0.1821,-0.0109,0.0679
cayenne pepper + green bell pepper + vegetable oil,12,4.5333,4.6,135.67,3,0.25,4.5442,0.1821,-0.0109,0.0679
garlic + parmesan cheese + white wine,12,4.5333,4.55,215.17,3,0.25,4.5442,0.1821,-0.0109,0.0679
lemon juice + walnut + white sugar,12,4.5333,4.6,275.58,3,0.25,4.5442,0.1821,-0.0109,0.0679
cinnamon + molasse + salt,20,4.535,4.6,540.15,5,0.25,4.5442,0.1821,-0.0092,0.0679
onion + salt + white vinegar,20,4.535,4.6,447.05,5,0.25,4.5442,0.1821,-0.0092,0.0679
garlic + onion + red pepper flake,32,4.5375,4.6,383.03,8,0.25,4.5442,0.1821,-0.0067,0.0679
salt + white sugar + white vinegar,32,4.5375,4.65,826.12,8,0.25,4.5442,0.1821,-0.0067,0.0679
all-purpose flour + baking powder + onion,16,4.5375,4.65,242.0,4,0.25,4.5442,0.1821,-0.0067,0.0679
brown sugar + ketchup + soy sauce,16,4.5375,4.6,509.5,4,0.25,4.5442,0.1821,-0.0067,0.0679
butter + milk + small onion,16,4.5375,4.6,395.75,4,0.25,4.5442,0.1821,-0.0067,0.0679
clove + ginger + molasse,16,4.5375,4.6,672.81,4,0.25,4.5442,0.1821,-0.0067,0.0679
ginger + rice vinegar + soy sauce,16,4.5375,4.65,227.69,4,0.25,4.5442,0.1821,-0.0067,0.0679
butter + lemon zest + salt,32,4.5406,4.6,168.44,8,0.25,4.5442,0.1821,-0.0036,0.0679
butter + light brown sugar + white sugar,12,4.5417,4.65,360.5,3,0.25,4.5442,0.1821,-0.0025,0.0679
carrot + garlic powder + onion,12,4.5417,4.55,231.25,3,0.25,4.5442,0.1821,-0.0025,0.0679
cinnamon + honey + vegetable oil,12,4.5417,4.6,229.42,3,0.25,4.5442,0.1821,-0.0025,0.0679
confectioners' sugar + lemon zest + white sugar,12,4.5417,4.65,261.83,3,0.25,4.5442,0.1821,-0.0025,0.0679
garlic + medium onion + vegetable oil,12,4.5417,4.6,345.75,3,0.25,4.5442,0.1821,-0.0025,0.0679
paprika + salt + sour cream,12,4.5417,4.65,329.33,3,0.25,4.5442,0.1821,-0.0025,0.0679
all-purpose flour + confectioners' sugar + nutmeg,16,4.5438,4.65,423.5,4,0.25,4.5442,0.1821,-0.0004,0.0679
cilantro + salt + vegetable oil,16,4.5438,4.55,379.69,4,0.25,4.5442,0.1821,-0.0004,0.0679
coriander + onion + salt,16,4.5438,4.5,285.0,4,0.25,4.5442,0.1821,-0.0004,0.0679
butter + cream cheese + salt,20,4.545,4.6,534.05,5,0.25,4.5442,0.1821,0.0008,0.0679
baking powder + brown sugar + butter,48,4.5458,4.6,210.85,12,0.25,4.5442,0.1821,0.0016,0.0679
beef + black pepper + cumin,16,4.55,4.6,223.44,4,0.25,4.5442,0.1821,0.0058,0.0679
onion + paprika + vegetable oil,16,4.55,4.65,665.44,4,0.25,4.5442,0.1821,0.0058,0.0679
.25 ounce package active dry yeast + all-purpose flour + white sugar,12,4.55,4.6,537.75,3,0.25,4.5442,0.1821,0.0058,0.0679
all-purpose flour + egg + rhubarb,12,4.55,4.5,66.17,3,0.25,4.5442,0.1821,0.0058,0.0679
cumin + garlic + white sugar,12,4.55,4.6,929.83,3,0.25,4.5442,0.1821,0.0058,0.0679
garlic + olive oil + zucchini,12,4.55,4.6,135.33,3,0.25,4.5442,0.1821,0.0058,0.0679
large egg + onion + water,12,4.55,4.55,314.42,3,0.25,4.5442,0.1821,0.0058,0.0679
baking powder + cinnamon + cornstarch,12,4.5583,4.7,549.33,3,0.25,4.5442,0.1821,0.0141,0.0679
cornstarch + garlic + salt and black pepper,12,4.5583,4.7,198.58,3,0.25,4.5442,0.1821,0.0141,0.0679
cinnamon + milk + water,20,4.56,4.6,288.65,5,0.25,4.5442,0.1821,0.0158,0.0679
all-purpose flour + lemon zest + vanilla extract,16,4.5625,4.7,194.94,4,0.25,4.5442,0.1821,0.0183,0.0679
onion + red pepper flake + salt,20,4.565,4.6,355.85,5,0.25,4.5442,0.1821,0.0208,0.0679
brown sugar + honey + vanilla extract,12,4.5667,4.6,160.58,3,0.25,4.5442,0.1821,0.0225,0.0679
cinnamon + egg white + salt,16,4.5688,4.7,307.31,4,0.25,4.5442,0.1821,0.0246,0.0679
large egg + milk + water,16,4.5688,4.65,651.19,4,0.25,4.5442,0.1821,0.0246,0.0679
onion + stalks celery + water,16,4.5688,4.6,415.31,4,0.25,4.5442,0.1821,0.0246,0.0679
brown sugar + raisin + salt,12,4.575,4.7,463.83,3,0.25,4.5442,0.1821,0.0308,0.0679
clove + ginger + water,12,4.575,4.75,1690.0,3,0.25,4.5442,0.1821,0.0308,0.0679
onion + parsley + worcestershire sauce,12,4.575,4.65,212.25,3,0.25,4.5442,0.1821,0.0308,0.0679
garlic + garlic powder + olive oil,20,4.58,4.7,363.05,5,0.25,4.5442,0.1821,0.0358,0.0679
black pepper + lemon juice + lemon zest,12,4.5833,4.65,119.58,3,0.25,4.5442,0.1821,0.0391,0.0679
black pepper + milk + worcestershire sauce,12,4.5833,4.6,297.25,3,0.25,4.5442,0.1821,0.0391,0.0679
cinnamon + milk + walnut,12,4.5833,4.7,338.83,3,0.25,4.5442,0.1821,0.0391,0.0679
cinnamon + packed light brown sugar + salt,12,4.5833,4.7,746.17,3,0.25,4.5442,0.1821,0.0391,0.0679
clove + molasse + salt,12,4.5917,4.65,815.33,3,0.25,4.5442,0.1821,0.0475,0.0679
garlic powder + large egg + parmesan cheese,12,4.5917,4.6,210.33,3,0.25,4.5442,0.1821,0.0475,0.0679
butter + cinnamon + milk,81,4.4988,4.6,301.37,20,0.2469,4.5442,0.1821,-0.0454,0.0648
egg + nutmeg + vanilla extract,69,4.4884,4.6,179.97,17,0.2464,4.5442,0.1821,-0.0558,0.0643
baking powder + confectioners' sugar + white sugar,69,4.5232,4.6,635.36,17,0.2464,4.5442,0.1821,-0.021,0.0643
milk + vegetable oil + white sugar,57,4.486,4.5,762.18,14,0.2456,4.5442,0.1821,-0.0582,0.0635
butter + parsley + salt,53,4.5151,4.6,282.55,13,0.2453,4.5442,0.1821,-0.0291,0.0632
margarine + vanilla extract + white sugar,49,4.502,4.5,662.61,12,0.2449,4.5442,0.1821,-0.0422,0.0628
butter + egg + milk,176,4.4847,4.5,617.19,43,0.2443,4.5442,0.1821,-0.0595,0.0622
salt + unsalted butter + vanilla extract,86,4.4884,4.6,434.4,21,0.2442,4.5442,0.1821,-0.0558,0.0621
baking powder + butter + milk,144,4.5007,4.6,591.19,35,0.2431,4.5442,0.1821,-0.0435,0.061
salt + vanilla extract + water,70,4.4729,4.6,344.1,17,0.2429,4.5442,0.1821,-0.0713,0.0608
semisweet chocolate chip + vanilla extract + white sugar,70,4.4786,4.6,1249.6,17,0.2429,4.5442,0.1821,-0.0656,0.0608
all-purpose flour + milk + white sugar,317,4.4893,4.6,584.34,77,0.2429,4.5442,0.1821,-0.0549,0.0608
garlic + mushroom + olive oil,33,4.4818,4.5,173.64,8,0.2424,4.5442,0.1821,-0.0624,0.0603
baking powder + cinnamon + milk,66,4.4955,4.5,377.91,16,0.2424,4.5442,0.1821,-0.0487,0.0603
peanut butter + vanilla extract + white sugar,33,4.497,4.5,668.45,8,0.2424,4.5442,0.1821,-0.0472,0.0603
all-purpose flour + baking soda + milk,99,4.5081,4.6,730.25,24,0.2424,4.5442,0.1821,-0.0361,0.0603
beef + salt + water,33,4.5121,4.5,446.18,8,0.2424,4.5442,0.1821,-0.0321,0.0603
coriander + garlic + salt,33,4.5242,4.6,184.52,8,0.2424,4.5442,0.1821,-0.02,0.0603
black pepper + butter + water,33,4.5273,4.6,262.03,8,0.2424,4.5442,0.1821,-0.0169,0.0603
ketchup + salt + worcestershire sauce,33,4.5515,4.6,518.97,8,0.2424,4.5442,0.1821,0.0073,0.0603
all-purpose flour + egg + lemon zest,29,4.4966,4.5,150.62,7,0.2414,4.5442,0.1821,-0.0476,0.0593
honey + salt + vanilla extract,29,4.4966,4.6,625.0,7,0.2414,4.5442,0.1821,-0.0476,0.0593
butter + shortening + white sugar,29,4.5034,4.6,531.59,7,0.2414,4.5442,0.1821,-0.0408,0.0593
baking powder + butter + lemon juice,29,4.5138,4.6,122.07,7,0.2414,4.5442,0.1821,-0.0304,0.0593
baking powder + milk + white sugar,216,4.5,4.6,616.14,52,0.2407,4.5442,0.1821,-0.0442,0.0586
butter + light corn syrup + white sugar,25,4.436,4.6,199.04,6,0.24,4.5442,0.1821,-0.1082,0.0579
all-purpose flour + almond + white sugar,25,4.468,4.6,115.36,6,0.24,4.5442,0.1821,-0.0762,0.0579
butter + shortening + vanilla extract,25,4.472,4.6,506.36,6,0.24,4.5442,0.1821,-0.0722,0.0579
cinnamon + nutmeg + pumpkin puree,25,4.48,4.5,117.68,6,0.24,4.5442,0.1821,-0.0642,0.0579
egg + parsley + salt,25,4.512,4.6,333.84,6,0.24,4.5442,0.1821,-0.0322,0.0579
brown sugar + milk + vanilla extract,50,4.516,4.6,255.9,12,0.24,4.5442,0.1821,-0.0282,0.0579
all-purpose flour + brown sugar + vegetable oil,25,4.516,4.6,477.2,6,0.24,4.5442,0.1821,-0.0282,0.0579
all-purpose flour + cooking spray + egg,25,4.568,4.6,801.84,6,0.24,4.5442,0.1821,0.0238,0.0579
all-purpose flour + cooking spray + salt,46,4.4761,4.6,614.33,11,0.2391,4.5442,0.1821,-0.0681,0.057
egg + olive oil + salt,46,4.537,4.6,347.52,11,0.2391,4.5442,0.1821,-0.0072,0.057
all-purpose flour + baking powder + milk,243,4.4959,4.5,596.07,58,0.2387,4.5442,0.1821,-0.0483,0.0566
all-purpose flour + baking soda + whole wheat flour,21,4.4524,4.5,95.57,5,0.2381,4.5442,0.1821,-0.0918,0.056
onion + parsley + salt and pepper,21,4.4619,4.5,297.19,5,0.2381,4.5442,0.1821,-0.0823,0.056
baking powder + egg + sour cream,21,4.4905,4.6,464.95,5,0.2381,4.5442,0.1821,-0.0537,0.056
butter + milk + olive oil,21,4.4905,4.6,162.95,5,0.2381,4.5442,0.1821,-0.0537,0.056
egg + onion + parsley,21,4.4952,4.6,1343.67,5,0.2381,4.5442,0.1821,-0.049,0.056
egg + margarine + white sugar,42,4.4976,4.6,443.71,10,0.2381,4.5442,0.1821,-0.0466,0.056
cornstarch + milk + salt,21,4.5048,4.5,182.67,5,0.2381,4.5442,0.1821,-0.0394,0.056
all-purpose flour + baking soda + peanut butter,21,4.5095,4.6,828.24,5,0.2381,4.5442,0.1821,-0.0347,0.056
butter + confectioners' sugar + salt,84,4.519,4.6,617.32,20,0.2381,4.5442,0.1821,-0.0252,0.056
all-purpose flour + pumpkin puree + white sugar,21,4.519,4.5,170.38,5,0.2381,4.5442,0.1821,-0.0252,0.056
brown sugar + pecan + salt,21,4.519,4.6,389.71,5,0.2381,4.5442,0.1821,-0.0252,0.056
garlic + olive oil + thyme,21,4.519,4.6,184.38,5,0.2381,4.5442,0.1821,-0.0252,0.056
egg + flaked coconut + salt,21,4.5238,4.6,197.29,5,0.2381,4.5442,0.1821,-0.0204,0.056
all-purpose flour + baking soda + brown sugar,84,4.5298,4.6,490.62,20,0.2381,4.5442,0.1821,-0.0144,0.056
cayenne pepper + olive oil + water,21,4.5333,4.6,515.57,5,0.2381,4.5442,0.1821,-0.0109,0.056
brown sugar + cinnamon + vegetable oil,21,4.5381,4.6,459.62,5,0.2381,4.5442,0.1821,-0.0061,0.056
all-purpose flour + allspice + ginger,21,4.5429,4.6,365.43,5,0.2381,4.5442,0.1821,-0.0013,0.056
egg + flaked coconut + vanilla extract,21,4.5429,4.6,181.0,5,0.2381,4.5442,0.1821,-0.0013,0.056
all-purpose flour + brown sugar + pecan,21,4.5571,4.7,325.57,5,0.2381,4.5442,0.1821,0.0129,0.056
cumin + garlic + turmeric,21,4.5714,4.6,415.57,5,0.2381,4.5442,0.1821,0.0272,0.056
egg + milk + salt,248,4.4819,4.5,471.88,59,0.2379,4.5442,0.1821,-0.0623,0.0558
milk + salt + vanilla extract,198,4.4717,4.6,467.8,47,0.2374,4.5442,0.1821,-0.0725,0.0553
egg + shortening + white sugar,59,4.4729,4.6,259.59,14,0.2373,4.5442,0.1821,-0.0713,0.0552
baking powder + salt + unsalted butter,59,4.4864,4.6,288.08,14,0.2373,4.5442,0.1821,-0.0578,0.0552
baking soda + milk + vanilla extract,76,4.4868,4.6,549.87,18,0.2368,4.5442,0.1821,-0.0574,0.0547
buttermilk + egg + white sugar,38,4.5,4.55,291.29,9,0.2368,4.5442,0.1821,-0.0442,0.0547
all-purpose flour + parsley + salt,38,4.5053,4.6,303.13,9,0.2368,4.5442,0.1821,-0.0389,0.0547
baking soda + margarine + white sugar,38,4.5079,4.6,881.08,9,0.2368,4.5442,0.1821,-0.0363,0.0547
coriander + cumin + salt,38,4.5079,4.5,225.5,9,0.2368,4.5442,0.1821,-0.0363,0.0547
all-purpose flour + cream of tartar + white sugar,38,4.5132,4.6,522.66,9,0.2368,4.5442,0.1821,-0.031,0.0547
all-purpose flour + cornstarch + salt,38,4.5158,4.6,531.32,9,0.2368,4.5442,0.1821,-0.0284,0.0547
all-purpose flour + butter + lemon zest,38,4.5289,4.6,154.55,9,0.2368,4.5442,0.1821,-0.0153,0.0547
baking powder + brown sugar + egg,55,4.5327,4.6,246.13,13,0.2364,4.5442,0.1821,-0.0115,0.0543
onion + salt + water,127,4.4969,4.5,385.36,30,0.2362,4.5442,0.1821,-0.0473,0.0541
cinnamon + milk + unsalted butter,17,4.4294,4.6,360.88,4,0.2353,4.5442,0.1821,-0.1148,0.0532
egg + salt + soy sauce,17,4.4471,4.4,81.35,4,0.2353,4.5442,0.1821,-0.0971,0.0532
black pepper + egg + ketchup,17,4.4529,4.5,446.12,4,0.2353,4.5442,0.1821,-0.0913,0.0532
salt + white sugar + whole milk,17,4.4529,4.6,159.59,4,0.2353,4.5442,0.1821,-0.0913,0.0532
beef + cumin + onion,17,4.4647,4.6,281.18,4,0.2353,4.5442,0.1821,-0.0795,0.0532
milk + unsalted butter + white sugar,34,4.4676,4.6,300.24,8,0.2353,4.5442,0.1821,-0.0766,0.0532
cheddar cheese + garlic + milk,17,4.4706,4.5,259.29,4,0.2353,4.5442,0.1821,-0.0736,0.0532
egg + onion + vegetable oil,17,4.4706,4.5,426.24,4,0.2353,4.5442,0.1821,-0.0736,0.0532
milk + vanilla extract + white sugar,238,4.4756,4.6,484.66,56,0.2353,4.5442,0.1821,-0.0686,0.0532
cilantro + garlic + water,34,4.4853,4.6,204.94,8,0.2353,4.5442,0.1821,-0.0589,0.0532
all-purpose flour + cooking spray + large egg,17,4.4882,4.6,482.29,4,0.2353,4.5442,0.1821,-0.056,0.0532
cheddar cheese + egg + onion,17,4.4882,4.5,332.29,4,0.2353,4.5442,0.1821,-0.056,0.0532
all-purpose flour + walnut + water,17,4.4941,4.6,255.65,4,0.2353,4.5442,0.1821,-0.0501,0.0532
baking powder + packed brown sugar + walnut,17,4.4941,4.6,383.65,4,0.2353,4.5442,0.1821,-0.0501,0.0532
butter + salt + white pepper,17,4.4941,4.6,396.12,4,0.2353,4.5442,0.1821,-0.0501,0.0532
baking powder + egg white + white sugar,17,4.5,4.6,153.47,4,0.2353,4.5442,0.1821,-0.0442,0.0532
confectioners' sugar for dusting + salt + white sugar,17,4.5,4.5,250.35,4,0.2353,4.5442,0.1821,-0.0442,0.0532
all-purpose flour + packed brown sugar + peanut butter,17,4.5059,4.5,1046.59,4,0.2353,4.5442,0.1821,-0.0383,0.0532
celery + garlic + parsley,17,4.5059,4.6,125.35,4,0.2353,4.5442,0.1821,-0.0383,0.0532
brown sugar + butter + walnut,17,4.5118,4.6,140.53,4,0.2353,4.5442,0.1821,-0.0324,0.0532
baking powder + butter + confectioners' sugar,51,4.5137,4.6,738.63,12,0.2353,4.5442,0.1821,-0.0305,0.0532
butter + onion + parmesan cheese,34,4.5147,4.6,361.29,8,0.2353,4.5442,0.1821,-0.0295,0.0532
lemon juice + lemon zest + white sugar,34,4.5176,4.6,187.0,8,0.2353,4.5442,0.1821,-0.0266,0.0532
brown sugar + egg + ginger,17,4.5176,4.5,95.59,4,0.2353,4.5442,0.1821,-0.0266,0.0532
milk + peanut butter + white sugar,17,4.5176,4.6,709.59,4,0.2353,4.5442,0.1821,-0.0266,0.0532
butter + egg + water,68,4.5235,4.6,295.85,16,0.2353,4.5442,0.1821,-0.0207,0.0532
almond extract + egg + vanilla extract,17,4.5412,4.6,241.65,4,0.2353,4.5442,0.1821,-0.003,0.0532
butter + dried parsley + salt,17,4.5412,4.5,347.76,4,0.2353,4.5442,0.1821,-0.003,0.0532
cinnamon + clove + molasse,17,4.5412,4.6,641.24,4,0.2353,4.5442,0.1821,-0.003,0.0532
black pepper + cilantro + garlic,34,4.5441,4.7,229.85,8,0.2353,4.5442,0.1821,-0.0001,0.0532
baking soda + brown sugar + walnut,17,4.5471,4.6,299.53,4,0.2353,4.5442,0.1821,0.0029,0.0532
butter + salt + small onion,17,4.5471,4.6,216.41,4,0.2353,4.5442,0.1821,0.0029,0.0532
garlic powder + onion powder + salt and black pepper,17,4.5471,4.6,211.35,4,0.2353,4.5442,0.1821,0.0029,0.0532
all-purpose flour + black pepper + large egg,17,4.5529,4.5,222.35,4,0.2353,4.5442,0.1821,0.0087,0.0532
all-purpose flour + ice water + salt,17,4.5529,4.6,249.41,4,0.2353,4.5442,0.1821,0.0087,0.0532
all-purpose flour + garlic + salt and black pepper,34,4.5559,4.6,136.74,8,0.2353,4.5442,0.1821,0.0117,0.0532
bread crumb + onion + salt,17,4.5588,4.6,479.47,4,0.2353,4.5442,0.1821,0.0146,0.0532
butter + cream cheese + vanilla extract,17,4.5588,4.6,697.18,4,0.2353,4.5442,0.1821,0.0146,0.0532
cilantro + coriander + cumin,17,4.5588,4.6,295.59,4,0.2353,4.5442,0.1821,0.0146,0.0532
honey + olive oil + salt,17,4.5588,4.5,83.47,4,0.2353,4.5442,0.1821,0.0146,0.0532
brown sugar + salt + water,51,4.5627,4.6,357.75,12,0.2353,4.5442,0.1821,0.0185,0.0532
butter + egg white + salt,17,4.5706,4.7,315.0,4,0.2353,4.5442,0.1821,0.0264,0.0532
cilantro + garlic + red onion,17,4.5706,4.6,116.82,4,0.2353,4.5442,0.1821,0.0264,0.0532
unsalted butter + walnut + white sugar,17,4.5882,4.7,307.71,4,0.2353,4.5442,0.1821,0.044,0.0532
egg + salt + shortening,64,4.4938,4.6,260.7,15,0.2344,4.5442,0.1821,-0.0504,0.0523
butter + cheddar cheese + milk,47,4.4936,4.6,422.87,11,0.234,4.5442,0.1821,-0.0506,0.0519
all-purpose flour + baking soda + unsweetened cocoa powder,47,4.5021,4.6,713.81,11,0.234,4.5442,0.1821,-0.0421,0.0519
unsalted butter + vanilla extract + white sugar,94,4.5298,4.6,419.49,22,0.234,4.5442,0.1821,-0.0144,0.0519
confectioners' sugar + egg + milk,30,4.4833,4.5,355.73,7,0.2333,4.5442,0.1821,-0.0609,0.0512
baking powder + semisweet chocolate chip + vanilla extract,30,4.5,4.6,367.93,7,0.2333,4.5442,0.1821,-0.0442,0.0512
beef + black pepper + water,30,4.5033,4.5,385.9,7,0.2333,4.5442,0.1821,-0.0409,0.0512
butter + egg + raisin,30,4.5067,4.6,426.13,7,0.2333,4.5442,0.1821,-0.0375,0.0512
cumin + onion + water,30,4.5133,4.55,466.5,7,0.2333,4.5442,0.1821,-0.0309,0.0512
unsweetened cocoa powder + vegetable oil + white sugar,30,4.5233,4.55,915.1,7,0.2333,4.5442,0.1821,-0.0209,0.0512
clove + egg + ginger,30,4.5267,4.6,525.27,7,0.2333,4.5442,0.1821,-0.0175,0.0512
butter + onion + parsley,30,4.53,4.6,274.4,7,0.2333,4.5442,0.1821,-0.0142,0.0512
all-purpose flour + flaked coconut + salt,30,4.56,4.7,353.03,7,0.2333,4.5442,0.1821,0.0158,0.0512
all-purpose flour + onion + salt and black pepper,30,4.62,4.7,262.4,7,0.2333,4.5442,0.1821,0.0758,0.0512
baking powder + water + white sugar,43,4.4837,4.6,404.09,10,0.2326,4.5442,0.1821,-0.0605,0.0505
brown sugar + milk + white sugar,43,4.5279,4.6,241.19,10,0.2326,4.5442,0.1821,-0.0163,0.0505
egg + vanilla extract + white sugar,439,4.5005,4.6,595.97,102,0.2323,4.5442,0.1821,-0.0437,0.0502
cinnamon + milk + salt,112,4.5089,4.6,407.51,26,0.2321,4.5442,0.1821,-0.0353,0.05
butter + milk + water,56,4.525,4.6,412.27,13,0.2321,4.5442,0.1821,-0.0192,0.05
milk + salt + vegetable oil,69,4.4986,4.5,708.48,16,0.2319,4.5442,0.1821,-0.0456,0.0498
black pepper + garlic + parsley,69,4.5101,4.6,662.13,16,0.2319,4.5442,0.1821,-0.0341,0.0498
baking soda + buttermilk + nutmeg,13,4.3923,4.5,70.0,3,0.2308,4.5442,0.1821,-0.1519,0.0487
all-purpose flour + cinnamon + whole wheat flour,13,4.4,4.5,110.69,3,0.2308,4.5442,0.1821,-0.1442,0.0487
butter + peanut butter + salt,13,4.4154,4.6,1102.31,3,0.2308,4.5442,0.1821,-0.1288,0.0487
egg + evaporated milk + vanilla extract,13,4.4154,4.5,78.69,3,0.2308,4.5442,0.1821,-0.1288,0.0487
salt + vegetable oil + warm water,13,4.4308,4.5,164.23,3,0.2308,4.5442,0.1821,-0.1134,0.0487
all-purpose flour + peanut butter + white sugar,26,4.4462,4.6,797.38,6,0.2308,4.5442,0.1821,-0.098,0.0487
all-purpose flour + green onion + vegetable oil,13,4.4462,4.5,76.46,3,0.2308,4.5442,0.1821,-0.098,0.0487
almond + baking powder + white sugar,13,4.4462,4.6,112.92,3,0.2308,4.5442,0.1821,-0.098,0.0487
baking powder + buttermilk + cinnamon,13,4.4462,4.5,133.62,3,0.2308,4.5442,0.1821,-0.098,0.0487
garlic + mushroom + water,13,4.4462,4.5,140.46,3,0.2308,4.5442,0.1821,-0.098,0.0487
green bell pepper + vegetable oil + water,13,4.4462,4.5,275.46,3,0.2308,4.5442,0.1821,-0.098,0.0487
garlic + mushroom + parsley,13,4.4538,4.5,242.0,3,0.2308,4.5442,0.1821,-0.0904,0.0487
applesauce + baking soda + salt,13,4.4615,4.5,97.38,3,0.2308,4.5442,0.1821,-0.0827,0.0487
baking soda + egg + honey,13,4.4615,4.6,232.23,3,0.2308,4.5442,0.1821,-0.0827,0.0487
baking powder + clove + large egg,13,4.4692,4.6,274.46,3,0.2308,4.5442,0.1821,-0.075,0.0487
beef + black pepper + milk,13,4.4692,4.5,539.62,3,0.2308,4.5442,0.1821,-0.075,0.0487
butter + egg + salt and pepper,13,4.4692,4.5,339.31,3,0.2308,4.5442,0.1821,-0.075,0.0487
heavy cream + milk + white sugar,13,4.4692,4.6,345.31,3,0.2308,4.5442,0.1821,-0.075,0.0487
cheddar cheese + chili powder + cumin,13,4.4769,4.6,373.85,3,0.2308,4.5442,0.1821,-0.0673,0.0487
egg + milk + vegetable oil for frying,13,4.4769,4.5,240.69,3,0.2308,4.5442,0.1821,-0.0673,0.0487
salt + turmeric + vegetable oil,13,4.4769,4.5,241.0,3,0.2308,4.5442,0.1821,-0.0673,0.0487
butter + semisweet chocolate chip + white sugar,52,4.4788,4.6,1297.44,12,0.2308,4.5442,0.1821,-0.0654,0.0487
clove + pumpkin puree + salt,13,4.4846,4.5,146.0,3,0.2308,4.5442,0.1821,-0.0596,0.0487
garlic + lemon juice + salt and pepper,13,4.4846,4.5,524.54,3,0.2308,4.5442,0.1821,-0.0596,0.0487
ginger root + green onion + soy sauce,13,4.4846,4.6,333.31,3,0.2308,4.5442,0.1821,-0.0596,0.0487
8 ounce packages cream cheese + egg + vanilla extract,13,4.4923,4.6,777.69,3,0.2308,4.5442,0.1821,-0.0519,0.0487
black pepper + butter + lemon juice,13,4.4923,4.5,170.54,3,0.2308,4.5442,0.1821,-0.0519,0.0487
black pepper + dried thyme + green bell pepper,13,4.4923,4.5,90.23,3,0.2308,4.5442,0.1821,-0.0519,0.0487
black pepper + nutmeg + olive oil,13,4.4923,4.5,97.92,3,0.2308,4.5442,0.1821,-0.0519,0.0487
butter + garlic + lemon juiced,13,4.4923,4.6,469.54,3,0.2308,4.5442,0.1821,-0.0519,0.0487
cinnamon + cream of tartar + salt,13,4.4923,4.6,842.38,3,0.2308,4.5442,0.1821,-0.0519,0.0487
baking powder + large egg + shortening,13,4.5,4.5,474.92,3,0.2308,4.5442,0.1821,-0.0442,0.0487
beef + onion powder + salt,13,4.5,4.6,186.69,3,0.2308,4.5442,0.1821,-0.0442,0.0487
brown sugar + large egg + milk,13,4.5,4.6,658.92,3,0.2308,4.5442,0.1821,-0.0442,0.0487
canola oil + cinnamon + egg,13,4.5,4.5,122.15,3,0.2308,4.5442,0.1821,-0.0442,0.0487
dried oregano + egg + garlic,13,4.5,4.5,191.23,3,0.2308,4.5442,0.1821,-0.0442,0.0487
dried oregano + mozzarella cheese + salt,13,4.5,4.5,848.92,3,0.2308,4.5442,0.1821,-0.0442,0.0487
italian seasoning + olive oil + onion,13,4.5,4.5,220.85,3,0.2308,4.5442,0.1821,-0.0442,0.0487
onion + salt and black pepper + worcestershire sauce,13,4.5,4.5,212.38,3,0.2308,4.5442,0.1821,-0.0442,0.0487
baking powder + brown sugar + white sugar,65,4.5031,4.6,261.58,15,0.2308,4.5442,0.1821,-0.0411,0.0487
all-purpose flour + shortening + white sugar,91,4.5077,4.6,440.08,21,0.2308,4.5442,0.1821,-0.0365,0.0487
14.5 ounce can tomatoe + garlic + olive oil,13,4.5077,4.6,463.38,3,0.2308,4.5442,0.1821,-0.0365,0.0487
almond extract + baking soda + white sugar,13,4.5077,4.6,217.08,3,0.2308,4.5442,0.1821,-0.0365,0.0487
baking soda + cornmeal + salt,13,4.5077,4.5,783.23,3,0.2308,4.5442,0.1821,-0.0365,0.0487
black pepper + butter + dried oregano,13,4.5077,4.6,435.08,3,0.2308,4.5442,0.1821,-0.0365,0.0487
carrot + onion + tomato paste,13,4.5077,4.6,151.31,3,0.2308,4.5442,0.1821,-0.0365,0.0487
cilantro + garlic + vegetable oil,26,4.5115,4.55,549.12,6,0.2308,4.5442,0.1821,-0.0327,0.0487
garlic powder + salt + white sugar,26,4.5115,4.6,408.27,6,0.2308,4.5442,0.1821,-0.0327,0.0487
black pepper + parsley + salt,91,4.5154,4.6,366.93,21,0.2308,4.5442,0.1821,-0.0288,0.0487
buttermilk + egg + vanilla extract,26,4.5154,4.6,240.15,6,0.2308,4.5442,0.1821,-0.0288,0.0487
cheddar cheese + garlic + onion,26,4.5154,4.6,376.38,6,0.2308,4.5442,0.1821,-0.0288,0.0487
all-purpose flour + salt + whole milk,13,4.5154,4.6,133.69,3,0.2308,4.5442,0.1821,-0.0288,0.0487
cayenne pepper + garlic + tomato,13,4.5154,4.6,390.31,3,0.2308,4.5442,0.1821,-0.0288,0.0487
egg yolk + water + white sugar,13,4.5154,4.6,381.69,3,0.2308,4.5442,0.1821,-0.0288,0.0487
mozzarella cheese + olive oil + onion,13,4.5154,4.5,155.69,3,0.2308,4.5442,0.1821,-0.0288,0.0487
baking powder + orange zest + white sugar,13,4.5231,4.7,218.0,3,0.2308,4.5442,0.1821,-0.0211,0.0487
cilantro + salt + turmeric,13,4.5231,4.6,299.85,3,0.2308,4.5442,0.1821,-0.0211,0.0487
coriander + turmeric + water,13,4.5231,4.6,223.0,3,0.2308,4.5442,0.1821,-0.0211,0.0487
garlic + large egg + parsley,13,4.5231,4.5,384.38,3,0.2308,4.5442,0.1821,-0.0211,0.0487
salt + warm milk + white sugar,13,4.5231,4.6,535.54,3,0.2308,4.5442,0.1821,-0.0211,0.0487
all-purpose flour + ginger + water,13,4.5308,4.7,1537.54,3,0.2308,4.5442,0.1821,-0.0134,0.0487
black pepper + cumin + large onion,13,4.5308,4.6,91.08,3,0.2308,4.5442,0.1821,-0.0134,0.0487
black pepper + dried oregano + mozzarella cheese,13,4.5308,4.7,575.38,3,0.2308,4.5442,0.1821,-0.0134,0.0487
butter + egg lightly + salt,13,4.5308,4.6,1483.08,3,0.2308,4.5442,0.1821,-0.0134,0.0487
butter + salt + sharp cheddar cheese,13,4.5308,4.5,434.77,3,0.2308,4.5442,0.1821,-0.0134,0.0487
cumin + olive oil + tomato,13,4.5308,4.6,218.69,3,0.2308,4.5442,0.1821,-0.0134,0.0487
baking soda + boiling water + vanilla extract,13,4.5385,4.7,773.69,3,0.2308,4.5442,0.1821,-0.0057,0.0487
black pepper + paprika + soy sauce,13,4.5385,4.7,541.38,3,0.2308,4.5442,0.1821,-0.0057,0.0487
butter + flaked coconut + walnut,13,4.5385,4.6,225.15,3,0.2308,4.5442,0.1821,-0.0057,0.0487
cooking spray + cumin + salt,13,4.5385,4.6,287.69,3,0.2308,4.5442,0.1821,-0.0057,0.0487
boiling water + milk + white sugar,13,4.5462,4.6,726.46,3,0.2308,4.5442,0.1821,0.002,0.0487
cumin + garlic powder + water,13,4.5462,4.6,151.38,3,0.2308,4.5442,0.1821,0.002,0.0487
egg + unsweetened cocoa powder + vegetable oil,13,4.5462,4.5,749.77,3,0.2308,4.5442,0.1821,0.002,0.0487
egg yolk + salt + water,13,4.5462,4.6,361.0,3,0.2308,4.5442,0.1821,0.002,0.0487
garlic + salt + white vinegar,13,4.5462,4.7,189.23,3,0.2308,4.5442,0.1821,0.002,0.0487
salt + sifted confectioners' sugar + vanilla extract,13,4.5462,4.6,309.54,3,0.2308,4.5442,0.1821,0.002,0.0487
salt + warm water 110 degrees f/45 degrees c + whole wheat flour,13,4.5462,4.6,287.46,3,0.2308,4.5442,0.1821,0.002,0.0487
lemon juice + parsley + salt,26,4.55,4.6,590.15,6,0.2308,4.5442,0.1821,0.0058,0.0487
allspice + black pepper + garlic,13,4.5538,4.5,103.92,3,0.2308,4.5442,0.1821,0.0096,0.0487
cilantro + lime juice + red onion,13,4.5538,4.6,97.23,3,0.2308,4.5442,0.1821,0.0096,0.0487
dried basil + dried parsley + olive oil,13,4.5538,4.6,519.08,3,0.2308,4.5442,0.1821,0.0096,0.0487
garlic + plain yogurt + salt,13,4.5538,4.6,327.0,3,0.2308,4.5442,0.1821,0.0096,0.0487
almond extract + egg + salt,26,4.5615,4.6,184.0,6,0.2308,4.5442,0.1821,0.0173,0.0487
baking powder + butter + raisin,13,4.5615,4.6,331.69,3,0.2308,4.5442,0.1821,0.0173,0.0487
cinnamon + cream cheese + salt,13,4.5615,4.6,642.31,3,0.2308,4.5442,0.1821,0.0173,0.0487
egg + rhubarb + white sugar,13,4.5615,4.5,63.54,3,0.2308,4.5442,0.1821,0.0173,0.0487
all-purpose flour + cornstarch + milk,13,4.5692,4.7,254.15,3,0.2308,4.5442,0.1821,0.025,0.0487
brown sugar + dry mustard + ketchup,13,4.5692,4.6,435.15,3,0.2308,4.5442,0.1821,0.025,0.0487
cinnamon + cream cheese + white sugar,13,4.5692,4.7,698.0,3,0.2308,4.5442,0.1821,0.025,0.0487
flaked coconut + vanilla extract + walnut,13,4.5692,4.6,491.69,3,0.2308,4.5442,0.1821,0.025,0.0487
garlic + parmesan cheese + ricotta cheese,13,4.5692,4.6,2082.77,3,0.2308,4.5442,0.1821,0.025,0.0487
all-purpose flour + milk + salt and black pepper,13,4.5769,4.7,133.23,3,0.2308,4.5442,0.1821,0.0327,0.0487
bay leaf + carrot + celery,13,4.5846,4.6,244.15,3,0.2308,4.5442,0.1821,0.0404,0.0487
butter + cream cheese + white sugar,13,4.5846,4.7,753.15,3,0.2308,4.5442,0.1821,0.0404,0.0487
cilantro + coriander + garlic,13,4.5846,4.6,294.77,3,0.2308,4.5442,0.1821,0.0404,0.0487
butter + lemon zest + vanilla extract,13,4.5923,4.7,174.15,3,0.2308,4.5442,0.1821,0.0481,0.0487
coriander + cumin + vegetable oil,13,4.5923,4.6,177.62,3,0.2308,4.5442,0.1821,0.0481,0.0487
black pepper + olive oil + worcestershire sauce,13,4.6,4.6,328.31,3,0.2308,4.5442,0.1821,0.0558,0.0487
cayenne pepper + garlic + parmesan cheese,13,4.6,4.7,730.69,3,0.2308,4.5442,0.1821,0.0558,0.0487
cinnamon + coriander + garlic,13,4.6,4.6,133.62,3,0.2308,4.5442,0.1821,0.0558,0.0487
lemon juice + onion + worcestershire sauce,13,4.6077,4.6,276.23,3,0.2308,4.5442,0.1821,0.0635,0.0487
butter + cheddar cheese + water,13,4.6231,4.7,525.69,3,0.2308,4.5442,0.1821,0.0789,0.0487
margarine + pecan + white sugar,13,4.6231,4.7,298.62,3,0.2308,4.5442,0.1821,0.0789,0.0487
celery seed + onion + salt,13,4.6308,4.7,1426.77,3,0.2308,4.5442,0.1821,0.0866,0.0487
confectioners' sugar + salt + walnut,13,4.6462,4.7,590.54,3,0.2308,4.5442,0.1821,0.102,0.0487
large egg + pecan + salt,13,4.6462,4.8,299.0,3,0.2308,4.5442,0.1821,0.102,0.0487
butter + salt + water,126,4.5452,4.6,298.63,29,0.2302,4.5442,0.1821,0.001,0.0481
garlic + onion + water,122,4.5115,4.6,570.54,28,0.2295,4.5442,0.1821,-0.0327,0.0474
cheddar cheese + egg + milk,35,4.4743,4.5,274.63,8,0.2286,4.5442,0.1821,-0.0699,0.0465
egg yolk + salt + vanilla extract,35,4.4914,4.6,563.97,8,0.2286,4.5442,0.1821,-0.0528,0.0465
black pepper + water + worcestershire sauce,35,4.54,4.6,488.66,8,0.2286,4.5442,0.1821,-0.0042,0.0465
cumin + garlic + water,57,4.5105,4.6,317.04,13,0.2281,4.5442,0.1821,-0.0337,0.046
nutmeg + pumpkin puree + salt,22,4.4727,4.5,129.82,5,0.2273,4.5442,0.1821,-0.0715,0.0452
all-purpose flour + ginger + molasse,22,4.4909,4.55,517.95,5,0.2273,4.5442,0.1821,-0.0533,0.0452
packed brown sugar + peanut butter + vanilla extract,22,4.4909,4.5,731.05,5,0.2273,4.5442,0.1821,-0.0533,0.0452
butter + peanut butter + vanilla extract,22,4.4955,4.6,831.73,5,0.2273,4.5442,0.1821,-0.0487,0.0452
baking soda + unsweetened cocoa powder + vanilla extract,44,4.5,4.6,713.52,10,0.2273,4.5442,0.1821,-0.0442,0.0452
butter + confectioners' sugar + egg,66,4.5045,4.5,637.52,15,0.2273,4.5442,0.1821,-0.0397,0.0452
all-purpose flour + cinnamon + pumpkin puree,22,4.5045,4.55,286.73,5,0.2273,4.5442,0.1821,-0.0397,0.0452
all-purpose flour + packed brown sugar + shortening,22,4.5045,4.6,413.45,5,0.2273,4.5442,0.1821,-0.0397,0.0452
rice vinegar + sesame oil + soy sauce,22,4.5045,4.6,189.86,5,0.2273,4.5442,0.1821,-0.0397,0.0452
cinnamon + ginger + molasse,22,4.5091,4.6,526.41,5,0.2273,4.5442,0.1821,-0.0351,0.0452
all-purpose flour + lemon zest + white sugar,44,4.5136,4.6,185.66,10,0.2273,4.5442,0.1821,-0.0306,0.0452
cilantro + onion + salt,22,4.5136,4.6,703.64,5,0.2273,4.5442,0.1821,-0.0306,0.0452
cinnamon + ginger + water,22,4.5136,4.55,948.91,5,0.2273,4.5442,0.1821,-0.0306,0.0452
egg + semisweet chocolate chip + vanilla extract,44,4.5182,4.6,1561.86,10,0.2273,4.5442,0.1821,-0.026,0.0452
all-purpose flour + egg + semisweet chocolate chip,44,4.5227,4.6,1603.32,10,0.2273,4.5442,0.1821,-0.0215,0.0452
cayenne pepper + egg + salt,22,4.5227,4.6,347.68,5,0.2273,4.5442,0.1821,-0.0215,0.0452
brown sugar + garlic + water,22,4.5318,4.65,261.23,5,0.2273,4.5442,0.1821,-0.0124,0.0452
large egg + salt + shortening,22,4.5364,4.6,926.27,5,0.2273,4.5442,0.1821,-0.0078,0.0452
all-purpose flour + cornstarch + water,22,4.5409,4.6,378.68,5,0.2273,4.5442,0.1821,-0.0033,0.0452
baking powder + cooking spray + egg,22,4.5545,4.6,904.55,5,0.2273,4.5442,0.1821,0.0103,0.0452
coriander + cumin + onion,22,4.5636,4.55,264.5,5,0.2273,4.5442,0.1821,0.0194,0.0452
all-purpose flour + garlic + large onion,22,4.5682,4.7,276.95,5,0.2273,4.5442,0.1821,0.024,0.0452
garlic powder + onion powder + water,22,4.5727,4.7,381.27,5,0.2273,4.5442,0.1821,0.0285,0.0452
brown sugar + butter + nutmeg,22,4.5773,4.65,152.59,5,0.2273,4.5442,0.1821,0.0331,0.0452
cinnamon + milk + vanilla extract,97,4.501,4.6,413.77,22,0.2268,4.5442,0.1821,-0.0432,0.0447
all-purpose flour + milk + vanilla extract,168,4.4851,4.6,488.24,38,0.2262,4.5442,0.1821,-0.0591,0.0441
butter + milk + vanilla extract,168,4.4869,4.6,420.85,38,0.2262,4.5442,0.1821,-0.0573,0.0441
cinnamon + rolled oat + salt,31,4.4742,4.6,483.81,7,0.2258,4.5442,0.1821,-0.07,0.0437
baking soda + cooking spray + salt,31,4.4903,4.6,758.13,7,0.2258,4.5442,0.1821,-0.0539,0.0437
confectioners' sugar + egg + vanilla extract,62,4.4984,4.5,624.77,14,0.2258,4.5442,0.1821,-0.0458,0.0437
black pepper + butter + parsley,31,4.5,4.6,280.23,7,0.2258,4.5442,0.1821,-0.0442,0.0437
black pepper + egg + water,31,4.5,4.6,1194.77,7,0.2258,4.5442,0.1821,-0.0442,0.0437
egg white + egg yolk + white sugar,31,4.5,4.6,217.32,7,0.2258,4.5442,0.1821,-0.0442,0.0437
cinnamon + pumpkin puree + salt,31,4.5032,4.5,224.58,7,0.2258,4.5442,0.1821,-0.041,0.0437
garlic + green onion + vegetable oil,31,4.5323,4.6,304.65,7,0.2258,4.5442,0.1821,-0.0119,0.0437
lemon juice + lemon zest + salt,31,4.5323,4.6,145.55,7,0.2258,4.5442,0.1821,-0.0119,0.0437
cinnamon + lemon juice + salt,31,4.5419,4.7,333.13,7,0.2258,4.5442,0.1821,-0.0023,0.0437
all-purpose flour + flaked coconut + vanilla extract,31,4.5677,4.6,341.65,7,0.2258,4.5442,0.1821,0.0235,0.0437
all-purpose flour + lemon juice + salt,71,4.5394,4.6,275.61,16,0.2254,4.5442,0.1821,-0.0048,0.0433
all-purpose flour + milk + salt,373,4.5038,4.6,572.82,84,0.2252,4.5442,0.1821,-0.0404,0.0431
egg + milk + vegetable oil,40,4.48,4.5,577.67,9,0.225,4.5442,0.1821,-0.0642,0.0429
all-purpose flour + baking powder + sour cream,40,4.4975,4.6,422.45,9,0.225,4.5442,0.1821,-0.0467,0.0429
all-purpose flour + brown sugar + milk,40,4.515,4.6,294.12,9,0.225,4.5442,0.1821,-0.0292,0.0429
all-purpose flour + garlic + vegetable oil,40,4.52,4.6,211.68,9,0.225,4.5442,0.1821,-0.0242,0.0429
almond extract + vanilla extract + white sugar,40,4.52,4.6,239.92,9,0.225,4.5442,0.1821,-0.0242,0.0429
lemon juice + salt + water,40,4.52,4.6,232.88,9,0.225,4.5442,0.1821,-0.0242,0.0429
black pepper + olive oil + parsley,40,4.525,4.55,306.1,9,0.225,4.5442,0.1821,-0.0192,0.0429
egg + salt + semisweet chocolate chip,40,4.54,4.6,1434.85,9,0.225,4.5442,0.1821,-0.0042,0.0429
all-purpose flour + butter + confectioners' sugar,98,4.5173,4.6,530.35,22,0.2245,4.5442,0.1821,-0.0269,0.0424
baking powder + milk + vanilla extract,116,4.4879,4.6,402.78,26,0.2241,4.5442,0.1821,-0.0563,0.042
baking powder + packed brown sugar + vanilla extract,58,4.4966,4.5,291.84,13,0.2241,4.5442,0.1821,-0.0476,0.042
baking powder + confectioners' sugar + salt,67,4.5149,4.6,652.03,15,0.2239,4.5442,0.1821,-0.0293,0.0418
baking powder + egg + vanilla extract,255,4.5055,4.6,443.92,57,0.2235,4.5442,0.1821,-0.0387,0.0414
baking powder + egg + salt,376,4.5237,4.6,509.18,84,0.2234,4.5442,0.1821,-0.0205,0.0413
egg + salt + vanilla extract,395,4.5122,4.6,564.62,88,0.2228,4.5442,0.1821,-0.032,0.0407
milk + semisweet chocolate chip + white sugar,18,4.4167,4.55,399.89,4,0.2222,4.5442,0.1821,-0.1275,0.0401
unsweetened cocoa powder + water + white sugar,18,4.4333,4.5,444.28,4,0.2222,4.5442,0.1821,-0.1109,0.0401
bay leaf + garlic + water,18,4.4611,4.6,381.5,4,0.2222,4.5442,0.1821,-0.0831,0.0401
carrot + green bell pepper + onion,18,4.4667,4.5,295.17,4,0.2222,4.5442,0.1821,-0.0775,0.0401
dried oregano + milk + salt,18,4.4667,4.5,322.39,4,0.2222,4.5442,0.1821,-0.0775,0.0401
garlic + soy sauce + water,54,4.4778,4.55,481.72,12,0.2222,4.5442,0.1821,-0.0664,0.0401
all-purpose flour + kosher salt + vanilla extract,18,4.4833,4.5,76.67,4,0.2222,4.5442,0.1821,-0.0609,0.0401
egg white + water + white sugar,18,4.4833,4.6,479.5,4,0.2222,4.5442,0.1821,-0.0609,0.0401
milk + unsalted butter + vanilla extract,27,4.4852,4.6,314.89,6,0.2222,4.5442,0.1821,-0.059,0.0401
packed brown sugar + salt + semisweet chocolate chip,27,4.4852,4.6,1700.33,6,0.2222,4.5442,0.1821,-0.059,0.0401
all-purpose flour + milk + vegetable oil,63,4.4873,4.6,828.67,14,0.2222,4.5442,0.1821,-0.0569,0.0401
all-purpose flour + milk + parmesan cheese,18,4.4889,4.5,511.94,4,0.2222,4.5442,0.1821,-0.0553,0.0401
baking powder + egg + lemon zest,18,4.4889,4.5,103.89,4,0.2222,4.5442,0.1821,-0.0553,0.0401
large egg + vanilla extract + water,18,4.4889,4.55,831.94,4,0.2222,4.5442,0.1821,-0.0553,0.0401
baking powder + salt + sour cream,36,4.4944,4.6,431.75,8,0.2222,4.5442,0.1821,-0.0498,0.0401
butter + cheddar cheese + garlic,18,4.4944,4.6,218.17,4,0.2222,4.5442,0.1821,-0.0498,0.0401
all-purpose flour + strawberry + white sugar,27,4.5037,4.5,190.19,6,0.2222,4.5442,0.1821,-0.0405,0.0401
baking powder + large egg + nutmeg,27,4.5037,4.6,211.37,6,0.2222,4.5442,0.1821,-0.0405,0.0401
beef + black pepper + egg,27,4.5037,4.5,568.3,6,0.2222,4.5442,0.1821,-0.0405,0.0401
all-purpose flour + almond + butter,18,4.5056,4.6,108.72,4,0.2222,4.5442,0.1821,-0.0386,0.0401
beef + butter + salt,18,4.5056,4.5,214.72,4,0.2222,4.5442,0.1821,-0.0386,0.0401
beef + cumin + salt,18,4.5056,4.6,263.94,4,0.2222,4.5442,0.1821,-0.0386,0.0401
olive oil + salt + water,81,4.5123,4.6,330.4,18,0.2222,4.5442,0.1821,-0.0319,0.0401
6 ounce can tomato paste + garlic + onion,18,4.5167,4.5,498.56,4,0.2222,4.5442,0.1821,-0.0275,0.0401
buttermilk + cinnamon + white sugar,18,4.5167,4.6,342.0,4,0.2222,4.5442,0.1821,-0.0275,0.0401
all-purpose flour + baking soda + boiling water,18,4.5222,4.65,569.67,4,0.2222,4.5442,0.1821,-0.022,0.0401
baking powder + baking soda + margarine,18,4.5222,4.6,586.44,4,0.2222,4.5442,0.1821,-0.022,0.0401
salt + walnut + water,18,4.5222,4.6,208.06,4,0.2222,4.5442,0.1821,-0.022,0.0401
butter + lemon juice + salt,54,4.5241,4.6,215.7,12,0.2222,4.5442,0.1821,-0.0201,0.0401
garlic + salt + small onion,27,4.5259,4.5,360.81,6,0.2222,4.5442,0.1821,-0.0183,0.0401
garlic + mushroom + salt and pepper,18,4.5278,4.6,296.94,4,0.2222,4.5442,0.1821,-0.0164,0.0401
paprika + salt + white sugar,18,4.5278,4.6,183.89,4,0.2222,4.5442,0.1821,-0.0164,0.0401
cayenne pepper + salt + vegetable oil,27,4.537,4.6,303.44,6,0.2222,4.5442,0.1821,-0.0072,0.0401
distilled white vinegar + salt + water,27,4.537,4.6,305.33,6,0.2222,4.5442,0.1821,-0.0072,0.0401
all-purpose flour + eggs lightly + white sugar,18,4.5389,4.65,278.22,4,0.2222,4.5442,0.1821,-0.0053,0.0401
almond + butter + white sugar,18,4.5389,4.6,130.72,4,0.2222,4.5442,0.1821,-0.0053,0.0401
baking soda + boiling water + salt,18,4.5389,4.7,571.67,4,0.2222,4.5442,0.1821,-0.0053,0.0401
garlic + milk + salt and black pepper,18,4.5389,4.6,73.89,4,0.2222,4.5442,0.1821,-0.0053,0.0401
salt + stalks celery + water,18,4.5389,4.6,340.44,4,0.2222,4.5442,0.1821,-0.0053,0.0401
brown sugar + pecan + vanilla extract,27,4.5407,4.7,416.41,6,0.2222,4.5442,0.1821,-0.0035,0.0401
almond extract + salt + vanilla extract,36,4.5417,4.6,243.33,8,0.2222,4.5442,0.1821,-0.0025,0.0401
butter + packed brown sugar + water,18,4.5444,4.6,724.78,4,0.2222,4.5442,0.1821,0.0002,0.0401
all-purpose flour + eggs lightly + salt,18,4.55,4.7,303.22,4,0.2222,4.5442,0.1821,0.0058,0.0401
all-purpose flour + large egg + water,45,4.5556,4.6,710.09,10,0.2222,4.5442,0.1821,0.0114,0.0401
all-purpose flour + black pepper + mushroom,18,4.5611,4.65,508.28,4,0.2222,4.5442,0.1821,0.0169,0.0401
cumin + garlic + red pepper flake,18,4.5611,4.6,182.5,4,0.2222,4.5442,0.1821,0.0169,0.0401
black pepper + garlic + milk,27,4.563,4.6,449.19,6,0.2222,4.5442,0.1821,0.0188,0.0401
dried parsley + garlic + salt,27,4.5667,4.6,628.19,6,0.2222,4.5442,0.1821,0.0225,0.0401
butter + heavy cream + white sugar,18,4.5667,4.6,135.56,4,0.2222,4.5442,0.1821,0.0225,0.0401
flaked coconut + vanilla extract + white sugar,36,4.5694,4.6,262.14,8,0.2222,4.5442,0.1821,0.0252,0.0401
brown sugar + rolled oat + vanilla extract,18,4.5833,4.65,277.61,4,0.2222,4.5442,0.1821,0.0391,0.0401
eggs separated + salt + white sugar,18,4.5889,4.7,105.11,4,0.2222,4.5442,0.1821,0.0447,0.0401
salt + unsalted butter + walnut,18,4.5889,4.7,288.83,4,0.2222,4.5442,0.1821,0.0447,0.0401
all-purpose flour + garlic + worcestershire sauce,27,4.5963,4.7,489.22,6,0.2222,4.5442,0.1821,0.0521,0.0401
all-purpose flour + baking powder + egg,411,4.5097,4.6,551.19,91,0.2214,4.5442,0.1821,-0.0345,0.0393
all-purpose flour + salt + semisweet chocolate chip,68,4.5088,4.6,1120.38,15,0.2206,4.5442,0.1821,-0.0354,0.0385
all-purpose flour + butter + lemon juice,68,4.5294,4.6,222.24,15,0.2206,4.5442,0.1821,-0.0148,0.0385
butter + egg + walnut,59,4.5237,4.6,1164.64,13,0.2203,4.5442,0.1821,-0.0205,0.0382
butter + nutmeg + vanilla extract,50,4.548,4.6,292.64,11,0.22,4.5442,0.1821,0.0038,0.0379
all-purpose flour + flaked coconut + white sugar,41,4.5415,4.6,266.12,9,0.2195,4.5442,0.1821,-0.0027,0.0374
egg + garlic + olive oil,41,4.5634,4.6,335.71,9,0.2195,4.5442,0.1821,0.0192,0.0374
butter + milk + salt,278,4.5133,4.6,519.69,61,0.2194,4.5442,0.1821,-0.0309,0.0373
cinnamon + egg + nutmeg,114,4.493,4.6,283.01,25,0.2193,4.5442,0.1821,-0.0512,0.0372
all-purpose flour + baking powder + brown sugar,73,4.5164,4.6,313.05,16,0.2192,4.5442,0.1821,-0.0278,0.0371
all-purpose flour + cinnamon + water,73,4.5342,4.6,640.04,16,0.2192,4.5442,0.1821,-0.01,0.0371
all-purpose flour + brown sugar + nutmeg,32,4.4844,4.6,240.81,7,0.2188,4.5442,0.1821,-0.0598,0.0367
garlic + olive oil + tomato,32,4.4938,4.5,234.81,7,0.2188,4.5442,0.1821,-0.0504,0.0367
salt + semisweet chocolate chip + vanilla extract,64,4.5047,4.6,1177.38,14,0.2188,4.5442,0.1821,-0.0395,0.0367
all-purpose flour + lemon juice + lemon zest,32,4.5406,4.6,165.88,7,0.2188,4.5442,0.1821,-0.0036,0.0367
black pepper + carrot + olive oil,32,4.5406,4.6,203.09,7,0.2188,4.5442,0.1821,-0.0036,0.0367
olive oil + onion + water,55,4.5145,4.5,440.4,12,0.2182,4.5442,0.1821,-0.0297,0.0361
brown sugar + egg + salt,110,4.53,4.6,399.74,24,0.2182,4.5442,0.1821,-0.0142,0.0361
all-purpose flour + brown sugar + vanilla extract,101,4.5356,4.6,219.98,22,0.2178,4.5442,0.1821,-0.0086,0.0357
egg + vanilla extract + water,46,4.4761,4.55,283.76,10,0.2174,4.5442,0.1821,-0.0681,0.0353
packed brown sugar + salt + water,23,4.487,4.6,540.65,5,0.2174,4.5442,0.1821,-0.0572,0.0353
canola oil + cinnamon + salt,23,4.4913,4.5,117.35,5,0.2174,4.5442,0.1821,-0.0529,0.0353
garlic + tomato paste + water,23,4.4913,4.5,131.17,5,0.2174,4.5442,0.1821,-0.0529,0.0353
brown sugar + unsalted butter + white sugar,23,4.5,4.6,237.3,5,0.2174,4.5442,0.1821,-0.0442,0.0353
egg + semisweet chocolate chip + white sugar,46,4.5065,4.6,1518.39,10,0.2174,4.5442,0.1821,-0.0377,0.0353
milk + water + white sugar,46,4.5087,4.6,332.41,10,0.2174,4.5442,0.1821,-0.0355,0.0353
lemon juice + olive oil + onion,23,4.5087,4.6,198.43,5,0.2174,4.5442,0.1821,-0.0355,0.0353
cinnamon + vanilla extract + water,46,4.5152,4.6,310.76,10,0.2174,4.5442,0.1821,-0.029,0.0353
baking soda + peanut butter + vanilla extract,23,4.5217,4.6,726.57,5,0.2174,4.5442,0.1821,-0.0225,0.0353
cinnamon + honey + vanilla extract,23,4.5261,4.6,244.91,5,0.2174,4.5442,0.1821,-0.0181,0.0353
all-purpose flour + cinnamon + molasse,23,4.5348,4.6,505.39,5,0.2174,4.5442,0.1821,-0.0094,0.0353
baking soda + cinnamon + molasse,23,4.5391,4.6,489.74,5,0.2174,4.5442,0.1821,-0.0051,0.0353
baking soda + unsweetened cocoa powder + vegetable oil,23,4.5391,4.7,953.96,5,0.2174,4.5442,0.1821,-0.0051,0.0353
black pepper + salt + white vinegar,23,4.5391,4.6,326.87,5,0.2174,4.5442,0.1821,-0.0051,0.0353
black pepper + ketchup + worcestershire sauce,23,4.5435,4.6,593.13,5,0.2174,4.5442,0.1821,-0.0007,0.0353
all-purpose flour + butter + water,115,4.5443,4.6,387.07,25,0.2174,4.5442,0.1821,0.0001,0.0353
allspice + clove + ginger,23,4.5522,4.6,211.78,5,0.2174,4.5442,0.1821,0.008,0.0353
beef + ketchup + onion,23,4.5565,4.6,620.43,5,0.2174,4.5442,0.1821,0.0123,0.0353
brown sugar + clove + salt,23,4.5565,4.6,113.22,5,0.2174,4.5442,0.1821,0.0123,0.0353
buttermilk + large egg + salt,23,4.5565,4.6,919.43,5,0.2174,4.5442,0.1821,0.0123,0.0353
black pepper + large egg + milk,23,4.5696,4.6,659.17,5,0.2174,4.5442,0.1821,0.0254,0.0353
garlic + lime juice + salt,23,4.5696,4.6,218.17,5,0.2174,4.5442,0.1821,0.0254,0.0353
all-purpose flour + egg + vanilla extract,405,4.5047,4.6,609.77,88,0.2173,4.5442,0.1821,-0.0395,0.0352
buttermilk + egg + salt,37,4.527,4.6,342.24,8,0.2162,4.5442,0.1821,-0.0172,0.0341
buttermilk + salt + vanilla extract,37,4.5486,4.6,418.68,8,0.2162,4.5442,0.1821,0.0044,0.0341
all-purpose flour + butter + egg yolk,37,4.5541,4.6,424.16,8,0.2162,4.5442,0.1821,0.0099,0.0341
salt + water + worcestershire sauce,37,4.573,4.6,611.38,8,0.2162,4.5442,0.1821,0.0288,0.0341
milk + nutmeg + salt,51,4.5078,4.5,304.53,11,0.2157,4.5442,0.1821,-0.0364,0.0336
egg white + salt + white sugar,51,4.5569,4.7,247.37,11,0.2157,4.5442,0.1821,0.0127,0.0336
all-purpose flour + margarine + white sugar,65,4.5062,4.6,660.51,14,0.2154,4.5442,0.1821,-0.038,0.0333
milk + salt + white sugar,325,4.5092,4.6,516.49,70,0.2154,4.5442,0.1821,-0.035,0.0333
egg + nutmeg + white sugar,93,4.5118,4.6,330.27,20,0.2151,4.5442,0.1821,-0.0324,0.033
all-purpose flour + brown sugar + egg,93,4.528,4.6,407.23,20,0.2151,4.5442,0.1821,-0.0162,0.033
butter + milk + semisweet chocolate chip,14,4.4214,4.55,307.29,3,0.2143,4.5442,0.1821,-0.1228,0.0322
egg + garlic powder + onion,14,4.4214,4.5,522.14,3,0.2143,4.5442,0.1821,-0.1228,0.0322
dried basil + garlic + salt and pepper,14,4.4286,4.45,285.64,3,0.2143,4.5442,0.1821,-0.1156,0.0322
black pepper + salt + skinless boneless chicken breast halve,14,4.4429,4.5,1008.57,3,0.2143,4.5442,0.1821,-0.1013,0.0322
onion + soy sauce + vegetable oil,14,4.4429,4.4,585.5,3,0.2143,4.5442,0.1821,-0.1013,0.0322
beef + onion + sour cream,14,4.4643,4.5,190.93,3,0.2143,4.5442,0.1821,-0.0799,0.0322
chili powder + salt + white sugar,14,4.4643,4.55,489.0,3,0.2143,4.5442,0.1821,-0.0799,0.0322
cinnamon + margarine + vanilla extract,14,4.4643,4.5,888.86,3,0.2143,4.5442,0.1821,-0.0799,0.0322
all-purpose flour + baking soda + kosher salt,14,4.4714,4.5,121.43,3,0.2143,4.5442,0.1821,-0.0728,0.0322
garlic + green onion + salt and pepper,14,4.4714,4.5,242.14,3,0.2143,4.5442,0.1821,-0.0728,0.0322
all-purpose flour + baking powder + light brown sugar,14,4.4786,4.5,190.29,3,0.2143,4.5442,0.1821,-0.0656,0.0322
baking powder + ginger + large egg,14,4.4786,4.55,352.36,3,0.2143,4.5442,0.1821,-0.0656,0.0322
all-purpose flour + black pepper + vegetable oil,28,4.4821,4.6,392.68,6,0.2143,4.5442,0.1821,-0.0621,0.0322
all-purpose flour + white sugar + whole milk,14,4.4857,4.55,269.14,3,0.2143,4.5442,0.1821,-0.0585,0.0322
baking soda + lemon juice + vanilla extract,14,4.4857,4.65,184.43,3,0.2143,4.5442,0.1821,-0.0585,0.0322
clove + large egg + nutmeg,14,4.4857,4.6,233.29,3,0.2143,4.5442,0.1821,-0.0585,0.0322
cumin + large onion + water,14,4.4857,4.5,111.79,3,0.2143,4.5442,0.1821,-0.0585,0.0322
nutmeg + packed brown sugar + vanilla extract,14,4.4857,4.55,130.5,3,0.2143,4.5442,0.1821,-0.0585,0.0322
all-purpose flour + baking soda + cooking spray,28,4.4929,4.6,867.0,6,0.2143,4.5442,0.1821,-0.0513,0.0322
carrot + garlic + green bell pepper,14,4.5,4.5,165.57,3,0.2143,4.5442,0.1821,-0.0442,0.0322
cocoa powder + salt + vanilla extract,14,4.5,4.6,700.93,3,0.2143,4.5442,0.1821,-0.0442,0.0322
cocoa powder + vanilla extract + white sugar,14,4.5,4.6,685.79,3,0.2143,4.5442,0.1821,-0.0442,0.0322
kosher salt + unsalted butter + white sugar,14,4.5,4.6,71.86,3,0.2143,4.5442,0.1821,-0.0442,0.0322
egg + packed brown sugar + salt,84,4.5048,4.6,674.23,18,0.2143,4.5442,0.1821,-0.0394,0.0322
black pepper + dry bread crumb + salt,14,4.5071,4.55,556.29,3,0.2143,4.5442,0.1821,-0.0371,0.0322
black pepper + green onion + vegetable oil,14,4.5071,4.6,275.07,3,0.2143,4.5442,0.1821,-0.0371,0.0322
egg + honey + white sugar,14,4.5071,4.6,1170.0,3,0.2143,4.5442,0.1821,-0.0371,0.0322
all-purpose flour + cinnamon + shortening,42,4.5143,4.6,381.79,9,0.2143,4.5442,0.1821,-0.0299,0.0322
black pepper + dried parsley + onion,28,4.5143,4.6,521.0,6,0.2143,4.5442,0.1821,-0.0299,0.0322
egg + olive oil + parsley,14,4.5143,4.6,416.43,3,0.2143,4.5442,0.1821,-0.0299,0.0322
olive oil + salt + warm water 110 degrees f/45 degrees c,14,4.5143,4.6,942.29,3,0.2143,4.5442,0.1821,-0.0299,0.0322
egg + milk + water,28,4.5179,4.6,266.79,6,0.2143,4.5442,0.1821,-0.0263,0.0322
cinnamon + salt + shortening,42,4.5214,4.6,431.12,9,0.2143,4.5442,0.1821,-0.0228,0.0322
almond extract + milk + salt,14,4.5214,4.5,102.79,3,0.2143,4.5442,0.1821,-0.0228,0.0322
baking powder + baking soda + pumpkin puree,14,4.5214,4.55,359.43,3,0.2143,4.5442,0.1821,-0.0228,0.0322
baking powder + butter + flaked coconut,14,4.5214,4.6,195.0,3,0.2143,4.5442,0.1821,-0.0228,0.0322
butter + nutmeg + raisin,14,4.5214,4.7,158.07,3,0.2143,4.5442,0.1821,-0.0228,0.0322
chili powder + salt + worcestershire sauce,14,4.5214,4.6,226.79,3,0.2143,4.5442,0.1821,-0.0228,0.0322
coriander + salt + vegetable oil,14,4.5214,4.5,140.43,3,0.2143,4.5442,0.1821,-0.0228,0.0322
all-purpose flour + milk + nutmeg,42,4.5238,4.55,306.45,9,0.2143,4.5442,0.1821,-0.0204,0.0322
all-purpose flour + almond extract + baking powder,28,4.525,4.55,195.61,6,0.2143,4.5442,0.1821,-0.0192,0.0322
beef + salt + worcestershire sauce,28,4.525,4.6,447.54,6,0.2143,4.5442,0.1821,-0.0192,0.0322
all-purpose flour + carrot + olive oil,14,4.5286,4.55,105.93,3,0.2143,4.5442,0.1821,-0.0156,0.0322
baking soda + egg + pumpkin puree,14,4.5286,4.55,104.5,3,0.2143,4.5442,0.1821,-0.0156,0.0322
black pepper + butter + dried basil,14,4.5286,4.55,803.5,3,0.2143,4.5442,0.1821,-0.0156,0.0322
dijon mustard + garlic + onion,14,4.5286,4.6,220.71,3,0.2143,4.5442,0.1821,-0.0156,0.0322
large egg + lemon juice + salt,14,4.5286,4.65,126.21,3,0.2143,4.5442,0.1821,-0.0156,0.0322
large egg + shortening + vanilla extract,14,4.5286,4.55,913.0,3,0.2143,4.5442,0.1821,-0.0156,0.0322
baking powder + cinnamon + unsalted butter,28,4.5357,4.65,190.0,6,0.2143,4.5442,0.1821,-0.0085,0.0322
carrot + mushroom + onion,14,4.5357,4.65,269.93,3,0.2143,4.5442,0.1821,-0.0085,0.0322
cumin + egg + salt,14,4.5357,4.65,399.07,3,0.2143,4.5442,0.1821,-0.0085,0.0322
onion + parsley + water,28,4.5393,4.6,1058.75,6,0.2143,4.5442,0.1821,-0.0049,0.0322
packed brown sugar + salt + unsalted butter,28,4.5429,4.6,1069.18,6,0.2143,4.5442,0.1821,-0.0013,0.0322
14.5 ounce can tomatoe + black pepper + garlic,14,4.5429,4.65,432.57,3,0.2143,4.5442,0.1821,-0.0013,0.0322
14.5 ounce can tomatoe + black pepper + salt,14,4.5429,4.7,532.57,3,0.2143,4.5442,0.1821,-0.0013,0.0322
bay leaf + onion + water,14,4.5429,4.6,566.14,3,0.2143,4.5442,0.1821,-0.0013,0.0322
butter + egg yolk + milk,14,4.5429,4.6,233.43,3,0.2143,4.5442,0.1821,-0.0013,0.0322
olive oil + salt + vegetable broth,14,4.5429,4.5,71.57,3,0.2143,4.5442,0.1821,-0.0013,0.0322
poppy seed + salt + white sugar,14,4.5429,4.6,451.57,3,0.2143,4.5442,0.1821,-0.0013,0.0322
sifted all-purpose flour + vanilla extract + white sugar,14,4.5429,4.6,255.79,3,0.2143,4.5442,0.1821,-0.0013,0.0322
baking powder + lemon zest + white sugar,28,4.5464,4.6,139.79,6,0.2143,4.5442,0.1821,0.0022,0.0322
black pepper + paprika + white sugar,14,4.55,4.6,121.43,3,0.2143,4.5442,0.1821,0.0058,0.0322
butter + freshly black pepper + water,14,4.55,4.5,101.5,3,0.2143,4.5442,0.1821,0.0058,0.0322
milk + onion + water,14,4.55,4.6,446.79,3,0.2143,4.5442,0.1821,0.0058,0.0322
all-purpose flour + garlic powder + onion,14,4.5571,4.6,133.64,3,0.2143,4.5442,0.1821,0.0129,0.0322
baking powder + cinnamon + semisweet chocolate chip,14,4.5571,4.65,422.57,3,0.2143,4.5442,0.1821,0.0129,0.0322
baking soda + lemon zest + white sugar,14,4.5571,4.7,177.64,3,0.2143,4.5442,0.1821,0.0129,0.0322
cayenne pepper + onion + salt and black pepper,14,4.5571,4.65,650.71,3,0.2143,4.5442,0.1821,0.0129,0.0322
cilantro + coriander + salt,14,4.5571,4.6,258.79,3,0.2143,4.5442,0.1821,0.0129,0.0322
all-purpose flour + brown sugar + raisin,14,4.5643,4.65,402.5,3,0.2143,4.5442,0.1821,0.0201,0.0322
all-purpose flour + dried thyme + vegetable oil,14,4.5643,4.6,198.93,3,0.2143,4.5442,0.1821,0.0201,0.0322
dried parsley + olive oil + salt,14,4.5643,4.6,530.93,3,0.2143,4.5442,0.1821,0.0201,0.0322
carrot + celery + garlic,28,4.5714,4.6,294.32,6,0.2143,4.5442,0.1821,0.0272,0.0322
baking soda + lemon zest + salt,14,4.5714,4.7,174.57,3,0.2143,4.5442,0.1821,0.0272,0.0322
black pepper + lemon juice + white sugar,14,4.5714,4.6,414.0,3,0.2143,4.5442,0.1821,0.0272,0.0322
baking powder + baking soda + flaked coconut,14,4.5786,4.6,210.64,3,0.2143,4.5442,0.1821,0.0344,0.0322
confectioners' sugar + nutmeg + vanilla extract,14,4.5786,4.65,489.36,3,0.2143,4.5442,0.1821,0.0344,0.0322
egg + garlic + worcestershire sauce,14,4.5786,4.55,241.36,3,0.2143,4.5442,0.1821,0.0344,0.0322
black pepper + coriander + garlic,14,4.5857,4.65,147.14,3,0.2143,4.5442,0.1821,0.0415,0.0322
black pepper + parsley + worcestershire sauce,14,4.5857,4.65,192.57,3,0.2143,4.5442,0.1821,0.0415,0.0322
garlic + tomato paste + vegetable oil,14,4.5857,4.7,290.36,3,0.2143,4.5442,0.1821,0.0415,0.0322
baking soda + clove + molasse,14,4.5929,4.65,724.14,3,0.2143,4.5442,0.1821,0.0487,0.0322
butter + garlic + garlic powder,14,4.5929,4.65,245.29,3,0.2143,4.5442,0.1821,0.0487,0.0322
cayenne pepper + cilantro + coriander,14,4.5929,4.65,278.57,3,0.2143,4.5442,0.1821,0.0487,0.0322
baking powder + unsweetened cocoa powder + vegetable oil,14,4.6,4.7,1387.57,3,0.2143,4.5442,0.1821,0.0558,0.0322
bread crumb + garlic + onion,14,4.6071,4.7,416.29,3,0.2143,4.5442,0.1821,0.0629,0.0322
italian seasoning + parmesan cheese + salt,14,4.6071,4.65,196.43,3,0.2143,4.5442,0.1821,0.0629,0.0322
cumin + lime juice + olive oil,14,4.6214,4.65,148.86,3,0.2143,4.5442,0.1821,0.0772,0.0322
beef + black pepper + olive oil,14,4.6286,4.75,276.57,3,0.2143,4.5442,0.1821,0.0844,0.0322
large egg + pecan + vanilla extract,14,4.6286,4.75,208.86,3,0.2143,4.5442,0.1821,0.0844,0.0322
large egg + pecan + white sugar,14,4.6571,4.8,289.57,3,0.2143,4.5442,0.1821,0.1129,0.0322
black pepper + celery + olive oil,14,4.6643,4.8,83.43,3,0.2143,4.5442,0.1821,0.1201,0.0322
all-purpose flour + egg + salt,631,4.5163,4.6,580.22,135,0.2139,4.5442,0.1821,-0.0279,0.0318
all-purpose flour + egg + packed brown sugar,89,4.4978,4.6,795.7,19,0.2135,4.5442,0.1821,-0.0464,0.0314
beef + onion + salt,61,4.4984,4.5,415.7,13,0.2131,4.5442,0.1821,-0.0458,0.031
olive oil + parsley + salt,61,4.5393,4.6,348.92,13,0.2131,4.5442,0.1821,-0.0049,0.031
black pepper + butter + parmesan cheese,47,4.5106,4.5,427.64,10,0.2128,4.5442,0.1821,-0.0336,0.0307
baking soda + unsweetened cocoa powder + white sugar,47,4.5213,4.6,714.47,10,0.2128,4.5442,0.1821,-0.0229,0.0307
butter + confectioners' sugar + white sugar,94,4.5255,4.6,613.06,20,0.2128,4.5442,0.1821,-0.0187,0.0307
cumin + salt + water,47,4.5255,4.6,359.28,10,0.2128,4.5442,0.1821,-0.0187,0.0307
baking soda + brown sugar + cinnamon,47,4.5319,4.6,285.34,10,0.2128,4.5442,0.1821,-0.0123,0.0307
baking powder + brown sugar + salt,80,4.5275,4.6,298.71,17,0.2125,4.5442,0.1821,-0.0167,0.0304
baking soda + brown sugar + vanilla extract,80,4.5312,4.6,245.45,17,0.2125,4.5442,0.1821,-0.013,0.0304
all-purpose flour + baking powder + salt,645,4.5225,4.6,522.18,137,0.2124,4.5442,0.1821,-0.0217,0.0303
baking powder + large egg + milk,66,4.4833,4.55,569.76,14,0.2121,4.5442,0.1821,-0.0609,0.03
all-purpose flour + semisweet chocolate chip + vanilla extract,66,4.5076,4.6,1278.41,14,0.2121,4.5442,0.1821,-0.0366,0.03
all-purpose flour + nutmeg + packed brown sugar,33,4.5091,4.7,247.76,7,0.2121,4.5442,0.1821,-0.0351,0.03
baking powder + brown sugar + milk,33,4.5121,4.6,318.39,7,0.2121,4.5442,0.1821,-0.0321,0.03
baking powder + semisweet chocolate chip + white sugar,33,4.5182,4.6,407.3,7,0.2121,4.5442,0.1821,-0.026,0.03
baking soda + brown sugar + white sugar,66,4.5288,4.6,222.73,14,0.2121,4.5442,0.1821,-0.0154,0.03
black pepper + celery + garlic,33,4.5303,4.6,181.36,7,0.2121,4.5442,0.1821,-0.0139,0.03
butter + lemon juice + lemon zest,33,4.5394,4.6,165.88,7,0.2121,4.5442,0.1821,-0.0048,0.03
nutmeg + salt + water,33,4.5424,4.6,504.7,7,0.2121,4.5442,0.1821,-0.0018,0.03
lemon juice + onion + salt,33,4.5545,4.6,391.76,7,0.2121,4.5442,0.1821,0.0103,0.03
black pepper + onion + parmesan cheese,33,4.5758,4.6,1089.58,7,0.2121,4.5442,0.1821,0.0316,0.03
all-purpose flour + carrot + vegetable oil,33,4.5788,4.6,742.36,7,0.2121,4.5442,0.1821,0.0346,0.03
cream of tartar + salt + white sugar,52,4.5308,4.6,395.87,11,0.2115,4.5442,0.1821,-0.0134,0.0294
garlic + parsley + salt,90,4.5256,4.6,349.66,19,0.2111,4.5442,0.1821,-0.0186,0.029
egg + mayonnaise + salt,19,4.4632,4.5,498.47,4,0.2105,4.5442,0.1821,-0.081,0.0284
baking powder + margarine + vanilla extract,19,4.4895,4.6,436.58,4,0.2105,4.5442,0.1821,-0.0547,0.0284
beef + milk + salt,19,4.4895,4.5,623.95,4,0.2105,4.5442,0.1821,-0.0547,0.0284
nutmeg + pumpkin puree + white sugar,19,4.4895,4.5,142.42,4,0.2105,4.5442,0.1821,-0.0547,0.0284
all-purpose flour + baking powder + packed brown sugar,76,4.4974,4.5,618.66,16,0.2105,4.5442,0.1821,-0.0468,0.0284
baking powder + honey + salt,19,4.5,4.6,934.16,4,0.2105,4.5442,0.1821,-0.0442,0.0284
baking soda + cooking spray + vanilla extract,19,4.5,4.6,144.42,4,0.2105,4.5442,0.1821,-0.0442,0.0284
brown sugar + salt + unsalted butter,19,4.5053,4.7,294.32,4,0.2105,4.5442,0.1821,-0.0389,0.0284
packed brown sugar + peanut butter + white sugar,19,4.5053,4.5,959.16,4,0.2105,4.5442,0.1821,-0.0389,0.0284
baking powder + sour cream + white sugar,38,4.5079,4.6,435.74,8,0.2105,4.5442,0.1821,-0.0363,0.0284
black pepper + garlic + tomato,19,4.5105,4.6,239.63,4,0.2105,4.5442,0.1821,-0.0337,0.0284
chili powder + onion + water,19,4.5158,4.6,623.74,4,0.2105,4.5442,0.1821,-0.0284,0.0284
butter + vanilla extract + water,57,4.5175,4.6,427.82,12,0.2105,4.5442,0.1821,-0.0267,0.0284
dried thyme + garlic + vegetable oil,19,4.5211,4.6,139.37,4,0.2105,4.5442,0.1821,-0.0231,0.0284
egg + ginger + vanilla extract,19,4.5263,4.5,52.11,4,0.2105,4.5442,0.1821,-0.0179,0.0284
baking soda + brown sugar + vegetable oil,19,4.5368,4.6,555.11,4,0.2105,4.5442,0.1821,-0.0074,0.0284
cooking spray + egg + milk,19,4.5368,4.6,1078.79,4,0.2105,4.5442,0.1821,-0.0074,0.0284
buttermilk + vanilla extract + white sugar,38,4.5395,4.6,379.18,8,0.2105,4.5442,0.1821,-0.0047,0.0284
butter + parmesan cheese + salt and black pepper,19,4.5421,4.6,124.26,4,0.2105,4.5442,0.1821,-0.0021,0.0284
all-purpose flour + milk + parsley,19,4.5474,4.6,476.63,4,0.2105,4.5442,0.1821,0.0032,0.0284
baking powder + confectioners' sugar + large egg,19,4.5474,4.6,472.63,4,0.2105,4.5442,0.1821,0.0032,0.0284
baking soda + boiling water + white sugar,19,4.5632,4.7,623.16,4,0.2105,4.5442,0.1821,0.019,0.0284
black pepper + garlic powder + white sugar,19,4.5632,4.6,551.26,4,0.2105,4.5442,0.1821,0.019,0.0284
garlic + salt or + water,19,4.5632,4.6,1439.16,4,0.2105,4.5442,0.1821,0.019,0.0284
garlic + onion + white wine,19,4.5789,4.6,405.74,4,0.2105,4.5442,0.1821,0.0347,0.0284
all-purpose flour + butter + large onion,19,4.5842,4.7,170.11,4,0.2105,4.5442,0.1821,0.04,0.0284
garlic + olive oil + worcestershire sauce,19,4.5842,4.6,190.58,4,0.2105,4.5442,0.1821,0.04,0.0284
8 ounce can tomato sauce + black pepper + salt,19,4.5947,4.7,407.42,4,0.2105,4.5442,0.1821,0.0505,0.0284
cinnamon + coriander + cumin,19,4.6,4.6,225.11,4,0.2105,4.5442,0.1821,0.0558,0.0284
all-purpose flour + baking powder + unsalted butter,62,4.5177,4.6,282.77,13,0.2097,4.5442,0.1821,-0.0265,0.0276
baking soda + brown sugar + egg,62,4.5532,4.6,505.26,13,0.2097,4.5442,0.1821,0.009,0.0276
cheddar cheese + milk + salt,43,4.5047,4.6,416.88,9,0.2093,4.5442,0.1821,-0.0395,0.0272
carrot + olive oil + onion,43,4.5488,4.6,316.05,9,0.2093,4.5442,0.1821,0.0046,0.0272
all-purpose flour + egg + water,91,4.5121,4.5,388.49,19,0.2088,4.5442,0.1821,-0.0321,0.0267
all-purpose flour + peanut butter + salt,24,4.4792,4.6,837.04,5,0.2083,4.5442,0.1821,-0.065,0.0262
cheddar cheese + milk + onion,24,4.4875,4.5,413.38,5,0.2083,4.5442,0.1821,-0.0567,0.0262
chili powder + salt + water,24,4.5042,4.6,395.38,5,0.2083,4.5442,0.1821,-0.04,0.0262
packed brown sugar + semisweet chocolate chip + white sugar,24,4.5167,4.6,2249.21,5,0.2083,4.5442,0.1821,-0.0275,0.0262
black pepper + garlic + water,120,4.5192,4.6,462.61,25,0.2083,4.5442,0.1821,-0.025,0.0262
baking soda + milk + white sugar,96,4.5229,4.6,706.36,20,0.2083,4.5442,0.1821,-0.0213,0.0262
all-purpose flour + garlic + onion,72,4.525,4.5,327.11,15,0.2083,4.5442,0.1821,-0.0192,0.0262
all-purpose flour + baking powder + confectioners' sugar,72,4.5319,4.6,633.24,15,0.2083,4.5442,0.1821,-0.0123,0.0262
baking soda + unsalted butter + vanilla extract,48,4.5417,4.6,501.73,10,0.2083,4.5442,0.1821,-0.0025,0.0262
baking powder + cornstarch + white sugar,24,4.5417,4.7,354.54,5,0.2083,4.5442,0.1821,-0.0025,0.0262
all-purpose flour + large egg + shortening,24,4.5458,4.6,825.08,5,0.2083,4.5442,0.1821,0.0016,0.0262
black pepper + olive oil + white sugar,24,4.55,4.6,361.04,5,0.2083,4.5442,0.1821,0.0058,0.0262
lemon juice + olive oil + water,24,4.5625,4.6,337.0,5,0.2083,4.5442,0.1821,0.0183,0.0262
packed brown sugar + unsalted butter + white sugar,24,4.5875,4.65,1821.88,5,0.2083,4.5442,0.1821,0.0433,0.0262
garlic + onion + tomato,29,4.4759,4.5,385.41,6,0.2069,4.5442,0.1821,-0.0683,0.0248
butter + milk + parmesan cheese,29,4.4966,4.5,384.79,6,0.2069,4.5442,0.1821,-0.0476,0.0248
packed brown sugar + semisweet chocolate chip + vanilla extract,29,4.4966,4.6,1941.59,6,0.2069,4.5442,0.1821,-0.0476,0.0248
all-purpose flour + almond extract + vanilla extract,29,4.5034,4.6,283.45,6,0.2069,4.5442,0.1821,-0.0408,0.0248
all-purpose flour + black pepper + paprika,29,4.5034,4.6,621.34,6,0.2069,4.5442,0.1821,-0.0408,0.0248
black pepper + cumin + water,29,4.5069,4.5,364.86,6,0.2069,4.5442,0.1821,-0.0373,0.0248
pumpkin puree + salt + white sugar,29,4.5276,4.5,145.52,6,0.2069,4.5442,0.1821,-0.0166,0.0248
cinnamon + pumpkin puree + white sugar,29,4.5345,4.5,280.38,6,0.2069,4.5442,0.1821,-0.0097,0.0248
egg + flaked coconut + white sugar,29,4.5345,4.6,184.48,6,0.2069,4.5442,0.1821,-0.0097,0.0248
garlic + salt + turmeric,29,4.5379,4.6,230.21,6,0.2069,4.5442,0.1821,-0.0063,0.0248
baking powder + unsalted butter + white sugar,58,4.5397,4.6,320.34,12,0.2069,4.5442,0.1821,-0.0045,0.0248
garlic + salt + sour cream,29,4.5483,4.7,434.69,6,0.2069,4.5442,0.1821,0.0041,0.0248
all-purpose flour + butter + shortening,29,4.5517,4.6,520.34,6,0.2069,4.5442,0.1821,0.0075,0.0248
carrot + olive oil + salt,29,4.5552,4.6,253.79,6,0.2069,4.5442,0.1821,0.011,0.0248
baking soda + cinnamon + confectioners' sugar,29,4.5759,4.7,619.97,6,0.2069,4.5442,0.1821,0.0317,0.0248
baking powder + butter + white sugar,324,4.5293,4.6,613.97,67,0.2068,4.5442,0.1821,-0.0149,0.0247
egg yolk + salt + white sugar,63,4.527,4.6,399.92,13,0.2063,4.5442,0.1821,-0.0172,0.0242
green bell pepper + onion + water,34,4.4647,4.5,472.0,7,0.2059,4.5442,0.1821,-0.0795,0.0238
garlic + parsley + water,34,4.4882,4.6,865.21,7,0.2059,4.5442,0.1821,-0.056,0.0238
canola oil + salt + white sugar,34,4.5118,4.55,231.32,7,0.2059,4.5442,0.1821,-0.0324,0.0238
all-purpose flour + butter + milk,272,4.5151,4.6,603.89,56,0.2059,4.5442,0.1821,-0.0291,0.0238
garlic + green onion + water,34,4.5265,4.6,312.18,7,0.2059,4.5442,0.1821,-0.0177,0.0238
cinnamon + confectioners' sugar + egg,34,4.5412,4.6,515.18,7,0.2059,4.5442,0.1821,-0.003,0.0238
all-purpose flour + baking soda + water,73,4.5425,4.6,768.3,15,0.2055,4.5442,0.1821,-0.0017,0.0234
baking soda + shortening + vanilla extract,39,4.4974,4.6,433.69,8,0.2051,4.5442,0.1821,-0.0468,0.023
baking powder + butter + walnut,39,4.5179,4.6,298.72,8,0.2051,4.5442,0.1821,-0.0263,0.023
baking powder + butter + salt,312,4.5385,4.6,535.47,64,0.2051,4.5442,0.1821,-0.0057,0.023
black pepper + onion + paprika,39,4.5487,4.6,373.46,8,0.2051,4.5442,0.1821,0.0045,0.023
brown sugar + salt + vegetable oil,39,4.5513,4.6,562.92,8,0.2051,4.5442,0.1821,0.0071,0.023
olive oil + onion + parmesan cheese,39,4.5667,4.6,392.82,8,0.2051,4.5442,0.1821,0.0225,0.023
carrot + garlic + water,44,4.5114,4.6,362.2,9,0.2045,4.5442,0.1821,-0.0328,0.0224
salt + shortening + white sugar,88,4.5284,4.6,474.1,18,0.2045,4.5442,0.1821,-0.0158,0.0224
onion + paprika + salt,44,4.5295,4.55,352.02,9,0.2045,4.5442,0.1821,-0.0147,0.0224
baking powder + brown sugar + cinnamon,49,4.5163,4.6,354.98,10,0.2041,4.5442,0.1821,-0.0279,0.022
egg + nutmeg + salt,108,4.5111,4.6,315.08,22,0.2037,4.5442,0.1821,-0.0331,0.0216
almond extract + salt + white sugar,54,4.5296,4.6,191.46,11,0.2037,4.5442,0.1821,-0.0146,0.0216
all-purpose flour + confectioners' sugar + salt,108,4.5352,4.6,543.31,22,0.2037,4.5442,0.1821,-0.009,0.0216
brown sugar + milk + salt,54,4.5426,4.6,388.22,11,0.2037,4.5442,0.1821,-0.0016,0.0216
all-purpose flour + olive oil + salt,59,4.5051,4.6,314.24,12,0.2034,4.5442,0.1821,-0.0391,0.0213
onion + salt + white sugar,59,4.5542,4.6,404.83,12,0.2034,4.5442,0.1821,0.01,0.0213
all-purpose flour + egg + white sugar,615,4.5185,4.6,635.35,125,0.2033,4.5442,0.1821,-0.0257,0.0212
butter + vanilla extract + white sugar,438,4.5276,4.6,637.88,89,0.2032,4.5442,0.1821,-0.0166,0.0211
baking powder + packed brown sugar + salt,74,4.5149,4.6,573.73,15,0.2027,4.5442,0.1821,-0.0293,0.0206
butter + walnut + white sugar,84,4.556,4.6,951.51,17,0.2024,4.5442,0.1821,0.0118,0.0203
all-purpose flour + egg + nutmeg,89,4.5258,4.6,340.28,18,0.2022,4.5442,0.1821,-0.0184,0.0201
baking powder + salt + vanilla extract,371,4.528,4.6,458.86,75,0.2022,4.5442,0.1821,-0.0162,0.0201
salt + vanilla extract + white sugar,623,4.5316,4.6,593.47,126,0.2022,4.5442,0.1821,-0.0126,0.0201
butter + egg + vanilla extract,297,4.5148,4.6,678.2,60,0.202,4.5442,0.1821,-0.0294,0.0199
butter + egg + white sugar,411,4.5141,4.6,691.93,83,0.2019,4.5442,0.1821,-0.0301,0.0198
baking soda + milk + salt,104,4.524,4.6,727.23,21,0.2019,4.5442,0.1821,-0.0202,0.0198
all-purpose flour + brown sugar + salt,129,4.5333,4.6,449.18,26,0.2016,4.5442,0.1821,-0.0109,0.0195
baking powder + egg + white sugar,379,4.5253,4.6,573.03,76,0.2005,4.5442,0.1821,-0.0189,0.0184
all-purpose flour + large egg yolk + salt,10,4.37,4.6,318.0,2,0.2,4.5442,0.1821,-0.1742,0.0179
large egg + milk + unsweetened cocoa powder,10,4.38,4.45,856.8,2,0.2,4.5442,0.1821,-0.1642,0.0179
butter + light corn syrup + pecan,15,4.4,4.6,143.2,3,0.2,4.5442,0.1821,-0.1442,0.0179
all-purpose flour + vanilla extract + whole milk,10,4.41,4.5,268.9,2,0.2,4.5442,0.1821,-0.1342,0.0179
garlic powder + parmesan cheese + water,10,4.43,4.6,428.9,2,0.2,4.5442,0.1821,-0.1142,0.0179
salt + shortening + walnut,10,4.43,4.55,212.9,2,0.2,4.5442,0.1821,-0.1142,0.0179
butter + light corn syrup + vanilla extract,25,4.44,4.6,316.32,5,0.2,4.5442,0.1821,-0.1042,0.0179
cinnamon + nutmeg + rolled oat,15,4.44,4.5,295.53,3,0.2,4.5442,0.1821,-0.1042,0.0179
butter + chicken broth + parmesan cheese,10,4.44,4.4,518.3,2,0.2,4.5442,0.1821,-0.1042,0.0179
chili powder + onion + red bell pepper,10,4.44,4.5,208.4,2,0.2,4.5442,0.1821,-0.1042,0.0179
dried parsley + milk + salt,10,4.44,4.5,284.5,2,0.2,4.5442,0.1821,-0.1042,0.0179
all-purpose flour + nutmeg + rolled oat,15,4.4467,4.6,311.13,3,0.2,4.5442,0.1821,-0.0975,0.0179
baking powder + cinnamon + whole wheat flour,15,4.4467,4.5,128.07,3,0.2,4.5442,0.1821,-0.0975,0.0179
all-purpose flour + honey + vanilla extract,10,4.45,4.6,1510.9,2,0.2,4.5442,0.1821,-0.0942,0.0179
almond extract + large egg + salt,10,4.45,4.4,300.7,2,0.2,4.5442,0.1821,-0.0942,0.0179
baking soda + nutmeg + whole wheat flour,10,4.45,4.55,109.0,2,0.2,4.5442,0.1821,-0.0942,0.0179
cake flour + egg + white sugar,10,4.45,4.45,182.9,2,0.2,4.5442,0.1821,-0.0942,0.0179
cheddar cheese + onion + sour cream,10,4.45,4.5,683.5,2,0.2,4.5442,0.1821,-0.0942,0.0179
milk + salt and pepper + water,10,4.45,4.45,391.6,2,0.2,4.5442,0.1821,-0.0942,0.0179
all-purpose flour + olive oil + warm water 110 degrees f/45 degrees c,10,4.46,4.55,721.2,2,0.2,4.5442,0.1821,-0.0842,0.0179
allspice + large egg + salt,10,4.46,4.5,407.3,2,0.2,4.5442,0.1821,-0.0842,0.0179
baking powder + nutmeg + packed brown sugar,10,4.46,4.65,103.7,2,0.2,4.5442,0.1821,-0.0842,0.0179
baking soda + butter + molasse,10,4.46,4.45,147.7,2,0.2,4.5442,0.1821,-0.0842,0.0179
beef + chili powder + garlic powder,10,4.46,4.6,163.3,2,0.2,4.5442,0.1821,-0.0842,0.0179
carrot + soy sauce + vegetable oil,10,4.46,4.5,187.7,2,0.2,4.5442,0.1821,-0.0842,0.0179
cinnamon + margarine + water,10,4.46,4.6,1014.1,2,0.2,4.5442,0.1821,-0.0842,0.0179
cinnamon + olive oil + water,10,4.46,4.5,83.0,2,0.2,4.5442,0.1821,-0.0842,0.0179
egg + ketchup + lean beef,10,4.46,4.55,475.7,2,0.2,4.5442,0.1821,-0.0842,0.0179
milk + salt + sifted all-purpose flour,10,4.46,4.6,255.1,2,0.2,4.5442,0.1821,-0.0842,0.0179
all-purpose flour + almond + baking powder,15,4.4667,4.6,100.87,3,0.2,4.5442,0.1821,-0.0775,0.0179
black pepper + ketchup + water,15,4.4667,4.5,598.07,3,0.2,4.5442,0.1821,-0.0775,0.0179
black pepper + butter + medium onion,10,4.47,4.5,174.2,2,0.2,4.5442,0.1821,-0.0742,0.0179
black pepper + egg + onion powder,10,4.47,4.55,535.9,2,0.2,4.5442,0.1821,-0.0742,0.0179
chili powder + ketchup + salt,10,4.47,4.65,202.2,2,0.2,4.5442,0.1821,-0.0742,0.0179
cinnamon + evaporated milk + salt,10,4.47,4.6,110.2,2,0.2,4.5442,0.1821,-0.0742,0.0179
lean beef + onion + salt and pepper,10,4.47,4.5,555.5,2,0.2,4.5442,0.1821,-0.0742,0.0179
all-purpose flour + canola oil + vanilla extract,15,4.4733,4.6,397.53,3,0.2,4.5442,0.1821,-0.0709,0.0179
black pepper + cheddar cheese + egg,15,4.4733,4.5,321.8,3,0.2,4.5442,0.1821,-0.0709,0.0179
egg + nutmeg + raisin,15,4.48,4.6,148.33,3,0.2,4.5442,0.1821,-0.0642,0.0179
all-purpose flour + butter + recipe pastry for a 9 inch double crust pie,10,4.48,4.45,102.7,2,0.2,4.5442,0.1821,-0.0642,0.0179
all-purpose flour + dried oregano + milk,10,4.48,4.55,555.9,2,0.2,4.5442,0.1821,-0.0642,0.0179
lean beef + salt + worcestershire sauce,10,4.48,4.5,507.4,2,0.2,4.5442,0.1821,-0.0642,0.0179
sesame oil + sesame seed + white sugar,10,4.48,4.5,200.5,2,0.2,4.5442,0.1821,-0.0642,0.0179
all-purpose flour + almond extract + baking soda,15,4.4867,4.5,217.13,3,0.2,4.5442,0.1821,-0.0575,0.0179
butter + evaporated milk + vanilla extract,25,4.488,4.5,242.08,5,0.2,4.5442,0.1821,-0.0562,0.0179
all-purpose flour + buttermilk + cinnamon,20,4.49,4.5,303.75,4,0.2,4.5442,0.1821,-0.0542,0.0179
all-purpose flour + mashed banana + salt,10,4.49,4.6,451.4,2,0.2,4.5442,0.1821,-0.0542,0.0179
bay leaf + dried oregano + onion,10,4.49,4.45,437.6,2,0.2,4.5442,0.1821,-0.0542,0.0179
butter + milk + swiss cheese,10,4.49,4.55,340.6,2,0.2,4.5442,0.1821,-0.0542,0.0179
carrot + onion + stalk celery,10,4.49,4.55,375.3,2,0.2,4.5442,0.1821,-0.0542,0.0179
egg + quick cooking oat + salt,10,4.49,4.4,368.9,2,0.2,4.5442,0.1821,-0.0542,0.0179
margarine + packed brown sugar + salt,10,4.49,4.55,619.3,2,0.2,4.5442,0.1821,-0.0542,0.0179
black pepper + garlic + honey,15,4.4933,4.6,356.67,3,0.2,4.5442,0.1821,-0.0509,0.0179
carrot + parsley + salt,15,4.4933,4.5,184.93,3,0.2,4.5442,0.1821,-0.0509,0.0179
cinnamon + shortening + vanilla extract,15,4.4933,4.5,660.13,3,0.2,4.5442,0.1821,-0.0509,0.0179
garlic + green bell pepper + salt and pepper,15,4.4933,4.5,205.0,3,0.2,4.5442,0.1821,-0.0509,0.0179
olive oil + onion + tomato,15,4.4933,4.5,231.27,3,0.2,4.5442,0.1821,-0.0509,0.0179
garlic + green bell pepper + worcestershire sauce,20,4.495,4.5,244.75,4,0.2,4.5442,0.1821,-0.0492,0.0179
basil + black pepper + garlic,20,4.5,4.5,128.7,4,0.2,4.5442,0.1821,-0.0442,0.0179
all-purpose flour + onion + sour cream,15,4.5,4.6,428.47,3,0.2,4.5442,0.1821,-0.0442,0.0179
canola oil + salt + vanilla extract,15,4.5,4.6,328.33,3,0.2,4.5442,0.1821,-0.0442,0.0179
cinnamon + cream of tartar + white sugar,15,4.5,4.6,728.13,3,0.2,4.5442,0.1821,-0.0442,0.0179
cinnamon + egg + margarine,15,4.5,4.6,264.4,3,0.2,4.5442,0.1821,-0.0442,0.0179
baking soda + cooking spray + vegetable oil,10,4.5,4.6,389.0,2,0.2,4.5442,0.1821,-0.0442,0.0179
baking soda + mashed banana + salt,10,4.5,4.6,678.4,2,0.2,4.5442,0.1821,-0.0442,0.0179
basil + garlic + salt and pepper,10,4.5,4.5,704.8,2,0.2,4.5442,0.1821,-0.0442,0.0179
brown sugar + onion + soy sauce,10,4.5,4.6,409.8,2,0.2,4.5442,0.1821,-0.0442,0.0179
butter + olive oil + sour cream,10,4.5,4.55,100.5,2,0.2,4.5442,0.1821,-0.0442,0.0179
butter + salt and pepper + vegetable oil,10,4.5,4.65,982.0,2,0.2,4.5442,0.1821,-0.0442,0.0179
cayenne pepper + onion + parsley,10,4.5,4.6,306.4,2,0.2,4.5442,0.1821,-0.0442,0.0179
cinnamon + large egg + pumpkin puree,10,4.5,4.55,842.4,2,0.2,4.5442,0.1821,-0.0442,0.0179
cinnamon + molasse + nutmeg,10,4.5,4.5,126.9,2,0.2,4.5442,0.1821,-0.0442,0.0179
cinnamon + unsweetened cocoa powder + vanilla extract,10,4.5,4.6,173.0,2,0.2,4.5442,0.1821,-0.0442,0.0179
dried oregano + egg + onion,10,4.5,4.5,430.1,2,0.2,4.5442,0.1821,-0.0442,0.0179
large egg + olive oil + onion,10,4.5,4.7,276.7,2,0.2,4.5442,0.1821,-0.0442,0.0179
parsley + salt + tomato,10,4.5,4.5,321.8,2,0.2,4.5442,0.1821,-0.0442,0.0179
all-purpose flour + salt + warm water 110 degrees f/45 degrees c,35,4.5029,4.6,515.34,7,0.2,4.5442,0.1821,-0.0413,0.0179
cinnamon + honey + salt,25,4.504,4.6,147.56,5,0.2,4.5442,0.1821,-0.0402,0.0179
baking soda + egg + shortening,40,4.505,4.6,253.48,8,0.2,4.5442,0.1821,-0.0392,0.0179
shortening + water + white sugar,20,4.505,4.6,222.55,4,0.2,4.5442,0.1821,-0.0392,0.0179
baking soda + butter + ginger,15,4.5067,4.5,181.0,3,0.2,4.5442,0.1821,-0.0375,0.0179
baking soda + butter + unsweetened cocoa powder,15,4.5067,4.6,411.53,3,0.2,4.5442,0.1821,-0.0375,0.0179
nutmeg + raisin + walnut,15,4.5067,4.7,128.67,3,0.2,4.5442,0.1821,-0.0375,0.0179
baking soda + vanilla extract + water,40,4.5075,4.6,535.0,8,0.2,4.5442,0.1821,-0.0367,0.0179
all-purpose flour + cornstarch + vanilla extract,20,4.51,4.65,138.55,4,0.2,4.5442,0.1821,-0.0342,0.0179
egg + salt + vegetable oil for frying,20,4.51,4.55,223.9,4,0.2,4.5442,0.1821,-0.0342,0.0179
.25 ounce package active dry yeast + olive oil + salt,10,4.51,4.6,847.2,2,0.2,4.5442,0.1821,-0.0342,0.0179
all-purpose flour + butter + white pepper,10,4.51,4.55,457.6,2,0.2,4.5442,0.1821,-0.0342,0.0179
applesauce + egg + salt,10,4.51,4.6,91.6,2,0.2,4.5442,0.1821,-0.0342,0.0179
baking powder + peanut butter + white sugar,10,4.51,4.5,496.3,2,0.2,4.5442,0.1821,-0.0342,0.0179
baking soda + raisin + water,10,4.51,4.5,75.4,2,0.2,4.5442,0.1821,-0.0342,0.0179
black pepper + cayenne pepper + white sugar,10,4.51,4.6,458.9,2,0.2,4.5442,0.1821,-0.0342,0.0179
egg + parmesan cheese + ricotta cheese,10,4.51,4.55,2532.2,2,0.2,4.5442,0.1821,-0.0342,0.0179
egg + vegetable shortening + white sugar,10,4.51,4.65,83.8,2,0.2,4.5442,0.1821,-0.0342,0.0179
garlic + lemon juiced + parsley,10,4.51,4.6,390.3,2,0.2,4.5442,0.1821,-0.0342,0.0179
garlic + sour cream + worcestershire sauce,10,4.51,4.65,394.4,2,0.2,4.5442,0.1821,-0.0342,0.0179
molasse + salt + whole wheat flour,10,4.51,4.55,64.3,2,0.2,4.5442,0.1821,-0.0342,0.0179
onion + tomato paste + vegetable oil,10,4.51,4.5,291.4,2,0.2,4.5442,0.1821,-0.0342,0.0179
warm water 110 degrees f/45 degrees c + water + white sugar,10,4.51,4.55,175.0,2,0.2,4.5442,0.1821,-0.0342,0.0179
milk + parmesan cheese + salt,25,4.512,4.6,527.56,5,0.2,4.5442,0.1821,-0.0322,0.0179
paprika + salt + water,25,4.512,4.5,315.92,5,0.2,4.5442,0.1821,-0.0322,0.0179
all-purpose flour + baking powder + black pepper,15,4.5133,4.6,281.47,3,0.2,4.5442,0.1821,-0.0309,0.0179
baking soda + canola oil + egg,15,4.5133,4.5,219.0,3,0.2,4.5442,0.1821,-0.0309,0.0179
butter + confectioners' sugar + packed brown sugar,15,4.5133,4.5,157.8,3,0.2,4.5442,0.1821,-0.0309,0.0179
cayenne pepper + paprika + vegetable oil,15,4.5133,4.6,311.93,3,0.2,4.5442,0.1821,-0.0309,0.0179
cinnamon + garlic + water,15,4.5133,4.5,107.07,3,0.2,4.5442,0.1821,-0.0309,0.0179
cinnamon + nutmeg + shortening,15,4.5133,4.6,135.07,3,0.2,4.5442,0.1821,-0.0309,0.0179
olive oil + parmesan cheese + water,15,4.5133,4.5,246.2,3,0.2,4.5442,0.1821,-0.0309,0.0179
all-purpose flour + baking soda + shortening,55,4.5145,4.6,412.49,11,0.2,4.5442,0.1821,-0.0297,0.0179
brown sugar + cinnamon + milk,40,4.515,4.55,360.7,8,0.2,4.5442,0.1821,-0.0292,0.0179
all-purpose flour + butter + cream of tartar,20,4.515,4.55,823.8,4,0.2,4.5442,0.1821,-0.0292,0.0179
olive oil + onion + tomato paste,20,4.515,4.5,183.65,4,0.2,4.5442,0.1821,-0.0292,0.0179
egg + packed brown sugar + white sugar,75,4.516,4.6,892.31,15,0.2,4.5442,0.1821,-0.0282,0.0179
cumin + garlic + large onion,25,4.516,4.5,203.08,5,0.2,4.5442,0.1821,-0.0282,0.0179
garlic + onion + vegetable oil,85,4.52,4.5,420.38,17,0.2,4.5442,0.1821,-0.0242,0.0179
garlic + green bell pepper + water,30,4.52,4.6,329.87,6,0.2,4.5442,0.1821,-0.0242,0.0179
garlic + milk + olive oil,25,4.52,4.6,237.8,5,0.2,4.5442,0.1821,-0.0242,0.0179
onion + pepper + salt,20,4.52,4.5,372.15,4,0.2,4.5442,0.1821,-0.0242,0.0179
8 ounce packages cream cheese + egg + white sugar,15,4.52,4.6,745.27,3,0.2,4.5442,0.1821,-0.0242,0.0179
baking powder + baking soda + canola oil,15,4.52,4.5,122.2,3,0.2,4.5442,0.1821,-0.0242,0.0179
red wine vinegar + salt + white sugar,15,4.52,4.6,269.2,3,0.2,4.5442,0.1821,-0.0242,0.0179
all-purpose flour + applesauce + salt,10,4.52,4.6,99.7,2,0.2,4.5442,0.1821,-0.0242,0.0179
all-purpose flour + baking soda + mashed banana,10,4.52,4.65,735.6,2,0.2,4.5442,0.1821,-0.0242,0.0179
all-purpose flour + cayenne pepper + parsley,10,4.52,4.6,93.7,2,0.2,4.5442,0.1821,-0.0242,0.0179
all-purpose flour + egg + vegetable shortening,10,4.52,4.65,64.3,2,0.2,4.5442,0.1821,-0.0242,0.0179
all-purpose flour + salt + warm milk,10,4.52,4.6,493.8,2,0.2,4.5442,0.1821,-0.0242,0.0179
allspice + nutmeg + water,10,4.52,4.6,139.3,2,0.2,4.5442,0.1821,-0.0242,0.0179
baking soda + egg white + white sugar,10,4.52,4.7,183.3,2,0.2,4.5442,0.1821,-0.0242,0.0179
brown sugar + cornstarch + ginger,10,4.52,4.55,318.6,2,0.2,4.5442,0.1821,-0.0242,0.0179
celery + green onion + salt,10,4.52,4.6,196.2,2,0.2,4.5442,0.1821,-0.0242,0.0179
dried thyme + green bell pepper + salt,10,4.52,4.55,86.7,2,0.2,4.5442,0.1821,-0.0242,0.0179
garam masala + salt + water,10,4.52,4.6,231.3,2,0.2,4.5442,0.1821,-0.0242,0.0179
garlic + large onion + turmeric,10,4.52,4.55,239.8,2,0.2,4.5442,0.1821,-0.0242,0.0179
large egg + parmesan cheese + parsley,10,4.52,4.55,510.0,2,0.2,4.5442,0.1821,-0.0242,0.0179
large onion + salt and pepper + water,10,4.52,4.6,179.3,2,0.2,4.5442,0.1821,-0.0242,0.0179
olive oil + parsley + white sugar,10,4.52,4.55,87.4,2,0.2,4.5442,0.1821,-0.0242,0.0179
onion + parsley + vegetable oil,10,4.52,4.6,128.4,2,0.2,4.5442,0.1821,-0.0242,0.0179
all-purpose flour + cheddar cheese + salt,30,4.5267,4.6,354.97,6,0.2,4.5442,0.1821,-0.0175,0.0179
all-purpose flour + distilled white vinegar + water,15,4.5267,4.6,434.27,3,0.2,4.5442,0.1821,-0.0175,0.0179
nutmeg + salt + shortening,15,4.5267,4.6,136.53,3,0.2,4.5442,0.1821,-0.0175,0.0179
bay leave + black pepper + garlic,25,4.528,4.6,245.2,5,0.2,4.5442,0.1821,-0.0162,0.0179
all-purpose flour + baking powder + whole milk,10,4.53,4.55,404.5,2,0.2,4.5442,0.1821,-0.0142,0.0179
all-purpose flour + clove + pumpkin puree,10,4.53,4.6,152.4,2,0.2,4.5442,0.1821,-0.0142,0.0179
all-purpose flour + garlic + white wine,10,4.53,4.6,375.9,2,0.2,4.5442,0.1821,-0.0142,0.0179
all-purpose flour + salt + white pepper,10,4.53,4.55,444.4,2,0.2,4.5442,0.1821,-0.0142,0.0179
all-purpose flour + vegetable oil + whole wheat flour,10,4.53,4.55,210.6,2,0.2,4.5442,0.1821,-0.0142,0.0179
baking powder + packed light brown sugar + vanilla extract,10,4.53,4.55,296.5,2,0.2,4.5442,0.1821,-0.0142,0.0179
basil + onion + salt,10,4.53,4.55,497.7,2,0.2,4.5442,0.1821,-0.0142,0.0179
bay leave + dried oregano + garlic,10,4.53,4.6,493.3,2,0.2,4.5442,0.1821,-0.0142,0.0179
beef + ketchup + water,10,4.53,4.55,622.7,2,0.2,4.5442,0.1821,-0.0142,0.0179
beef + salt + sour cream,10,4.53,4.6,301.7,2,0.2,4.5442,0.1821,-0.0142,0.0179
black pepper + large egg + parsley,10,4.53,4.5,161.3,2,0.2,4.5442,0.1821,-0.0142,0.0179
black pepper + medium onion + vegetable oil,10,4.53,4.55,711.3,2,0.2,4.5442,0.1821,-0.0142,0.0179
butter + confectioners' sugar for dusting + egg,10,4.53,4.65,313.6,2,0.2,4.5442,0.1821,-0.0142,0.0179
butter + mozzarella cheese + onion,10,4.53,4.5,683.3,2,0.2,4.5442,0.1821,-0.0142,0.0179
canola oil + garlic + salt,10,4.53,4.6,176.4,2,0.2,4.5442,0.1821,-0.0142,0.0179
canola oil + vanilla extract + white sugar,10,4.53,4.6,453.1,2,0.2,4.5442,0.1821,-0.0142,0.0179
chili powder + dried oregano + water,10,4.53,4.6,691.2,2,0.2,4.5442,0.1821,-0.0142,0.0179
cinnamon + lemon zest + nutmeg,10,4.53,4.6,141.8,2,0.2,4.5442,0.1821,-0.0142,0.0179
cornstarch + large egg + water,10,4.53,4.5,626.2,2,0.2,4.5442,0.1821,-0.0142,0.0179
dried basil + dried thyme + olive oil,10,4.53,4.6,594.9,2,0.2,4.5442,0.1821,-0.0142,0.0179
dry bread crumb + onion + salt,10,4.53,4.6,341.7,2,0.2,4.5442,0.1821,-0.0142,0.0179
egg + flaked coconut + packed brown sugar,10,4.53,4.6,124.5,2,0.2,4.5442,0.1821,-0.0142,0.0179
salt + self-rising flour + white sugar,10,4.53,4.6,194.0,2,0.2,4.5442,0.1821,-0.0142,0.0179
salt + sifted confectioners' sugar + white sugar,10,4.53,4.6,346.5,2,0.2,4.5442,0.1821,-0.0142,0.0179
semisweet chocolate chip + unsalted butter + vanilla extract,10,4.53,4.5,1496.3,2,0.2,4.5442,0.1821,-0.0142,0.0179
allspice + butter + cinnamon,25,4.532,4.6,155.2,5,0.2,4.5442,0.1821,-0.0122,0.0179
all-purpose flour + almond extract + egg,30,4.5333,4.55,171.03,6,0.2,4.5442,0.1821,-0.0109,0.0179
butter + flaked coconut + white sugar,30,4.5333,4.6,184.43,6,0.2,4.5442,0.1821,-0.0109,0.0179
baking powder + cooking spray + milk,15,4.5333,4.6,1633.6,3,0.2,4.5442,0.1821,-0.0109,0.0179
beef + black pepper + onion powder,15,4.5333,4.6,441.6,3,0.2,4.5442,0.1821,-0.0109,0.0179
butter + large egg + semisweet chocolate chip,15,4.5333,4.5,885.2,3,0.2,4.5442,0.1821,-0.0109,0.0179
carrot + olive oil + stalks celery,15,4.5333,4.6,418.73,3,0.2,4.5442,0.1821,-0.0109,0.0179
brown sugar + ginger + nutmeg,20,4.535,4.6,148.85,4,0.2,4.5442,0.1821,-0.0092,0.0179
all-purpose flour + butter + flaked coconut,25,4.536,4.6,200.44,5,0.2,4.5442,0.1821,-0.0082,0.0179
butter + mushroom + onion,25,4.536,4.6,275.4,5,0.2,4.5442,0.1821,-0.0082,0.0179
all-purpose flour + cold water + salt,30,4.5367,4.6,249.63,6,0.2,4.5442,0.1821,-0.0075,0.0179
baking powder + salt + white sugar,565,4.5382,4.6,547.7,113,0.2,4.5442,0.1821,-0.006,0.0179
all-purpose flour + onion + parsley,30,4.54,4.6,390.27,6,0.2,4.5442,0.1821,-0.0042,0.0179
all-purpose flour + cumin + garlic,25,4.54,4.6,109.32,5,0.2,4.5442,0.1821,-0.0042,0.0179
cayenne pepper + cumin + water,25,4.54,4.6,308.68,5,0.2,4.5442,0.1821,-0.0042,0.0179
baking powder + baking soda + rolled oat,20,4.54,4.6,359.15,4,0.2,4.5442,0.1821,-0.0042,0.0179
black pepper + onion + red pepper flake,20,4.54,4.6,362.65,4,0.2,4.5442,0.1821,-0.0042,0.0179
allspice + garlic + salt,15,4.54,4.5,141.2,3,0.2,4.5442,0.1821,-0.0042,0.0179
baking powder + lemon juice + lemon zest,15,4.54,4.5,111.0,3,0.2,4.5442,0.1821,-0.0042,0.0179
beef + olive oil + salt,15,4.54,4.6,370.6,3,0.2,4.5442,0.1821,-0.0042,0.0179
butter + egg + heavy cream,15,4.54,4.5,145.33,3,0.2,4.5442,0.1821,-0.0042,0.0179
curry powder + garlic + salt,15,4.54,4.6,577.53,3,0.2,4.5442,0.1821,-0.0042,0.0179
garlic + soy sauce + worcestershire sauce,15,4.54,4.5,420.27,3,0.2,4.5442,0.1821,-0.0042,0.0179
all-purpose flour + confectioners' sugar for dusting + vanilla extract,10,4.54,4.65,323.7,2,0.2,4.5442,0.1821,-0.0042,0.0179
bacon + garlic + salt and black pepper,10,4.54,4.5,272.1,2,0.2,4.5442,0.1821,-0.0042,0.0179
baking powder + confectioners' sugar + nutmeg,10,4.54,4.55,575.4,2,0.2,4.5442,0.1821,-0.0042,0.0179
baking soda + large egg + margarine,10,4.54,4.6,1524.0,2,0.2,4.5442,0.1821,-0.0042,0.0179
black pepper + chicken stock + onion,10,4.54,4.6,90.6,2,0.2,4.5442,0.1821,-0.0042,0.0179
corn syrup + salt + vanilla extract,10,4.54,4.65,430.0,2,0.2,4.5442,0.1821,-0.0042,0.0179
cumin + ginger + salt,10,4.54,4.55,345.7,2,0.2,4.5442,0.1821,-0.0042,0.0179
cumin + tomato paste + water,10,4.54,4.5,69.7,2,0.2,4.5442,0.1821,-0.0042,0.0179
garlic + olive oil + water or as needed,10,4.54,4.55,246.9,2,0.2,4.5442,0.1821,-0.0042,0.0179
garlic + red wine + salt,10,4.54,4.6,87.5,2,0.2,4.5442,0.1821,-0.0042,0.0179
milk or as needed + salt + white sugar,10,4.54,4.6,170.0,2,0.2,4.5442,0.1821,-0.0042,0.0179
onion + water + worcestershire sauce,30,4.5433,4.6,600.87,6,0.2,4.5442,0.1821,-0.0009,0.0179
baking powder + brown sugar + nutmeg,20,4.545,4.65,301.55,4,0.2,4.5442,0.1821,0.0008,0.0179
6 ounce can tomato paste + black pepper + salt,15,4.5467,4.6,809.27,3,0.2,4.5442,0.1821,0.0025,0.0179
all-purpose flour + eggs separated + white sugar,15,4.5467,4.6,88.33,3,0.2,4.5442,0.1821,0.0025,0.0179
baking soda + packed brown sugar + water,15,4.5467,4.6,1128.53,3,0.2,4.5442,0.1821,0.0025,0.0179
black pepper + sesame oil + white sugar,15,4.5467,4.6,209.2,3,0.2,4.5442,0.1821,0.0025,0.0179
butter + egg + egg yolk,15,4.5467,4.6,219.47,3,0.2,4.5442,0.1821,0.0025,0.0179
ginger + nutmeg + vanilla extract,25,4.548,4.6,95.76,5,0.2,4.5442,0.1821,0.0038,0.0179
garlic + mozzarella cheese + olive oil,35,4.5486,4.5,238.83,7,0.2,4.5442,0.1821,0.0044,0.0179
all-purpose flour + mushroom + onion,20,4.55,4.6,464.9,4,0.2,4.5442,0.1821,0.0058,0.0179
large egg + shortening + white sugar,20,4.55,4.6,965.15,4,0.2,4.5442,0.1821,0.0058,0.0179
28 ounce can tomatoe + dried basil + garlic,10,4.55,4.6,343.0,2,0.2,4.5442,0.1821,0.0058,0.0179
8 ounce can tomato sauce + dried basil + garlic,10,4.55,4.5,264.9,2,0.2,4.5442,0.1821,0.0058,0.0179
all-purpose flour + egg + sifted confectioners' sugar,10,4.55,4.6,202.1,2,0.2,4.5442,0.1821,0.0058,0.0179
all-purpose flour + pecan halve + white sugar,10,4.55,4.7,148.4,2,0.2,4.5442,0.1821,0.0058,0.0179
almond + butter + egg,10,4.55,4.6,178.7,2,0.2,4.5442,0.1821,0.0058,0.0179
baking powder + lemon zest + vanilla extract,10,4.55,4.65,210.9,2,0.2,4.5442,0.1821,0.0058,0.0179
baking powder + white sugar + whole milk,10,4.55,4.65,373.3,2,0.2,4.5442,0.1821,0.0058,0.0179
beef + cumin + paprika,10,4.55,4.55,174.3,2,0.2,4.5442,0.1821,0.0058,0.0179
black pepper + cumin + green onion,10,4.55,4.7,146.4,2,0.2,4.5442,0.1821,0.0058,0.0179
butter + light brown sugar + salt,10,4.55,4.65,302.8,2,0.2,4.5442,0.1821,0.0058,0.0179
butter + pumpkin puree + vanilla extract,10,4.55,4.6,222.0,2,0.2,4.5442,0.1821,0.0058,0.0179
cayenne pepper + cumin + dried thyme,10,4.55,4.6,218.1,2,0.2,4.5442,0.1821,0.0058,0.0179
cayenne pepper + garlic + medium onion,10,4.55,4.6,318.3,2,0.2,4.5442,0.1821,0.0058,0.0179
cornstarch + rice vinegar + soy sauce,10,4.55,4.6,417.3,2,0.2,4.5442,0.1821,0.0058,0.0179
cumin + olive oil + red pepper flake,10,4.55,4.6,119.3,2,0.2,4.5442,0.1821,0.0058,0.0179
cumin + onion + sour cream,10,4.55,4.6,254.6,2,0.2,4.5442,0.1821,0.0058,0.0179
olive oil + stalks celery + water,10,4.55,4.6,676.4,2,0.2,4.5442,0.1821,0.0058,0.0179
sour cream + vanilla extract + walnut,10,4.55,4.6,1304.2,2,0.2,4.5442,0.1821,0.0058,0.0179
black pepper + dried parsley + garlic,25,4.552,4.6,465.04,5,0.2,4.5442,0.1821,0.0078,0.0179
margarine + milk + salt,25,4.552,4.7,677.28,5,0.2,4.5442,0.1821,0.0078,0.0179
brown sugar + lemon juice + white sugar,15,4.5533,4.7,339.0,3,0.2,4.5442,0.1821,0.0091,0.0179
butter + green onion + parmesan cheese,15,4.5533,4.6,579.87,3,0.2,4.5442,0.1821,0.0091,0.0179
coriander + cumin + turmeric,15,4.5533,4.6,275.73,3,0.2,4.5442,0.1821,0.0091,0.0179
black pepper + garlic + large onion,35,4.5543,4.6,237.86,7,0.2,4.5442,0.1821,0.0101,0.0179
black pepper + carrot + garlic,55,4.5545,4.6,205.51,11,0.2,4.5442,0.1821,0.0103,0.0179
milk + salt + water,55,4.5545,4.6,388.07,11,0.2,4.5442,0.1821,0.0103,0.0179
carrot + garlic + olive oil,50,4.556,4.6,264.94,10,0.2,4.5442,0.1821,0.0118,0.0179
all-purpose flour + clove + ginger,45,4.5578,4.6,590.67,9,0.2,4.5442,0.1821,0.0136,0.0179
butter + large egg + nutmeg,25,4.56,4.6,359.28,5,0.2,4.5442,0.1821,0.0158,0.0179
allspice + butter + salt,15,4.56,4.6,212.93,3,0.2,4.5442,0.1821,0.0158,0.0179
confectioners' sugar + egg + vegetable oil,15,4.56,4.6,766.93,3,0.2,4.5442,0.1821,0.0158,0.0179
egg + nutmeg + water,15,4.56,4.6,804.67,3,0.2,4.5442,0.1821,0.0158,0.0179
garlic + ketchup + salt,15,4.56,4.7,330.0,3,0.2,4.5442,0.1821,0.0158,0.0179
all-purpose flour + salt and black pepper + worcestershire sauce,10,4.56,4.65,189.6,2,0.2,4.5442,0.1821,0.0158,0.0179
all-purpose flour + white sugar + yellow cornmeal,10,4.56,4.7,796.5,2,0.2,4.5442,0.1821,0.0158,0.0179
baking soda + cornmeal + white sugar,10,4.56,4.6,975.2,2,0.2,4.5442,0.1821,0.0158,0.0179
beef + black pepper + brown sugar,10,4.56,4.6,290.0,2,0.2,4.5442,0.1821,0.0158,0.0179
black pepper + honey + onion,10,4.56,4.6,424.0,2,0.2,4.5442,0.1821,0.0158,0.0179
butter + maple syrup + salt,10,4.56,4.65,110.1,2,0.2,4.5442,0.1821,0.0158,0.0179
cayenne pepper + green onion + onion,10,4.56,4.65,185.0,2,0.2,4.5442,0.1821,0.0158,0.0179
cinnamon + packed light brown sugar + vanilla extract,10,4.56,4.6,893.3,2,0.2,4.5442,0.1821,0.0158,0.0179
confectioners' sugar + egg + shortening,10,4.56,4.6,273.7,2,0.2,4.5442,0.1821,0.0158,0.0179
confectioners' sugar + lemon juice + lemon zest,10,4.56,4.65,326.1,2,0.2,4.5442,0.1821,0.0158,0.0179
egg + white sugar + white vinegar,10,4.56,4.65,1820.7,2,0.2,4.5442,0.1821,0.0158,0.0179
garlic + large egg + milk,10,4.56,4.55,555.8,2,0.2,4.5442,0.1821,0.0158,0.0179
garlic powder + mozzarella cheese + salt,10,4.56,4.65,301.1,2,0.2,4.5442,0.1821,0.0158,0.0179
cayenne pepper + green bell pepper + onion,25,4.564,4.6,283.24,5,0.2,4.5442,0.1821,0.0198,0.0179
onion + red bell pepper + salt,25,4.564,4.6,108.08,5,0.2,4.5442,0.1821,0.0198,0.0179
butter + raisin + salt,40,4.565,4.6,398.8,8,0.2,4.5442,0.1821,0.0208,0.0179
all-purpose flour + butter + worcestershire sauce,20,4.565,4.6,360.15,4,0.2,4.5442,0.1821,0.0208,0.0179
large egg + margarine + white sugar,20,4.565,4.6,1059.65,4,0.2,4.5442,0.1821,0.0208,0.0179
brown sugar + ketchup + worcestershire sauce,35,4.5657,4.6,402.26,7,0.2,4.5442,0.1821,0.0215,0.0179
15 ounce can pumpkin puree + ginger + salt,15,4.5667,4.7,1256.13,3,0.2,4.5442,0.1821,0.0225,0.0179
baking powder + cinnamon + cooking spray,15,4.5667,4.6,368.53,3,0.2,4.5442,0.1821,0.0225,0.0179
all-purpose flour + black pepper + worcestershire sauce,25,4.568,4.6,718.96,5,0.2,4.5442,0.1821,0.0238,0.0179
walnut + water + white sugar,20,4.57,4.6,348.3,4,0.2,4.5442,0.1821,0.0258,0.0179
all-purpose flour + garlic + green onion,10,4.57,4.65,347.8,2,0.2,4.5442,0.1821,0.0258,0.0179
almond + salt + vegetable oil,10,4.57,4.6,270.7,2,0.2,4.5442,0.1821,0.0258,0.0179
baking soda + buttermilk + confectioners' sugar,10,4.57,4.6,276.3,2,0.2,4.5442,0.1821,0.0258,0.0179
bay leave + butter + garlic,10,4.57,4.6,247.3,2,0.2,4.5442,0.1821,0.0258,0.0179
black pepper + carrot + worcestershire sauce,10,4.57,4.7,113.6,2,0.2,4.5442,0.1821,0.0258,0.0179
butter + walnut + water,10,4.57,4.6,392.1,2,0.2,4.5442,0.1821,0.0258,0.0179
cinnamon + lemon juice + vanilla extract,10,4.57,4.8,184.2,2,0.2,4.5442,0.1821,0.0258,0.0179
cinnamon + light brown sugar + nutmeg,10,4.57,4.65,131.8,2,0.2,4.5442,0.1821,0.0258,0.0179
egg yolk + nutmeg + salt,10,4.57,4.7,188.2,2,0.2,4.5442,0.1821,0.0258,0.0179
garlic + olive oil + turkey,10,4.57,4.55,297.7,2,0.2,4.5442,0.1821,0.0258,0.0179
garlic + water + whole black peppercorn,10,4.57,4.6,53.5,2,0.2,4.5442,0.1821,0.0258,0.0179
margarine + milk + white sugar,25,4.572,4.6,641.36,5,0.2,4.5442,0.1821,0.0278,0.0179
allspice + salt + water,15,4.5733,4.6,185.67,3,0.2,4.5442,0.1821,0.0291,0.0179
butter + olive oil + shallot,15,4.5733,4.6,211.87,3,0.2,4.5442,0.1821,0.0291,0.0179
garlic powder + onion + vegetable oil,15,4.5733,4.6,320.8,3,0.2,4.5442,0.1821,0.0291,0.0179
mozzarella cheese + salt + water,15,4.5733,4.6,311.13,3,0.2,4.5442,0.1821,0.0291,0.0179
allspice + cinnamon + egg,25,4.576,4.6,226.44,5,0.2,4.5442,0.1821,0.0318,0.0179
baking soda + brown sugar + nutmeg,20,4.58,4.7,123.9,4,0.2,4.5442,0.1821,0.0358,0.0179
butter + heavy whipping cream + salt,20,4.58,4.6,206.8,4,0.2,4.5442,0.1821,0.0358,0.0179
butter + garlic powder + olive oil,15,4.58,4.6,107.0,3,0.2,4.5442,0.1821,0.0358,0.0179
flaked coconut + salt + walnut,15,4.58,4.7,448.0,3,0.2,4.5442,0.1821,0.0358,0.0179
12 fluid ounce can evaporated milk + 14 ounce can sweetened condensed milk + white sugar,10,4.58,4.65,425.2,2,0.2,4.5442,0.1821,0.0358,0.0179
bacon + butter + milk,10,4.58,4.6,334.5,2,0.2,4.5442,0.1821,0.0358,0.0179
baking soda + egg yolk + salt,10,4.58,4.7,1457.0,2,0.2,4.5442,0.1821,0.0358,0.0179
black pepper + cumin + turmeric,10,4.58,4.65,247.0,2,0.2,4.5442,0.1821,0.0358,0.0179
black pepper + green onion + sesame seed,10,4.58,4.7,238.8,2,0.2,4.5442,0.1821,0.0358,0.0179
butter + egg + maple syrup,10,4.58,4.65,357.4,2,0.2,4.5442,0.1821,0.0358,0.0179
butter + garlic + salt and freshly black pepper,10,4.58,4.65,466.0,2,0.2,4.5442,0.1821,0.0358,0.0179
butter + vegetable oil + walnut,10,4.58,4.65,474.4,2,0.2,4.5442,0.1821,0.0358,0.0179
cinnamon + eggs lightly + white sugar,10,4.58,4.6,312.6,2,0.2,4.5442,0.1821,0.0358,0.0179
cinnamon + sifted all-purpose flour + white sugar,10,4.58,4.6,519.1,2,0.2,4.5442,0.1821,0.0358,0.0179
cinnamon + unsweetened cocoa powder + white sugar,10,4.58,4.6,252.3,2,0.2,4.5442,0.1821,0.0358,0.0179
dried basil + dried marjoram + dried thyme,10,4.58,4.6,318.1,2,0.2,4.5442,0.1821,0.0358,0.0179
dried oregano + garlic powder + vegetable oil,10,4.58,4.7,366.2,2,0.2,4.5442,0.1821,0.0358,0.0179
egg + nutmeg + zucchini,10,4.58,4.7,136.9,2,0.2,4.5442,0.1821,0.0358,0.0179
nutmeg + vegetable oil + zucchini,10,4.58,4.7,140.9,2,0.2,4.5442,0.1821,0.0358,0.0179
rice vinegar + soy sauce + water,10,4.58,4.65,424.5,2,0.2,4.5442,0.1821,0.0358,0.0179
all-purpose flour + large egg + lemon juice,15,4.5867,4.7,145.2,3,0.2,4.5442,0.1821,0.0425,0.0179
garlic powder + pepper + salt,15,4.5867,4.5,357.4,3,0.2,4.5442,0.1821,0.0425,0.0179
12 fluid ounce can evaporated milk + 14 ounce can sweetened condensed milk + vanilla extract,10,4.59,4.65,450.4,2,0.2,4.5442,0.1821,0.0458,0.0179
8 ounce can tomato sauce + salt + water,10,4.59,4.65,316.3,2,0.2,4.5442,0.1821,0.0458,0.0179
all-purpose flour + baking soda + bananas mashed,10,4.59,4.7,1977.9,2,0.2,4.5442,0.1821,0.0458,0.0179
all-purpose flour + milk + raisin,10,4.59,4.7,372.6,2,0.2,4.5442,0.1821,0.0458,0.0179
allspice + garlic + olive oil,10,4.59,4.5,34.5,2,0.2,4.5442,0.1821,0.0458,0.0179
black pepper + carrot + white sugar,10,4.59,4.6,485.4,2,0.2,4.5442,0.1821,0.0458,0.0179
brown sugar + lemon juice + water,10,4.59,4.6,91.4,2,0.2,4.5442,0.1821,0.0458,0.0179
butter + garlic + white sugar,10,4.59,4.6,604.7,2,0.2,4.5442,0.1821,0.0458,0.0179
butter + paprika + salt and black pepper,10,4.59,4.7,259.9,2,0.2,4.5442,0.1821,0.0458,0.0179
clove + salt + shortening,10,4.59,4.7,125.6,2,0.2,4.5442,0.1821,0.0458,0.0179
egg + heavy cream + salt,10,4.59,4.6,120.0,2,0.2,4.5442,0.1821,0.0458,0.0179
egg + salt + small onion,10,4.59,4.7,439.5,2,0.2,4.5442,0.1821,0.0458,0.0179
egg + semisweet chocolate chip + vegetable oil,10,4.59,4.7,1067.1,2,0.2,4.5442,0.1821,0.0458,0.0179
garlic + garlic powder + paprika,10,4.59,4.7,348.7,2,0.2,4.5442,0.1821,0.0458,0.0179
garlic + olive oil + ricotta cheese,10,4.59,4.6,380.3,2,0.2,4.5442,0.1821,0.0458,0.0179
garlic powder + milk + onion,10,4.59,4.6,417.2,2,0.2,4.5442,0.1821,0.0458,0.0179
large egg + unsalted butter + walnut,10,4.59,4.75,352.6,2,0.2,4.5442,0.1821,0.0458,0.0179
milk + walnut + white sugar,25,4.592,4.7,447.6,5,0.2,4.5442,0.1821,0.0478,0.0179
all-purpose flour + cinnamon + cooking spray,15,4.5933,4.7,373.47,3,0.2,4.5442,0.1821,0.0491,0.0179
cinnamon + confectioners' sugar + nutmeg,15,4.5933,4.7,446.2,3,0.2,4.5442,0.1821,0.0491,0.0179
coriander + garlic + vegetable oil,15,4.5933,4.6,167.0,3,0.2,4.5442,0.1821,0.0491,0.0179
baking powder + lemon zest + salt,20,4.595,4.65,144.05,4,0.2,4.5442,0.1821,0.0508,0.0179
butter + cumin + salt,15,4.6,4.7,312.93,3,0.2,4.5442,0.1821,0.0558,0.0179
garlic + lime juice + white sugar,15,4.6,4.7,123.4,3,0.2,4.5442,0.1821,0.0558,0.0179
garlic + stalks celery + vegetable oil,15,4.6,4.6,149.0,3,0.2,4.5442,0.1821,0.0558,0.0179
all-purpose flour + egg + plain yogurt,10,4.6,4.65,364.0,2,0.2,4.5442,0.1821,0.0558,0.0179
cayenne pepper + lime juice + olive oil,10,4.6,4.7,315.1,2,0.2,4.5442,0.1821,0.0558,0.0179
egg + plain yogurt + salt,10,4.6,4.65,365.3,2,0.2,4.5442,0.1821,0.0558,0.0179
garlic + mozzarella cheese + ricotta cheese,10,4.6,4.7,2593.3,2,0.2,4.5442,0.1821,0.0558,0.0179
italian seasoning + large egg + parmesan cheese,10,4.6,4.65,179.6,2,0.2,4.5442,0.1821,0.0558,0.0179
cilantro + garlic + lime juice,30,4.6067,4.7,240.57,6,0.2,4.5442,0.1821,0.0625,0.0179
cumin + garlic + lime juice,15,4.6067,4.6,250.73,3,0.2,4.5442,0.1821,0.0625,0.0179
clove + salt + water,25,4.608,4.6,935.88,5,0.2,4.5442,0.1821,0.0638,0.0179
carrot + celery + olive oil,20,4.61,4.65,287.95,4,0.2,4.5442,0.1821,0.0658,0.0179
allspice + butter + clove,10,4.61,4.7,135.1,2,0.2,4.5442,0.1821,0.0658,0.0179
bay leaf + dried oregano + olive oil,10,4.61,4.6,403.7,2,0.2,4.5442,0.1821,0.0658,0.0179
black pepper + cumin + red pepper flake,10,4.61,4.7,357.5,2,0.2,4.5442,0.1821,0.0658,0.0179
butter + egg + sugar,10,4.61,4.65,109.8,2,0.2,4.5442,0.1821,0.0658,0.0179
butter + freshly black pepper + milk,10,4.61,4.7,135.5,2,0.2,4.5442,0.1821,0.0658,0.0179
butter + heavy cream + vanilla extract,10,4.61,4.7,96.3,2,0.2,4.5442,0.1821,0.0658,0.0179
cayenne pepper + green bell pepper + green onion,10,4.61,4.65,186.9,2,0.2,4.5442,0.1821,0.0658,0.0179
distilled white vinegar + garlic + water,10,4.61,4.75,297.3,2,0.2,4.5442,0.1821,0.0658,0.0179
freshly black pepper + large egg + onion,10,4.61,4.7,154.1,2,0.2,4.5442,0.1821,0.0658,0.0179
freshly parmesan cheese + garlic + salt,10,4.61,4.7,278.7,2,0.2,4.5442,0.1821,0.0658,0.0179
garlic + ginger root + green onion,10,4.61,4.65,362.2,2,0.2,4.5442,0.1821,0.0658,0.0179
garlic powder + onion powder + white sugar,10,4.61,4.7,129.8,2,0.2,4.5442,0.1821,0.0658,0.0179
celery + olive oil + onion,25,4.612,4.7,272.52,5,0.2,4.5442,0.1821,0.0678,0.0179
bacon + butter + salt and black pepper,10,4.62,4.7,101.7,2,0.2,4.5442,0.1821,0.0758,0.0179
brown sugar + cornstarch + salt,10,4.62,4.75,472.3,2,0.2,4.5442,0.1821,0.0758,0.0179
celery + green bell pepper + green onion,10,4.62,4.7,279.5,2,0.2,4.5442,0.1821,0.0758,0.0179
cilantro + lime juice + white sugar,10,4.62,4.75,150.6,2,0.2,4.5442,0.1821,0.0758,0.0179
egg lightly + salt + white sugar,10,4.62,4.7,1851.0,2,0.2,4.5442,0.1821,0.0758,0.0179
flour + large egg + salt,10,4.62,4.7,406.5,2,0.2,4.5442,0.1821,0.0758,0.0179
all-purpose flour + flaked coconut + large egg,10,4.63,4.75,523.7,2,0.2,4.5442,0.1821,0.0858,0.0179
black pepper + garlic + lemon zest,10,4.63,4.75,68.9,2,0.2,4.5442,0.1821,0.0858,0.0179
cinnamon + large egg + sour cream,10,4.63,4.7,216.5,2,0.2,4.5442,0.1821,0.0858,0.0179
cumin + garlic + plain yogurt,10,4.63,4.7,177.5,2,0.2,4.5442,0.1821,0.0858,0.0179
flaked coconut + large egg + vanilla extract,10,4.63,4.75,499.8,2,0.2,4.5442,0.1821,0.0858,0.0179
confectioners' sugar + walnut + white sugar,15,4.64,4.7,560.33,3,0.2,4.5442,0.1821,0.0958,0.0179
all-purpose flour + lemon juice + unsalted butter,10,4.64,4.7,351.3,2,0.2,4.5442,0.1821,0.0958,0.0179
light brown sugar + milk + white sugar,10,4.64,4.7,370.3,2,0.2,4.5442,0.1821,0.0958,0.0179
8 ounce package cream cheese + salt + walnut,10,4.65,4.8,295.7,2,0.2,4.5442,0.1821,0.1058,0.0179
arborio rice + butter + garlic,10,4.65,4.7,71.2,2,0.2,4.5442,0.1821,0.1058,0.0179
bread crumb + garlic + salt,10,4.65,4.7,635.0,2,0.2,4.5442,0.1821,0.1058,0.0179
baking powder + butter + egg,226,4.5177,4.6,643.14,45,0.1991,4.5442,0.1821,-0.0265,0.017
all-purpose flour + salt + vanilla extract,565,4.5273,4.6,593.72,112,0.1982,4.5442,0.1821,-0.0169,0.0161
all-purpose flour + unsalted butter + white sugar,111,4.5315,4.6,545.95,22,0.1982,4.5442,0.1821,-0.0127,0.0161
all-purpose flour + baking powder + butter,349,4.5289,4.6,588.0,69,0.1977,4.5442,0.1821,-0.0153,0.0156
cilantro + garlic + salt,66,4.5636,4.7,371.59,13,0.197,4.5442,0.1821,0.0194,0.0149
all-purpose flour + baking powder + white sugar,625,4.5307,4.6,571.15,123,0.1968,4.5442,0.1821,-0.0135,0.0147
baking powder + cinnamon + salt,234,4.544,4.6,520.05,46,0.1966,4.5442,0.1821,-0.0002,0.0145
all-purpose flour + vanilla extract + white sugar,627,4.5274,4.6,606.92,123,0.1962,4.5442,0.1821,-0.0168,0.0141
all-purpose flour + butter + egg,415,4.5173,4.6,717.19,81,0.1952,4.5442,0.1821,-0.0269,0.0131
cinnamon + large egg + milk,41,4.5146,4.6,550.44,8,0.1951,4.5442,0.1821,-0.0296,0.013
black pepper + ketchup + salt,41,4.5171,4.6,651.49,8,0.1951,4.5442,0.1821,-0.0271,0.013
egg + salt + water,123,4.5276,4.6,352.86,24,0.1951,4.5442,0.1821,-0.0166,0.013
baking soda + salt + unsweetened cocoa powder,41,4.5341,4.6,771.71,8,0.1951,4.5442,0.1821,-0.0101,0.013
butter + egg yolk + white sugar,41,4.5488,4.6,363.34,8,0.1951,4.5442,0.1821,0.0046,0.013
egg + garlic + onion,41,4.5561,4.6,854.12,8,0.1951,4.5442,0.1821,0.0119,0.013
butter + buttermilk + salt,41,4.561,4.6,567.15,8,0.1951,4.5442,0.1821,0.0168,0.013
all-purpose flour + packed brown sugar + vanilla extract,118,4.5119,4.6,761.49,23,0.1949,4.5442,0.1821,-0.0323,0.0128
black pepper + egg + salt,118,4.522,4.6,356.19,23,0.1949,4.5442,0.1821,-0.0222,0.0128
confectioners' sugar + salt + white sugar,113,4.5558,4.6,600.35,22,0.1947,4.5442,0.1821,0.0116,0.0126
butter + egg + lemon juice,36,4.4833,4.55,264.22,7,0.1944,4.5442,0.1821,-0.0609,0.0123
brown sugar + ginger + salt,36,4.5306,4.55,209.36,7,0.1944,4.5442,0.1821,-0.0136,0.0123
baking soda + cinnamon + water,36,4.5417,4.6,1044.19,7,0.1944,4.5442,0.1821,-0.0025,0.0123
black pepper + cilantro + salt,36,4.5889,4.7,228.61,7,0.1944,4.5442,0.1821,0.0447,0.0123
black pepper + egg + garlic,36,4.5972,4.65,839.69,7,0.1944,4.5442,0.1821,0.053,0.0123
baking powder + brown sugar + vanilla extract,67,4.5269,4.6,233.34,13,0.194,4.5442,0.1821,-0.0173,0.0119
all-purpose flour + garlic + salt,98,4.5449,4.6,364.41,19,0.1939,4.5442,0.1821,0.0007,0.0118
soy sauce + vegetable oil + water,31,4.4516,4.5,724.58,6,0.1935,4.5442,0.1821,-0.0926,0.0114
butter + parmesan cheese + parsley,31,4.5032,4.6,328.23,6,0.1935,4.5442,0.1821,-0.041,0.0114
all-purpose flour + butter + salt and pepper,31,4.5226,4.6,581.48,6,0.1935,4.5442,0.1821,-0.0216,0.0114
all-purpose flour + cinnamon + milk,88,4.5341,4.6,419.44,17,0.1932,4.5442,0.1821,-0.0101,0.0111
brown sugar + cinnamon + nutmeg,57,4.5228,4.6,184.26,11,0.193,4.5442,0.1821,-0.0214,0.0109
baking powder + vanilla extract + white sugar,373,4.5284,4.6,471.43,72,0.193,4.5442,0.1821,-0.0158,0.0109
brown sugar + cinnamon + egg,57,4.5474,4.6,257.67,11,0.193,4.5442,0.1821,0.0032,0.0109
garlic + onion + stalks celery,26,4.4654,4.6,437.73,5,0.1923,4.5442,0.1821,-0.0788,0.0102
baking powder + salt + whole wheat flour,26,4.4962,4.5,143.08,5,0.1923,4.5442,0.1821,-0.048,0.0102
all-purpose flour + cinnamon + margarine,26,4.5038,4.6,610.77,5,0.1923,4.5442,0.1821,-0.0404,0.0102
all-purpose flour + olive oil + white sugar,26,4.5038,4.6,212.42,5,0.1923,4.5442,0.1821,-0.0404,0.0102
beef + egg + salt,26,4.5115,4.55,507.73,5,0.1923,4.5442,0.1821,-0.0327,0.0102
all-purpose flour + baking powder + vanilla extract,390,4.5221,4.6,456.73,75,0.1923,4.5442,0.1821,-0.0221,0.0102
all-purpose flour + garlic + olive oil,52,4.5231,4.6,191.48,10,0.1923,4.5442,0.1821,-0.0211,0.0102
baking powder + confectioners' sugar + milk,26,4.5231,4.5,511.27,5,0.1923,4.5442,0.1821,-0.0211,0.0102
baking powder + buttermilk + white sugar,52,4.5308,4.6,370.5,10,0.1923,4.5442,0.1821,-0.0134,0.0102
all-purpose flour + egg + flaked coconut,26,4.5308,4.6,190.08,5,0.1923,4.5442,0.1821,-0.0134,0.0102
large onion + salt + water,26,4.5308,4.6,302.15,5,0.1923,4.5442,0.1821,-0.0134,0.0102
garlic + olive oil + water,104,4.5317,4.6,322.74,20,0.1923,4.5442,0.1821,-0.0125,0.0102
unsweetened cocoa powder + vanilla extract + vegetable oil,26,4.55,4.7,1002.27,5,0.1923,4.5442,0.1821,0.0058,0.0102
egg + garlic + salt,52,4.5615,4.6,253.65,10,0.1923,4.5442,0.1821,0.0173,0.0102
butter + flaked coconut + vanilla extract,26,4.5654,4.6,189.54,5,0.1923,4.5442,0.1821,0.0212,0.0102
butter + onion + worcestershire sauce,26,4.5769,4.6,256.38,5,0.1923,4.5442,0.1821,0.0327,0.0102
butter + salt + shortening,26,4.5808,4.6,566.0,5,0.1923,4.5442,0.1821,0.0366,0.0102
cayenne pepper + coriander + cumin,26,4.6038,4.65,254.69,5,0.1923,4.5442,0.1821,0.0596,0.0102
garlic + onion + salt and pepper,47,4.5106,4.5,305.4,9,0.1915,4.5442,0.1821,-0.0336,0.0094
all-purpose flour + baking soda + rolled oat,47,4.5149,4.6,523.98,9,0.1915,4.5442,0.1821,-0.0293,0.0094
cinnamon + nutmeg + walnut,47,4.5277,4.6,175.19,9,0.1915,4.5442,0.1821,-0.0165,0.0094
black pepper + onion + parsley,47,4.5468,4.6,852.87,9,0.1915,4.5442,0.1821,0.0026,0.0094
all-purpose flour + black pepper + water,47,4.5574,4.6,318.47,9,0.1915,4.5442,0.1821,0.0132,0.0094
all-purpose flour + confectioners' sugar + white sugar,115,4.5513,4.6,559.7,22,0.1913,4.5442,0.1821,0.0071,0.0092
baking powder + cinnamon + egg,136,4.5434,4.6,435.32,26,0.1912,4.5442,0.1821,-0.0008,0.0091
buttermilk + salt + white sugar,68,4.5544,4.6,501.46,13,0.1912,4.5442,0.1821,0.0102,0.0091
butter + lemon juice + white sugar,68,4.5662,4.6,176.66,13,0.1912,4.5442,0.1821,0.022,0.0091
cornstarch + garlic + vegetable oil,21,4.4667,4.4,423.95,4,0.1905,4.5442,0.1821,-0.0775,0.0084
baking soda + buttermilk + cinnamon,21,4.4762,4.5,334.05,4,0.1905,4.5442,0.1821,-0.068,0.0084
baking soda + cinnamon + rolled oat,21,4.4857,4.6,620.05,4,0.1905,4.5442,0.1821,-0.0585,0.0084
black pepper + green bell pepper + vegetable oil,21,4.5048,4.5,156.38,4,0.1905,4.5442,0.1821,-0.0394,0.0084
raisin + water + white sugar,21,4.5048,4.6,223.67,4,0.1905,4.5442,0.1821,-0.0394,0.0084
butter + salt + semisweet chocolate chip,42,4.5071,4.6,1367.79,8,0.1905,4.5442,0.1821,-0.0371,0.0084
baking powder + milk + vegetable oil,42,4.5143,4.6,994.4,8,0.1905,4.5442,0.1821,-0.0299,0.0084
egg yolk + milk + salt,21,4.5143,4.6,204.71,4,0.1905,4.5442,0.1821,-0.0299,0.0084
all-purpose flour + butter + semisweet chocolate chip,42,4.5167,4.6,1547.26,8,0.1905,4.5442,0.1821,-0.0275,0.0084
cinnamon + clove + packed brown sugar,21,4.5286,4.7,218.33,4,0.1905,4.5442,0.1821,-0.0156,0.0084
clove + walnut + white sugar,21,4.5333,4.6,119.33,4,0.1905,4.5442,0.1821,-0.0109,0.0084
butter + cream of tartar + white sugar,21,4.5381,4.6,786.19,4,0.1905,4.5442,0.1821,-0.0061,0.0084
cinnamon + clove + walnut,21,4.5429,4.6,119.38,4,0.1905,4.5442,0.1821,-0.0013,0.0084
all-purpose flour + allspice + egg,21,4.5524,4.6,229.9,4,0.1905,4.5442,0.1821,0.0082,0.0084
baking powder + sour cream + vanilla extract,21,4.5524,4.6,336.52,4,0.1905,4.5442,0.1821,0.0082,0.0084
lemon juice + salt + vegetable oil,21,4.5524,4.7,195.81,4,0.1905,4.5442,0.1821,0.0082,0.0084
packed light brown sugar + salt + vanilla extract,21,4.5524,4.6,863.29,4,0.1905,4.5442,0.1821,0.0082,0.0084
beef + brown sugar + ketchup,21,4.5571,4.6,709.86,4,0.1905,4.5442,0.1821,0.0129,0.0084
chili powder + olive oil + onion,21,4.5714,4.6,297.29,4,0.1905,4.5442,0.1821,0.0272,0.0084
lemon zest + vanilla extract + white sugar,21,4.5762,4.7,190.29,4,0.1905,4.5442,0.1821,0.032,0.0084
all-purpose flour + large egg + sour cream,21,4.5857,4.7,307.52,4,0.1905,4.5442,0.1821,0.0415,0.0084
all-purpose flour + large onion + salt,21,4.5952,4.7,192.0,4,0.1905,4.5442,0.1821,0.051,0.0084
egg + salt + white sugar,568,4.5359,4.6,589.74,108,0.1901,4.5442,0.1821,-0.0083,0.008
brown sugar + salt + vanilla extract,121,4.5512,4.6,228.54,23,0.1901,4.5442,0.1821,0.007,0.008
salt + unsalted butter + white sugar,100,4.535,4.6,488.92,19,0.19,4.5442,0.1821,-0.0092,0.0079
packed brown sugar + vanilla extract + white sugar,100,4.548,4.6,889.47,19,0.19,4.5442,0.1821,0.0038,0.0079
baking powder + egg + vegetable oil,100,4.559,4.6,672.36,19,0.19,4.5442,0.1821,0.0148,0.0079
baking soda + unsalted butter + white sugar,58,4.5621,4.7,565.66,11,0.1897,4.5442,0.1821,0.0179,0.0076
baking powder + butter + vanilla extract,206,4.5301,4.6,493.31,39,0.1893,4.5442,0.1821,-0.0141,0.0072
cornstarch + garlic + soy sauce,37,4.4973,4.6,578.68,7,0.1892,4.5442,0.1821,-0.0469,0.0071
basil + garlic + olive oil,37,4.5,4.5,351.86,7,0.1892,4.5442,0.1821,-0.0442,0.0071
cornstarch + garlic + water,37,4.5054,4.6,391.32,7,0.1892,4.5442,0.1821,-0.0388,0.0071
all-purpose flour + cooking spray + white sugar,37,4.5081,4.6,655.19,7,0.1892,4.5442,0.1821,-0.0361,0.0071
milk + packed brown sugar + vanilla extract,37,4.5216,4.5,370.14,7,0.1892,4.5442,0.1821,-0.0226,0.0071
garlic + olive oil + salt and pepper,74,4.523,4.5,316.05,14,0.1892,4.5442,0.1821,-0.0212,0.0071
baking powder + cooking spray + salt,37,4.5351,4.6,691.0,7,0.1892,4.5442,0.1821,-0.0091,0.0071
baking powder + salt + semisweet chocolate chip,37,4.5405,4.6,431.89,7,0.1892,4.5442,0.1821,-0.0037,0.0071
all-purpose flour + buttermilk + vanilla extract,37,4.5432,4.6,419.76,7,0.1892,4.5442,0.1821,-0.001,0.0071
cinnamon + egg + water,37,4.5486,4.6,471.49,7,0.1892,4.5442,0.1821,0.0044,0.0071
cooking spray + egg + salt,37,4.5649,4.6,588.19,7,0.1892,4.5442,0.1821,0.0207,0.0071
cayenne pepper + olive oil + onion,37,4.5838,4.6,412.32,7,0.1892,4.5442,0.1821,0.0396,0.0071
black pepper + garlic + red pepper flake,37,4.5865,4.7,255.41,7,0.1892,4.5442,0.1821,0.0423,0.0071
baking powder + cinnamon + nutmeg,90,4.5289,4.6,277.37,17,0.1889,4.5442,0.1821,-0.0153,0.0068
butter + cinnamon + egg,143,4.5322,4.6,357.41,27,0.1888,4.5442,0.1821,-0.012,0.0067
black pepper + onion + water,106,4.5075,4.6,603.29,20,0.1887,4.5442,0.1821,-0.0367,0.0066
all-purpose flour + salt + unsalted butter,106,4.5264,4.6,426.42,20,0.1887,4.5442,0.1821,-0.0178,0.0066
brown sugar + vanilla extract + white sugar,106,4.5396,4.6,218.04,20,0.1887,4.5442,0.1821,-0.0046,0.0066
cinnamon + confectioners' sugar + salt,53,4.5679,4.6,581.64,10,0.1887,4.5442,0.1821,0.0237,0.0066
all-purpose flour + milk + onion,53,4.5755,4.6,736.04,10,0.1887,4.5442,0.1821,0.0313,0.0066
all-purpose flour + semisweet chocolate chip + white sugar,69,4.5072,4.6,1286.42,13,0.1884,4.5442,0.1821,-0.037,0.0063
all-purpose flour + buttermilk + white sugar,69,4.5507,4.6,479.09,13,0.1884,4.5442,0.1821,0.0065,0.0063
black pepper + salt + water,170,4.5271,4.6,392.01,32,0.1882,4.5442,0.1821,-0.0171,0.0061
large egg yolk + salt + white sugar,16,4.4125,4.6,319.62,3,0.1875,4.5442,0.1821,-0.1317,0.0054
ginger + honey + soy sauce,16,4.4562,4.6,299.94,3,0.1875,4.5442,0.1821,-0.088,0.0054
cinnamon + egg + rolled oat,16,4.475,4.6,623.44,3,0.1875,4.5442,0.1821,-0.0692,0.0054
garlic + ginger + honey,16,4.4875,4.6,310.12,3,0.1875,4.5442,0.1821,-0.0567,0.0054
lean beef + onion + water,16,4.4875,4.5,2002.62,3,0.1875,4.5442,0.1821,-0.0567,0.0054
all-purpose flour + blueberry + milk,16,4.5,4.6,330.75,3,0.1875,4.5442,0.1821,-0.0442,0.0054
baking powder + cinnamon + sour cream,16,4.5,4.65,302.56,3,0.1875,4.5442,0.1821,-0.0442,0.0054
garlic + salt + tomato,32,4.5031,4.5,369.06,6,0.1875,4.5442,0.1821,-0.0411,0.0054
brown sugar + clove + nutmeg,16,4.5062,4.6,79.69,3,0.1875,4.5442,0.1821,-0.038,0.0054
all-purpose flour + warm water 110 degrees f/45 degrees c + white sugar,32,4.5094,4.55,348.75,6,0.1875,4.5442,0.1821,-0.0348,0.0054
garlic + onion + thyme,16,4.5125,4.55,224.81,3,0.1875,4.5442,0.1821,-0.0317,0.0054
cilantro + onion + water,16,4.5188,4.55,344.75,3,0.1875,4.5442,0.1821,-0.0254,0.0054
14.5 ounce can tomatoe + garlic + salt,16,4.525,4.55,384.25,3,0.1875,4.5442,0.1821,-0.0192,0.0054
all-purpose flour + nutmeg + shortening,16,4.525,4.6,130.19,3,0.1875,4.5442,0.1821,-0.0192,0.0054
confectioners' sugar + packed brown sugar + salt,16,4.525,4.5,245.19,3,0.1875,4.5442,0.1821,-0.0192,0.0054
confectioners' sugar + packed brown sugar + vanilla extract,16,4.525,4.55,169.44,3,0.1875,4.5442,0.1821,-0.0192,0.0054
6 ounce can tomato paste + black pepper + garlic,16,4.5312,4.6,775.81,3,0.1875,4.5442,0.1821,-0.013,0.0054
all-purpose flour + carrot + water,16,4.5312,4.6,289.5,3,0.1875,4.5442,0.1821,-0.013,0.0054
garam masala + garlic + turmeric,16,4.5312,4.55,209.44,3,0.1875,4.5442,0.1821,-0.013,0.0054
beef + dried oregano + salt,16,4.5375,4.55,441.56,3,0.1875,4.5442,0.1821,-0.0067,0.0054
butter + cooking spray + milk,16,4.5375,4.6,1333.31,3,0.1875,4.5442,0.1821,-0.0067,0.0054
butter + nutmeg + water,16,4.5438,4.55,113.62,3,0.1875,4.5442,0.1821,-0.0004,0.0054
clove + nutmeg + water,16,4.5438,4.6,832.94,3,0.1875,4.5442,0.1821,-0.0004,0.0054
coriander + garlic + turmeric,16,4.5438,4.6,270.12,3,0.1875,4.5442,0.1821,-0.0004,0.0054
cumin + large onion + salt,16,4.5438,4.5,200.56,3,0.1875,4.5442,0.1821,-0.0004,0.0054
garlic + olive oil + red wine,16,4.5438,4.55,339.19,3,0.1875,4.5442,0.1821,-0.0004,0.0054
28 ounce can tomatoe + dried oregano + garlic,16,4.55,4.6,302.94,3,0.1875,4.5442,0.1821,0.0058,0.0054
black pepper + coriander + salt,16,4.55,4.6,93.12,3,0.1875,4.5442,0.1821,0.0058,0.0054
butter + carrot + egg,16,4.55,4.7,658.69,3,0.1875,4.5442,0.1821,0.0058,0.0054
celery + garlic powder + onion,16,4.55,4.55,201.75,3,0.1875,4.5442,0.1821,0.0058,0.0054
garlic + large egg + water,16,4.55,4.55,235.88,3,0.1875,4.5442,0.1821,0.0058,0.0054
baking soda + clove + packed brown sugar,16,4.5562,4.7,231.25,3,0.1875,4.5442,0.1821,0.012,0.0054
olive oil + onion + red bell pepper,16,4.5562,4.6,110.69,3,0.1875,4.5442,0.1821,0.012,0.0054
garlic + ginger + rice vinegar,16,4.5625,4.6,216.25,3,0.1875,4.5442,0.1821,0.0183,0.0054
garlic + green bell pepper + green onion,16,4.5625,4.6,138.06,3,0.1875,4.5442,0.1821,0.0183,0.0054
garlic + onion + turmeric,16,4.5625,4.5,348.69,3,0.1875,4.5442,0.1821,0.0183,0.0054
parmesan cheese + salt + water,16,4.5625,4.6,332.81,3,0.1875,4.5442,0.1821,0.0183,0.0054
all-purpose flour + large egg + margarine,16,4.5688,4.6,1209.12,3,0.1875,4.5442,0.1821,0.0246,0.0054
black pepper + dried parsley + parmesan cheese,16,4.5688,4.7,476.12,3,0.1875,4.5442,0.1821,0.0246,0.0054
black pepper + garlic + small onion,16,4.5688,4.55,152.94,3,0.1875,4.5442,0.1821,0.0246,0.0054
cinnamon + egg yolk + salt,16,4.575,4.65,163.56,3,0.1875,4.5442,0.1821,0.0308,0.0054
black pepper + olive oil + red wine vinegar,16,4.5812,4.6,193.06,3,0.1875,4.5442,0.1821,0.037,0.0054
butter + sifted all-purpose flour + white sugar,16,4.5812,4.6,260.19,3,0.1875,4.5442,0.1821,0.037,0.0054
salt + sifted all-purpose flour + vanilla extract,16,4.5812,4.6,384.75,3,0.1875,4.5442,0.1821,0.037,0.0054
all-purpose flour + butter + cream cheese,16,4.5875,4.65,639.12,3,0.1875,4.5442,0.1821,0.0433,0.0054
all-purpose flour + large onion + water,16,4.5875,4.65,249.0,3,0.1875,4.5442,0.1821,0.0433,0.0054
black pepper + cilantro + onion,16,4.5875,4.7,312.56,3,0.1875,4.5442,0.1821,0.0433,0.0054
butter + chicken stock + olive oil,16,4.5875,4.65,128.62,3,0.1875,4.5442,0.1821,0.0433,0.0054
cumin + garlic + parsley,16,4.5875,4.6,252.81,3,0.1875,4.5442,0.1821,0.0433,0.0054
all-purpose flour + clove + water,16,4.5938,4.7,1391.44,3,0.1875,4.5442,0.1821,0.0496,0.0054
beef + black pepper + dried oregano,16,4.6,4.6,343.38,3,0.1875,4.5442,0.1821,0.0558,0.0054
cinnamon + confectioners' sugar + large egg,16,4.6,4.7,162.56,3,0.1875,4.5442,0.1821,0.0558,0.0054
large egg + vegetable oil + walnut,16,4.6,4.7,1479.81,3,0.1875,4.5442,0.1821,0.0558,0.0054
black pepper + lemon juice + worcestershire sauce,16,4.6062,4.65,336.44,3,0.1875,4.5442,0.1821,0.062,0.0054
cumin + garlic + sour cream,16,4.6062,4.7,268.81,3,0.1875,4.5442,0.1821,0.062,0.0054
8 ounce can tomato sauce + black pepper + onion,16,4.6125,4.7,247.44,3,0.1875,4.5442,0.1821,0.0683,0.0054
garlic + red onion + salt,16,4.6125,4.65,51.69,3,0.1875,4.5442,0.1821,0.0683,0.0054
black pepper + celery seed + salt,16,4.6312,4.7,1216.81,3,0.1875,4.5442,0.1821,0.087,0.0054
baking powder + confectioners' sugar + vanilla extract,59,4.5254,4.6,749.63,11,0.1864,4.5442,0.1821,-0.0188,0.0043
all-purpose flour + baking soda + unsalted butter,59,4.5746,4.7,562.71,11,0.1864,4.5442,0.1821,0.0304,0.0043
baking soda + butter + nutmeg,43,4.5326,4.6,230.7,8,0.186,4.5442,0.1821,-0.0116,0.0039
cinnamon + egg + vanilla extract,183,4.5317,4.6,365.01,34,0.1858,4.5442,0.1821,-0.0125,0.0037
garlic + salt + white sugar,70,4.5529,4.6,352.26,13,0.1857,4.5442,0.1821,0.0087,0.0036
all-purpose flour + butter + parmesan cheese,27,4.4481,4.5,357.07,5,0.1852,4.5442,0.1821,-0.0961,0.0031
black pepper + salt + tomato,27,4.5074,4.6,253.7,5,0.1852,4.5442,0.1821,-0.0368,0.0031
cheddar cheese + onion + salt,27,4.5074,4.5,647.3,5,0.1852,4.5442,0.1821,-0.0368,0.0031
garlic + olive oil + stalks celery,27,4.5074,4.6,454.04,5,0.1852,4.5442,0.1821,-0.0368,0.0031
baking powder + ginger + vanilla extract,27,4.5111,4.5,93.48,5,0.1852,4.5442,0.1821,-0.0331,0.0031
garlic + parsley + salt and black pepper,27,4.5111,4.5,160.15,5,0.1852,4.5442,0.1821,-0.0331,0.0031
garlic + ginger root + soy sauce,27,4.5259,4.6,326.07,5,0.1852,4.5442,0.1821,-0.0183,0.0031
all-purpose flour + large egg + semisweet chocolate chip,27,4.5296,4.6,693.41,5,0.1852,4.5442,0.1821,-0.0146,0.0031
baking powder + baking soda + cooking spray,27,4.5296,4.6,896.0,5,0.1852,4.5442,0.1821,-0.0146,0.0031
baking powder + ginger + nutmeg,27,4.5407,4.6,105.37,5,0.1852,4.5442,0.1821,-0.0035,0.0031
garlic + olive oil + onion,189,4.5471,4.6,290.48,35,0.1852,4.5442,0.1821,0.0029,0.0031
all-purpose flour + baking powder + lemon zest,27,4.5519,4.6,145.67,5,0.1852,4.5442,0.1821,0.0077,0.0031
peanut butter + salt + vanilla extract,27,4.5519,4.6,806.37,5,0.1852,4.5442,0.1821,0.0077,0.0031
.25 ounce package active dry yeast + salt + white sugar,27,4.5556,4.6,710.63,5,0.1852,4.5442,0.1821,0.0114,0.0031
garlic + onion + parmesan cheese,54,4.5574,4.6,872.28,10,0.1852,4.5442,0.1821,0.0132,0.0031
almond extract + egg + white sugar,27,4.5667,4.6,178.19,5,0.1852,4.5442,0.1821,0.0225,0.0031
onion + salt and black pepper + water,27,4.5667,4.6,203.52,5,0.1852,4.5442,0.1821,0.0225,0.0031
baking soda + brown sugar + butter,54,4.5722,4.6,562.39,10,0.1852,4.5442,0.1821,0.028,0.0031
baking soda + brown sugar + salt,92,4.5554,4.6,470.07,17,0.1848,4.5442,0.1821,0.0112,0.0027
salt + semisweet chocolate chip + white sugar,65,4.5123,4.6,1208.88,12,0.1846,4.5442,0.1821,-0.0319,0.0025
confectioners' sugar + salt + vanilla extract,103,4.534,4.6,639.89,19,0.1845,4.5442,0.1821,-0.0102,0.0024
butter + garlic + salt,141,4.5525,4.6,288.18,26,0.1844,4.5442,0.1821,0.0083,0.0023
cumin + olive oil + water,38,4.5158,4.55,214.18,7,0.1842,4.5442,0.1821,-0.0284,0.0021
garlic + large onion + salt,38,4.5526,4.6,241.05,7,0.1842,4.5442,0.1821,0.0084,0.0021
black pepper + large onion + salt,38,4.5632,4.6,263.61,7,0.1842,4.5442,0.1821,0.019,0.0021
all-purpose flour + butter + raisin,38,4.5737,4.65,470.16,7,0.1842,4.5442,0.1821,0.0295,0.0021
salt + water + white sugar,201,4.5328,4.6,412.42,37,0.1841,4.5442,0.1821,-0.0114,0.002
all-purpose flour + butter + onion,87,4.5632,4.6,673.52,16,0.1839,4.5442,0.1821,0.019,0.0018
baking powder + egg + nutmeg,49,4.5163,4.6,292.37,9,0.1837,4.5442,0.1821,-0.0279,0.0016
butter + cheddar cheese + salt,49,4.5224,4.6,331.14,9,0.1837,4.5442,0.1821,-0.0218,0.0016
baking powder + large egg + salt,169,4.5296,4.6,572.02,31,0.1834,4.5442,0.1821,-0.0146,0.0013
black pepper + olive oil + water,60,4.5267,4.6,329.38,11,0.1833,4.5442,0.1821,-0.0175,0.0012
brown sugar + butter + white sugar,104,4.5606,4.6,176.26,19,0.1827,4.5442,0.1821,0.0164,0.0006
butter + salt + vanilla extract,356,4.5399,4.6,629.58,65,0.1826,4.5442,0.1821,-0.0043,0.0005
baking soda + egg + vanilla extract,247,4.5336,4.6,689.29,45,0.1822,4.5442,0.1821,-0.0106,0.0001
garlic + onion + salt,236,4.5585,4.6,372.97,43,0.1822,4.5442,0.1821,0.0143,0.0001
beef + vegetable oil + water,11,4.3727,4.4,64.64,2,0.1818,4.5442,0.1821,-0.1715,-0.0003
black pepper + uncooked white rice + water,11,4.3818,4.5,379.09,2,0.1818,4.5442,0.1821,-0.1624,-0.0003
packed brown sugar + salt + whole wheat flour,11,4.3909,4.5,195.45,2,0.1818,4.5442,0.1821,-0.1533,-0.0003
all-purpose flour + vanilla extract + whole wheat flour,11,4.4182,4.5,78.18,2,0.1818,4.5442,0.1821,-0.126,-0.0003
dried oregano + egg + milk,11,4.4364,4.5,181.27,2,0.1818,4.5442,0.1821,-0.1078,-0.0003
garlic + large egg + salt and black pepper,11,4.4364,4.5,254.91,2,0.1818,4.5442,0.1821,-0.1078,-0.0003
all-purpose flour + shortening + walnut,11,4.4455,4.6,232.36,2,0.1818,4.5442,0.1821,-0.0987,-0.0003
baking powder + vanilla extract + whole wheat flour,11,4.4455,4.6,86.73,2,0.1818,4.5442,0.1821,-0.0987,-0.0003
beef broth + onion + worcestershire sauce,11,4.4455,4.5,110.91,2,0.1818,4.5442,0.1821,-0.0987,-0.0003
ginger root + sesame oil + soy sauce,11,4.4455,4.5,197.0,2,0.1818,4.5442,0.1821,-0.0987,-0.0003
nutmeg + packed brown sugar + walnut,11,4.4455,4.7,257.73,2,0.1818,4.5442,0.1821,-0.0987,-0.0003
all-purpose flour + milk or as needed + salt,11,4.4636,4.6,158.09,2,0.1818,4.5442,0.1821,-0.0806,-0.0003
baking powder + brown sugar + large egg,11,4.4636,4.6,476.09,2,0.1818,4.5442,0.1821,-0.0806,-0.0003
milk + olive oil + salt and pepper,11,4.4636,4.5,179.18,2,0.1818,4.5442,0.1821,-0.0806,-0.0003
salt + sesame seed + white sugar,11,4.4636,4.4,152.09,2,0.1818,4.5442,0.1821,-0.0806,-0.0003
beef + onion + pork,11,4.4727,4.5,352.09,2,0.1818,4.5442,0.1821,-0.0715,-0.0003
egg + molasse + white sugar,11,4.4727,4.6,202.45,2,0.1818,4.5442,0.1821,-0.0715,-0.0003
milk + pepper + salt,11,4.4727,4.5,465.91,2,0.1818,4.5442,0.1821,-0.0715,-0.0003
olive oil + parsley + white wine,11,4.4727,4.5,527.55,2,0.1818,4.5442,0.1821,-0.0715,-0.0003
cornstarch + egg + salt,22,4.4773,4.6,412.0,4,0.1818,4.5442,0.1821,-0.0669,-0.0003
all-purpose flour + milk + unsalted butter,33,4.4788,4.6,297.0,6,0.1818,4.5442,0.1821,-0.0654,-0.0003
almond extract + large egg + white sugar,11,4.4818,4.4,281.55,2,0.1818,4.5442,0.1821,-0.0624,-0.0003
baking powder + nutmeg + shortening,11,4.4818,4.6,98.27,2,0.1818,4.5442,0.1821,-0.0624,-0.0003
beef + dried oregano + onion,11,4.4818,4.5,374.36,2,0.1818,4.5442,0.1821,-0.0624,-0.0003
beef + egg + worcestershire sauce,11,4.4818,4.5,1053.36,2,0.1818,4.5442,0.1821,-0.0624,-0.0003
brown sugar + olive oil + onion,11,4.4818,4.5,278.64,2,0.1818,4.5442,0.1821,-0.0624,-0.0003
egg + nutmeg + pecan,11,4.4818,4.5,107.55,2,0.1818,4.5442,0.1821,-0.0624,-0.0003
garlic + milk + mozzarella cheese,11,4.4818,4.5,648.09,2,0.1818,4.5442,0.1821,-0.0624,-0.0003
garlic powder + lean beef + onion,11,4.4818,4.5,1478.09,2,0.1818,4.5442,0.1821,-0.0624,-0.0003
sesame oil + sesame seed + soy sauce,22,4.4864,4.5,149.36,4,0.1818,4.5442,0.1821,-0.0578,-0.0003
baking powder + cornmeal + salt,22,4.4909,4.6,369.36,4,0.1818,4.5442,0.1821,-0.0533,-0.0003
all-purpose flour + egg + egg white,11,4.4909,4.5,77.73,2,0.1818,4.5442,0.1821,-0.0533,-0.0003
all-purpose flour + evaporated milk + vanilla extract,11,4.4909,4.5,78.09,2,0.1818,4.5442,0.1821,-0.0533,-0.0003
brown sugar + confectioners' sugar + white sugar,11,4.4909,4.5,331.64,2,0.1818,4.5442,0.1821,-0.0533,-0.0003
butter + large onion + salt and pepper,11,4.4909,4.6,329.73,2,0.1818,4.5442,0.1821,-0.0533,-0.0003
cinnamon + walnut + water,11,4.4909,4.6,125.0,2,0.1818,4.5442,0.1821,-0.0533,-0.0003
ginger + honey + water,11,4.4909,4.5,382.09,2,0.1818,4.5442,0.1821,-0.0533,-0.0003
margarine + unsweetened cocoa powder + white sugar,11,4.4909,4.6,835.55,2,0.1818,4.5442,0.1821,-0.0533,-0.0003
mushroom + onion + water,11,4.4909,4.5,265.55,2,0.1818,4.5442,0.1821,-0.0533,-0.0003
nutmeg + pecan + vanilla extract,11,4.4909,4.5,106.18,2,0.1818,4.5442,0.1821,-0.0533,-0.0003
olive oil + parsley + salt and pepper,22,4.4955,4.5,309.59,4,0.1818,4.5442,0.1821,-0.0487,-0.0003
all-purpose flour + applesauce + baking powder,11,4.5,4.5,184.55,2,0.1818,4.5442,0.1821,-0.0442,-0.0003
beef + egg + ketchup,11,4.5,4.5,1511.36,2,0.1818,4.5442,0.1821,-0.0442,-0.0003
black pepper + garlic powder + ketchup,11,4.5,4.6,172.91,2,0.1818,4.5442,0.1821,-0.0442,-0.0003
butter + ginger + vanilla extract,11,4.5,4.5,112.55,2,0.1818,4.5442,0.1821,-0.0442,-0.0003
cornstarch + garlic + rice vinegar,11,4.5,4.6,393.09,2,0.1818,4.5442,0.1821,-0.0442,-0.0003
egg + olive oil + white sugar,11,4.5,4.5,399.73,2,0.1818,4.5442,0.1821,-0.0442,-0.0003
egg + packed brown sugar + peanut butter,11,4.5,4.5,666.36,2,0.1818,4.5442,0.1821,-0.0442,-0.0003
garlic + ketchup + vegetable oil,11,4.5,4.6,512.27,2,0.1818,4.5442,0.1821,-0.0442,-0.0003
garlic + salt and black pepper + stalks celery,11,4.5,4.7,189.82,2,0.1818,4.5442,0.1821,-0.0442,-0.0003
milk + rolled oat + white sugar,11,4.5,4.5,279.0,2,0.1818,4.5442,0.1821,-0.0442,-0.0003
olive oil + parsley + tomato,11,4.5,4.5,364.55,2,0.1818,4.5442,0.1821,-0.0442,-0.0003
chili powder + salt + vegetable oil,22,4.5045,4.55,322.32,4,0.1818,4.5442,0.1821,-0.0397,-0.0003
semisweet chocolate chip + vanilla extract + walnut,22,4.5045,4.6,2268.0,4,0.1818,4.5442,0.1821,-0.0397,-0.0003
green onion + soy sauce + vegetable oil,33,4.5091,4.6,400.79,6,0.1818,4.5442,0.1821,-0.0351,-0.0003
all-purpose flour + apples - peeled cored and + butter,11,4.5091,4.6,310.36,2,0.1818,4.5442,0.1821,-0.0351,-0.0003
baking soda + honey + vanilla extract,11,4.5091,4.6,229.36,2,0.1818,4.5442,0.1821,-0.0351,-0.0003
butter + lemon extract + white sugar,11,4.5091,4.6,204.09,2,0.1818,4.5442,0.1821,-0.0351,-0.0003
celery + green bell pepper + vegetable oil,11,4.5091,4.5,89.0,2,0.1818,4.5442,0.1821,-0.0351,-0.0003
cumin + garlic powder + onion,11,4.5091,4.6,97.27,2,0.1818,4.5442,0.1821,-0.0351,-0.0003
dried thyme + vegetable oil + water,11,4.5091,4.6,276.36,2,0.1818,4.5442,0.1821,-0.0351,-0.0003
lemon juice + vegetable oil + water,11,4.5091,4.6,81.0,2,0.1818,4.5442,0.1821,-0.0351,-0.0003
garlic + olive oil + parsley,88,4.5136,4.5,300.26,16,0.1818,4.5442,0.1821,-0.0306,-0.0003
all-purpose flour + cooking spray + milk,22,4.5182,4.6,1239.09,4,0.1818,4.5442,0.1821,-0.026,-0.0003
all-purpose flour + beef + black pepper,11,4.5182,4.5,949.73,2,0.1818,4.5442,0.1821,-0.026,-0.0003
all-purpose flour + cheddar cheese + onion,11,4.5182,4.6,513.27,2,0.1818,4.5442,0.1821,-0.026,-0.0003
all-purpose flour + egg + light brown sugar,11,4.5182,4.5,280.55,2,0.1818,4.5442,0.1821,-0.026,-0.0003
all-purpose flour + lard + salt,11,4.5182,4.6,273.18,2,0.1818,4.5442,0.1821,-0.026,-0.0003
all-purpose flour + salt + yellow cornmeal,11,4.5182,4.6,672.27,2,0.1818,4.5442,0.1821,-0.026,-0.0003
all-purpose flour + white sugar + white vinegar,11,4.5182,4.7,1646.91,2,0.1818,4.5442,0.1821,-0.026,-0.0003
basil + olive oil + oregano,11,4.5182,4.5,352.64,2,0.1818,4.5442,0.1821,-0.026,-0.0003
bay leaf + celery + garlic,11,4.5182,4.5,144.09,2,0.1818,4.5442,0.1821,-0.026,-0.0003
cayenne pepper + garlic + ginger root,11,4.5182,4.6,569.64,2,0.1818,4.5442,0.1821,-0.026,-0.0003
clove + nutmeg + walnut,11,4.5182,4.6,128.64,2,0.1818,4.5442,0.1821,-0.026,-0.0003
dry mustard + onion + salt,11,4.5182,4.6,431.09,2,0.1818,4.5442,0.1821,-0.026,-0.0003
garlic + ginger root + sesame oil,11,4.5182,4.5,178.55,2,0.1818,4.5442,0.1821,-0.026,-0.0003
ginger + olive oil + soy sauce,11,4.5182,4.6,110.45,2,0.1818,4.5442,0.1821,-0.026,-0.0003
onion + red bell pepper + water,11,4.5182,4.6,164.0,2,0.1818,4.5442,0.1821,-0.026,-0.0003
all-purpose flour + distilled white vinegar + salt,22,4.5227,4.65,391.05,4,0.1818,4.5442,0.1821,-0.0215,-0.0003
baking soda + egg + water,44,4.525,4.6,523.45,8,0.1818,4.5442,0.1821,-0.0192,-0.0003
garlic powder + onion + water,22,4.5273,4.6,463.0,4,0.1818,4.5442,0.1821,-0.0169,-0.0003
all-purpose flour + butter + light brown sugar,11,4.5273,4.5,330.82,2,0.1818,4.5442,0.1821,-0.0169,-0.0003
baking soda + milk + shortening,11,4.5273,4.6,272.82,2,0.1818,4.5442,0.1821,-0.0169,-0.0003
black pepper + dried parsley + green bell pepper,11,4.5273,4.6,456.0,2,0.1818,4.5442,0.1821,-0.0169,-0.0003
cayenne pepper + dried basil + garlic,11,4.5273,4.6,1082.09,2,0.1818,4.5442,0.1821,-0.0169,-0.0003
cayenne pepper + green bell pepper + water,11,4.5273,4.6,237.91,2,0.1818,4.5442,0.1821,-0.0169,-0.0003
cheddar cheese + salt + water,11,4.5273,4.5,975.09,2,0.1818,4.5442,0.1821,-0.0169,-0.0003
cold water + cornstarch + garlic,11,4.5273,4.5,893.45,2,0.1818,4.5442,0.1821,-0.0169,-0.0003
coriander + cumin + paprika,11,4.5273,4.5,92.18,2,0.1818,4.5442,0.1821,-0.0169,-0.0003
garlic + green onion + red pepper flake,11,4.5273,4.6,250.18,2,0.1818,4.5442,0.1821,-0.0169,-0.0003
garlic + olive oil + salt and freshly black pepper,11,4.5273,4.6,97.82,2,0.1818,4.5442,0.1821,-0.0169,-0.0003
ketchup + milk + salt,11,4.5273,4.6,1438.18,2,0.1818,4.5442,0.1821,-0.0169,-0.0003
large egg + packed light brown sugar + vanilla extract,11,4.5273,4.5,342.18,2,0.1818,4.5442,0.1821,-0.0169,-0.0003
mushroom + onion + salt and pepper,11,4.5273,4.6,287.09,2,0.1818,4.5442,0.1821,-0.0169,-0.0003
olive oil + parsley + shallot,11,4.5273,4.5,138.91,2,0.1818,4.5442,0.1821,-0.0169,-0.0003
basil + black pepper + parmesan cheese,11,4.5364,4.6,264.36,2,0.1818,4.5442,0.1821,-0.0078,-0.0003
black pepper + dijon mustard + worcestershire sauce,11,4.5364,4.7,441.18,2,0.1818,4.5442,0.1821,-0.0078,-0.0003
black pepper + garlic powder + lean beef,11,4.5364,4.6,647.64,2,0.1818,4.5442,0.1821,-0.0078,-0.0003
butter + pumpkin pie spice + vanilla extract,11,4.5364,4.7,92.27,2,0.1818,4.5442,0.1821,-0.0078,-0.0003
chili powder + coriander + salt,11,4.5364,4.6,86.55,2,0.1818,4.5442,0.1821,-0.0078,-0.0003
clove + pumpkin puree + white sugar,11,4.5364,4.6,164.64,2,0.1818,4.5442,0.1821,-0.0078,-0.0003
margarine + packed brown sugar + white sugar,11,4.5364,4.6,759.91,2,0.1818,4.5442,0.1821,-0.0078,-0.0003
olive oil + salt and black pepper + tomato,11,4.5364,4.6,111.45,2,0.1818,4.5442,0.1821,-0.0078,-0.0003
all-purpose flour + buttermilk + salt,77,4.5442,4.6,480.57,14,0.1818,4.5442,0.1821,0.0,-0.0003
beef + ketchup + worcestershire sauce,22,4.5455,4.6,426.68,4,0.1818,4.5442,0.1821,0.0013,-0.0003
butter + egg + flaked coconut,22,4.5455,4.6,181.09,4,0.1818,4.5442,0.1821,0.0013,-0.0003
cornstarch + lemon juice + salt,22,4.5455,4.6,461.41,4,0.1818,4.5442,0.1821,0.0013,-0.0003
all-purpose flour + mushroom + parsley,11,4.5455,4.5,292.0,2,0.1818,4.5442,0.1821,0.0013,-0.0003
all-purpose flour + red pepper flake + salt,11,4.5455,4.6,242.55,2,0.1818,4.5442,0.1821,0.0013,-0.0003
beef + parsley + salt,11,4.5455,4.6,451.64,2,0.1818,4.5442,0.1821,0.0013,-0.0003
blueberry + lemon zest + white sugar,11,4.5455,4.6,168.0,2,0.1818,4.5442,0.1821,0.0013,-0.0003
brown sugar + butter + worcestershire sauce,11,4.5455,4.6,97.45,2,0.1818,4.5442,0.1821,0.0013,-0.0003
cayenne pepper + onion + red bell pepper,11,4.5455,4.5,122.91,2,0.1818,4.5442,0.1821,0.0013,-0.0003
clove + milk + white sugar,11,4.5455,4.6,567.82,2,0.1818,4.5442,0.1821,0.0013,-0.0003
confectioners' sugar for dusting + egg + vanilla extract,11,4.5455,4.6,299.45,2,0.1818,4.5442,0.1821,0.0013,-0.0003
cumin + lean beef + salt,11,4.5455,4.7,645.91,2,0.1818,4.5442,0.1821,0.0013,-0.0003
dried basil + onion + white sugar,11,4.5455,4.6,571.73,2,0.1818,4.5442,0.1821,0.0013,-0.0003
egg + vegetable oil for frying + white sugar,11,4.5455,4.6,285.82,2,0.1818,4.5442,0.1821,0.0013,-0.0003
green bell pepper + green onion + olive oil,11,4.5455,4.5,93.64,2,0.1818,4.5442,0.1821,0.0013,-0.0003
medium onion + salt + water,11,4.5455,4.6,240.73,2,0.1818,4.5442,0.1821,0.0013,-0.0003
brown sugar + butter + egg,88,4.5489,4.6,397.8,16,0.1818,4.5442,0.1821,0.0047,-0.0003
baking soda + buttermilk + white sugar,66,4.55,4.6,509.86,12,0.1818,4.5442,0.1821,0.0058,-0.0003
dried oregano + garlic + large onion,22,4.55,4.6,133.32,4,0.1818,4.5442,0.1821,0.0058,-0.0003
dried oregano + mozzarella cheese + parmesan cheese,22,4.55,4.55,558.91,4,0.1818,4.5442,0.1821,0.0058,-0.0003
italian seasoning + olive oil + salt,22,4.55,4.6,205.09,4,0.1818,4.5442,0.1821,0.0058,-0.0003
baking soda + lemon juice + salt,22,4.5545,4.7,193.59,4,0.1818,4.5442,0.1821,0.0103,-0.0003
all-purpose flour + dried thyme + green bell pepper,11,4.5545,4.6,73.55,2,0.1818,4.5442,0.1821,0.0103,-0.0003
all-purpose flour + garlic + sour cream,11,4.5545,4.7,357.36,2,0.1818,4.5442,0.1821,0.0103,-0.0003
all-purpose flour + sifted confectioners' sugar + white sugar,11,4.5545,4.6,324.64,2,0.1818,4.5442,0.1821,0.0103,-0.0003
beef + olive oil + onion,11,4.5545,4.6,600.55,2,0.1818,4.5442,0.1821,0.0103,-0.0003
black pepper + bread crumb + onion,11,4.5545,4.6,557.82,2,0.1818,4.5442,0.1821,0.0103,-0.0003
black pepper + olive oil + vegetable broth,11,4.5545,4.5,86.55,2,0.1818,4.5442,0.1821,0.0103,-0.0003
butter + flaked coconut + packed brown sugar,11,4.5545,4.6,148.73,2,0.1818,4.5442,0.1821,0.0103,-0.0003
butter + large onion + water,11,4.5545,4.6,221.0,2,0.1818,4.5442,0.1821,0.0103,-0.0003
cinnamon + cumin + water,11,4.5545,4.5,122.09,2,0.1818,4.5442,0.1821,0.0103,-0.0003
cumin + olive oil + parsley,11,4.5545,4.6,265.09,2,0.1818,4.5442,0.1821,0.0103,-0.0003
egg + light brown sugar + salt,11,4.5545,4.6,268.09,2,0.1818,4.5442,0.1821,0.0103,-0.0003
egg yolk + heavy cream + salt,11,4.5545,4.5,117.73,2,0.1818,4.5442,0.1821,0.0103,-0.0003
egg yolk + heavy cream + vanilla extract,11,4.5545,4.6,136.36,2,0.1818,4.5442,0.1821,0.0103,-0.0003
garlic + large egg + white sugar,11,4.5545,4.6,457.45,2,0.1818,4.5442,0.1821,0.0103,-0.0003
heavy cream + milk + vanilla extract,11,4.5545,4.7,362.82,2,0.1818,4.5442,0.1821,0.0103,-0.0003
large egg + milk + nutmeg,11,4.5545,4.6,545.91,2,0.1818,4.5442,0.1821,0.0103,-0.0003
all-purpose flour + mushroom + salt,22,4.5591,4.6,478.32,4,0.1818,4.5442,0.1821,0.0149,-0.0003
cooking spray + egg + white sugar,22,4.5591,4.6,905.59,4,0.1818,4.5442,0.1821,0.0149,-0.0003
all-purpose flour + bay leave + black pepper,11,4.5636,4.6,127.82,2,0.1818,4.5442,0.1821,0.0194,-0.0003
baking soda + clove + shortening,11,4.5636,4.6,115.55,2,0.1818,4.5442,0.1821,0.0194,-0.0003
baking soda + egg yolk + vanilla extract,11,4.5636,4.7,1523.27,2,0.1818,4.5442,0.1821,0.0194,-0.0003
butter + egg + pumpkin puree,11,4.5636,4.7,94.55,2,0.1818,4.5442,0.1821,0.0194,-0.0003
dijon mustard + ketchup + worcestershire sauce,11,4.5636,4.6,260.0,2,0.1818,4.5442,0.1821,0.0194,-0.0003
green onion + onion + vegetable oil,11,4.5636,4.6,204.91,2,0.1818,4.5442,0.1821,0.0194,-0.0003
ketchup + onion + water,11,4.5636,4.6,294.45,2,0.1818,4.5442,0.1821,0.0194,-0.0003
mushroom + olive oil + salt and black pepper,11,4.5636,4.7,115.73,2,0.1818,4.5442,0.1821,0.0194,-0.0003
onion powder + salt + sour cream,11,4.5636,4.6,364.82,2,0.1818,4.5442,0.1821,0.0194,-0.0003
sour cream + walnut + white sugar,11,4.5636,4.6,1201.55,2,0.1818,4.5442,0.1821,0.0194,-0.0003
butter + cooking spray + white sugar,22,4.5682,4.65,996.55,4,0.1818,4.5442,0.1821,0.024,-0.0003
almond extract + baking soda + egg,11,4.5727,4.6,250.0,2,0.1818,4.5442,0.1821,0.0285,-0.0003
baking powder + salt + unsalted butter at room temperature,11,4.5727,4.7,346.45,2,0.1818,4.5442,0.1821,0.0285,-0.0003
baking powder + unsalted butter at room temperature + white sugar,11,4.5727,4.7,345.27,2,0.1818,4.5442,0.1821,0.0285,-0.0003
black pepper + prepared yellow mustard + salt,11,4.5727,4.6,561.0,2,0.1818,4.5442,0.1821,0.0285,-0.0003
brown sugar + soy sauce + vegetable oil,11,4.5727,4.6,988.82,2,0.1818,4.5442,0.1821,0.0285,-0.0003
cardamom + cinnamon + salt,11,4.5727,4.6,102.27,2,0.1818,4.5442,0.1821,0.0285,-0.0003
cayenne pepper + egg + garlic,11,4.5727,4.6,327.45,2,0.1818,4.5442,0.1821,0.0285,-0.0003
cinnamon + light brown sugar + salt,11,4.5727,4.7,104.73,2,0.1818,4.5442,0.1821,0.0285,-0.0003
cinnamon + nutmeg + zucchini,11,4.5727,4.7,136.27,2,0.1818,4.5442,0.1821,0.0285,-0.0003
cornstarch + large egg + vanilla extract,11,4.5727,4.6,462.73,2,0.1818,4.5442,0.1821,0.0285,-0.0003
cornstarch + milk + vanilla extract,11,4.5727,4.7,367.18,2,0.1818,4.5442,0.1821,0.0285,-0.0003
milk + salt + small onion,11,4.5727,4.6,992.82,2,0.1818,4.5442,0.1821,0.0285,-0.0003
salt + warm water + whole wheat flour,11,4.5727,4.5,198.64,2,0.1818,4.5442,0.1821,0.0285,-0.0003
salt + water + white vinegar,11,4.5727,4.7,412.91,2,0.1818,4.5442,0.1821,0.0285,-0.0003
butter + cornstarch + milk,22,4.5773,4.6,434.45,4,0.1818,4.5442,0.1821,0.0331,-0.0003
clove + ginger + salt,55,4.5782,4.6,506.05,10,0.1818,4.5442,0.1821,0.034,-0.0003
milk + vanilla extract + walnut,22,4.5818,4.7,467.0,4,0.1818,4.5442,0.1821,0.0376,-0.0003
packed brown sugar + salt + vegetable oil,22,4.5818,4.7,303.55,4,0.1818,4.5442,0.1821,0.0376,-0.0003
active dry yeast + all-purpose flour + butter,11,4.5818,4.6,119.09,2,0.1818,4.5442,0.1821,0.0376,-0.0003
baking soda + lemon extract + white sugar,11,4.5818,4.6,196.64,2,0.1818,4.5442,0.1821,0.0376,-0.0003
beef broth + butter + onion,11,4.5818,4.6,429.36,2,0.1818,4.5442,0.1821,0.0376,-0.0003
black pepper + carrot + garlic powder,11,4.5818,4.6,263.0,2,0.1818,4.5442,0.1821,0.0376,-0.0003
butter + cold water + cornstarch,11,4.5818,4.6,400.18,2,0.1818,4.5442,0.1821,0.0376,-0.0003
chicken broth + onion + parsley,11,4.5818,4.7,597.36,2,0.1818,4.5442,0.1821,0.0376,-0.0003
cilantro + dried oregano + garlic,11,4.5818,4.7,340.27,2,0.1818,4.5442,0.1821,0.0376,-0.0003
cinnamon + eggs lightly + salt,11,4.5818,4.6,306.45,2,0.1818,4.5442,0.1821,0.0376,-0.0003
cumin + garlic + tahini,11,4.5818,4.7,193.36,2,0.1818,4.5442,0.1821,0.0376,-0.0003
dried oregano + mozzarella cheese + olive oil,11,4.5818,4.6,300.73,2,0.1818,4.5442,0.1821,0.0376,-0.0003
garlic powder + milk + onion powder,11,4.5818,4.6,129.55,2,0.1818,4.5442,0.1821,0.0376,-0.0003
large egg + parsley + salt,11,4.5818,4.6,231.64,2,0.1818,4.5442,0.1821,0.0376,-0.0003
semisweet chocolate chip + unsalted butter + white sugar,11,4.5818,4.6,1498.73,2,0.1818,4.5442,0.1821,0.0376,-0.0003
all-purpose flour + cinnamon + lemon juice,33,4.5879,4.7,336.06,6,0.1818,4.5442,0.1821,0.0437,-0.0003
egg + garlic + milk,22,4.5909,4.7,305.14,4,0.1818,4.5442,0.1821,0.0467,-0.0003
black pepper + butter + large onion,11,4.5909,4.6,115.18,2,0.1818,4.5442,0.1821,0.0467,-0.0003
cinnamon + clove + shortening,11,4.5909,4.6,111.0,2,0.1818,4.5442,0.1821,0.0467,-0.0003
onion + oregano + salt,11,4.5909,4.7,107.27,2,0.1818,4.5442,0.1821,0.0467,-0.0003
15 ounce can pumpkin puree + clove + salt,11,4.6,4.7,1262.55,2,0.1818,4.5442,0.1821,0.0558,-0.0003
all-purpose flour + baking soda + egg yolk,11,4.6,4.7,1536.0,2,0.1818,4.5442,0.1821,0.0558,-0.0003
all-purpose flour + garlic + tomato paste,11,4.6,4.6,100.64,2,0.1818,4.5442,0.1821,0.0558,-0.0003
baking powder + large egg + sour cream,11,4.6,4.6,430.55,2,0.1818,4.5442,0.1821,0.0558,-0.0003
black pepper + dried oregano + lemon juice,11,4.6,4.7,151.45,2,0.1818,4.5442,0.1821,0.0558,-0.0003
boiling water + cinnamon + white sugar,11,4.6,4.7,441.55,2,0.1818,4.5442,0.1821,0.0558,-0.0003
brown sugar + cayenne pepper + onion powder,11,4.6,4.7,156.18,2,0.1818,4.5442,0.1821,0.0558,-0.0003
butter + cheddar cheese + salt and black pepper,11,4.6,4.7,106.36,2,0.1818,4.5442,0.1821,0.0558,-0.0003
carrot + garlic + green onion,11,4.6,4.7,129.91,2,0.1818,4.5442,0.1821,0.0558,-0.0003
cayenne pepper or + cumin + olive oil,11,4.6,4.7,54.18,2,0.1818,4.5442,0.1821,0.0558,-0.0003
cumin + lime juice + salt,11,4.6,4.7,126.45,2,0.1818,4.5442,0.1821,0.0558,-0.0003
freshly black pepper + garlic + soy sauce,11,4.6,4.7,463.27,2,0.1818,4.5442,0.1821,0.0558,-0.0003
garlic + garlic powder + onion,11,4.6,4.6,572.09,2,0.1818,4.5442,0.1821,0.0558,-0.0003
garlic + salt + water or as needed,11,4.6,4.7,207.18,2,0.1818,4.5442,0.1821,0.0558,-0.0003
garlic powder + kosher salt + water,11,4.6,4.8,74.73,2,0.1818,4.5442,0.1821,0.0558,-0.0003
large egg + rolled oat + vanilla extract,11,4.6,4.7,792.18,2,0.1818,4.5442,0.1821,0.0558,-0.0003
cumin + garlic powder + onion powder,22,4.6045,4.7,102.32,4,0.1818,4.5442,0.1821,0.0603,-0.0003
all-purpose flour + bacon + milk,11,4.6091,4.7,456.82,2,0.1818,4.5442,0.1821,0.0649,-0.0003
all-purpose flour + cold butter + white sugar,11,4.6091,4.6,230.0,2,0.1818,4.5442,0.1821,0.0649,-0.0003
all-purpose flour + garlic powder + milk,11,4.6091,4.6,707.55,2,0.1818,4.5442,0.1821,0.0649,-0.0003
allspice + brown sugar + salt,11,4.6091,4.6,496.45,2,0.1818,4.5442,0.1821,0.0649,-0.0003
black pepper + mozzarella cheese + water,11,4.6091,4.7,2260.45,2,0.1818,4.5442,0.1821,0.0649,-0.0003
brown sugar + butter + vegetable oil,11,4.6091,4.6,226.0,2,0.1818,4.5442,0.1821,0.0649,-0.0003
cayenne pepper + garlic + red bell pepper,11,4.6091,4.6,301.73,2,0.1818,4.5442,0.1821,0.0649,-0.0003
flaked coconut + vanilla extract + vegetable oil,11,4.6091,4.7,545.36,2,0.1818,4.5442,0.1821,0.0649,-0.0003
garlic + salt + yellow onion,11,4.6091,4.7,225.36,2,0.1818,4.5442,0.1821,0.0649,-0.0003
all-purpose flour + baking soda + lemon zest,11,4.6182,4.8,203.45,2,0.1818,4.5442,0.1821,0.074,-0.0003
all-purpose flour + garlic + large egg,11,4.6182,4.6,198.73,2,0.1818,4.5442,0.1821,0.074,-0.0003
allspice + ginger + vanilla extract,11,4.6182,4.8,186.09,2,0.1818,4.5442,0.1821,0.074,-0.0003
almond + cinnamon + salt,11,4.6182,4.7,161.64,2,0.1818,4.5442,0.1821,0.074,-0.0003
beef + cumin + dried oregano,11,4.6182,4.6,182.18,2,0.1818,4.5442,0.1821,0.074,-0.0003
flaked coconut + salt + vegetable oil,11,4.6182,4.7,572.82,2,0.1818,4.5442,0.1821,0.074,-0.0003
flaked coconut + vegetable oil + white sugar,11,4.6182,4.7,576.55,2,0.1818,4.5442,0.1821,0.074,-0.0003
green onion + salt + sour cream,11,4.6182,4.7,351.0,2,0.1818,4.5442,0.1821,0.074,-0.0003
lemon juice + lemon zest + vanilla extract,11,4.6182,4.7,300.45,2,0.1818,4.5442,0.1821,0.074,-0.0003
black pepper + lemon zest + salt,11,4.6273,4.7,120.55,2,0.1818,4.5442,0.1821,0.0831,-0.0003
butter + cinnamon + heavy cream,11,4.6273,4.6,336.64,2,0.1818,4.5442,0.1821,0.0831,-0.0003
butter + large egg + lemon juice,11,4.6273,4.7,153.55,2,0.1818,4.5442,0.1821,0.0831,-0.0003
cumin + salt + sour cream,11,4.6273,4.7,322.91,2,0.1818,4.5442,0.1821,0.0831,-0.0003
brown sugar + garlic + vegetable oil,11,4.6364,4.7,357.45,2,0.1818,4.5442,0.1821,0.0922,-0.0003
butter + large egg + pecan,11,4.6455,4.7,199.27,2,0.1818,4.5442,0.1821,0.1013,-0.0003
cayenne pepper + kosher salt + smoked paprika,11,4.6455,4.7,96.36,2,0.1818,4.5442,0.1821,0.1013,-0.0003
onion + salt + turkey,11,4.6455,4.7,539.18,2,0.1818,4.5442,0.1821,0.1013,-0.0003
garlic + garlic powder + parmesan cheese,11,4.6545,4.7,511.55,2,0.1818,4.5442,0.1821,0.1103,-0.0003
garlic + salt + smoked paprika,11,4.6636,4.7,105.55,2,0.1818,4.5442,0.1821,0.1194,-0.0003
arborio rice + butter + olive oil,11,4.6727,4.7,366.45,2,0.1818,4.5442,0.1821,0.1285,-0.0003
nutmeg + salt + vanilla extract,94,4.5298,4.6,176.45,17,0.1809,4.5442,0.1821,-0.0144,-0.0012
all-purpose flour + salt + white sugar,935,4.546,4.6,606.19,169,0.1807,4.5442,0.1821,0.0018,-0.0014
all-purpose flour + butter + garlic,83,4.5518,4.6,370.58,15,0.1807,4.5442,0.1821,0.0076,-0.0014
baking powder + buttermilk + salt,61,4.5377,4.6,377.77,11,0.1803,4.5442,0.1821,-0.0065,-0.0018
brown sugar + butter + salt,111,4.555,4.6,361.28,20,0.1802,4.5442,0.1821,0.0108,-0.0019
cinnamon + clove + salt,111,4.5667,4.6,452.78,20,0.1802,4.5442,0.1821,0.0225,-0.0019
butter + confectioners' sugar + vanilla extract,100,4.547,4.6,621.49,18,0.18,4.5442,0.1821,0.0028,-0.0021
chicken broth + garlic + salt,50,4.588,4.7,379.7,9,0.18,4.5442,0.1821,0.0438,-0.0021
butter + salt + white sugar,534,4.5545,4.6,623.61,96,0.1798,4.5442,0.1821,0.0103,-0.0023
baking powder + cinnamon + packed brown sugar,39,4.5077,4.6,806.9,7,0.1795,4.5442,0.1821,-0.0365,-0.0026
packed brown sugar + salt + vanilla extract,117,4.5256,4.6,706.32,21,0.1795,4.5442,0.1821,-0.0186,-0.0026
brown sugar + nutmeg + salt,39,4.5282,4.6,222.59,7,0.1795,4.5442,0.1821,-0.016,-0.0026
butter + olive oil + parmesan cheese,39,4.5333,4.6,166.46,7,0.1795,4.5442,0.1821,-0.0109,-0.0026
baking soda + butter + buttermilk,39,4.5462,4.6,598.9,7,0.1795,4.5442,0.1821,0.002,-0.0026
baking powder + clove + nutmeg,39,4.5487,4.7,342.41,7,0.1795,4.5442,0.1821,0.0045,-0.0026
baking soda + egg + ginger,39,4.5513,4.6,432.26,7,0.1795,4.5442,0.1821,0.0071,-0.0026
black pepper + cayenne pepper + cumin,39,4.5513,4.7,325.51,7,0.1795,4.5442,0.1821,0.0071,-0.0026
butter + vanilla extract + walnut,78,4.5526,4.6,979.63,14,0.1795,4.5442,0.1821,0.0084,-0.0026
black pepper + salt + worcestershire sauce,78,4.5603,4.6,443.24,14,0.1795,4.5442,0.1821,0.0161,-0.0026
all-purpose flour + butter + vanilla extract,379,4.5322,4.6,632.78,68,0.1794,4.5442,0.1821,-0.012,-0.0027
egg + garlic powder + salt,28,4.5036,4.5,335.86,5,0.1786,4.5442,0.1821,-0.0406,-0.0035
bay leaf + garlic + salt,28,4.5143,4.6,438.04,5,0.1786,4.5442,0.1821,-0.0299,-0.0035
brown sugar + cinnamon + water,28,4.525,4.6,146.21,5,0.1786,4.5442,0.1821,-0.0192,-0.0035
baking powder + cooking spray + white sugar,28,4.5464,4.6,825.07,5,0.1786,4.5442,0.1821,0.0022,-0.0035
baking soda + milk + vegetable oil,28,4.5464,4.65,820.54,5,0.1786,4.5442,0.1821,0.0022,-0.0035
onion + parsley + salt,56,4.5482,4.6,401.29,10,0.1786,4.5442,0.1821,0.004,-0.0035
cinnamon + egg + ginger,56,4.5589,4.6,345.57,10,0.1786,4.5442,0.1821,0.0147,-0.0035
black pepper + salt + small onion,28,4.5607,4.6,629.14,5,0.1786,4.5442,0.1821,0.0165,-0.0035
8 ounce package cream cheese + all-purpose flour + salt,28,4.5714,4.7,256.18,5,0.1786,4.5442,0.1821,0.0272,-0.0035
carrot + onion + stalks celery,28,4.5714,4.6,399.82,5,0.1786,4.5442,0.1821,0.0272,-0.0035
butter + freshly black pepper + salt,28,4.575,4.6,220.61,5,0.1786,4.5442,0.1821,0.0308,-0.0035
large egg + nutmeg + vanilla extract,28,4.575,4.7,285.64,5,0.1786,4.5442,0.1821,0.0308,-0.0035
cinnamon + clove + water,28,4.5821,4.65,869.14,5,0.1786,4.5442,0.1821,0.0379,-0.0035
cinnamon + clove + vegetable oil,28,4.5964,4.7,735.0,5,0.1786,4.5442,0.1821,0.0522,-0.0035
nutmeg + vanilla extract + white sugar,101,4.5564,4.6,215.4,18,0.1782,4.5442,0.1821,0.0122,-0.0039
cayenne pepper + garlic + onion,73,4.5753,4.6,604.67,13,0.1781,4.5442,0.1821,0.0311,-0.004
black pepper + egg + milk,45,4.5422,4.6,405.56,8,0.1778,4.5442,0.1821,-0.002,-0.0043
butter + egg + salt,388,4.5448,4.6,645.41,69,0.1778,4.5442,0.1821,0.0006,-0.0043
all-purpose flour + baking powder + buttermilk,62,4.5323,4.6,365.63,11,0.1774,4.5442,0.1821,-0.0119,-0.0047
black pepper + onion + vegetable oil,62,4.5355,4.6,273.98,11,0.1774,4.5442,0.1821,-0.0087,-0.0047
garlic + onion + worcestershire sauce,62,4.5613,4.6,252.39,11,0.1774,4.5442,0.1821,0.0171,-0.0047
black pepper + garlic + salt,333,4.5613,4.6,333.75,59,0.1772,4.5442,0.1821,0.0171,-0.0049
all-purpose flour + brown sugar + white sugar,130,4.5423,4.6,247.4,23,0.1769,4.5442,0.1821,-0.0019,-0.0052
all-purpose flour + baking soda + canola oil,17,4.4941,4.5,347.06,3,0.1765,4.5442,0.1821,-0.0501,-0.0056
chili powder + garlic + vegetable oil,17,4.4941,4.5,571.59,3,0.1765,4.5442,0.1821,-0.0501,-0.0056
butter + confectioners' sugar + milk,51,4.4961,4.6,443.33,9,0.1765,4.5442,0.1821,-0.0481,-0.0056
baking powder + black pepper + salt,17,4.5,4.6,277.59,3,0.1765,4.5442,0.1821,-0.0442,-0.0056
baking powder + brown sugar + vegetable oil,17,4.5,4.6,512.82,3,0.1765,4.5442,0.1821,-0.0442,-0.0056
egg + milk + onion,34,4.5088,4.5,654.76,6,0.1765,4.5442,0.1821,-0.0354,-0.0056
cornstarch + ginger + soy sauce,17,4.5118,4.6,999.35,3,0.1765,4.5442,0.1821,-0.0324,-0.0056
egg + salt + sifted all-purpose flour,17,4.5118,4.6,178.41,3,0.1765,4.5442,0.1821,-0.0324,-0.0056
cinnamon + nutmeg + raisin,34,4.5176,4.6,104.79,6,0.1765,4.5442,0.1821,-0.0266,-0.0056
chili powder + onion + vegetable oil,17,4.5176,4.5,439.18,3,0.1765,4.5442,0.1821,-0.0266,-0.0056
dried oregano + egg + salt,17,4.5176,4.6,440.47,3,0.1765,4.5442,0.1821,-0.0266,-0.0056
garlic + salt and pepper + vegetable oil,17,4.5176,4.6,475.53,3,0.1765,4.5442,0.1821,-0.0266,-0.0056
packed brown sugar + peanut butter + salt,17,4.5176,4.5,1080.82,3,0.1765,4.5442,0.1821,-0.0266,-0.0056
all-purpose flour + egg + vegetable oil for frying,17,4.5235,4.6,434.88,3,0.1765,4.5442,0.1821,-0.0207,-0.0056
beef broth + onion + salt,17,4.5235,4.6,331.18,3,0.1765,4.5442,0.1821,-0.0207,-0.0056
baking soda + cooking spray + egg,17,4.5294,4.6,1093.53,3,0.1765,4.5442,0.1821,-0.0148,-0.0056
baking soda + pumpkin puree + salt,17,4.5294,4.5,320.59,3,0.1765,4.5442,0.1821,-0.0148,-0.0056
black pepper + paprika + vegetable oil,17,4.5294,4.6,280.94,3,0.1765,4.5442,0.1821,-0.0148,-0.0056
butter + milk + vegetable oil,17,4.5294,4.5,134.12,3,0.1765,4.5442,0.1821,-0.0148,-0.0056
butter + mushroom + olive oil,17,4.5294,4.5,221.94,3,0.1765,4.5442,0.1821,-0.0148,-0.0056
garlic + ginger + olive oil,17,4.5294,4.6,137.29,3,0.1765,4.5442,0.1821,-0.0148,-0.0056
baking powder + butter + buttermilk,34,4.5324,4.6,349.44,6,0.1765,4.5442,0.1821,-0.0118,-0.0056
buttermilk + cinnamon + salt,17,4.5353,4.5,371.18,3,0.1765,4.5442,0.1821,-0.0089,-0.0056
garlic + salt + vegetable broth,17,4.5353,4.5,138.76,3,0.1765,4.5442,0.1821,-0.0089,-0.0056
butter + cream of tartar + salt,17,4.5412,4.6,822.82,3,0.1765,4.5442,0.1821,-0.003,-0.0056
egg + green onion + salt,17,4.5412,4.6,125.65,3,0.1765,4.5442,0.1821,-0.003,-0.0056
butter + olive oil + salt,68,4.5426,4.6,172.41,12,0.1765,4.5442,0.1821,-0.0016,-0.0056
chili powder + garlic + onion,51,4.5471,4.6,421.59,9,0.1765,4.5442,0.1821,0.0029,-0.0056
bay leaf + celery + onion,17,4.5471,4.5,192.41,3,0.1765,4.5442,0.1821,0.0029,-0.0056
caper + garlic + olive oil,17,4.5471,4.4,87.82,3,0.1765,4.5442,0.1821,0.0029,-0.0056
cayenne pepper + olive oil + salt and black pepper,17,4.5471,4.6,258.76,3,0.1765,4.5442,0.1821,0.0029,-0.0056
baking soda + large egg + unsalted butter,34,4.5529,4.7,517.97,6,0.1765,4.5442,0.1821,0.0087,-0.0056
all-purpose flour + baking soda + pumpkin puree,17,4.5529,4.6,348.18,3,0.1765,4.5442,0.1821,0.0087,-0.0056
cumin + garlic + vegetable oil,34,4.5559,4.6,635.76,6,0.1765,4.5442,0.1821,0.0117,-0.0056
cumin + salt + turmeric,17,4.5588,4.6,321.12,3,0.1765,4.5442,0.1821,0.0146,-0.0056
garlic + salt + salt and pepper,17,4.5588,4.6,261.0,3,0.1765,4.5442,0.1821,0.0146,-0.0056
pecan + vanilla extract + white sugar,68,4.5603,4.7,423.5,12,0.1765,4.5442,0.1821,0.0161,-0.0056
all-purpose flour + brown sugar + unsalted butter,17,4.5647,4.6,182.76,3,0.1765,4.5442,0.1821,0.0205,-0.0056
cayenne pepper + dried thyme + garlic,17,4.5647,4.6,162.41,3,0.1765,4.5442,0.1821,0.0205,-0.0056
clove + packed brown sugar + salt,17,4.5647,4.7,239.76,3,0.1765,4.5442,0.1821,0.0205,-0.0056
dried oregano + onion + parmesan cheese,17,4.5647,4.6,624.71,3,0.1765,4.5442,0.1821,0.0205,-0.0056
egg + garlic + mozzarella cheese,17,4.5647,4.6,1495.59,3,0.1765,4.5442,0.1821,0.0205,-0.0056
garlic powder + onion + paprika,17,4.5647,4.6,192.76,3,0.1765,4.5442,0.1821,0.0205,-0.0056
eggs lightly + salt + white sugar,17,4.5706,4.6,333.06,3,0.1765,4.5442,0.1821,0.0264,-0.0056
15 ounce can pumpkin puree + cinnamon + ginger,17,4.5765,4.7,1167.29,3,0.1765,4.5442,0.1821,0.0323,-0.0056
baking powder + onion + salt,17,4.5824,4.6,345.35,3,0.1765,4.5442,0.1821,0.0382,-0.0056
black pepper + parmesan cheese + water,17,4.5824,4.6,1553.76,3,0.1765,4.5442,0.1821,0.0382,-0.0056
garlic + red pepper flake + salt,51,4.598,4.7,345.24,9,0.1765,4.5442,0.1821,0.0538,-0.0056
ginger + salt + vegetable oil,34,4.6,4.7,675.47,6,0.1765,4.5442,0.1821,0.0558,-0.0056
all-purpose flour + olive oil + salt and black pepper,17,4.6,4.7,164.76,3,0.1765,4.5442,0.1821,0.0558,-0.0056
allspice + ginger + white sugar,17,4.6,4.7,172.24,3,0.1765,4.5442,0.1821,0.0558,-0.0056
black pepper + lime juice + salt,17,4.6,4.7,105.59,3,0.1765,4.5442,0.1821,0.0558,-0.0056
butter + flour + salt,17,4.6,4.7,325.53,3,0.1765,4.5442,0.1821,0.0558,-0.0056
garlic powder + olive oil + parmesan cheese,17,4.6059,4.6,389.94,3,0.1765,4.5442,0.1821,0.0617,-0.0056
8 ounce can tomato sauce + garlic + salt,17,4.6118,4.7,337.65,3,0.1765,4.5442,0.1821,0.0676,-0.0056
buttermilk + large egg + white sugar,17,4.6118,4.7,1095.35,3,0.1765,4.5442,0.1821,0.0676,-0.0056
olive oil + red wine vinegar + salt,17,4.6118,4.6,438.59,3,0.1765,4.5442,0.1821,0.0676,-0.0056
all-purpose flour + confectioners' sugar + walnut,17,4.6294,4.7,498.35,3,0.1765,4.5442,0.1821,0.0852,-0.0056
butter + garlic + shallot,17,4.6294,4.7,153.24,3,0.1765,4.5442,0.1821,0.0852,-0.0056
garlic + lemon juice + worcestershire sauce,17,4.6471,4.7,268.53,3,0.1765,4.5442,0.1821,0.1029,-0.0056
large egg + milk + white sugar,91,4.5253,4.6,542.58,16,0.1758,4.5442,0.1821,-0.0189,-0.0063
onion + salt + vegetable oil,91,4.5516,4.6,347.77,16,0.1758,4.5442,0.1821,0.0074,-0.0063
all-purpose flour + baking soda + buttermilk,74,4.5405,4.6,504.64,13,0.1757,4.5442,0.1821,-0.0037,-0.0064
cinnamon + clove + ginger,74,4.5689,4.6,416.96,13,0.1757,4.5442,0.1821,0.0247,-0.0064
baking soda + salt + shortening,57,4.5263,4.6,436.07,10,0.1754,4.5442,0.1821,-0.0179,-0.0067
black pepper + milk + salt,114,4.5316,4.6,637.62,20,0.1754,4.5442,0.1821,-0.0126,-0.0067
all-purpose flour + butter + white sugar,610,4.5448,4.6,654.65,107,0.1754,4.5442,0.1821,0.0006,-0.0067
all-purpose flour + baking powder + walnut,97,4.5433,4.6,399.31,17,0.1753,4.5442,0.1821,-0.0009,-0.0068
all-purpose flour + nutmeg + walnut,40,4.4975,4.6,204.88,7,0.175,4.5442,0.1821,-0.0467,-0.0071
egg + ginger + white sugar,40,4.5325,4.6,381.22,7,0.175,4.5442,0.1821,-0.0117,-0.0071
baking powder + butter + packed brown sugar,40,4.5425,4.6,880.3,7,0.175,4.5442,0.1821,-0.0017,-0.0071
cinnamon + ginger + vanilla extract,40,4.55,4.6,111.28,7,0.175,4.5442,0.1821,0.0058,-0.0071
chili powder + onion + salt,40,4.5575,4.6,450.28,7,0.175,4.5442,0.1821,0.0133,-0.0071
all-purpose flour + carrot + onion,40,4.57,4.6,684.18,7,0.175,4.5442,0.1821,0.0258,-0.0071
onion + parmesan cheese + salt,40,4.58,4.6,597.6,7,0.175,4.5442,0.1821,0.0358,-0.0071
butter + garlic powder + salt,40,4.6,4.6,479.5,7,0.175,4.5442,0.1821,0.0558,-0.0071
all-purpose flour + baking soda + egg,343,4.5443,4.6,750.4,60,0.1749,4.5442,0.1821,0.0001,-0.0072
butter + pecan + white sugar,63,4.5349,4.6,339.22,11,0.1746,4.5442,0.1821,-0.0093,-0.0075
baking powder + milk + unsalted butter,23,4.487,4.5,203.22,4,0.1739,4.5442,0.1821,-0.0572,-0.0082
black pepper + egg + garlic powder,23,4.487,4.6,611.0,4,0.1739,4.5442,0.1821,-0.0572,-0.0082
all-purpose flour + olive oil + parsley,23,4.5,4.5,211.91,4,0.1739,4.5442,0.1821,-0.0442,-0.0082
carrot + onion + water,46,4.513,4.6,357.7,8,0.1739,4.5442,0.1821,-0.0312,-0.0082
baking soda + white sugar + whole wheat flour,23,4.513,4.5,95.52,4,0.1739,4.5442,0.1821,-0.0312,-0.0082
bay leave + black pepper + salt,23,4.5174,4.6,224.43,4,0.1739,4.5442,0.1821,-0.0268,-0.0082
beef + chili powder + cumin,23,4.5174,4.6,203.43,4,0.1739,4.5442,0.1821,-0.0268,-0.0082
cheddar cheese + large egg + salt,23,4.5174,4.6,373.17,4,0.1739,4.5442,0.1821,-0.0268,-0.0082
paprika + salt + vegetable oil,23,4.5174,4.6,237.13,4,0.1739,4.5442,0.1821,-0.0268,-0.0082
brown sugar + ginger + soy sauce,23,4.5217,4.6,316.17,4,0.1739,4.5442,0.1821,-0.0225,-0.0082
packed brown sugar + salt + shortening,23,4.5217,4.6,406.83,4,0.1739,4.5442,0.1821,-0.0225,-0.0082
baking soda + peanut butter + white sugar,23,4.5261,4.6,830.61,4,0.1739,4.5442,0.1821,-0.0181,-0.0082
all-purpose flour + cooking spray + vanilla extract,23,4.5348,4.6,161.78,4,0.1739,4.5442,0.1821,-0.0094,-0.0082
all-purpose flour + kosher salt + white sugar,23,4.5391,4.6,87.26,4,0.1739,4.5442,0.1821,-0.0051,-0.0082
all-purpose flour + clove + walnut,23,4.5435,4.6,117.87,4,0.1739,4.5442,0.1821,-0.0007,-0.0082
dried thyme + salt + water,23,4.5435,4.6,207.61,4,0.1739,4.5442,0.1821,-0.0007,-0.0082
all-purpose flour + large egg + walnut,46,4.5478,4.6,767.0,8,0.1739,4.5442,0.1821,0.0036,-0.0082
black pepper + butter + paprika,23,4.5478,4.6,421.04,4,0.1739,4.5442,0.1821,0.0036,-0.0082
blueberry + lemon juice + white sugar,23,4.5478,4.6,87.52,4,0.1739,4.5442,0.1821,0.0036,-0.0082
black pepper + brown sugar + water,23,4.5522,4.6,453.78,4,0.1739,4.5442,0.1821,0.008,-0.0082
dried parsley + onion + salt,23,4.5522,4.6,647.0,4,0.1739,4.5442,0.1821,0.008,-0.0082
black pepper + garlic + onion,184,4.5543,4.6,401.11,32,0.1739,4.5442,0.1821,0.0101,-0.0082
garlic + rice vinegar + soy sauce,23,4.5609,4.6,279.83,4,0.1739,4.5442,0.1821,0.0167,-0.0082
garlic + rice vinegar + sesame oil,23,4.5652,4.6,184.78,4,0.1739,4.5442,0.1821,0.021,-0.0082
brown sugar + butter + rolled oat,23,4.5696,4.6,238.04,4,0.1739,4.5442,0.1821,0.0254,-0.0082
garlic + olive oil + shallot,23,4.5696,4.6,118.96,4,0.1739,4.5442,0.1821,0.0254,-0.0082
butter + garlic powder + onion,23,4.5783,4.6,284.65,4,0.1739,4.5442,0.1821,0.0341,-0.0082
milk + salt + walnut,23,4.5826,4.7,495.39,4,0.1739,4.5442,0.1821,0.0384,-0.0082
all-purpose flour + lemon juice + vanilla extract,23,4.5957,4.7,143.43,4,0.1739,4.5442,0.1821,0.0515,-0.0082
baking soda + buttermilk + large egg,23,4.5957,4.7,947.57,4,0.1739,4.5442,0.1821,0.0515,-0.0082
heavy cream + salt + vanilla extract,23,4.6174,4.8,194.43,4,0.1739,4.5442,0.1821,0.0732,-0.0082
celery + garlic + onion,52,4.5404,4.6,271.88,9,0.1731,4.5442,0.1821,-0.0038,-0.009
black pepper + butter + milk,52,4.5462,4.6,714.42,9,0.1731,4.5442,0.1821,0.002,-0.009
chicken broth + garlic + onion,52,4.5846,4.7,398.33,9,0.1731,4.5442,0.1821,0.0404,-0.009
beef + black pepper + salt,81,4.5198,4.6,348.12,14,0.1728,4.5442,0.1821,-0.0244,-0.0093
butter + large egg + salt,139,4.5619,4.6,580.83,24,0.1727,4.5442,0.1821,0.0177,-0.0094
garlic + onion + soy sauce,29,4.4724,4.5,372.38,5,0.1724,4.5442,0.1821,-0.0718,-0.0097
baking powder + large egg + unsalted butter,29,4.4897,4.6,434.1,5,0.1724,4.5442,0.1821,-0.0545,-0.0097
onion + salt + sour cream,29,4.5034,4.5,527.14,5,0.1724,4.5442,0.1821,-0.0408,-0.0097
baking soda + butter + rolled oat,29,4.5069,4.6,739.21,5,0.1724,4.5442,0.1821,-0.0373,-0.0097
bay leave + garlic + onion,29,4.5172,4.5,169.66,5,0.1724,4.5442,0.1821,-0.027,-0.0097
all-purpose flour + baking soda + cream of tartar,29,4.5414,4.6,614.55,5,0.1724,4.5442,0.1821,-0.0028,-0.0097
cooking spray + vanilla extract + white sugar,29,4.5414,4.6,139.83,5,0.1724,4.5442,0.1821,-0.0028,-0.0097
ginger + sesame oil + soy sauce,29,4.5552,4.7,241.72,5,0.1724,4.5442,0.1821,0.011,-0.0097
chicken stock + garlic + olive oil,29,4.569,4.6,203.72,5,0.1724,4.5442,0.1821,0.0248,-0.0097
butter + egg + vegetable oil,29,4.5897,4.6,638.83,5,0.1724,4.5442,0.1821,0.0455,-0.0097
heavy cream + salt + white sugar,29,4.6,4.7,117.97,5,0.1724,4.5442,0.1821,0.0558,-0.0097
baking powder + salt + sugar,29,4.6103,4.6,345.59,5,0.1724,4.5442,0.1821,0.0661,-0.0097
all-purpose flour + cinnamon + clove,93,4.5677,4.7,490.82,16,0.172,4.5442,0.1821,0.0235,-0.0101
cumin + garlic + salt,128,4.5758,4.6,289.91,22,0.1719,4.5442,0.1821,0.0316,-0.0102
cayenne pepper + garlic + olive oil,64,4.5766,4.6,402.31,11,0.1719,4.5442,0.1821,0.0324,-0.0102
carrot + onion + salt,64,4.5781,4.6,472.36,11,0.1719,4.5442,0.1821,0.0339,-0.0102
black pepper + parmesan cheese + salt,99,4.5455,4.6,420.28,17,0.1717,4.5442,0.1821,0.0013,-0.0104
butter + cinnamon + nutmeg,99,4.5626,4.6,240.24,17,0.1717,4.5442,0.1821,0.0184,-0.0104
milk + salt + unsalted butter,35,4.4857,4.6,355.0,6,0.1714,4.5442,0.1821,-0.0585,-0.0107
butter + garlic + lemon juice,35,4.5057,4.6,428.94,6,0.1714,4.5442,0.1821,-0.0385,-0.0107
milk + vanilla extract + vegetable oil,35,4.5257,4.6,756.57,6,0.1714,4.5442,0.1821,-0.0185,-0.0107
cilantro + garlic + onion,35,4.5371,4.6,700.57,6,0.1714,4.5442,0.1821,-0.0071,-0.0107
cooking spray + salt + vanilla extract,35,4.54,4.6,132.11,6,0.1714,4.5442,0.1821,-0.0042,-0.0107
garlic + onion + white sugar,35,4.5543,4.6,915.51,6,0.1714,4.5442,0.1821,0.0101,-0.0107
baking soda + clove + ginger,35,4.58,4.6,726.06,6,0.1714,4.5442,0.1821,0.0358,-0.0107
butter + carrot + onion,35,4.58,4.7,909.51,6,0.1714,4.5442,0.1821,0.0358,-0.0107
black pepper + carrot + celery,35,4.6171,4.7,738.09,6,0.1714,4.5442,0.1821,0.0729,-0.0107
brown sugar + egg + white sugar,76,4.5553,4.65,213.93,13,0.1711,4.5442,0.1821,0.0111,-0.011
baking powder + large egg + vanilla extract,117,4.5342,4.6,554.43,20,0.1709,4.5442,0.1821,-0.01,-0.0112
black pepper + dried parsley + salt,41,4.5293,4.6,544.95,7,0.1707,4.5442,0.1821,-0.0149,-0.0114
butter + raisin + white sugar,41,4.5561,4.6,430.1,7,0.1707,4.5442,0.1821,0.0119,-0.0114
baking soda + buttermilk + vanilla extract,41,4.5683,4.6,396.98,7,0.1707,4.5442,0.1821,0.0241,-0.0114
butter + packed brown sugar + vanilla extract,94,4.5266,4.6,708.06,16,0.1702,4.5442,0.1821,-0.0176,-0.0119
all-purpose flour + almond extract + white sugar,47,4.534,4.6,253.19,8,0.1702,4.5442,0.1821,-0.0102,-0.0119
salt + warm water 110 degrees f/45 degrees c + white sugar,47,4.5404,4.6,658.98,8,0.1702,4.5442,0.1821,-0.0038,-0.0119
baking powder + butter + cinnamon,100,4.576,4.6,594.41,17,0.17,4.5442,0.1821,0.0318,-0.0121
all-purpose flour + water + white sugar,153,4.5431,4.6,590.19,26,0.1699,4.5442,0.1821,-0.0011,-0.0122
baking soda + butter + milk,53,4.5377,4.6,832.04,9,0.1698,4.5442,0.1821,-0.0065,-0.0123
baking soda + salt + unsalted butter,53,4.5774,4.7,571.49,9,0.1698,4.5442,0.1821,0.0332,-0.0123
black pepper + egg + onion,59,4.5305,4.6,780.29,10,0.1695,4.5442,0.1821,-0.0137,-0.0126
brown sugar + salt + white sugar,118,4.5458,4.6,259.98,20,0.1695,4.5442,0.1821,0.0016,-0.0126
all-purpose flour + butter + salt,620,4.5502,4.6,641.19,105,0.1694,4.5442,0.1821,0.006,-0.0127
all-purpose flour + baking soda + confectioners' sugar,65,4.5477,4.6,514.77,11,0.1692,4.5442,0.1821,0.0035,-0.0129
baking powder + egg + walnut,65,4.5523,4.6,268.38,11,0.1692,4.5442,0.1821,0.0081,-0.0129
all-purpose flour + baking powder + cinnamon,237,4.5485,4.6,554.38,40,0.1688,4.5442,0.1821,0.0043,-0.0133
vanilla extract + water + white sugar,89,4.5169,4.6,429.17,15,0.1685,4.5442,0.1821,-0.0273,-0.0136
all-purpose flour + butter + walnut,89,4.5438,4.6,879.92,15,0.1685,4.5442,0.1821,-0.0004,-0.0136
black pepper + olive oil + onion,95,4.56,4.6,287.57,16,0.1684,4.5442,0.1821,0.0158,-0.0137
cinnamon + nutmeg + vanilla extract,113,4.5584,4.6,196.58,19,0.1681,4.5442,0.1821,0.0142,-0.014
all-purpose flour + buttermilk + nutmeg,12,4.4083,4.5,67.58,2,0.1667,4.5442,0.1821,-0.1359,-0.0154
all-purpose flour + semisweet chocolate chip + unsweetened cocoa powder,12,4.4083,4.55,802.67,2,0.1667,4.5442,0.1821,-0.1359,-0.0154
ginger root + soy sauce + water,12,4.4167,4.5,519.58,2,0.1667,4.5442,0.1821,-0.1275,-0.0154
egg + onion + soy sauce,12,4.4417,4.5,402.0,2,0.1667,4.5442,0.1821,-0.1025,-0.0154
almond extract + confectioners' sugar + white sugar,12,4.4583,4.5,339.58,2,0.1667,4.5442,0.1821,-0.0859,-0.0154
egg + packed brown sugar + shortening,12,4.4583,4.55,258.75,2,0.1667,4.5442,0.1821,-0.0859,-0.0154
black pepper + ketchup + lean beef,12,4.4667,4.55,933.08,2,0.1667,4.5442,0.1821,-0.0775,-0.0154
baking powder + unbleached all-purpose flour + white sugar,12,4.475,4.6,316.42,2,0.1667,4.5442,0.1821,-0.0692,-0.0154
butter + parsley + water,12,4.475,4.55,315.83,2,0.1667,4.5442,0.1821,-0.0692,-0.0154
large egg + peanut butter + white sugar,12,4.475,4.5,974.92,2,0.1667,4.5442,0.1821,-0.0692,-0.0154
baking soda + large egg + unsweetened cocoa powder,18,4.4833,4.6,852.17,3,0.1667,4.5442,0.1821,-0.0609,-0.0154
dried oregano + olive oil + salt and pepper,18,4.4833,4.5,314.89,3,0.1667,4.5442,0.1821,-0.0609,-0.0154
all-purpose flour + olive oil + parmesan cheese,12,4.4833,4.6,253.75,2,0.1667,4.5442,0.1821,-0.0609,-0.0154
cheddar cheese + onion + worcestershire sauce,12,4.4833,4.6,469.42,2,0.1667,4.5442,0.1821,-0.0609,-0.0154
distilled white vinegar + egg + salt,12,4.4833,4.5,253.58,2,0.1667,4.5442,0.1821,-0.0609,-0.0154
olive oil + tomato paste + water,12,4.4833,4.5,344.0,2,0.1667,4.5442,0.1821,-0.0609,-0.0154
black pepper + green onion + lemon juice,12,4.4917,4.5,122.83,2,0.1667,4.5442,0.1821,-0.0525,-0.0154
dried basil + olive oil + salt and pepper,12,4.4917,4.45,337.42,2,0.1667,4.5442,0.1821,-0.0525,-0.0154
garlic + green bell pepper + vegetable oil,30,4.4967,4.5,307.53,5,0.1667,4.5442,0.1821,-0.0475,-0.0154
soy sauce + vegetable oil + white sugar,24,4.5,4.6,321.79,4,0.1667,4.5442,0.1821,-0.0442,-0.0154
baking soda + unsweetened cocoa powder + water,12,4.5,4.55,509.08,2,0.1667,4.5442,0.1821,-0.0442,-0.0154
beef broth + garlic + worcestershire sauce,12,4.5,4.5,537.83,2,0.1667,4.5442,0.1821,-0.0442,-0.0154
black pepper + dried oregano + egg,12,4.5,4.6,304.33,2,0.1667,4.5442,0.1821,-0.0442,-0.0154
black pepper + dried thyme + stalks celery,12,4.5,4.6,103.0,2,0.1667,4.5442,0.1821,-0.0442,-0.0154
black pepper + milk + paprika,12,4.5,4.6,591.92,2,0.1667,4.5442,0.1821,-0.0442,-0.0154
milk + paprika + salt,12,4.5,4.6,617.33,2,0.1667,4.5442,0.1821,-0.0442,-0.0154
raisin + vanilla extract + water,12,4.5,4.5,118.0,2,0.1667,4.5442,0.1821,-0.0442,-0.0154
baking powder + egg + whole wheat flour,18,4.5056,4.5,148.83,3,0.1667,4.5442,0.1821,-0.0386,-0.0154
bay leaf + black pepper + water,18,4.5056,4.6,560.22,3,0.1667,4.5442,0.1821,-0.0386,-0.0154
butter + mushroom + parmesan cheese,18,4.5056,4.5,482.61,3,0.1667,4.5442,0.1821,-0.0386,-0.0154
cooking spray + milk + white sugar,18,4.5056,4.6,1241.83,3,0.1667,4.5442,0.1821,-0.0386,-0.0154
basil + garlic + salt,30,4.5067,4.5,411.03,5,0.1667,4.5442,0.1821,-0.0375,-0.0154
sesame oil + soy sauce + water,24,4.5083,4.55,238.83,4,0.1667,4.5442,0.1821,-0.0359,-0.0154
beef + brown sugar + worcestershire sauce,12,4.5083,4.55,192.25,2,0.1667,4.5442,0.1821,-0.0359,-0.0154
chili powder + coriander + cumin,12,4.5083,4.45,71.0,2,0.1667,4.5442,0.1821,-0.0359,-0.0154
cold water + salt + vanilla extract,12,4.5083,4.7,783.08,2,0.1667,4.5442,0.1821,-0.0359,-0.0154
salt + turmeric + white sugar,12,4.5083,4.6,235.5,2,0.1667,4.5442,0.1821,-0.0359,-0.0154
all-purpose flour + baking powder + egg white,18,4.5111,4.6,179.0,3,0.1667,4.5442,0.1821,-0.0331,-0.0154
basil + parmesan cheese + salt,18,4.5111,4.5,455.61,3,0.1667,4.5442,0.1821,-0.0331,-0.0154
egg + packed brown sugar + walnut,24,4.5125,4.6,1445.75,4,0.1667,4.5442,0.1821,-0.0317,-0.0154
celery + garlic + green bell pepper,24,4.5167,4.5,194.5,4,0.1667,4.5442,0.1821,-0.0275,-0.0154
black pepper + vegetable oil + white sugar,18,4.5167,4.6,295.11,3,0.1667,4.5442,0.1821,-0.0275,-0.0154
all-purpose flour + butter + dried oregano,12,4.5167,4.5,513.5,2,0.1667,4.5442,0.1821,-0.0275,-0.0154
all-purpose flour + carrot + nutmeg,12,4.5167,4.55,128.25,2,0.1667,4.5442,0.1821,-0.0275,-0.0154
allspice + cinnamon + large egg,12,4.5167,4.55,362.25,2,0.1667,4.5442,0.1821,-0.0275,-0.0154
black pepper + brown sugar + cumin,12,4.5167,4.55,286.67,2,0.1667,4.5442,0.1821,-0.0275,-0.0154
black pepper + cooking spray + milk,12,4.5167,4.6,876.83,2,0.1667,4.5442,0.1821,-0.0275,-0.0154
black pepper + poultry seasoning + salt,12,4.5167,4.55,299.83,2,0.1667,4.5442,0.1821,-0.0275,-0.0154
cinnamon + garlic + large onion,12,4.5167,4.55,106.17,2,0.1667,4.5442,0.1821,-0.0275,-0.0154
cumin + onion + salt and black pepper,12,4.5167,4.6,687.75,2,0.1667,4.5442,0.1821,-0.0275,-0.0154
light corn syrup + water + white sugar,12,4.5167,4.6,261.5,2,0.1667,4.5442,0.1821,-0.0275,-0.0154
garlic + vegetable oil + white sugar,24,4.5208,4.5,287.38,4,0.1667,4.5442,0.1821,-0.0234,-0.0154
large egg + semisweet chocolate chip + vanilla extract,24,4.5208,4.5,747.62,4,0.1667,4.5442,0.1821,-0.0234,-0.0154
clove + egg + nutmeg,36,4.5222,4.7,601.0,6,0.1667,4.5442,0.1821,-0.022,-0.0154
bay leave + black pepper + onion,18,4.5222,4.55,98.17,3,0.1667,4.5442,0.1821,-0.022,-0.0154
baking powder + light brown sugar + vanilla extract,12,4.525,4.55,209.67,2,0.1667,4.5442,0.1821,-0.0192,-0.0154
black pepper + brown sugar + ginger,12,4.525,4.6,209.75,2,0.1667,4.5442,0.1821,-0.0192,-0.0154
cayenne pepper + celery + water,12,4.525,4.6,181.33,2,0.1667,4.5442,0.1821,-0.0192,-0.0154
celery + mayonnaise + salt,12,4.525,4.55,345.5,2,0.1667,4.5442,0.1821,-0.0192,-0.0154
clove + ginger + packed brown sugar,12,4.525,4.65,322.17,2,0.1667,4.5442,0.1821,-0.0192,-0.0154
molasse + salt + white sugar,12,4.525,4.6,739.58,2,0.1667,4.5442,0.1821,-0.0192,-0.0154
baking soda + large egg + milk,36,4.5278,4.7,566.31,6,0.1667,4.5442,0.1821,-0.0164,-0.0154
nutmeg + packed brown sugar + white sugar,24,4.5292,4.7,227.88,4,0.1667,4.5442,0.1821,-0.015,-0.0154
baking powder + milk + nutmeg,24,4.5333,4.55,378.62,4,0.1667,4.5442,0.1821,-0.0109,-0.0154
6 ounce can tomato paste + garlic + salt,18,4.5333,4.6,776.72,3,0.1667,4.5442,0.1821,-0.0109,-0.0154
olive oil + water + white sugar,18,4.5333,4.6,146.17,3,0.1667,4.5442,0.1821,-0.0109,-0.0154
28 ounce can tomatoe + garlic + olive oil,12,4.5333,4.5,114.42,2,0.1667,4.5442,0.1821,-0.0109,-0.0154
allspice + brown sugar + cinnamon,12,4.5333,4.6,390.25,2,0.1667,4.5442,0.1821,-0.0109,-0.0154
butter + garlic powder + water,12,4.5333,4.7,714.42,2,0.1667,4.5442,0.1821,-0.0109,-0.0154
cornstarch + ginger + salt,12,4.5333,4.55,314.25,2,0.1667,4.5442,0.1821,-0.0109,-0.0154
egg + garlic powder + water,12,4.5333,4.65,227.42,2,0.1667,4.5442,0.1821,-0.0109,-0.0154
egg + pecan halve + white sugar,12,4.5333,4.6,133.17,2,0.1667,4.5442,0.1821,-0.0109,-0.0154
butter + olive oil + parsley,36,4.5361,4.6,213.92,6,0.1667,4.5442,0.1821,-0.0081,-0.0154
garlic + green bell pepper + olive oil,36,4.5361,4.6,254.56,6,0.1667,4.5442,0.1821,-0.0081,-0.0154
baking soda + egg + peanut butter,18,4.5389,4.6,669.61,3,0.1667,4.5442,0.1821,-0.0053,-0.0154
butter + semisweet chocolate chip + walnut,18,4.5389,4.6,2635.5,3,0.1667,4.5442,0.1821,-0.0053,-0.0154
bay leave + garlic + water,24,4.5417,4.6,375.5,4,0.1667,4.5442,0.1821,-0.0025,-0.0154
brown sugar + cinnamon + clove,24,4.5417,4.6,70.88,4,0.1667,4.5442,0.1821,-0.0025,-0.0154
butter + garlic + green onion,24,4.5417,4.6,237.88,4,0.1667,4.5442,0.1821,-0.0025,-0.0154
6 ounce can tomato paste + onion + salt,12,4.5417,4.55,685.75,2,0.1667,4.5442,0.1821,-0.0025,-0.0154
bay leaf + carrot + olive oil,12,4.5417,4.6,356.75,2,0.1667,4.5442,0.1821,-0.0025,-0.0154
brown sugar + cooking spray + vanilla extract,12,4.5417,4.65,71.17,2,0.1667,4.5442,0.1821,-0.0025,-0.0154
butter + salt and black pepper + sour cream,12,4.5417,4.55,433.92,2,0.1667,4.5442,0.1821,-0.0025,-0.0154
celery + parsley + salt,12,4.5417,4.65,223.42,2,0.1667,4.5442,0.1821,-0.0025,-0.0154
chili powder + garlic + large onion,12,4.5417,4.6,321.92,2,0.1667,4.5442,0.1821,-0.0025,-0.0154
garlic + green bell pepper + large onion,12,4.5417,4.65,205.42,2,0.1667,4.5442,0.1821,-0.0025,-0.0154
mayonnaise + paprika + salt,12,4.5417,4.6,162.58,2,0.1667,4.5442,0.1821,-0.0025,-0.0154
red wine vinegar + salt + water,12,4.5417,4.6,175.0,2,0.1667,4.5442,0.1821,-0.0025,-0.0154
beef + black pepper + ketchup,18,4.5444,4.6,493.56,3,0.1667,4.5442,0.1821,0.0002,-0.0154
cayenne pepper + parsley + salt,18,4.5444,4.6,331.89,3,0.1667,4.5442,0.1821,0.0002,-0.0154
nutmeg + vanilla extract + walnut,24,4.5458,4.6,165.04,4,0.1667,4.5442,0.1821,0.0016,-0.0154
all-purpose flour + black pepper + salt,150,4.5467,4.6,530.56,25,0.1667,4.5442,0.1821,0.0025,-0.0154
olive oil + onion + salt and black pepper,42,4.5476,4.6,157.83,7,0.1667,4.5442,0.1821,0.0034,-0.0154
cinnamon + nutmeg + water,42,4.55,4.6,422.21,7,0.1667,4.5442,0.1821,0.0058,-0.0154
baking powder + nutmeg + vegetable oil,24,4.55,4.7,291.5,4,0.1667,4.5442,0.1821,0.0058,-0.0154
garlic + large egg + onion,18,4.55,4.7,426.44,3,0.1667,4.5442,0.1821,0.0058,-0.0154
all-purpose flour + buttermilk + confectioners' sugar,12,4.55,4.6,230.83,2,0.1667,4.5442,0.1821,0.0058,-0.0154
all-purpose flour + egg + warm water,12,4.55,4.55,74.67,2,0.1667,4.5442,0.1821,0.0058,-0.0154
black pepper + butter + vegetable oil,12,4.55,4.5,455.92,2,0.1667,4.5442,0.1821,0.0058,-0.0154
brown sugar + egg + walnut,12,4.55,4.6,317.08,2,0.1667,4.5442,0.1821,0.0058,-0.0154
chili powder + cumin + red bell pepper,12,4.55,4.6,424.58,2,0.1667,4.5442,0.1821,0.0058,-0.0154
egg + ginger + water,12,4.55,4.6,1060.92,2,0.1667,4.5442,0.1821,0.0058,-0.0154
egg + milk + salt and black pepper,12,4.55,4.6,178.58,2,0.1667,4.5442,0.1821,0.0058,-0.0154
egg + mushroom + onion,12,4.55,4.6,512.33,2,0.1667,4.5442,0.1821,0.0058,-0.0154
garlic + oregano + parmesan cheese,12,4.55,4.55,179.33,2,0.1667,4.5442,0.1821,0.0058,-0.0154
garlic + parsley + white wine,12,4.55,4.55,644.42,2,0.1667,4.5442,0.1821,0.0058,-0.0154
lean beef + mozzarella cheese + onion,12,4.55,4.55,3326.33,2,0.1667,4.5442,0.1821,0.0058,-0.0154
butter + cinnamon + walnut,48,4.5521,4.6,335.75,8,0.1667,4.5442,0.1821,0.0079,-0.0154
all-purpose flour + baking soda + vanilla extract,384,4.5531,4.6,690.85,64,0.1667,4.5442,0.1821,0.0089,-0.0154
dried thyme + garlic + green bell pepper,24,4.5542,4.6,147.04,4,0.1667,4.5442,0.1821,0.01,-0.0154
all-purpose flour + cinnamon + semisweet chocolate chip,18,4.5556,4.6,406.11,3,0.1667,4.5442,0.1821,0.0114,-0.0154
bay leaf + carrot + onion,18,4.5556,4.6,396.11,3,0.1667,4.5442,0.1821,0.0114,-0.0154
black pepper + dried parsley + garlic powder,18,4.5556,4.65,586.39,3,0.1667,4.5442,0.1821,0.0114,-0.0154
cumin + salt + white sugar,18,4.5556,4.6,470.17,3,0.1667,4.5442,0.1821,0.0114,-0.0154
almond extract + butter + white sugar,36,4.5583,4.6,277.22,6,0.1667,4.5442,0.1821,0.0141,-0.0154
dried parsley + garlic + onion,24,4.5583,4.6,628.12,4,0.1667,4.5442,0.1821,0.0141,-0.0154
baking powder + clove + walnut,12,4.5583,4.6,125.83,2,0.1667,4.5442,0.1821,0.0141,-0.0154
butter + salt + whole milk,12,4.5583,4.65,116.5,2,0.1667,4.5442,0.1821,0.0141,-0.0154
carrot + dried oregano + onion,12,4.5583,4.55,851.83,2,0.1667,4.5442,0.1821,0.0141,-0.0154
cayenne pepper + milk + salt,12,4.5583,4.75,297.5,2,0.1667,4.5442,0.1821,0.0141,-0.0154
cheddar cheese + onion + salt and black pepper,12,4.5583,4.65,98.0,2,0.1667,4.5442,0.1821,0.0141,-0.0154
cilantro + cumin + turmeric,12,4.5583,4.6,351.08,2,0.1667,4.5442,0.1821,0.0141,-0.0154
garlic + garlic powder + water,12,4.5583,4.6,185.58,2,0.1667,4.5442,0.1821,0.0141,-0.0154
garlic + paprika + vegetable oil,12,4.5583,4.6,324.83,2,0.1667,4.5442,0.1821,0.0141,-0.0154
garlic + stalks celery + worcestershire sauce,12,4.5583,4.6,925.67,2,0.1667,4.5442,0.1821,0.0141,-0.0154
ketchup + soy sauce + vegetable oil,12,4.5583,4.6,850.0,2,0.1667,4.5442,0.1821,0.0141,-0.0154
nutmeg + salt + zucchini,12,4.5583,4.6,127.67,2,0.1667,4.5442,0.1821,0.0141,-0.0154
nutmeg + vanilla extract + water,12,4.5583,4.6,128.0,2,0.1667,4.5442,0.1821,0.0141,-0.0154
raisin + rolled oat + vanilla extract,12,4.5583,4.6,939.17,2,0.1667,4.5442,0.1821,0.0141,-0.0154
baking powder + buttermilk + large egg,18,4.5611,4.6,448.06,3,0.1667,4.5442,0.1821,0.0169,-0.0154
basil + garlic + parmesan cheese,24,4.5625,4.6,288.5,4,0.1667,4.5442,0.1821,0.0183,-0.0154
beef + black pepper + worcestershire sauce,30,4.5633,4.6,427.53,5,0.1667,4.5442,0.1821,0.0191,-0.0154
all-purpose flour + brown sugar + butter,114,4.564,4.6,337.36,19,0.1667,4.5442,0.1821,0.0198,-0.0154
cumin + salt + vegetable oil,30,4.5667,4.6,291.73,5,0.1667,4.5442,0.1821,0.0225,-0.0154
black pepper + honey + salt,24,4.5667,4.6,354.67,4,0.1667,4.5442,0.1821,0.0225,-0.0154
carrot + garlic + stalks celery,24,4.5667,4.6,329.42,4,0.1667,4.5442,0.1821,0.0225,-0.0154
clove + ginger + vanilla extract,18,4.5667,4.65,175.67,3,0.1667,4.5442,0.1821,0.0225,-0.0154
all-purpose flour + sifted confectioners' sugar + vanilla extract,12,4.5667,4.6,347.0,2,0.1667,4.5442,0.1821,0.0225,-0.0154
black pepper + mayonnaise + paprika,12,4.5667,4.6,346.5,2,0.1667,4.5442,0.1821,0.0225,-0.0154
boiling water + egg + salt,12,4.5667,4.65,494.58,2,0.1667,4.5442,0.1821,0.0225,-0.0154
brown sugar + ginger + water,12,4.5667,4.65,219.33,2,0.1667,4.5442,0.1821,0.0225,-0.0154
brown sugar + honey + salt,12,4.5667,4.6,268.92,2,0.1667,4.5442,0.1821,0.0225,-0.0154
brown sugar + olive oil + salt,12,4.5667,4.7,688.83,2,0.1667,4.5442,0.1821,0.0225,-0.0154
canola oil + egg + vanilla extract,12,4.5667,4.6,301.0,2,0.1667,4.5442,0.1821,0.0225,-0.0154
cold water + egg + salt,12,4.5667,4.6,649.67,2,0.1667,4.5442,0.1821,0.0225,-0.0154
eggs separated + vanilla extract + white sugar,12,4.5667,4.6,67.67,2,0.1667,4.5442,0.1821,0.0225,-0.0154
ketchup + soy sauce + worcestershire sauce,12,4.5667,4.6,539.75,2,0.1667,4.5442,0.1821,0.0225,-0.0154
black pepper + egg + parmesan cheese,30,4.57,4.6,1186.07,5,0.1667,4.5442,0.1821,0.0258,-0.0154
brown sugar + ketchup + onion,30,4.57,4.6,576.5,5,0.1667,4.5442,0.1821,0.0258,-0.0154
baking powder + clove + ginger,24,4.5708,4.65,188.29,4,0.1667,4.5442,0.1821,0.0266,-0.0154
black pepper + cayenne pepper + dried thyme,24,4.5708,4.6,453.71,4,0.1667,4.5442,0.1821,0.0266,-0.0154
butter + garlic + white wine,24,4.5708,4.6,307.54,4,0.1667,4.5442,0.1821,0.0266,-0.0154
all-purpose flour + clove + packed brown sugar,18,4.5722,4.7,229.06,3,0.1667,4.5442,0.1821,0.028,-0.0154
black pepper + garlic + sesame oil,18,4.5722,4.6,198.78,3,0.1667,4.5442,0.1821,0.028,-0.0154
cumin + green onion + salt,18,4.5722,4.7,412.78,3,0.1667,4.5442,0.1821,0.028,-0.0154
egg yolk + heavy cream + white sugar,18,4.5722,4.6,108.44,3,0.1667,4.5442,0.1821,0.028,-0.0154
brown sugar + egg + vanilla extract,84,4.5726,4.6,250.24,14,0.1667,4.5442,0.1821,0.0284,-0.0154
cumin + garlic + onion,90,4.5744,4.6,460.33,15,0.1667,4.5442,0.1821,0.0302,-0.0154
baking powder + cinnamon + pecan,24,4.575,4.6,598.96,4,0.1667,4.5442,0.1821,0.0308,-0.0154
baking powder + egg + ginger,24,4.575,4.6,138.62,4,0.1667,4.5442,0.1821,0.0308,-0.0154
brown sugar + large egg + salt,24,4.575,4.65,610.21,4,0.1667,4.5442,0.1821,0.0308,-0.0154
ginger + salt + water,24,4.575,4.6,900.67,4,0.1667,4.5442,0.1821,0.0308,-0.0154
all-purpose flour + salt + sifted confectioners' sugar,12,4.575,4.6,337.0,2,0.1667,4.5442,0.1821,0.0308,-0.0154
baking powder + nutmeg + zucchini,12,4.575,4.65,129.17,2,0.1667,4.5442,0.1821,0.0308,-0.0154
baking soda + nutmeg + zucchini,12,4.575,4.65,129.17,2,0.1667,4.5442,0.1821,0.0308,-0.0154
butter + egg + salt and black pepper,12,4.575,4.6,133.25,2,0.1667,4.5442,0.1821,0.0308,-0.0154
chicken broth + dried thyme + garlic,12,4.575,4.6,212.58,2,0.1667,4.5442,0.1821,0.0308,-0.0154
cumin + onion + red pepper flake,12,4.575,4.6,197.67,2,0.1667,4.5442,0.1821,0.0308,-0.0154
all-purpose flour + carrot + walnut,18,4.5778,4.7,570.67,3,0.1667,4.5442,0.1821,0.0336,-0.0154
dried basil + garlic powder + salt,18,4.5778,4.65,1055.89,3,0.1667,4.5442,0.1821,0.0336,-0.0154
egg + garlic + salt and black pepper,18,4.5778,4.7,158.89,3,0.1667,4.5442,0.1821,0.0336,-0.0154
allspice + cinnamon + salt,60,4.5783,4.6,226.25,10,0.1667,4.5442,0.1821,0.0341,-0.0154
black pepper + garlic powder + water,30,4.58,4.6,387.83,5,0.1667,4.5442,0.1821,0.0358,-0.0154
garlic + italian seasoning + olive oil,30,4.58,4.6,142.77,5,0.1667,4.5442,0.1821,0.0358,-0.0154
black pepper + garlic + medium onion,24,4.5833,4.65,608.29,4,0.1667,4.5442,0.1821,0.0391,-0.0154
all-purpose flour + baking powder + carrot,18,4.5833,4.65,614.17,3,0.1667,4.5442,0.1821,0.0391,-0.0154
allspice + egg + nutmeg,18,4.5833,4.65,221.89,3,0.1667,4.5442,0.1821,0.0391,-0.0154
black pepper + cilantro + olive oil,18,4.5833,4.7,238.78,3,0.1667,4.5442,0.1821,0.0391,-0.0154
butter + confectioners' sugar + large egg,18,4.5833,4.7,201.44,3,0.1667,4.5442,0.1821,0.0391,-0.0154
green onion + parsley + salt,18,4.5833,4.65,305.22,3,0.1667,4.5442,0.1821,0.0391,-0.0154
light brown sugar + salt + white sugar,18,4.5833,4.7,226.78,3,0.1667,4.5442,0.1821,0.0391,-0.0154
nutmeg + pecan + salt,18,4.5833,4.6,149.17,3,0.1667,4.5442,0.1821,0.0391,-0.0154
all-purpose flour + cinnamon + light brown sugar,12,4.5833,4.7,138.83,2,0.1667,4.5442,0.1821,0.0391,-0.0154
all-purpose flour + clove + shortening,12,4.5833,4.6,113.42,2,0.1667,4.5442,0.1821,0.0391,-0.0154
baking powder + packed brown sugar + vegetable oil,12,4.5833,4.7,337.17,2,0.1667,4.5442,0.1821,0.0391,-0.0154
bay leave + butter + onion,12,4.5833,4.6,174.17,2,0.1667,4.5442,0.1821,0.0391,-0.0154
boiling water + cinnamon + salt,12,4.5833,4.7,417.17,2,0.1667,4.5442,0.1821,0.0391,-0.0154
brown sugar + cayenne pepper + garlic powder,12,4.5833,4.7,150.67,2,0.1667,4.5442,0.1821,0.0391,-0.0154
butter + chicken broth + heavy cream,12,4.5833,4.6,558.42,2,0.1667,4.5442,0.1821,0.0391,-0.0154
butter + red pepper flake + salt,12,4.5833,4.6,67.33,2,0.1667,4.5442,0.1821,0.0391,-0.0154
cayenne pepper + cumin + turmeric,12,4.5833,4.6,519.92,2,0.1667,4.5442,0.1821,0.0391,-0.0154
garlic + olive oil + quinoa,12,4.5833,4.65,205.75,2,0.1667,4.5442,0.1821,0.0391,-0.0154
honey + onion + salt,12,4.5833,4.6,406.58,2,0.1667,4.5442,0.1821,0.0391,-0.0154
olive oil + red pepper flake + salt and black pepper,12,4.5833,4.65,129.92,2,0.1667,4.5442,0.1821,0.0391,-0.0154
salt + unsalted butter at room temperature + vanilla extract,12,4.5833,4.75,465.67,2,0.1667,4.5442,0.1821,0.0391,-0.0154
unsalted butter at room temperature + vanilla extract + white sugar,12,4.5833,4.75,465.67,2,0.1667,4.5442,0.1821,0.0391,-0.0154
all-purpose flour + packed brown sugar + raisin,18,4.5889,4.7,318.06,3,0.1667,4.5442,0.1821,0.0447,-0.0154
all-purpose flour + baking powder + quick cooking oat,12,4.5917,4.7,481.75,2,0.1667,4.5442,0.1821,0.0475,-0.0154
all-purpose flour + butter + sugar,12,4.5917,4.6,302.92,2,0.1667,4.5442,0.1821,0.0475,-0.0154
all-purpose flour + chocolate chip + white sugar,12,4.5917,4.6,111.08,2,0.1667,4.5442,0.1821,0.0475,-0.0154
almond + cinnamon + white sugar,12,4.5917,4.7,73.08,2,0.1667,4.5442,0.1821,0.0475,-0.0154
baking powder + packed brown sugar + pecan,12,4.5917,4.65,163.67,2,0.1667,4.5442,0.1821,0.0475,-0.0154
baking powder + quick cooking oat + salt,12,4.5917,4.7,481.75,2,0.1667,4.5442,0.1821,0.0475,-0.0154
milk + peanut butter + salt,12,4.5917,4.65,918.0,2,0.1667,4.5442,0.1821,0.0475,-0.0154
onion + stalks celery + vegetable oil,12,4.5917,4.65,146.5,2,0.1667,4.5442,0.1821,0.0475,-0.0154
onion powder + salt + white sugar,12,4.5917,4.65,251.5,2,0.1667,4.5442,0.1821,0.0475,-0.0154
water + white sugar + white vinegar,12,4.5917,4.6,227.08,2,0.1667,4.5442,0.1821,0.0475,-0.0154
all-purpose flour + bay leave + garlic,18,4.5944,4.65,182.06,3,0.1667,4.5442,0.1821,0.0502,-0.0154
allspice + egg + white sugar,18,4.5944,4.65,174.94,3,0.1667,4.5442,0.1821,0.0502,-0.0154
butter + cornstarch + vanilla extract,18,4.5944,4.7,511.0,3,0.1667,4.5442,0.1821,0.0502,-0.0154
butter + cornstarch + water,30,4.5967,4.6,570.03,5,0.1667,4.5442,0.1821,0.0525,-0.0154
olive oil + onion + red pepper flake,18,4.6,4.65,528.56,3,0.1667,4.5442,0.1821,0.0558,-0.0154
all-purpose flour + plain yogurt + salt,12,4.6,4.6,328.58,2,0.1667,4.5442,0.1821,0.0558,-0.0154
all-purpose flour + ripe bananas mashed + white sugar,12,4.6,4.6,978.92,2,0.1667,4.5442,0.1821,0.0558,-0.0154
baking soda + cinnamon + cooking spray,12,4.6,4.7,399.08,2,0.1667,4.5442,0.1821,0.0558,-0.0154
butter + garlic powder + milk,12,4.6,4.6,813.33,2,0.1667,4.5442,0.1821,0.0558,-0.0154
cinnamon + light brown sugar + vanilla extract,12,4.6,4.7,102.5,2,0.1667,4.5442,0.1821,0.0558,-0.0154
garlic + lemon juice + lemon zest,12,4.6,4.65,77.17,2,0.1667,4.5442,0.1821,0.0558,-0.0154
pecan + salt + unsalted butter,12,4.6,4.75,449.25,2,0.1667,4.5442,0.1821,0.0558,-0.0154
active dry yeast + butter + salt,18,4.6056,4.65,168.39,3,0.1667,4.5442,0.1821,0.0614,-0.0154
celery + garlic + olive oil,30,4.6067,4.6,260.2,5,0.1667,4.5442,0.1821,0.0625,-0.0154
clove + salt + vegetable oil,30,4.6067,4.7,677.13,5,0.1667,4.5442,0.1821,0.0625,-0.0154
chicken broth + onion + vegetable oil,12,4.6083,4.65,340.17,2,0.1667,4.5442,0.1821,0.0641,-0.0154
egg + garlic + green onion,12,4.6083,4.7,62.0,2,0.1667,4.5442,0.1821,0.0641,-0.0154
garlic + red wine + water,12,4.6083,4.65,650.33,2,0.1667,4.5442,0.1821,0.0641,-0.0154
onion + paprika + worcestershire sauce,12,4.6083,4.65,524.75,2,0.1667,4.5442,0.1821,0.0641,-0.0154
large egg + sour cream + white sugar,18,4.6111,4.7,346.72,3,0.1667,4.5442,0.1821,0.0669,-0.0154
butter + egg white + egg yolk,12,4.6167,4.7,442.83,2,0.1667,4.5442,0.1821,0.0725,-0.0154
confectioners' sugar + egg white + white sugar,12,4.6167,4.7,136.25,2,0.1667,4.5442,0.1821,0.0725,-0.0154
cumin + red bell pepper + salt,12,4.6167,4.7,358.58,2,0.1667,4.5442,0.1821,0.0725,-0.0154
flaked coconut + large egg + white sugar,12,4.6167,4.7,456.08,2,0.1667,4.5442,0.1821,0.0725,-0.0154
large egg + rolled oat + white sugar,12,4.6167,4.7,728.58,2,0.1667,4.5442,0.1821,0.0725,-0.0154
garlic + lime juice + olive oil,18,4.6222,4.65,281.33,3,0.1667,4.5442,0.1821,0.078,-0.0154
all-purpose flour + black pepper + stalks celery,12,4.625,4.65,210.42,2,0.1667,4.5442,0.1821,0.0808,-0.0154
black pepper + celery seed + onion,12,4.625,4.65,1588.92,2,0.1667,4.5442,0.1821,0.0808,-0.0154
brown sugar + cooking spray + egg,12,4.625,4.65,81.08,2,0.1667,4.5442,0.1821,0.0808,-0.0154
butter + lemon zest + milk,12,4.625,4.7,183.25,2,0.1667,4.5442,0.1821,0.0808,-0.0154
confectioners' sugar + nutmeg + white sugar,12,4.625,4.75,551.42,2,0.1667,4.5442,0.1821,0.0808,-0.0154
baking powder + butter + cooking spray,12,4.6333,4.7,1674.08,2,0.1667,4.5442,0.1821,0.0891,-0.0154
butter + onion + white wine,12,4.6333,4.65,251.42,2,0.1667,4.5442,0.1821,0.0891,-0.0154
chili powder + olive oil + paprika,12,4.6333,4.7,588.08,2,0.1667,4.5442,0.1821,0.0891,-0.0154
confectioners' sugar + heavy cream + white sugar,12,4.6333,4.65,183.83,2,0.1667,4.5442,0.1821,0.0891,-0.0154
confectioners' sugar + vanilla extract + walnut,12,4.6333,4.7,583.83,2,0.1667,4.5442,0.1821,0.0891,-0.0154
butter + cinnamon + cream cheese,12,4.6417,4.75,777.0,2,0.1667,4.5442,0.1821,0.0975,-0.0154
cumin + garlic powder + kosher salt,12,4.6417,4.8,82.67,2,0.1667,4.5442,0.1821,0.0975,-0.0154
celery + olive oil + salt,12,4.6583,4.75,119.67,2,0.1667,4.5442,0.1821,0.1141,-0.0154
large egg + salt + vanilla extract,175,4.552,4.6,669.34,29,0.1657,4.5442,0.1821,0.0078,-0.0164
all-purpose flour + egg + walnut,109,4.5394,4.6,766.12,18,0.1651,4.5442,0.1821,-0.0048,-0.017
all-purpose flour + baking powder + nutmeg,91,4.5385,4.6,277.33,15,0.1648,4.5442,0.1821,-0.0057,-0.0173
cinnamon + egg + salt,261,4.5525,4.6,416.56,43,0.1648,4.5442,0.1821,0.0083,-0.0173
all-purpose flour + baking powder + large egg,170,4.53,4.6,559.41,28,0.1647,4.5442,0.1821,-0.0142,-0.0174
all-purpose flour + black pepper + garlic,67,4.5657,4.6,296.54,11,0.1642,4.5442,0.1821,0.0215,-0.0179
black pepper + lemon juice + salt,67,4.5687,4.6,303.24,11,0.1642,4.5442,0.1821,0.0245,-0.0179
black pepper + carrot + onion,67,4.5716,4.6,473.75,11,0.1642,4.5442,0.1821,0.0274,-0.0179
baking powder + baking soda + egg,189,4.5624,4.6,541.78,31,0.164,4.5442,0.1821,0.0182,-0.0181
cinnamon + egg + white sugar,244,4.548,4.6,438.64,40,0.1639,4.5442,0.1821,0.0038,-0.0182
baking soda + confectioners' sugar + salt,61,4.5705,4.6,533.07,10,0.1639,4.5442,0.1821,0.0263,-0.0182
large egg + unsalted butter + vanilla extract,55,4.5382,4.6,373.56,9,0.1636,4.5442,0.1821,-0.006,-0.0185
confectioners' sugar + milk + salt,49,4.5245,4.6,453.06,8,0.1633,4.5442,0.1821,-0.0197,-0.0188
all-purpose flour + vegetable oil + water,49,4.5531,4.6,591.33,8,0.1633,4.5442,0.1821,0.0089,-0.0188
butter + pecan + salt,49,4.5653,4.6,385.02,8,0.1633,4.5442,0.1821,0.0211,-0.0188
large egg + salt + walnut,49,4.5694,4.7,796.33,8,0.1633,4.5442,0.1821,0.0252,-0.0188
large egg + salt + water,49,4.5898,4.6,739.12,8,0.1633,4.5442,0.1821,0.0456,-0.0188
garlic + salt + vegetable oil,92,4.5402,4.6,265.89,15,0.163,4.5442,0.1821,-0.004,-0.0191
baking powder + nutmeg + salt,92,4.5478,4.6,273.83,15,0.163,4.5442,0.1821,0.0036,-0.0191
baking powder + salt + walnut,92,4.562,4.6,445.61,15,0.163,4.5442,0.1821,0.0178,-0.0191
baking powder + cinnamon + ginger,43,4.5535,4.6,209.16,7,0.1628,4.5442,0.1821,0.0093,-0.0193
large egg + nutmeg + salt,43,4.5605,4.6,297.4,7,0.1628,4.5442,0.1821,0.0163,-0.0193
cumin + dried oregano + salt,43,4.5837,4.7,438.79,7,0.1628,4.5442,0.1821,0.0395,-0.0193
garlic + onion + tomato paste,37,4.5432,4.5,195.43,6,0.1622,4.5442,0.1821,-0.001,-0.0199
baking powder + butter + nutmeg,37,4.5514,4.6,266.59,6,0.1622,4.5442,0.1821,0.0072,-0.0199
celery + garlic + salt,37,4.5649,4.6,203.05,6,0.1622,4.5442,0.1821,0.0207,-0.0199
butter + egg yolk + salt,37,4.5676,4.6,304.68,6,0.1622,4.5442,0.1821,0.0234,-0.0199
baking soda + buttermilk + salt,74,4.5703,4.6,522.55,12,0.1622,4.5442,0.1821,0.0261,-0.0199
lemon juice + vanilla extract + white sugar,37,4.5784,4.7,188.89,6,0.1622,4.5442,0.1821,0.0342,-0.0199
cinnamon + margarine + white sugar,37,4.5838,4.6,763.86,6,0.1622,4.5442,0.1821,0.0396,-0.0199
garlic + olive oil + parmesan cheese,105,4.5667,4.6,280.65,17,0.1619,4.5442,0.1821,0.0225,-0.0202
baking soda + salt + water,68,4.5559,4.6,693.94,11,0.1618,4.5442,0.1821,0.0117,-0.0203
baking powder + cinnamon + vanilla extract,167,4.5527,4.6,399.29,27,0.1617,4.5442,0.1821,0.0085,-0.0204
all-purpose flour + paprika + salt,31,4.4871,4.5,632.65,5,0.1613,4.5442,0.1821,-0.0571,-0.0208
all-purpose flour + egg + rolled oat,31,4.4935,4.6,435.1,5,0.1613,4.5442,0.1821,-0.0507,-0.0208
all-purpose flour + butter + cheddar cheese,31,4.5,4.6,434.87,5,0.1613,4.5442,0.1821,-0.0442,-0.0208
baking soda + egg + rolled oat,31,4.5065,4.6,494.52,5,0.1613,4.5442,0.1821,-0.0377,-0.0208
all-purpose flour + large egg + unsalted butter,62,4.5242,4.6,412.77,10,0.1613,4.5442,0.1821,-0.02,-0.0208
butter + egg + semisweet chocolate chip,31,4.5323,4.6,1743.52,5,0.1613,4.5442,0.1821,-0.0119,-0.0208
egg + nutmeg + vegetable oil,31,4.5419,4.7,532.74,5,0.1613,4.5442,0.1821,-0.0023,-0.0208
all-purpose flour + large egg + vanilla extract,186,4.5468,4.6,590.46,30,0.1613,4.5442,0.1821,0.0026,-0.0208
baking powder + cinnamon + confectioners' sugar,31,4.5484,4.6,563.71,5,0.1613,4.5442,0.1821,0.0042,-0.0208
all-purpose flour + butter + clove,31,4.5516,4.6,431.1,5,0.1613,4.5442,0.1821,0.0074,-0.0208
honey + salt + vegetable oil,31,4.5548,4.6,327.58,5,0.1613,4.5442,0.1821,0.0106,-0.0208
baking powder + baking soda + unsalted butter,31,4.5581,4.7,223.45,5,0.1613,4.5442,0.1821,0.0139,-0.0208
milk + packed brown sugar + white sugar,31,4.5581,4.6,395.48,5,0.1613,4.5442,0.1821,0.0139,-0.0208
baking powder + large egg + walnut,31,4.5613,4.6,809.0,5,0.1613,4.5442,0.1821,0.0171,-0.0208
garlic + medium onion + salt,31,4.5645,4.6,521.68,5,0.1613,4.5442,0.1821,0.0203,-0.0208
green bell pepper + onion + red bell pepper,31,4.5677,4.6,163.1,5,0.1613,4.5442,0.1821,0.0235,-0.0208
vanilla extract + walnut + white sugar,124,4.5742,4.6,894.8,20,0.1613,4.5442,0.1821,0.03,-0.0208
brown sugar + butter + cinnamon,93,4.5763,4.6,218.84,15,0.1613,4.5442,0.1821,0.0321,-0.0208
all-purpose flour + olive oil + onion,31,4.5806,4.6,212.9,5,0.1613,4.5442,0.1821,0.0364,-0.0208
cayenne pepper + garlic + vegetable oil,31,4.5968,4.6,698.94,5,0.1613,4.5442,0.1821,0.0526,-0.0208
garlic + water + worcestershire sauce,31,4.6226,4.7,299.9,5,0.1613,4.5442,0.1821,0.0784,-0.0208
butter + nutmeg + salt,87,4.5609,4.6,247.37,14,0.1609,4.5442,0.1821,0.0167,-0.0212
baking powder + nutmeg + vanilla extract,56,4.5482,4.6,225.3,9,0.1607,4.5442,0.1821,0.004,-0.0214
confectioners' sugar + vanilla extract + white sugar,106,4.5651,4.6,619.58,17,0.1604,4.5442,0.1821,0.0209,-0.0217
black pepper + onion + salt,306,4.551,4.6,403.8,49,0.1601,4.5442,0.1821,0.0068,-0.022
baking soda + egg + salt,331,4.5604,4.6,701.83,53,0.1601,4.5442,0.1821,0.0162,-0.022
basil + olive oil + salt,25,4.492,4.5,359.44,4,0.16,4.5442,0.1821,-0.0522,-0.0221
bay leaf + black pepper + onion,25,4.5,4.5,460.2,4,0.16,4.5442,0.1821,-0.0442,-0.0221
butter + egg + rolled oat,25,4.5,4.6,528.88,4,0.16,4.5442,0.1821,-0.0442,-0.0221
egg + milk + packed brown sugar,25,4.5,4.5,385.24,4,0.16,4.5442,0.1821,-0.0442,-0.0221
peanut butter + salt + white sugar,25,4.508,4.6,955.32,4,0.16,4.5442,0.1821,-0.0362,-0.0221
butter + milk + sour cream,25,4.524,4.6,826.96,4,0.16,4.5442,0.1821,-0.0202,-0.0221
garlic + soy sauce + vegetable oil,50,4.526,4.6,404.54,8,0.16,4.5442,0.1821,-0.0182,-0.0221
all-purpose flour + nutmeg + raisin,25,4.54,4.6,129.2,4,0.16,4.5442,0.1821,-0.0042,-0.0221
butter + olive oil + salt and pepper,25,4.544,4.6,283.12,4,0.16,4.5442,0.1821,-0.0002,-0.0221
all-purpose flour + nutmeg + water,25,4.548,4.6,600.52,4,0.16,4.5442,0.1821,0.0038,-0.0221
brown sugar + garlic + salt,25,4.548,4.6,252.96,4,0.16,4.5442,0.1821,0.0038,-0.0221
butter + salt + walnut,75,4.552,4.6,887.48,12,0.16,4.5442,0.1821,0.0078,-0.0221
honey + salt + whole wheat flour,25,4.552,4.6,259.12,4,0.16,4.5442,0.1821,0.0078,-0.0221
garlic + green onion + onion,25,4.556,4.7,192.92,4,0.16,4.5442,0.1821,0.0118,-0.0221
all-purpose flour + egg + ginger,50,4.56,4.6,348.42,8,0.16,4.5442,0.1821,0.0158,-0.0221
baking soda + cream of tartar + salt,25,4.56,4.6,642.0,4,0.16,4.5442,0.1821,0.0158,-0.0221
chili powder + garlic + water,25,4.56,4.6,523.44,4,0.16,4.5442,0.1821,0.0158,-0.0221
cinnamon + confectioners' sugar + white sugar,50,4.566,4.7,608.64,8,0.16,4.5442,0.1821,0.0218,-0.0221
cinnamon + unsalted butter + vanilla extract,50,4.572,4.65,288.72,8,0.16,4.5442,0.1821,0.0278,-0.0221
baking soda + lemon juice + white sugar,25,4.572,4.7,166.4,4,0.16,4.5442,0.1821,0.0278,-0.0221
cinnamon + ginger + salt,100,4.576,4.6,428.9,16,0.16,4.5442,0.1821,0.0318,-0.0221
chili powder + dried oregano + salt,25,4.58,4.6,726.04,4,0.16,4.5442,0.1821,0.0358,-0.0221
all-purpose flour + salt + worcestershire sauce,25,4.592,4.6,718.8,4,0.16,4.5442,0.1821,0.0478,-0.0221
cumin + onion + vegetable oil,25,4.596,4.6,761.64,4,0.16,4.5442,0.1821,0.0518,-0.0221
8 ounce package cream cheese + salt + vanilla extract,25,4.6,4.7,381.92,4,0.16,4.5442,0.1821,0.0558,-0.0221
all-purpose flour + brown sugar + water,25,4.6,4.7,203.0,4,0.16,4.5442,0.1821,0.0558,-0.0221
baking soda + flaked coconut + vanilla extract,25,4.604,4.7,342.84,4,0.16,4.5442,0.1821,0.0598,-0.0221
butter + garlic + worcestershire sauce,25,4.604,4.6,301.28,4,0.16,4.5442,0.1821,0.0598,-0.0221
garlic powder + parmesan cheese + salt,25,4.604,4.6,625.76,4,0.16,4.5442,0.1821,0.0598,-0.0221
chicken broth + garlic + vegetable oil,25,4.608,4.7,483.8,4,0.16,4.5442,0.1821,0.0638,-0.0221
baking soda + flaked coconut + salt,25,4.616,4.7,344.8,4,0.16,4.5442,0.1821,0.0718,-0.0221
black pepper + cayenne pepper + salt,94,4.5628,4.6,379.09,15,0.1596,4.5442,0.1821,0.0186,-0.0225
large egg + milk + vanilla extract,69,4.5159,4.6,502.13,11,0.1594,4.5442,0.1821,-0.0283,-0.0227
butter + egg + packed brown sugar,69,4.5319,4.6,768.55,11,0.1594,4.5442,0.1821,-0.0123,-0.0227
baking soda + salt + vanilla extract,377,4.5629,4.6,645.98,60,0.1592,4.5442,0.1821,0.0187,-0.0229
all-purpose flour + almond extract + salt,44,4.5455,4.6,232.32,7,0.1591,4.5442,0.1821,0.0013,-0.023
nutmeg + salt + vegetable oil,44,4.5682,4.7,462.25,7,0.1591,4.5442,0.1821,0.024,-0.023
baking powder + salt + vegetable oil,151,4.5623,4.6,779.75,24,0.1589,4.5442,0.1821,0.0181,-0.0232
cinnamon + clove + egg,63,4.5381,4.6,508.95,10,0.1587,4.5442,0.1821,-0.0061,-0.0234
all-purpose flour + large egg + salt,271,4.5587,4.6,682.47,43,0.1587,4.5442,0.1821,0.0145,-0.0234
large egg + vegetable oil + white sugar,63,4.5635,4.7,944.68,10,0.1587,4.5442,0.1821,0.0193,-0.0234
all-purpose flour + packed brown sugar + salt,145,4.551,4.6,787.17,23,0.1586,4.5442,0.1821,0.0068,-0.0235
garlic + green bell pepper + onion,82,4.5171,4.55,261.78,13,0.1585,4.5442,0.1821,-0.0271,-0.0236
all-purpose flour + nutmeg + salt,164,4.564,4.6,301.21,26,0.1585,4.5442,0.1821,0.0198,-0.0236
baking soda + cinnamon + clove,82,4.5817,4.7,543.91,13,0.1585,4.5442,0.1821,0.0375,-0.0236
black pepper + butter + salt,177,4.5633,4.6,465.27,28,0.1582,4.5442,0.1821,0.0191,-0.0239
butter + egg + light corn syrup,19,4.4053,4.5,314.74,3,0.1579,4.5442,0.1821,-0.1389,-0.0242
cornstarch + salt + vanilla extract,19,4.4789,4.5,141.42,3,0.1579,4.5442,0.1821,-0.0653,-0.0242
olive oil + parmesan cheese + salt and pepper,19,4.4947,4.5,384.74,3,0.1579,4.5442,0.1821,-0.0495,-0.0242
baking soda + cinnamon + whole wheat flour,19,4.5158,4.6,121.47,3,0.1579,4.5442,0.1821,-0.0284,-0.0242
olive oil + onion + salt and pepper,38,4.5211,4.55,433.5,6,0.1579,4.5442,0.1821,-0.0231,-0.0242
black pepper + garlic + lean beef,19,4.5211,4.6,1443.21,3,0.1579,4.5442,0.1821,-0.0231,-0.0242
garlic + sesame oil + sesame seed,19,4.5263,4.5,152.47,3,0.1579,4.5442,0.1821,-0.0179,-0.0242
baking soda + cream of tartar + vanilla extract,19,4.5316,4.6,649.68,3,0.1579,4.5442,0.1821,-0.0126,-0.0242
black pepper + onion + red bell pepper,19,4.5316,4.6,144.26,3,0.1579,4.5442,0.1821,-0.0126,-0.0242
almond extract + milk + white sugar,19,4.5368,4.5,241.79,3,0.1579,4.5442,0.1821,-0.0074,-0.0242
blueberry + milk + white sugar,19,4.5368,4.6,406.0,3,0.1579,4.5442,0.1821,-0.0074,-0.0242
all-purpose flour + allspice + butter,19,4.5421,4.6,210.74,3,0.1579,4.5442,0.1821,-0.0021,-0.0242
allspice + black pepper + salt,19,4.5421,4.5,219.74,3,0.1579,4.5442,0.1821,-0.0021,-0.0242
cinnamon + shortening + white sugar,38,4.5474,4.6,459.39,6,0.1579,4.5442,0.1821,0.0032,-0.0242
garlic + salt + white wine,19,4.5474,4.6,467.74,3,0.1579,4.5442,0.1821,0.0032,-0.0242
baking soda + clove + walnut,19,4.5526,4.6,111.42,3,0.1579,4.5442,0.1821,0.0084,-0.0242
cayenne pepper + cilantro + salt,19,4.5526,4.6,727.21,3,0.1579,4.5442,0.1821,0.0084,-0.0242
cinnamon + ginger + milk,19,4.5526,4.6,328.47,3,0.1579,4.5442,0.1821,0.0084,-0.0242
nutmeg + walnut + white sugar,38,4.5553,4.65,185.87,6,0.1579,4.5442,0.1821,0.0111,-0.0242
beef + garlic powder + onion powder,19,4.5579,4.6,447.58,3,0.1579,4.5442,0.1821,0.0137,-0.0242
black pepper + dried basil + garlic powder,19,4.5579,4.6,953.21,3,0.1579,4.5442,0.1821,0.0137,-0.0242
cayenne pepper + garlic + green onion,19,4.5579,4.6,154.42,3,0.1579,4.5442,0.1821,0.0137,-0.0242
dried basil + olive oil + parmesan cheese,19,4.5579,4.6,452.37,3,0.1579,4.5442,0.1821,0.0137,-0.0242
heavy whipping cream + salt + vanilla extract,19,4.5579,4.6,255.74,3,0.1579,4.5442,0.1821,0.0137,-0.0242
mushroom + olive oil + salt,19,4.5579,4.6,235.26,3,0.1579,4.5442,0.1821,0.0137,-0.0242
all-purpose flour + butter + nutmeg,95,4.5589,4.6,251.41,15,0.1579,4.5442,0.1821,0.0147,-0.0242
brown sugar + cinnamon + pecan,19,4.5632,4.7,504.95,3,0.1579,4.5442,0.1821,0.019,-0.0242
cornstarch + egg + white sugar,19,4.5632,4.7,301.0,3,0.1579,4.5442,0.1821,0.019,-0.0242
black pepper + cayenne pepper + green bell pepper,19,4.5684,4.6,312.11,3,0.1579,4.5442,0.1821,0.0242,-0.0242
butter + chicken broth + olive oil,19,4.5684,4.6,276.42,3,0.1579,4.5442,0.1821,0.0242,-0.0242
black pepper + stalks celery + water,19,4.5737,4.6,337.37,3,0.1579,4.5442,0.1821,0.0295,-0.0242
large egg + margarine + salt,19,4.5737,4.6,1126.32,3,0.1579,4.5442,0.1821,0.0295,-0.0242
allspice + baking soda + egg,19,4.5789,4.7,257.63,3,0.1579,4.5442,0.1821,0.0347,-0.0242
butter + garlic powder + paprika,19,4.5789,4.6,438.05,3,0.1579,4.5442,0.1821,0.0347,-0.0242
packed brown sugar + raisin + salt,19,4.5789,4.6,215.79,3,0.1579,4.5442,0.1821,0.0347,-0.0242
all-purpose flour + baking soda + lemon juice,19,4.5842,4.7,190.95,3,0.1579,4.5442,0.1821,0.04,-0.0242
black pepper + ketchup + onion,19,4.5842,4.7,290.95,3,0.1579,4.5442,0.1821,0.04,-0.0242
cinnamon + packed brown sugar + raisin,19,4.5842,4.6,334.63,3,0.1579,4.5442,0.1821,0.04,-0.0242
flaked coconut + walnut + white sugar,19,4.5842,4.6,387.63,3,0.1579,4.5442,0.1821,0.04,-0.0242
garlic + oregano + salt,19,4.5842,4.6,123.53,3,0.1579,4.5442,0.1821,0.04,-0.0242
butter + chicken broth + garlic,38,4.5895,4.7,550.42,6,0.1579,4.5442,0.1821,0.0453,-0.0242
active dry yeast + butter + white sugar,19,4.5895,4.6,138.95,3,0.1579,4.5442,0.1821,0.0453,-0.0242
brown sugar + cinnamon + walnut,19,4.5895,4.7,332.53,3,0.1579,4.5442,0.1821,0.0453,-0.0242
carrot + cinnamon + walnut,19,4.5895,4.7,541.32,3,0.1579,4.5442,0.1821,0.0453,-0.0242
baking powder + baking soda + unsweetened cocoa powder,19,4.6,4.7,871.0,3,0.1579,4.5442,0.1821,0.0558,-0.0242
cornstarch + milk + white sugar,19,4.6,4.7,291.16,3,0.1579,4.5442,0.1821,0.0558,-0.0242
garlic powder + milk + salt,19,4.6053,4.6,235.0,3,0.1579,4.5442,0.1821,0.0611,-0.0242
butter + onion + vegetable oil,19,4.6158,4.6,774.84,3,0.1579,4.5442,0.1821,0.0716,-0.0242
packed light brown sugar + salt + white sugar,19,4.6211,4.7,973.53,3,0.1579,4.5442,0.1821,0.0769,-0.0242
8 ounce can tomato sauce + garlic + onion,19,4.6263,4.7,175.11,3,0.1579,4.5442,0.1821,0.0821,-0.0242
baking powder + large egg + white sugar,146,4.5582,4.6,597.56,23,0.1575,4.5442,0.1821,0.014,-0.0246
all-purpose flour + black pepper + onion,70,4.5671,4.6,602.9,11,0.1571,4.5442,0.1821,0.0229,-0.025
all-purpose flour + salt + sour cream,70,4.57,4.7,611.49,11,0.1571,4.5442,0.1821,0.0258,-0.025
baking powder + butter + large egg,70,4.5714,4.6,393.97,11,0.1571,4.5442,0.1821,0.0272,-0.025
confectioners' sugar + milk + white sugar,51,4.5196,4.6,490.71,8,0.1569,4.5442,0.1821,-0.0246,-0.0252
all-purpose flour + baking powder + clove,51,4.5667,4.6,315.25,8,0.1569,4.5442,0.1821,0.0225,-0.0252
all-purpose flour + clove + nutmeg,51,4.5667,4.7,480.57,8,0.1569,4.5442,0.1821,0.0225,-0.0252
cinnamon + salt + unsalted butter,51,4.5745,4.7,336.45,8,0.1569,4.5442,0.1821,0.0303,-0.0252
butter + milk + packed brown sugar,32,4.5188,4.5,372.53,5,0.1562,4.5442,0.1821,-0.0254,-0.0259
cinnamon + nutmeg + packed brown sugar,32,4.5406,4.7,261.69,5,0.1562,4.5442,0.1821,-0.0036,-0.0259
garlic + onion + parsley,64,4.55,4.6,692.23,10,0.1562,4.5442,0.1821,0.0058,-0.0259
all-purpose flour + confectioners' sugar + vanilla extract,96,4.5531,4.6,579.0,15,0.1562,4.5442,0.1821,0.0089,-0.0259
all-purpose flour + raisin + walnut,32,4.5562,4.6,329.97,5,0.1562,4.5442,0.1821,0.012,-0.0259
all-purpose flour + black pepper + cayenne pepper,32,4.575,4.6,237.5,5,0.1562,4.5442,0.1821,0.0308,-0.0259
baking soda + confectioners' sugar + white sugar,64,4.5766,4.6,514.73,10,0.1562,4.5442,0.1821,0.0324,-0.0259
all-purpose flour + carrot + cinnamon,32,4.5844,4.65,627.81,5,0.1562,4.5442,0.1821,0.0402,-0.0259
egg + ginger + nutmeg,32,4.5875,4.7,449.47,5,0.1562,4.5442,0.1821,0.0433,-0.0259
all-purpose flour + carrot + white sugar,32,4.6062,4.7,641.28,5,0.1562,4.5442,0.1821,0.062,-0.0259
all-purpose flour + salt + vegetable oil,263,4.5631,4.6,659.27,41,0.1559,4.5442,0.1821,0.0189,-0.0262
cinnamon + packed brown sugar + salt,77,4.5597,4.6,490.71,12,0.1558,4.5442,0.1821,0.0155,-0.0263
baking soda + butter + confectioners' sugar,45,4.5489,4.6,505.38,7,0.1556,4.5442,0.1821,0.0047,-0.0265
baking powder + cinnamon + white sugar,225,4.5644,4.6,567.38,35,0.1556,4.5442,0.1821,0.0202,-0.0265
all-purpose flour + cinnamon + confectioners' sugar,45,4.5778,4.6,462.4,7,0.1556,4.5442,0.1821,0.0336,-0.0265
brown sugar + butter + vanilla extract,90,4.5811,4.6,233.3,14,0.1556,4.5442,0.1821,0.0369,-0.0265
butter + vegetable oil + white sugar,45,4.6022,4.7,608.31,7,0.1556,4.5442,0.1821,0.058,-0.0265
all-purpose flour + butter + sour cream,58,4.5655,4.6,694.93,9,0.1552,4.5442,0.1821,0.0213,-0.0269
cinnamon + unsalted butter + white sugar,58,4.5879,4.7,313.36,9,0.1552,4.5442,0.1821,0.0437,-0.0269
all-purpose flour + packed brown sugar + white sugar,129,4.5628,4.6,1105.48,20,0.155,4.5442,0.1821,0.0186,-0.0271
egg + onion + salt,71,4.5437,4.6,426.48,11,0.1549,4.5442,0.1821,-0.0005,-0.0272
vanilla extract + vegetable oil + white sugar,142,4.569,4.7,643.25,22,0.1549,4.5442,0.1821,0.0248,-0.0272
all-purpose flour + brown sugar + cinnamon,97,4.5526,4.6,295.64,15,0.1546,4.5442,0.1821,0.0084,-0.0275
baking soda + vanilla extract + white sugar,369,4.5634,4.6,714.4,57,0.1545,4.5442,0.1821,0.0192,-0.0276
cinnamon + salt + vanilla extract,279,4.5606,4.6,487.81,43,0.1541,4.5442,0.1821,0.0164,-0.028
semisweet chocolate chip + unsweetened cocoa powder + white sugar,13,4.4077,4.5,762.77,2,0.1538,4.5442,0.1821,-0.1365,-0.0283
beef broth + salt + worcestershire sauce,13,4.4538,4.5,510.69,2,0.1538,4.5442,0.1821,-0.0904,-0.0283
large egg + unsweetened cocoa powder + vanilla extract,26,4.4577,4.5,732.46,4,0.1538,4.5442,0.1821,-0.0865,-0.0283
almond extract + confectioners' sugar + vanilla extract,13,4.4615,4.6,190.15,2,0.1538,4.5442,0.1821,-0.0827,-0.0283
all-purpose flour + egg + garlic powder,13,4.4692,4.5,1015.62,2,0.1538,4.5442,0.1821,-0.075,-0.0283
all-purpose flour + hot water + white sugar,13,4.4692,4.5,1750.46,2,0.1538,4.5442,0.1821,-0.075,-0.0283
milk + olive oil + parmesan cheese,13,4.4692,4.5,520.15,2,0.1538,4.5442,0.1821,-0.075,-0.0283
black pepper + dry white wine + garlic,13,4.4769,4.4,190.54,2,0.1538,4.5442,0.1821,-0.0673,-0.0283
egg + light corn syrup + pecan,13,4.4769,4.6,199.23,2,0.1538,4.5442,0.1821,-0.0673,-0.0283
all-purpose flour + egg + whole wheat flour,13,4.4846,4.4,154.62,2,0.1538,4.5442,0.1821,-0.0596,-0.0283
almond extract + confectioners' sugar + salt,13,4.4846,4.6,202.38,2,0.1538,4.5442,0.1821,-0.0596,-0.0283
baking powder + egg + honey,13,4.4846,4.6,1292.92,2,0.1538,4.5442,0.1821,-0.0596,-0.0283
beef + onion + salt and black pepper,13,4.4846,4.5,132.77,2,0.1538,4.5442,0.1821,-0.0596,-0.0283
all-purpose flour + baking soda + honey,13,4.4923,4.6,160.54,2,0.1538,4.5442,0.1821,-0.0519,-0.0283
active dry yeast + all-purpose flour + vegetable oil,13,4.5,4.6,302.38,2,0.1538,4.5442,0.1821,-0.0442,-0.0283
cheddar cheese + cumin + onion,13,4.5,4.6,447.23,2,0.1538,4.5442,0.1821,-0.0442,-0.0283
egg yolk + milk + vanilla extract,13,4.5,4.6,338.77,2,0.1538,4.5442,0.1821,-0.0442,-0.0283
all-purpose flour + egg + warm water 110 degrees f/45 degrees c,13,4.5077,4.5,144.62,2,0.1538,4.5442,0.1821,-0.0365,-0.0283
basil + parsley + salt,13,4.5077,4.6,437.69,2,0.1538,4.5442,0.1821,-0.0365,-0.0283
carrot + garlic + soy sauce,13,4.5077,4.6,252.0,2,0.1538,4.5442,0.1821,-0.0365,-0.0283
beef + onion + worcestershire sauce,26,4.5154,4.55,276.73,4,0.1538,4.5442,0.1821,-0.0288,-0.0283
black pepper + garlic + vegetable broth,13,4.5154,4.5,101.92,2,0.1538,4.5442,0.1821,-0.0288,-0.0283
all-purpose flour + butter + strawberry,13,4.5231,4.5,177.62,2,0.1538,4.5442,0.1821,-0.0211,-0.0283
baking powder + brown sugar + ginger,13,4.5231,4.6,315.77,2,0.1538,4.5442,0.1821,-0.0211,-0.0283
bay leaf + dried oregano + garlic,13,4.5231,4.5,384.69,2,0.1538,4.5442,0.1821,-0.0211,-0.0283
black pepper + dry bread crumb + egg,13,4.5231,4.6,555.31,2,0.1538,4.5442,0.1821,-0.0211,-0.0283
blueberry + lemon juice + salt,13,4.5231,4.6,50.62,2,0.1538,4.5442,0.1821,-0.0211,-0.0283
brown sugar + chili powder + cumin,13,4.5231,4.6,178.62,2,0.1538,4.5442,0.1821,-0.0211,-0.0283
chili powder + onion + paprika,13,4.5231,4.6,492.23,2,0.1538,4.5442,0.1821,-0.0211,-0.0283
chili powder + onion + worcestershire sauce,13,4.5231,4.6,144.77,2,0.1538,4.5442,0.1821,-0.0211,-0.0283
garlic powder + ginger + soy sauce,13,4.5231,4.6,206.54,2,0.1538,4.5442,0.1821,-0.0211,-0.0283
parsley + salt + white sugar,13,4.5231,4.6,144.54,2,0.1538,4.5442,0.1821,-0.0211,-0.0283
cooking spray + milk + salt,39,4.5256,4.6,980.56,6,0.1538,4.5442,0.1821,-0.0186,-0.0283
basil + butter + garlic,13,4.5308,4.6,538.92,2,0.1538,4.5442,0.1821,-0.0134,-0.0283
butter + chicken broth + salt and pepper,13,4.5308,4.5,698.31,2,0.1538,4.5442,0.1821,-0.0134,-0.0283
chili powder + cumin + kosher salt,13,4.5308,4.6,105.69,2,0.1538,4.5442,0.1821,-0.0134,-0.0283
confectioners' sugar + pecan + salt,13,4.5308,4.6,912.77,2,0.1538,4.5442,0.1821,-0.0134,-0.0283
dried oregano + lean beef + onion,13,4.5308,4.6,825.54,2,0.1538,4.5442,0.1821,-0.0134,-0.0283
garam masala + salt + turmeric,13,4.5308,4.6,203.69,2,0.1538,4.5442,0.1821,-0.0134,-0.0283
garlic + mushroom + parmesan cheese,13,4.5308,4.6,277.69,2,0.1538,4.5442,0.1821,-0.0134,-0.0283
green bell pepper + mushroom + onion,13,4.5308,4.5,243.46,2,0.1538,4.5442,0.1821,-0.0134,-0.0283
green bell pepper + salt + worcestershire sauce,13,4.5308,4.5,509.92,2,0.1538,4.5442,0.1821,-0.0134,-0.0283
kosher salt + large egg + vanilla extract,13,4.5308,4.5,57.38,2,0.1538,4.5442,0.1821,-0.0134,-0.0283
kosher salt + unsalted butter + vanilla extract,13,4.5308,4.6,39.85,2,0.1538,4.5442,0.1821,-0.0134,-0.0283
black pepper + garlic + vegetable oil,65,4.5354,4.5,286.35,10,0.1538,4.5442,0.1821,-0.0088,-0.0283
baking soda + butter + clove,26,4.5385,4.6,495.0,4,0.1538,4.5442,0.1821,-0.0057,-0.0283
all-purpose flour + almond + egg,13,4.5385,4.6,133.23,2,0.1538,4.5442,0.1821,-0.0057,-0.0283
egg + nutmeg + walnut,26,4.5423,4.6,112.77,4,0.1538,4.5442,0.1821,-0.0019,-0.0283
bay leaf + onion + salt,26,4.5462,4.6,415.31,4,0.1538,4.5442,0.1821,0.002,-0.0283
butter + egg + ginger,26,4.5462,4.55,155.15,4,0.1538,4.5442,0.1821,0.002,-0.0283
almond + egg + white sugar,13,4.5462,4.6,159.69,2,0.1538,4.5442,0.1821,0.002,-0.0283
bay leaf + black pepper + celery,13,4.5462,4.5,236.85,2,0.1538,4.5442,0.1821,0.002,-0.0283
carrot + garlic + salt and pepper,13,4.5462,4.6,348.23,2,0.1538,4.5442,0.1821,0.002,-0.0283
clove + milk + nutmeg,13,4.5462,4.5,471.0,2,0.1538,4.5442,0.1821,0.002,-0.0283
dried oregano + onion + white sugar,13,4.5462,4.6,492.85,2,0.1538,4.5442,0.1821,0.002,-0.0283
garlic powder + parsley + salt,13,4.5462,4.5,104.77,2,0.1538,4.5442,0.1821,0.002,-0.0283
green bell pepper + olive oil + water,13,4.5462,4.6,275.92,2,0.1538,4.5442,0.1821,0.002,-0.0283
kosher salt + large egg + white sugar,13,4.5462,4.6,75.69,2,0.1538,4.5442,0.1821,0.002,-0.0283
green onion + salt + water,26,4.55,4.6,396.96,4,0.1538,4.5442,0.1821,0.0058,-0.0283
brown sugar + nutmeg + white sugar,39,4.5513,4.6,212.79,6,0.1538,4.5442,0.1821,0.0071,-0.0283
baking soda + cinnamon + cream of tartar,13,4.5538,4.6,839.0,2,0.1538,4.5442,0.1821,0.0096,-0.0283
black pepper + butter + dried parsley,13,4.5538,4.5,475.69,2,0.1538,4.5442,0.1821,0.0096,-0.0283
black pepper + dried basil + vegetable oil,13,4.5538,4.6,278.0,2,0.1538,4.5442,0.1821,0.0096,-0.0283
black pepper + dried dill weed + salt,13,4.5538,4.6,554.23,2,0.1538,4.5442,0.1821,0.0096,-0.0283
black pepper + dried thyme + parsley,13,4.5538,4.6,235.0,2,0.1538,4.5442,0.1821,0.0096,-0.0283
black pepper + salt + white wine vinegar,13,4.5538,4.7,220.23,2,0.1538,4.5442,0.1821,0.0096,-0.0283
brown sugar + cinnamon + raisin,13,4.5538,4.7,296.69,2,0.1538,4.5442,0.1821,0.0096,-0.0283
cayenne pepper + dried thyme + green bell pepper,13,4.5538,4.6,191.15,2,0.1538,4.5442,0.1821,0.0096,-0.0283
cheddar cheese + garlic powder + salt,13,4.5538,4.6,273.54,2,0.1538,4.5442,0.1821,0.0096,-0.0283
cumin + garlic + red bell pepper,13,4.5538,4.6,304.92,2,0.1538,4.5442,0.1821,0.0096,-0.0283
garlic + hot pepper sauce + salt,13,4.5538,4.6,419.69,2,0.1538,4.5442,0.1821,0.0096,-0.0283
large egg + salt + sugar,13,4.5538,4.6,425.54,2,0.1538,4.5442,0.1821,0.0096,-0.0283
onion + parsley + white sugar,13,4.5538,4.6,1773.54,2,0.1538,4.5442,0.1821,0.0096,-0.0283
baking powder + buttermilk + vanilla extract,26,4.5577,4.6,373.15,4,0.1538,4.5442,0.1821,0.0135,-0.0283
chili powder + cumin + onion,52,4.5596,4.6,377.54,8,0.1538,4.5442,0.1821,0.0154,-0.0283
all-purpose flour + vanilla extract + walnut,130,4.56,4.6,855.25,20,0.1538,4.5442,0.1821,0.0158,-0.0283
butter + packed brown sugar + white sugar,91,4.5615,4.6,995.25,14,0.1538,4.5442,0.1821,0.0173,-0.0283
all-purpose flour + cayenne pepper + paprika,13,4.5615,4.7,410.23,2,0.1538,4.5442,0.1821,0.0173,-0.0283
allspice + baking powder + vanilla extract,13,4.5615,4.6,128.31,2,0.1538,4.5442,0.1821,0.0173,-0.0283
butter + green onion + milk,13,4.5615,4.6,434.62,2,0.1538,4.5442,0.1821,0.0173,-0.0283
carrot + dried oregano + garlic,13,4.5615,4.6,549.92,2,0.1538,4.5442,0.1821,0.0173,-0.0283
dry bread crumb + egg + salt,13,4.5615,4.6,698.92,2,0.1538,4.5442,0.1821,0.0173,-0.0283
garlic + olive oil + sesame oil,13,4.5615,4.5,54.85,2,0.1538,4.5442,0.1821,0.0173,-0.0283
green onion + lemon juice + salt,13,4.5615,4.6,430.69,2,0.1538,4.5442,0.1821,0.0173,-0.0283
large onion + salt + vegetable oil,13,4.5615,4.6,274.38,2,0.1538,4.5442,0.1821,0.0173,-0.0283
large egg + vegetable oil + water,26,4.5654,4.55,587.62,4,0.1538,4.5442,0.1821,0.0212,-0.0283
egg + salt + sour cream,39,4.5667,4.6,622.87,6,0.1538,4.5442,0.1821,0.0225,-0.0283
nutmeg + vegetable oil + white sugar,39,4.5667,4.7,523.79,6,0.1538,4.5442,0.1821,0.0225,-0.0283
baking soda + cinnamon + milk,26,4.5692,4.7,550.08,4,0.1538,4.5442,0.1821,0.025,-0.0283
all-purpose flour + baking powder + orange zest,13,4.5692,4.7,225.08,2,0.1538,4.5442,0.1821,0.025,-0.0283
all-purpose flour + cayenne pepper + dried thyme,13,4.5692,4.6,239.77,2,0.1538,4.5442,0.1821,0.025,-0.0283
all-purpose flour + medium onion + salt,13,4.5692,4.6,542.38,2,0.1538,4.5442,0.1821,0.025,-0.0283
confectioners' sugar for dusting + salt + vanilla extract,13,4.5692,4.7,303.15,2,0.1538,4.5442,0.1821,0.025,-0.0283
egg + flaked coconut + walnut,13,4.5692,4.6,186.15,2,0.1538,4.5442,0.1821,0.025,-0.0283
garlic + parsley + tomato paste,13,4.5692,4.5,254.85,2,0.1538,4.5442,0.1821,0.025,-0.0283
garlic powder + salt + white pepper,13,4.5692,4.6,673.85,2,0.1538,4.5442,0.1821,0.025,-0.0283
salt + semisweet chocolate chip + unsalted butter,13,4.5692,4.6,1283.54,2,0.1538,4.5442,0.1821,0.025,-0.0283
all-purpose flour + cayenne pepper + salt,39,4.5718,4.6,369.13,6,0.1538,4.5442,0.1821,0.0276,-0.0283
baking powder + cinnamon + clove,52,4.5731,4.7,319.02,8,0.1538,4.5442,0.1821,0.0289,-0.0283
olive oil + parmesan cheese + parsley,26,4.5731,4.6,280.27,4,0.1538,4.5442,0.1821,0.0289,-0.0283
confectioners' sugar + large egg + vanilla extract,26,4.5769,4.7,456.38,4,0.1538,4.5442,0.1821,0.0327,-0.0283
all-purpose flour + bay leave + salt,13,4.5769,4.6,227.0,2,0.1538,4.5442,0.1821,0.0327,-0.0283
all-purpose flour + cooking spray + vegetable oil,13,4.5769,4.6,348.54,2,0.1538,4.5442,0.1821,0.0327,-0.0283
carrot + garlic + worcestershire sauce,13,4.5769,4.7,110.69,2,0.1538,4.5442,0.1821,0.0327,-0.0283
cayenne pepper + garlic + turmeric,13,4.5769,4.6,488.85,2,0.1538,4.5442,0.1821,0.0327,-0.0283
cilantro + onion + vegetable oil,13,4.5769,4.6,736.85,2,0.1538,4.5442,0.1821,0.0327,-0.0283
cornstarch + milk + water,13,4.5769,4.6,527.38,2,0.1538,4.5442,0.1821,0.0327,-0.0283
salt + semisweet chocolate chip + vegetable oil,13,4.5769,4.6,563.62,2,0.1538,4.5442,0.1821,0.0327,-0.0283
black pepper + chili powder + onion,26,4.5808,4.6,587.54,4,0.1538,4.5442,0.1821,0.0366,-0.0283
brown sugar + vanilla extract + vegetable oil,26,4.5808,4.6,355.27,4,0.1538,4.5442,0.1821,0.0366,-0.0283
garlic + ginger + sesame oil,26,4.5846,4.7,223.77,4,0.1538,4.5442,0.1821,0.0404,-0.0283
all-purpose flour + salt + salt and black pepper,13,4.5846,4.6,299.46,2,0.1538,4.5442,0.1821,0.0404,-0.0283
butter + carrot + milk,13,4.5846,4.7,1268.38,2,0.1538,4.5442,0.1821,0.0404,-0.0283
chicken broth + parsley + salt,13,4.5846,4.7,643.15,2,0.1538,4.5442,0.1821,0.0404,-0.0283
dried oregano + garlic powder + onion,13,4.5846,4.6,395.0,2,0.1538,4.5442,0.1821,0.0404,-0.0283
flaked coconut + packed brown sugar + vanilla extract,13,4.5846,4.6,120.62,2,0.1538,4.5442,0.1821,0.0404,-0.0283
garlic powder + onion powder + sour cream,13,4.5846,4.6,469.23,2,0.1538,4.5442,0.1821,0.0404,-0.0283
ginger + milk + nutmeg,13,4.5846,4.6,110.92,2,0.1538,4.5442,0.1821,0.0404,-0.0283
all-purpose flour + butter + cornmeal,13,4.5923,4.6,876.92,2,0.1538,4.5442,0.1821,0.0481,-0.0283
all-purpose flour + flaked coconut + packed brown sugar,13,4.5923,4.6,110.38,2,0.1538,4.5442,0.1821,0.0481,-0.0283
almond extract + baking soda + salt,13,4.5923,4.6,219.08,2,0.1538,4.5442,0.1821,0.0481,-0.0283
black pepper + dried oregano + parsley,13,4.5923,4.6,686.23,2,0.1538,4.5442,0.1821,0.0481,-0.0283
black pepper + garlic + salt and black pepper,13,4.5923,4.7,246.85,2,0.1538,4.5442,0.1821,0.0481,-0.0283
egg + lemon juice + water,13,4.5923,4.6,142.62,2,0.1538,4.5442,0.1821,0.0481,-0.0283
egg + mozzarella cheese + onion,13,4.5923,4.7,2326.77,2,0.1538,4.5442,0.1821,0.0481,-0.0283
flaked coconut + packed brown sugar + white sugar,13,4.5923,4.6,110.38,2,0.1538,4.5442,0.1821,0.0481,-0.0283
green onion + mayonnaise + salt,13,4.5923,4.6,246.31,2,0.1538,4.5442,0.1821,0.0481,-0.0283
all-purpose flour + baking powder + pecan,39,4.5974,4.6,463.46,6,0.1538,4.5442,0.1821,0.0532,-0.0283
15 ounce can pumpkin puree + cinnamon + clove,13,4.6,4.7,1137.92,2,0.1538,4.5442,0.1821,0.0558,-0.0283
baking soda + brown sugar + water,13,4.6,4.7,241.54,2,0.1538,4.5442,0.1821,0.0558,-0.0283
black pepper + cumin + vegetable oil,13,4.6,4.7,306.15,2,0.1538,4.5442,0.1821,0.0558,-0.0283
chicken broth + garlic + green onion,13,4.6,4.6,301.54,2,0.1538,4.5442,0.1821,0.0558,-0.0283
garlic + red pepper flake + white sugar,13,4.6,4.6,118.62,2,0.1538,4.5442,0.1821,0.0558,-0.0283
honey + vanilla extract + white sugar,13,4.6,4.6,1350.38,2,0.1538,4.5442,0.1821,0.0558,-0.0283
packed brown sugar + vegetable oil + white sugar,13,4.6,4.7,249.15,2,0.1538,4.5442,0.1821,0.0558,-0.0283
black pepper + red pepper flake + salt,39,4.6026,4.7,300.69,6,0.1538,4.5442,0.1821,0.0584,-0.0283
all-purpose flour + packed brown sugar + vegetable oil,13,4.6077,4.7,425.46,2,0.1538,4.5442,0.1821,0.0635,-0.0283
allspice + cinnamon + packed brown sugar,13,4.6077,4.7,219.54,2,0.1538,4.5442,0.1821,0.0635,-0.0283
baking soda + large egg + rolled oat,13,4.6077,4.7,698.31,2,0.1538,4.5442,0.1821,0.0635,-0.0283
black pepper + garlic + yellow onion,13,4.6077,4.7,205.77,2,0.1538,4.5442,0.1821,0.0635,-0.0283
celery + garlic + worcestershire sauce,13,4.6077,4.6,270.77,2,0.1538,4.5442,0.1821,0.0635,-0.0283
cinnamon + packed brown sugar + vegetable oil,13,4.6077,4.7,263.54,2,0.1538,4.5442,0.1821,0.0635,-0.0283
heavy cream + olive oil + salt,13,4.6077,4.7,104.69,2,0.1538,4.5442,0.1821,0.0635,-0.0283
all-purpose flour + cinnamon + egg yolk,13,4.6154,4.7,178.38,2,0.1538,4.5442,0.1821,0.0712,-0.0283
allspice + egg + vanilla extract,13,4.6154,4.7,139.85,2,0.1538,4.5442,0.1821,0.0712,-0.0283
butter + confectioners' sugar + pecan,13,4.6154,4.7,779.62,2,0.1538,4.5442,0.1821,0.0712,-0.0283
butter + freshly black pepper + large egg,13,4.6154,4.6,176.54,2,0.1538,4.5442,0.1821,0.0712,-0.0283
butter + garlic + large egg,13,4.6154,4.6,336.0,2,0.1538,4.5442,0.1821,0.0712,-0.0283
butter + large egg + vegetable oil,13,4.6154,4.7,355.69,2,0.1538,4.5442,0.1821,0.0712,-0.0283
confectioners' sugar + unsalted butter + white sugar,13,4.6154,4.8,391.62,2,0.1538,4.5442,0.1821,0.0712,-0.0283
garlic + parmesan cheese + white sugar,13,4.6154,4.6,2019.62,2,0.1538,4.5442,0.1821,0.0712,-0.0283
ginger + milk + white sugar,13,4.6154,4.7,156.54,2,0.1538,4.5442,0.1821,0.0712,-0.0283
confectioners' sugar + large egg + white sugar,26,4.6231,4.7,484.15,4,0.1538,4.5442,0.1821,0.0789,-0.0283
all-purpose flour + black pepper + kosher salt,13,4.6231,4.6,60.92,2,0.1538,4.5442,0.1821,0.0789,-0.0283
butter + mushroom + salt and black pepper,13,4.6231,4.7,234.62,2,0.1538,4.5442,0.1821,0.0789,-0.0283
large egg + sour cream + vanilla extract,13,4.6231,4.7,210.31,2,0.1538,4.5442,0.1821,0.0789,-0.0283
8 ounce can tomato sauce + garlic + olive oil,13,4.6308,4.7,223.08,2,0.1538,4.5442,0.1821,0.0866,-0.0283
cilantro + olive oil + salt and black pepper,13,4.6308,4.7,154.15,2,0.1538,4.5442,0.1821,0.0866,-0.0283
egg + packed light brown sugar + salt,13,4.6308,4.6,1150.69,2,0.1538,4.5442,0.1821,0.0866,-0.0283
black pepper + parmesan cheese + white sugar,13,4.6385,4.7,2225.38,2,0.1538,4.5442,0.1821,0.0943,-0.0283
cooking spray + garlic + olive oil,13,4.6462,4.7,83.92,2,0.1538,4.5442,0.1821,0.102,-0.0283
egg + lemon juice + vanilla extract,13,4.6462,4.7,162.54,2,0.1538,4.5442,0.1821,0.102,-0.0283
butter + water + worcestershire sauce,13,4.6692,4.7,303.08,2,0.1538,4.5442,0.1821,0.125,-0.0283
all-purpose flour + large egg + white sugar,248,4.5649,4.6,683.49,38,0.1532,4.5442,0.1821,0.0207,-0.0289
salt + vegetable oil + water,98,4.5408,4.6,487.16,15,0.1531,4.5442,0.1821,-0.0034,-0.029
all-purpose flour + onion + salt,98,4.5663,4.6,577.45,15,0.1531,4.5442,0.1821,0.0221,-0.029
brown sugar + cinnamon + vanilla extract,85,4.56,4.6,264.86,13,0.1529,4.5442,0.1821,0.0158,-0.0292
ginger + salt + white sugar,72,4.5625,4.6,442.72,11,0.1528,4.5442,0.1821,0.0183,-0.0293
olive oil + parmesan cheese + salt,72,4.5653,4.6,254.31,11,0.1528,4.5442,0.1821,0.0211,-0.0293
olive oil + salt + white sugar,59,4.5407,4.6,346.31,9,0.1525,4.5442,0.1821,-0.0035,-0.0296
butter + water + white sugar,118,4.5661,4.6,398.47,18,0.1525,4.5442,0.1821,0.0219,-0.0296
egg + ginger + salt,59,4.5695,4.6,339.46,9,0.1525,4.5442,0.1821,0.0253,-0.0296
black pepper + salt + vegetable oil,105,4.5314,4.6,288.54,16,0.1524,4.5442,0.1821,-0.0128,-0.0297
black pepper + salt + white sugar,105,4.5619,4.6,371.76,16,0.1524,4.5442,0.1821,0.0177,-0.0297
salt + vanilla extract + vegetable oil,151,4.5709,4.7,632.07,23,0.1523,4.5442,0.1821,0.0267,-0.0298
butter + garlic + milk,46,4.5239,4.5,426.98,7,0.1522,4.5442,0.1821,-0.0203,-0.0299
egg + vanilla extract + walnut,92,4.5522,4.6,857.17,14,0.1522,4.5442,0.1821,0.008,-0.0299
carrot + celery + onion,46,4.613,4.7,713.37,7,0.1522,4.5442,0.1821,0.0688,-0.0299
baking powder + cinnamon + large egg,79,4.5582,4.6,510.57,12,0.1519,4.5442,0.1821,0.014,-0.0302
cinnamon + nutmeg + salt,178,4.5629,4.65,305.38,27,0.1517,4.5442,0.1821,0.0187,-0.0304
all-purpose flour + baking powder + vegetable oil,145,4.5669,4.6,815.24,22,0.1517,4.5442,0.1821,0.0227,-0.0304
all-purpose flour + butter + parsley,33,4.5212,4.6,286.52,5,0.1515,4.5442,0.1821,-0.023,-0.0306
dried basil + onion + salt,33,4.5364,4.6,484.21,5,0.1515,4.5442,0.1821,-0.0078,-0.0306
green bell pepper + olive oil + onion,33,4.5485,4.6,172.61,5,0.1515,4.5442,0.1821,0.0043,-0.0306
butter + cinnamon + ginger,33,4.5667,4.6,229.61,5,0.1515,4.5442,0.1821,0.0225,-0.0306
garlic + milk + onion,33,4.5697,4.6,459.73,5,0.1515,4.5442,0.1821,0.0255,-0.0306
mozzarella cheese + olive oil + parmesan cheese,33,4.5879,4.6,188.0,5,0.1515,4.5442,0.1821,0.0437,-0.0306
chili powder + cumin + dried oregano,33,4.5909,4.6,478.15,5,0.1515,4.5442,0.1821,0.0467,-0.0306
allspice + clove + salt,33,4.6212,4.7,226.21,5,0.1515,4.5442,0.1821,0.077,-0.0306
black pepper + butter + garlic,86,4.5535,4.6,234.12,13,0.1512,4.5442,0.1821,0.0093,-0.0309
cinnamon + clove + nutmeg,86,4.5558,4.6,342.95,13,0.1512,4.5442,0.1821,0.0116,-0.0309
all-purpose flour + cinnamon + salt,384,4.576,4.7,554.01,58,0.151,4.5442,0.1821,0.0318,-0.0311
all-purpose flour + cinnamon + egg,232,4.5534,4.6,463.32,35,0.1509,4.5442,0.1821,0.0092,-0.0312
baking soda + egg + white sugar,318,4.5607,4.6,741.96,48,0.1509,4.5442,0.1821,0.0165,-0.0312
all-purpose flour + ginger + salt,73,4.574,4.6,452.7,11,0.1507,4.5442,0.1821,0.0298,-0.0314
all-purpose flour + baking powder + baking soda,319,4.5734,4.6,609.89,48,0.1505,4.5442,0.1821,0.0292,-0.0316
beef + cheddar cheese + onion,20,4.435,4.5,481.25,3,0.15,4.5442,0.1821,-0.1092,-0.0321
egg + light corn syrup + white sugar,20,4.44,4.55,256.2,3,0.15,4.5442,0.1821,-0.1042,-0.0321
large egg + milk + unsalted butter,20,4.445,4.6,287.0,3,0.15,4.5442,0.1821,-0.0992,-0.0321
black pepper + onion + sour cream,20,4.505,4.55,517.7,3,0.15,4.5442,0.1821,-0.0392,-0.0321
egg + lean beef + onion,20,4.515,4.55,1514.75,3,0.15,4.5442,0.1821,-0.0292,-0.0321
salt + semisweet chocolate chip + walnut,20,4.515,4.6,1945.4,3,0.15,4.5442,0.1821,-0.0292,-0.0321
cumin + garlic + tomato,20,4.52,4.6,282.15,3,0.15,4.5442,0.1821,-0.0242,-0.0321
brown sugar + garlic + ginger,20,4.545,4.6,265.6,3,0.15,4.5442,0.1821,0.0008,-0.0321
garlic + italian seasoning + onion,20,4.545,4.6,1278.75,3,0.15,4.5442,0.1821,0.0008,-0.0321
garlic + parmesan cheese + water,20,4.545,4.55,1185.8,3,0.15,4.5442,0.1821,0.0008,-0.0321
all-purpose flour + salt + warm water,20,4.55,4.65,78.7,3,0.15,4.5442,0.1821,0.0058,-0.0321
brown sugar + egg + vegetable oil,20,4.555,4.65,383.75,3,0.15,4.5442,0.1821,0.0108,-0.0321
all-purpose flour + sour cream + white sugar,60,4.5567,4.7,661.82,9,0.15,4.5442,0.1821,0.0125,-0.0321
bay leaf + garlic + olive oil,20,4.56,4.6,556.55,3,0.15,4.5442,0.1821,0.0158,-0.0321
all-purpose flour + large egg + nutmeg,40,4.5625,4.7,217.62,6,0.15,4.5442,0.1821,0.0183,-0.0321
clove + ginger + nutmeg,40,4.565,4.6,356.95,6,0.15,4.5442,0.1821,0.0208,-0.0321
black pepper + cornstarch + salt,20,4.565,4.6,147.1,3,0.15,4.5442,0.1821,0.0208,-0.0321
cayenne pepper + onion + vegetable oil,20,4.565,4.6,803.7,3,0.15,4.5442,0.1821,0.0208,-0.0321
black pepper + cayenne pepper + vegetable oil,20,4.57,4.6,419.65,3,0.15,4.5442,0.1821,0.0258,-0.0321
brown sugar + rolled oat + salt,20,4.57,4.6,281.75,3,0.15,4.5442,0.1821,0.0258,-0.0321
large egg + raisin + salt,20,4.57,4.6,602.65,3,0.15,4.5442,0.1821,0.0258,-0.0321
cumin + garlic + green bell pepper,20,4.575,4.6,297.45,3,0.15,4.5442,0.1821,0.0308,-0.0321
raisin + vanilla extract + walnut,20,4.575,4.6,414.95,3,0.15,4.5442,0.1821,0.0308,-0.0321
8 ounce packages cream cheese + vanilla extract + white sugar,20,4.585,4.7,961.15,3,0.15,4.5442,0.1821,0.0408,-0.0321
cinnamon + nutmeg + pecan,20,4.585,4.6,166.45,3,0.15,4.5442,0.1821,0.0408,-0.0321
dijon mustard + garlic + salt,20,4.595,4.6,206.05,3,0.15,4.5442,0.1821,0.0508,-0.0321
all-purpose flour + milk + sour cream,20,4.6,4.7,926.4,3,0.15,4.5442,0.1821,0.0558,-0.0321
black pepper + garlic + red wine vinegar,20,4.6,4.65,309.5,3,0.15,4.5442,0.1821,0.0558,-0.0321
carrot + chicken broth + garlic,20,4.6,4.7,311.55,3,0.15,4.5442,0.1821,0.0558,-0.0321
black pepper + olive oil + red pepper flake,20,4.605,4.65,248.3,3,0.15,4.5442,0.1821,0.0608,-0.0321
large egg + lemon juice + white sugar,20,4.605,4.7,192.5,3,0.15,4.5442,0.1821,0.0608,-0.0321
cumin + onion + paprika,20,4.615,4.7,453.15,3,0.15,4.5442,0.1821,0.0708,-0.0321
apple cider vinegar + salt + white sugar,20,4.63,4.65,159.75,3,0.15,4.5442,0.1821,0.0858,-0.0321
cayenne pepper + chicken broth + garlic,20,4.705,4.75,302.9,3,0.15,4.5442,0.1821,0.1608,-0.0321
all-purpose flour + cinnamon + nutmeg,167,4.5617,4.7,300.16,25,0.1497,4.5442,0.1821,0.0175,-0.0324
salt + vanilla extract + walnut,127,4.5685,4.6,812.39,19,0.1496,4.5442,0.1821,0.0243,-0.0325
all-purpose flour + baking soda + salt,535,4.58,4.6,751.97,80,0.1495,4.5442,0.1821,0.0358,-0.0326
butter + cinnamon + salt,194,4.5897,4.6,510.08,29,0.1495,4.5442,0.1821,0.0455,-0.0326
all-purpose flour + salt + walnut,161,4.5602,4.6,699.42,24,0.1491,4.5442,0.1821,0.016,-0.033
butter + garlic + olive oil,94,4.5543,4.6,159.46,14,0.1489,4.5442,0.1821,0.0101,-0.0332
garlic powder + onion powder + paprika,47,4.6106,4.7,414.21,7,0.1489,4.5442,0.1821,0.0664,-0.0332
baking powder + vanilla extract + walnut,74,4.5703,4.6,486.64,11,0.1486,4.5442,0.1821,0.0261,-0.0335
all-purpose flour + baking soda + clove,74,4.5959,4.7,589.12,11,0.1486,4.5442,0.1821,0.0517,-0.0335
large egg + milk + salt,128,4.5508,4.6,651.82,19,0.1484,4.5442,0.1821,0.0066,-0.0337
all-purpose flour + cornmeal + salt,27,4.5185,4.6,608.26,4,0.1481,4.5442,0.1821,-0.0257,-0.034
large egg + milk + vegetable oil,27,4.5259,4.6,883.44,4,0.1481,4.5442,0.1821,-0.0183,-0.034
brown sugar + garlic + onion,27,4.5296,4.6,321.93,4,0.1481,4.5442,0.1821,-0.0146,-0.034
butter + egg yolk + vanilla extract,27,4.5296,4.6,365.19,4,0.1481,4.5442,0.1821,-0.0146,-0.034
butter + buttermilk + egg,27,4.537,4.6,369.3,4,0.1481,4.5442,0.1821,-0.0072,-0.034
all-purpose flour + cinnamon + packed brown sugar,81,4.5432,4.6,624.09,12,0.1481,4.5442,0.1821,-0.001,-0.034
olive oil + salt + tomato,27,4.5556,4.6,319.19,4,0.1481,4.5442,0.1821,0.0114,-0.034
baking powder + baking soda + buttermilk,54,4.5593,4.6,429.41,8,0.1481,4.5442,0.1821,0.0151,-0.034
black pepper + lemon juice + olive oil,54,4.5593,4.6,253.0,8,0.1481,4.5442,0.1821,0.0151,-0.034
all-purpose flour + butter + mushroom,27,4.563,4.6,430.07,4,0.1481,4.5442,0.1821,0.0188,-0.034
nutmeg + packed brown sugar + salt,27,4.563,4.7,160.26,4,0.1481,4.5442,0.1821,0.0188,-0.034
ketchup + onion + worcestershire sauce,27,4.5704,4.6,336.26,4,0.1481,4.5442,0.1821,0.0262,-0.034
all-purpose flour + butter + large egg,135,4.5748,4.6,533.65,20,0.1481,4.5442,0.1821,0.0306,-0.034
ginger + nutmeg + salt,54,4.5852,4.7,397.48,8,0.1481,4.5442,0.1821,0.041,-0.034
all-purpose flour + clove + salt,81,4.5963,4.7,546.23,12,0.1481,4.5442,0.1821,0.0521,-0.034
baking powder + baking soda + semisweet chocolate chip,27,4.6,4.6,521.63,4,0.1481,4.5442,0.1821,0.0558,-0.034
butter + cinnamon + water,54,4.6074,4.65,371.11,8,0.1481,4.5442,0.1821,0.0632,-0.034
butter + large egg + water,27,4.6111,4.6,547.81,4,0.1481,4.5442,0.1821,0.0669,-0.034
cayenne pepper + coriander + garlic,27,4.637,4.7,251.7,4,0.1481,4.5442,0.1821,0.0928,-0.034
egg + salt + sugar,27,4.6444,4.7,217.93,4,0.1481,4.5442,0.1821,0.1002,-0.034
butter + cinnamon + white sugar,257,4.579,4.6,490.61,38,0.1479,4.5442,0.1821,0.0348,-0.0342
butter + nutmeg + white sugar,95,4.5737,4.6,252.24,14,0.1474,4.5442,0.1821,0.0295,-0.0347
butter + cinnamon + vanilla extract,156,4.5923,4.6,526.47,23,0.1474,4.5442,0.1821,0.0481,-0.0347
garlic + mushroom + onion,34,4.5206,4.5,220.24,5,0.1471,4.5442,0.1821,-0.0236,-0.035
garlic + lean beef + onion,34,4.5235,4.6,1103.26,5,0.1471,4.5442,0.1821,-0.0207,-0.035
egg + parmesan cheese + salt,34,4.5471,4.6,536.12,5,0.1471,4.5442,0.1821,0.0029,-0.035
garlic + onion + paprika,34,4.5471,4.6,298.0,5,0.1471,4.5442,0.1821,0.0029,-0.035
butter + paprika + salt,34,4.55,4.6,394.21,5,0.1471,4.5442,0.1821,0.0058,-0.035
almond extract + butter + salt,34,4.5588,4.6,229.47,5,0.1471,4.5442,0.1821,0.0146,-0.035
all-purpose flour + black pepper + olive oil,34,4.5676,4.6,206.76,5,0.1471,4.5442,0.1821,0.0234,-0.035
baking soda + egg + semisweet chocolate chip,34,4.5853,4.6,1885.85,5,0.1471,4.5442,0.1821,0.0411,-0.035
egg + vegetable oil + white sugar,143,4.5608,4.6,607.55,21,0.1469,4.5442,0.1821,0.0166,-0.0352
all-purpose flour + baking soda + white sugar,524,4.5763,4.6,780.76,77,0.1469,4.5442,0.1821,0.0321,-0.0352
brown sugar + cinnamon + salt,109,4.5734,4.6,291.8,16,0.1468,4.5442,0.1821,0.0292,-0.0353
cooking spray + salt + white sugar,41,4.5488,4.6,626.8,6,0.1463,4.5442,0.1821,0.0046,-0.0358
all-purpose flour + baking powder + ginger,41,4.5561,4.6,212.1,6,0.1463,4.5442,0.1821,0.0119,-0.0358
egg + sour cream + white sugar,41,4.5634,4.6,786.37,6,0.1463,4.5442,0.1821,0.0192,-0.0358
baking powder + pecan + white sugar,41,4.5707,4.6,434.12,6,0.1463,4.5442,0.1821,0.0265,-0.0358
butter + buttermilk + white sugar,41,4.5805,4.6,538.56,6,0.1463,4.5442,0.1821,0.0363,-0.0358
olive oil + onion + salt,123,4.5837,4.6,330.34,18,0.1463,4.5442,0.1821,0.0395,-0.0358
allspice + cinnamon + clove,41,4.6049,4.7,207.15,6,0.1463,4.5442,0.1821,0.0607,-0.0358
cinnamon + packed brown sugar + vanilla extract,48,4.5396,4.6,354.1,7,0.1458,4.5442,0.1821,-0.0046,-0.0363
all-purpose flour + butter + buttermilk,48,4.5708,4.6,488.73,7,0.1458,4.5442,0.1821,0.0266,-0.0363
all-purpose flour + large egg + milk,103,4.5505,4.6,575.27,15,0.1456,4.5442,0.1821,0.0063,-0.0365
baking powder + baking soda + vanilla extract,213,4.5676,4.6,468.41,31,0.1455,4.5442,0.1821,0.0234,-0.0366
butter + milk + onion,55,4.58,4.6,773.82,8,0.1455,4.5442,0.1821,0.0358,-0.0366
all-purpose flour + black pepper + milk,55,4.5855,4.6,785.24,8,0.1455,4.5442,0.1821,0.0413,-0.0366
black pepper + chicken broth + salt,55,4.5945,4.7,658.75,8,0.1455,4.5442,0.1821,0.0503,-0.0366
baking powder + packed brown sugar + white sugar,62,4.5645,4.6,723.26,9,0.1452,4.5442,0.1821,0.0203,-0.0369
clove + nutmeg + salt,62,4.579,4.7,419.55,9,0.1452,4.5442,0.1821,0.0348,-0.0369
all-purpose flour + pecan + salt,62,4.6113,4.7,376.85,9,0.1452,4.5442,0.1821,0.0671,-0.0369
salt + vegetable oil + white sugar,262,4.5702,4.6,699.31,38,0.145,4.5442,0.1821,0.026,-0.0371
baking powder + baking soda + butter,138,4.5899,4.6,803.63,20,0.1449,4.5442,0.1821,0.0457,-0.0372
black pepper + carrot + salt,76,4.5921,4.65,500.41,11,0.1447,4.5442,0.1821,0.0479,-0.0374
baking powder + baking soda + salt,313,4.5885,4.7,569.37,45,0.1438,4.5442,0.1821,0.0443,-0.0383
baking soda + butter + egg,181,4.5564,4.6,998.02,26,0.1436,4.5442,0.1821,0.0122,-0.0385
large egg + vanilla extract + white sugar,202,4.5837,4.6,643.7,29,0.1436,4.5442,0.1821,0.0395,-0.0385
green onion + vegetable oil + white sugar,14,4.4357,4.5,459.0,2,0.1429,4.5442,0.1821,-0.1085,-0.0392
buttermilk + cinnamon + egg,14,4.4714,4.5,166.43,2,0.1429,4.5442,0.1821,-0.0728,-0.0392
cheddar cheese + chili powder + onion,14,4.4714,4.55,650.86,2,0.1429,4.5442,0.1821,-0.0728,-0.0392
egg + sesame oil + soy sauce,14,4.4714,4.55,157.64,2,0.1429,4.5442,0.1821,-0.0728,-0.0392
all-purpose flour + baking powder + whole wheat flour,21,4.4762,4.5,129.57,3,0.1429,4.5442,0.1821,-0.068,-0.0392
butter + freshly parmesan cheese + garlic,14,4.4786,4.5,469.5,2,0.1429,4.5442,0.1821,-0.0656,-0.0392
all-purpose flour + large egg yolk + white sugar,14,4.4857,4.7,330.79,2,0.1429,4.5442,0.1821,-0.0585,-0.0392
brown sugar + clove + white sugar,14,4.4857,4.55,85.43,2,0.1429,4.5442,0.1821,-0.0585,-0.0392
butter + cream of tartar + vanilla extract,14,4.4929,4.55,824.43,2,0.1429,4.5442,0.1821,-0.0513,-0.0392
curry powder + garlic + olive oil,14,4.4929,4.5,210.36,2,0.1429,4.5442,0.1821,-0.0513,-0.0392
ginger root + soy sauce + vegetable oil,14,4.4929,4.6,477.07,2,0.1429,4.5442,0.1821,-0.0513,-0.0392
all-purpose flour + honey + white sugar,21,4.4952,4.6,872.81,3,0.1429,4.5442,0.1821,-0.049,-0.0392
dried oregano + garlic + salt and pepper,21,4.4952,4.5,364.48,3,0.1429,4.5442,0.1821,-0.049,-0.0392
garlic + milk + salt and pepper,14,4.5,4.45,487.29,2,0.1429,4.5442,0.1821,-0.0442,-0.0392
butter + cilantro + garlic,14,4.5071,4.5,521.5,2,0.1429,4.5442,0.1821,-0.0371,-0.0392
cinnamon + white sugar + whole wheat flour,14,4.5071,4.55,128.5,2,0.1429,4.5442,0.1821,-0.0371,-0.0392
dried parsley + garlic + green bell pepper,14,4.5071,4.55,537.14,2,0.1429,4.5442,0.1821,-0.0371,-0.0392
garlic + lean beef + water,14,4.5071,4.5,2001.64,2,0.1429,4.5442,0.1821,-0.0371,-0.0392
salt + sour cream + water,14,4.5071,4.5,392.5,2,0.1429,4.5442,0.1821,-0.0371,-0.0392
green bell pepper + onion + worcestershire sauce,21,4.5095,4.5,408.76,3,0.1429,4.5442,0.1821,-0.0347,-0.0392
all-purpose flour + baking powder + cornmeal,21,4.5143,4.6,390.9,3,0.1429,4.5442,0.1821,-0.0299,-0.0392
all-purpose flour + cheddar cheese + egg,14,4.5143,4.5,291.36,2,0.1429,4.5442,0.1821,-0.0299,-0.0392
black pepper + distilled white vinegar + salt,14,4.5143,4.55,464.0,2,0.1429,4.5442,0.1821,-0.0299,-0.0392
dried basil + dried oregano + mozzarella cheese,14,4.5143,4.5,460.07,2,0.1429,4.5442,0.1821,-0.0299,-0.0392
egg + warm water 110 degrees f/45 degrees c + white sugar,14,4.5143,4.55,139.71,2,0.1429,4.5442,0.1821,-0.0299,-0.0392
ginger + salt + soy sauce,14,4.5143,4.45,214.93,2,0.1429,4.5442,0.1821,-0.0299,-0.0392
nutmeg + raisin + white sugar,28,4.5179,4.6,121.25,4,0.1429,4.5442,0.1821,-0.0263,-0.0392
butter + egg + garlic,21,4.519,4.6,268.19,3,0.1429,4.5442,0.1821,-0.0252,-0.0392
light corn syrup + salt + white sugar,21,4.519,4.6,279.76,3,0.1429,4.5442,0.1821,-0.0252,-0.0392
28 ounce can tomatoe + black pepper + salt,14,4.5214,4.6,233.93,2,0.1429,4.5442,0.1821,-0.0228,-0.0392
all-purpose flour + pepper + salt,14,4.5214,4.6,563.07,2,0.1429,4.5442,0.1821,-0.0228,-0.0392
basil + black pepper + salt,21,4.5238,4.5,183.9,3,0.1429,4.5442,0.1821,-0.0204,-0.0392
all-purpose flour + white sugar + whole wheat flour,21,4.5286,4.6,163.1,3,0.1429,4.5442,0.1821,-0.0156,-0.0392
baking powder + buttermilk + vegetable oil,14,4.5286,4.55,575.29,2,0.1429,4.5442,0.1821,-0.0156,-0.0392
beef broth + black pepper + onion,14,4.5286,4.6,181.5,2,0.1429,4.5442,0.1821,-0.0156,-0.0392
cayenne pepper + paprika + water,14,4.5286,4.6,345.5,2,0.1429,4.5442,0.1821,-0.0156,-0.0392
olive oil + quinoa + water,14,4.5286,4.55,462.57,2,0.1429,4.5442,0.1821,-0.0156,-0.0392
all-purpose flour + black pepper + egg,35,4.5314,4.6,569.17,5,0.1429,4.5442,0.1821,-0.0128,-0.0392
cayenne pepper + dried thyme + salt,21,4.5333,4.6,546.19,3,0.1429,4.5442,0.1821,-0.0109,-0.0392
confectioners' sugar + milk + vanilla extract,56,4.5339,4.6,498.34,8,0.1429,4.5442,0.1821,-0.0103,-0.0392
baking powder + large egg + semisweet chocolate chip,14,4.5357,4.55,737.57,2,0.1429,4.5442,0.1821,-0.0085,-0.0392
bay leaf + black pepper + carrot,14,4.5357,4.6,490.29,2,0.1429,4.5442,0.1821,-0.0085,-0.0392
butter + chicken broth + parsley,14,4.5357,4.5,453.29,2,0.1429,4.5442,0.1821,-0.0085,-0.0392
butter + parmesan cheese + salt and pepper,14,4.5357,4.6,601.0,2,0.1429,4.5442,0.1821,-0.0085,-0.0392
cumin + paprika + water,14,4.5357,4.55,281.36,2,0.1429,4.5442,0.1821,-0.0085,-0.0392
garlic + honey + salt,14,4.5357,4.6,326.57,2,0.1429,4.5442,0.1821,-0.0085,-0.0392
mushroom + parmesan cheese + salt,14,4.5357,4.6,627.0,2,0.1429,4.5442,0.1821,-0.0085,-0.0392
beef + black pepper + onion,49,4.5408,4.6,278.9,7,0.1429,4.5442,0.1821,-0.0034,-0.0392
all-purpose flour + black pepper + dried basil,14,4.5429,4.6,472.07,2,0.1429,4.5442,0.1821,-0.0013,-0.0392
all-purpose flour + molasse + white sugar,14,4.5429,4.6,667.64,2,0.1429,4.5442,0.1821,-0.0013,-0.0392
baking soda + molasse + white sugar,14,4.5429,4.6,661.64,2,0.1429,4.5442,0.1821,-0.0013,-0.0392
beef + egg + garlic,14,4.5429,4.5,564.21,2,0.1429,4.5442,0.1821,-0.0013,-0.0392
chili powder + cumin + sour cream,14,4.5429,4.6,218.29,2,0.1429,4.5442,0.1821,-0.0013,-0.0392
all-purpose flour + baking powder + eggs separated,14,4.55,4.6,114.79,2,0.1429,4.5442,0.1821,0.0058,-0.0392
all-purpose flour + green bell pepper + vegetable oil,14,4.55,4.6,94.57,2,0.1429,4.5442,0.1821,0.0058,-0.0392
black pepper + dried rosemary + salt,14,4.55,4.6,165.71,2,0.1429,4.5442,0.1821,0.0058,-0.0392
black pepper + garlic + white wine,14,4.55,4.6,437.29,2,0.1429,4.5442,0.1821,0.0058,-0.0392
cornstarch + garlic + green onion,14,4.55,4.6,556.0,2,0.1429,4.5442,0.1821,0.0058,-0.0392
egg + salt + warm water 110 degrees f/45 degrees c,14,4.55,4.6,191.5,2,0.1429,4.5442,0.1821,0.0058,-0.0392
egg + semisweet chocolate chip + walnut,14,4.55,4.6,3101.21,2,0.1429,4.5442,0.1821,0.0058,-0.0392
all-purpose flour + brown sugar + ginger,21,4.5524,4.6,243.24,3,0.1429,4.5442,0.1821,0.0082,-0.0392
brown sugar + vegetable oil + white sugar,21,4.5524,4.7,399.95,3,0.1429,4.5442,0.1821,0.0082,-0.0392
cayenne pepper + onion + water,21,4.5524,4.6,633.67,3,0.1429,4.5442,0.1821,0.0082,-0.0392
dried oregano + salt + white sugar,21,4.5524,4.6,546.57,3,0.1429,4.5442,0.1821,0.0082,-0.0392
green onion + soy sauce + water,21,4.5524,4.6,501.48,3,0.1429,4.5442,0.1821,0.0082,-0.0392
onion + salt + soy sauce,21,4.5524,4.6,339.1,3,0.1429,4.5442,0.1821,0.0082,-0.0392
all-purpose flour + milk + packed brown sugar,35,4.5543,4.6,403.09,5,0.1429,4.5442,0.1821,0.0101,-0.0392
active dry yeast + warm water 110 degrees f/45 degrees c + white sugar,21,4.5571,4.6,560.24,3,0.1429,4.5442,0.1821,0.0129,-0.0392
dried basil + garlic + water,21,4.5571,4.6,480.67,3,0.1429,4.5442,0.1821,0.0129,-0.0392
9 inch unbaked pie crust + all-purpose flour + white sugar,14,4.5571,4.55,134.86,2,0.1429,4.5442,0.1821,0.0129,-0.0392
all-purpose flour + vegetable shortening + white sugar,14,4.5571,4.7,59.79,2,0.1429,4.5442,0.1821,0.0129,-0.0392
bay leaf + cayenne pepper + salt,14,4.5571,4.6,287.0,2,0.1429,4.5442,0.1821,0.0129,-0.0392
brown sugar + honey + soy sauce,14,4.5571,4.6,177.43,2,0.1429,4.5442,0.1821,0.0129,-0.0392
butter + heavy cream + milk,14,4.5571,4.6,254.29,2,0.1429,4.5442,0.1821,0.0129,-0.0392
cider vinegar + salt + white sugar,14,4.5571,4.65,237.14,2,0.1429,4.5442,0.1821,0.0129,-0.0392
egg + milk + olive oil,14,4.5571,4.6,695.79,2,0.1429,4.5442,0.1821,0.0129,-0.0392
all-purpose flour + light brown sugar + salt,21,4.5619,4.6,199.81,3,0.1429,4.5442,0.1821,0.0177,-0.0392
black pepper + garlic + sour cream,21,4.5619,4.7,380.14,3,0.1429,4.5442,0.1821,0.0177,-0.0392
baking powder + baking soda + lemon juice,14,4.5643,4.7,108.64,2,0.1429,4.5442,0.1821,0.0201,-0.0392
cheddar cheese + salt + sour cream,14,4.5643,4.65,596.79,2,0.1429,4.5442,0.1821,0.0201,-0.0392
dried thyme + parsley + salt,14,4.5643,4.6,203.43,2,0.1429,4.5442,0.1821,0.0201,-0.0392
garlic + salt + tomato sauce,14,4.5643,4.5,362.86,2,0.1429,4.5442,0.1821,0.0201,-0.0392
ginger + large egg + nutmeg,14,4.5643,4.7,437.93,2,0.1429,4.5442,0.1821,0.0201,-0.0392
all-purpose flour + baking powder + rolled oat,21,4.5667,4.6,265.52,3,0.1429,4.5442,0.1821,0.0225,-0.0392
butter + cooking spray + salt,21,4.5667,4.6,1099.29,3,0.1429,4.5442,0.1821,0.0225,-0.0392
butter + packed brown sugar + semisweet chocolate chip,21,4.5667,4.6,2018.38,3,0.1429,4.5442,0.1821,0.0225,-0.0392
all-purpose flour + brown sugar + rolled oat,28,4.5679,4.6,218.43,4,0.1429,4.5442,0.1821,0.0237,-0.0392
egg + salt + vegetable oil,168,4.569,4.6,545.95,24,0.1429,4.5442,0.1821,0.0248,-0.0392
all-purpose flour + nutmeg + vanilla extract,84,4.5702,4.7,183.74,12,0.1429,4.5442,0.1821,0.026,-0.0392
chicken stock + garlic + onion,21,4.5714,4.6,209.81,3,0.1429,4.5442,0.1821,0.0272,-0.0392
garlic + ginger + salt,21,4.5714,4.5,217.0,3,0.1429,4.5442,0.1821,0.0272,-0.0392
black pepper + cheddar cheese + garlic powder,14,4.5714,4.6,136.79,2,0.1429,4.5442,0.1821,0.0272,-0.0392
butter + pumpkin puree + salt,14,4.5714,4.6,155.07,2,0.1429,4.5442,0.1821,0.0272,-0.0392
carrot + cayenne pepper + garlic,14,4.5714,4.6,146.5,2,0.1429,4.5442,0.1821,0.0272,-0.0392
garlic + lemon juice + tahini,14,4.5714,4.65,297.57,2,0.1429,4.5442,0.1821,0.0272,-0.0392
garlic + paprika + salt and black pepper,14,4.5714,4.65,223.93,2,0.1429,4.5442,0.1821,0.0272,-0.0392
milk + sour cream + white sugar,14,4.5714,4.65,868.86,2,0.1429,4.5442,0.1821,0.0272,-0.0392
garlic + lemon juice + onion,28,4.575,4.6,262.0,4,0.1429,4.5442,0.1821,0.0308,-0.0392
baking soda + peanut butter + salt,21,4.5762,4.6,893.81,3,0.1429,4.5442,0.1821,0.032,-0.0392
clove + salt + walnut,21,4.5762,4.6,125.05,3,0.1429,4.5442,0.1821,0.032,-0.0392
all-purpose flour + baking soda + semisweet chocolate chip,56,4.5768,4.6,1475.11,8,0.1429,4.5442,0.1821,0.0326,-0.0392
garlic + lemon juice + salt,70,4.5786,4.6,307.46,10,0.1429,4.5442,0.1821,0.0344,-0.0392
butter + salt + white wine,14,4.5786,4.6,519.14,2,0.1429,4.5442,0.1821,0.0344,-0.0392
cinnamon + packed brown sugar + unsalted butter,14,4.5786,4.7,621.64,2,0.1429,4.5442,0.1821,0.0344,-0.0392
cooking spray + milk + vanilla extract,14,4.5786,4.65,227.5,2,0.1429,4.5442,0.1821,0.0344,-0.0392
garlic + onion + turkey,14,4.5786,4.6,388.36,2,0.1429,4.5442,0.1821,0.0344,-0.0392
milk + raisin + salt,14,4.5786,4.6,300.79,2,0.1429,4.5442,0.1821,0.0344,-0.0392
olive oil + salt + stalks celery,14,4.5786,4.6,528.64,2,0.1429,4.5442,0.1821,0.0344,-0.0392
all-purpose flour + baking powder + sugar,21,4.581,4.6,442.14,3,0.1429,4.5442,0.1821,0.0368,-0.0392
black pepper + garlic + large egg,21,4.581,4.6,283.19,3,0.1429,4.5442,0.1821,0.0368,-0.0392
cinnamon + salt + white sugar,413,4.5823,4.7,565.19,59,0.1429,4.5442,0.1821,0.0381,-0.0392
allspice + baking soda + cinnamon,35,4.5857,4.7,294.09,5,0.1429,4.5442,0.1821,0.0415,-0.0392
butter + vanilla extract + vegetable oil,35,4.5857,4.6,471.14,5,0.1429,4.5442,0.1821,0.0415,-0.0392
all-purpose flour + clove + large egg,21,4.5857,4.7,584.71,3,0.1429,4.5442,0.1821,0.0415,-0.0392
brown sugar + salt + walnut,21,4.5857,4.6,340.81,3,0.1429,4.5442,0.1821,0.0415,-0.0392
ginger + vegetable oil + white sugar,21,4.5857,4.6,783.62,3,0.1429,4.5442,0.1821,0.0415,-0.0392
allspice + clove + egg,14,4.5857,4.6,293.07,2,0.1429,4.5442,0.1821,0.0415,-0.0392
black pepper + green onion + onion,14,4.5857,4.7,184.64,2,0.1429,4.5442,0.1821,0.0415,-0.0392
butter + garlic + green bell pepper,14,4.5857,4.65,153.79,2,0.1429,4.5442,0.1821,0.0415,-0.0392
butter + garlic powder + parmesan cheese,14,4.5857,4.7,521.14,2,0.1429,4.5442,0.1821,0.0415,-0.0392
butter + green onion + sour cream,14,4.5857,4.6,755.86,2,0.1429,4.5442,0.1821,0.0415,-0.0392
all-purpose flour + light brown sugar + white sugar,21,4.5905,4.7,346.71,3,0.1429,4.5442,0.1821,0.0463,-0.0392
cumin + green bell pepper + onion,21,4.5905,4.7,424.52,3,0.1429,4.5442,0.1821,0.0463,-0.0392
butter + salt + vegetable oil,56,4.5911,4.6,450.5,8,0.1429,4.5442,0.1821,0.0469,-0.0392
clove + nutmeg + vanilla extract,28,4.5929,4.7,287.54,4,0.1429,4.5442,0.1821,0.0487,-0.0392
all-purpose flour + boiling water + butter,14,4.5929,4.6,301.86,2,0.1429,4.5442,0.1821,0.0487,-0.0392
baking soda + egg yolk + white sugar,14,4.5929,4.7,1228.0,2,0.1429,4.5442,0.1821,0.0487,-0.0392
black pepper + brown sugar + olive oil,14,4.5929,4.6,374.0,2,0.1429,4.5442,0.1821,0.0487,-0.0392
black pepper + salt + thyme,14,4.5929,4.65,215.43,2,0.1429,4.5442,0.1821,0.0487,-0.0392
clove + ginger + large egg,14,4.5929,4.7,804.5,2,0.1429,4.5442,0.1821,0.0487,-0.0392
egg + packed light brown sugar + white sugar,14,4.5929,4.6,1082.21,2,0.1429,4.5442,0.1821,0.0487,-0.0392
garlic + vegetable oil + worcestershire sauce,14,4.5929,4.5,339.64,2,0.1429,4.5442,0.1821,0.0487,-0.0392
baking soda + packed brown sugar + unsalted butter,21,4.5952,4.7,1349.14,3,0.1429,4.5442,0.1821,0.051,-0.0392
butter + large egg + packed brown sugar,21,4.5952,4.6,697.71,3,0.1429,4.5442,0.1821,0.051,-0.0392
carrot + stalks celery + water,21,4.5952,4.7,405.43,3,0.1429,4.5442,0.1821,0.051,-0.0392
all-purpose flour + freshly black pepper + salt,21,4.6,4.6,154.19,3,0.1429,4.5442,0.1821,0.0558,-0.0392
baking powder + carrot + cinnamon,21,4.6,4.6,526.81,3,0.1429,4.5442,0.1821,0.0558,-0.0392
all-purpose flour + garlic + medium onion,14,4.6,4.6,645.29,2,0.1429,4.5442,0.1821,0.0558,-0.0392
black pepper + italian seasoning + onion,14,4.6,4.6,1735.64,2,0.1429,4.5442,0.1821,0.0558,-0.0392
butter + onion powder + salt,14,4.6,4.6,448.43,2,0.1429,4.5442,0.1821,0.0558,-0.0392
cayenne pepper + garlic + large onion,14,4.6,4.6,212.0,2,0.1429,4.5442,0.1821,0.0558,-0.0392
chicken broth + garlic + stalks celery,14,4.6,4.6,297.57,2,0.1429,4.5442,0.1821,0.0558,-0.0392
cumin + lemon juice + tahini,14,4.6,4.7,168.93,2,0.1429,4.5442,0.1821,0.0558,-0.0392
onion + salt + white pepper,14,4.6,4.7,274.64,2,0.1429,4.5442,0.1821,0.0558,-0.0392
baking powder + butter + pecan,28,4.6036,4.6,498.93,4,0.1429,4.5442,0.1821,0.0594,-0.0392
all-purpose flour + allspice + clove,28,4.6071,4.7,220.82,4,0.1429,4.5442,0.1821,0.0629,-0.0392
apples - peeled cored and + cinnamon + salt,14,4.6071,4.75,415.93,2,0.1429,4.5442,0.1821,0.0629,-0.0392
black pepper + dried basil + white sugar,14,4.6071,4.6,697.64,2,0.1429,4.5442,0.1821,0.0629,-0.0392
butter + cold water + salt,14,4.6071,4.65,715.43,2,0.1429,4.5442,0.1821,0.0629,-0.0392
chili powder + medium onion + salt,14,4.6071,4.7,426.43,2,0.1429,4.5442,0.1821,0.0629,-0.0392
garlic + large egg + parmesan cheese,14,4.6071,4.65,549.79,2,0.1429,4.5442,0.1821,0.0629,-0.0392
garlic + olive oil + sour cream,14,4.6071,4.7,375.57,2,0.1429,4.5442,0.1821,0.0629,-0.0392
lemon juice + olive oil + paprika,14,4.6071,4.65,404.14,2,0.1429,4.5442,0.1821,0.0629,-0.0392
onion + parmesan cheese + salt and black pepper,14,4.6071,4.65,294.0,2,0.1429,4.5442,0.1821,0.0629,-0.0392
allspice + vanilla extract + white sugar,21,4.6143,4.7,164.43,3,0.1429,4.5442,0.1821,0.0701,-0.0392
all-purpose flour + chicken broth + vegetable oil,14,4.6143,4.7,286.79,2,0.1429,4.5442,0.1821,0.0701,-0.0392
baking soda + large egg + sour cream,14,4.6143,4.7,505.29,2,0.1429,4.5442,0.1821,0.0701,-0.0392
black pepper + heavy cream + parmesan cheese,14,4.6143,4.7,728.64,2,0.1429,4.5442,0.1821,0.0701,-0.0392
dried oregano + garlic + white wine,14,4.6143,4.65,433.57,2,0.1429,4.5442,0.1821,0.0701,-0.0392
packed brown sugar + vanilla extract + vegetable oil,14,4.6143,4.6,217.57,2,0.1429,4.5442,0.1821,0.0701,-0.0392
baking soda + milk + walnut,21,4.619,4.7,542.48,3,0.1429,4.5442,0.1821,0.0748,-0.0392
black pepper + butter + green onion,21,4.619,4.7,409.05,3,0.1429,4.5442,0.1821,0.0748,-0.0392
all-purpose flour + onion + stalks celery,14,4.6214,4.7,513.86,2,0.1429,4.5442,0.1821,0.0772,-0.0392
all-purpose flour + large egg + rolled oat,14,4.6286,4.7,652.36,2,0.1429,4.5442,0.1821,0.0844,-0.0392
lemon juice + paprika + salt,14,4.6286,4.65,600.5,2,0.1429,4.5442,0.1821,0.0844,-0.0392
all-purpose flour + brown sugar + lemon juice,14,4.6357,4.8,361.93,2,0.1429,4.5442,0.1821,0.0915,-0.0392
carrot + onion + salt and black pepper,14,4.6357,4.75,471.86,2,0.1429,4.5442,0.1821,0.0915,-0.0392
cayenne pepper + garlic powder + olive oil,14,4.6357,4.65,186.5,2,0.1429,4.5442,0.1821,0.0915,-0.0392
garlic + red wine vinegar + salt,21,4.6381,4.7,379.95,3,0.1429,4.5442,0.1821,0.0939,-0.0392
butter + cinnamon + vegetable oil,21,4.6429,4.7,749.43,3,0.1429,4.5442,0.1821,0.0987,-0.0392
carrot + chicken broth + stalks celery,14,4.6429,4.7,323.86,2,0.1429,4.5442,0.1821,0.0987,-0.0392
butter + salt + sugar,14,4.65,4.7,356.86,2,0.1429,4.5442,0.1821,0.1058,-0.0392
cinnamon + heavy cream + white sugar,14,4.65,4.65,131.71,2,0.1429,4.5442,0.1821,0.1058,-0.0392
freshly black pepper + salt + water,21,4.6524,4.7,220.57,3,0.1429,4.5442,0.1821,0.1082,-0.0392
cinnamon + salt + sugar,14,4.6643,4.7,227.79,2,0.1429,4.5442,0.1821,0.1201,-0.0392
dijon mustard + olive oil + salt,14,4.6643,4.75,193.79,2,0.1429,4.5442,0.1821,0.1201,-0.0392
freshly black pepper + garlic + large egg,14,4.6643,4.7,89.5,2,0.1429,4.5442,0.1821,0.1201,-0.0392
cilantro + red onion + salt,14,4.6714,4.7,78.29,2,0.1429,4.5442,0.1821,0.1272,-0.0392
large egg + salt + white sugar,246,4.5793,4.7,728.84,35,0.1423,4.5442,0.1821,0.0351,-0.0398
all-purpose flour + butter + packed brown sugar,106,4.5491,4.6,885.01,15,0.1415,4.5442,0.1821,0.0049,-0.0406
butter + large egg + vanilla extract,106,4.5736,4.6,515.64,15,0.1415,4.5442,0.1821,0.0294,-0.0406
egg + walnut + white sugar,99,4.5848,4.6,843.91,14,0.1414,4.5442,0.1821,0.0406,-0.0407
all-purpose flour + walnut + white sugar,156,4.575,4.6,793.88,22,0.141,4.5442,0.1821,0.0308,-0.0411
baking soda + butter + large egg,78,4.5923,4.7,720.59,11,0.141,4.5442,0.1821,0.0481,-0.0411
baking soda + clove + salt,71,4.6127,4.7,617.15,10,0.1408,4.5442,0.1821,0.0685,-0.0413
butter + large egg + white sugar,128,4.5969,4.7,595.31,18,0.1406,4.5442,0.1821,0.0527,-0.0415
butter + onion + salt,121,4.576,4.6,524.27,17,0.1405,4.5442,0.1821,0.0318,-0.0416
baking soda + large egg + vanilla extract,121,4.5769,4.7,692.4,17,0.1405,4.5442,0.1821,0.0327,-0.0416
large egg + unsalted butter + white sugar,57,4.5561,4.7,474.96,8,0.1404,4.5442,0.1821,0.0119,-0.0417
garlic + onion + salt and black pepper,57,4.5702,4.6,338.07,8,0.1404,4.5442,0.1821,0.026,-0.0417
all-purpose flour + baking soda + ginger,57,4.5807,4.6,552.18,8,0.1404,4.5442,0.1821,0.0365,-0.0417
black pepper + garlic + white sugar,57,4.607,4.7,775.39,8,0.1404,4.5442,0.1821,0.0628,-0.0417
egg + salt + walnut,100,4.561,4.6,713.93,14,0.14,4.5442,0.1821,0.0168,-0.0421
black pepper + milk + onion,50,4.578,4.6,870.7,7,0.14,4.5442,0.1821,0.0338,-0.0421
milk + packed brown sugar + salt,43,4.5558,4.6,623.95,6,0.1395,4.5442,0.1821,0.0116,-0.0426
baking powder + nutmeg + white sugar,86,4.5593,4.65,293.0,12,0.1395,4.5442,0.1821,0.0151,-0.0426
cayenne pepper + garlic + water,43,4.5605,4.6,392.49,6,0.1395,4.5442,0.1821,0.0163,-0.0426
butter + olive oil + onion,43,4.5651,4.6,178.98,6,0.1395,4.5442,0.1821,0.0209,-0.0426
all-purpose flour + cornstarch + white sugar,43,4.5721,4.6,364.63,6,0.1395,4.5442,0.1821,0.0279,-0.0426
cinnamon + large egg + nutmeg,43,4.593,4.7,373.63,6,0.1395,4.5442,0.1821,0.0488,-0.0426
carrot + salt + white sugar,43,4.6256,4.7,583.3,6,0.1395,4.5442,0.1821,0.0814,-0.0426
butter + onion + salt and black pepper,43,4.6372,4.7,300.21,6,0.1395,4.5442,0.1821,0.093,-0.0426
baking soda + salt + whole wheat flour,36,4.5278,4.55,139.08,5,0.1389,4.5442,0.1821,-0.0164,-0.0432
cooking spray + large egg + salt,36,4.5389,4.6,539.47,5,0.1389,4.5442,0.1821,-0.0053,-0.0432
olive oil + onion + parsley,36,4.5389,4.5,342.5,5,0.1389,4.5442,0.1821,-0.0053,-0.0432
black pepper + garlic + parmesan cheese,72,4.5736,4.6,776.94,10,0.1389,4.5442,0.1821,0.0294,-0.0432
black pepper + onion + white sugar,36,4.5972,4.6,1061.67,5,0.1389,4.5442,0.1821,0.053,-0.0432
black pepper + mushroom + salt,36,4.6,4.65,540.17,5,0.1389,4.5442,0.1821,0.0558,-0.0432
baking powder + baking soda + confectioners' sugar,36,4.6056,4.6,640.06,5,0.1389,4.5442,0.1821,0.0614,-0.0432
baking powder + pecan + salt,36,4.6056,4.65,464.75,5,0.1389,4.5442,0.1821,0.0614,-0.0432
cumin + onion + salt,72,4.6069,4.7,381.76,10,0.1389,4.5442,0.1821,0.0627,-0.0432
dried oregano + olive oil + onion,36,4.6111,4.65,370.89,5,0.1389,4.5442,0.1821,0.0669,-0.0432
cayenne pepper + garlic powder + paprika,36,4.6222,4.7,476.64,5,0.1389,4.5442,0.1821,0.078,-0.0432
garlic + parsley + salt and pepper,29,4.5069,4.5,342.14,4,0.1379,4.5442,0.1821,-0.0373,-0.0442
salt + soy sauce + water,29,4.5103,4.6,518.66,4,0.1379,4.5442,0.1821,-0.0339,-0.0442
green bell pepper + onion + vegetable oil,29,4.5138,4.5,290.79,4,0.1379,4.5442,0.1821,-0.0304,-0.0442
carrot + salt + water,29,4.5448,4.6,304.21,4,0.1379,4.5442,0.1821,0.0006,-0.0442
black pepper + parmesan cheese + parsley,29,4.5517,4.6,1148.41,4,0.1379,4.5442,0.1821,0.0075,-0.0442
dried oregano + salt + water,29,4.5552,4.6,630.62,4,0.1379,4.5442,0.1821,0.011,-0.0442
baking powder + baking soda + sour cream,29,4.5586,4.6,456.24,4,0.1379,4.5442,0.1821,0.0144,-0.0442
butter + pecan + vanilla extract,58,4.5621,4.6,361.26,8,0.1379,4.5442,0.1821,0.0179,-0.0442
butter + parmesan cheese + salt,58,4.5638,4.6,420.57,8,0.1379,4.5442,0.1821,0.0196,-0.0442
baking powder + egg + raisin,29,4.5655,4.6,279.9,4,0.1379,4.5442,0.1821,0.0213,-0.0442
packed brown sugar + vanilla extract + walnut,29,4.5655,4.6,1365.17,4,0.1379,4.5442,0.1821,0.0213,-0.0442
ginger + salt + vanilla extract,29,4.5724,4.6,130.79,4,0.1379,4.5442,0.1821,0.0282,-0.0442
garlic + large egg + salt,29,4.5828,4.6,489.83,4,0.1379,4.5442,0.1821,0.0386,-0.0442
black pepper + cayenne pepper + olive oil,29,4.6069,4.6,306.59,4,0.1379,4.5442,0.1821,0.0627,-0.0442
all-purpose flour + black pepper + carrot,29,4.6138,4.7,739.69,4,0.1379,4.5442,0.1821,0.0696,-0.0442
butter + cinnamon + lemon juice,29,4.6207,4.7,298.03,4,0.1379,4.5442,0.1821,0.0765,-0.0442
cinnamon + nutmeg + white sugar,196,4.575,4.7,298.86,27,0.1378,4.5442,0.1821,0.0308,-0.0443
all-purpose flour + baking soda + butter,269,4.5743,4.6,990.15,37,0.1375,4.5442,0.1821,0.0301,-0.0446
nutmeg + salt + white sugar,160,4.5775,4.7,302.16,22,0.1375,4.5442,0.1821,0.0333,-0.0446
black pepper + garlic + green bell pepper,51,4.5529,4.6,257.18,7,0.1373,4.5442,0.1821,0.0087,-0.0448
baking soda + semisweet chocolate chip + vanilla extract,51,4.5706,4.6,1559.9,7,0.1373,4.5442,0.1821,0.0264,-0.0448
garlic + salt + worcestershire sauce,51,4.6157,4.7,373.27,7,0.1373,4.5442,0.1821,0.0715,-0.0448
all-purpose flour + clove + white sugar,73,4.5767,4.6,559.97,10,0.137,4.5442,0.1821,0.0325,-0.0451
14.5 ounce can tomatoe + garlic + onion,22,4.4818,4.5,400.36,3,0.1364,4.5442,0.1821,-0.0624,-0.0457
butter + garlic + sour cream,22,4.5136,4.55,346.45,3,0.1364,4.5442,0.1821,-0.0306,-0.0457
dried thyme + onion + vegetable oil,22,4.5364,4.6,124.77,3,0.1364,4.5442,0.1821,-0.0078,-0.0457
dried basil + olive oil + onion,22,4.5409,4.55,412.09,3,0.1364,4.5442,0.1821,-0.0033,-0.0457
soy sauce + water + white sugar,22,4.5545,4.6,236.91,3,0.1364,4.5442,0.1821,0.0103,-0.0457
beef + garlic + salt,44,4.5568,4.6,401.66,6,0.1364,4.5442,0.1821,0.0126,-0.0457
baking soda + large egg + semisweet chocolate chip,22,4.5636,4.6,885.05,3,0.1364,4.5442,0.1821,0.0194,-0.0457
cayenne pepper + salt + white sugar,22,4.5636,4.6,448.18,3,0.1364,4.5442,0.1821,0.0194,-0.0457
butter + garlic + paprika,22,4.5682,4.65,321.36,3,0.1364,4.5442,0.1821,0.024,-0.0457
brown sugar + butter + pecan,22,4.5773,4.7,217.64,3,0.1364,4.5442,0.1821,0.0331,-0.0457
baking powder + vegetable oil + white sugar,132,4.5795,4.7,844.83,18,0.1364,4.5442,0.1821,0.0353,-0.0457
garlic + soy sauce + white sugar,44,4.5795,4.6,335.09,6,0.1364,4.5442,0.1821,0.0353,-0.0457
butter + buttermilk + vanilla extract,22,4.5818,4.6,252.0,3,0.1364,4.5442,0.1821,0.0376,-0.0457
garlic + italian seasoning + salt,22,4.5818,4.6,209.23,3,0.1364,4.5442,0.1821,0.0376,-0.0457
garlic + parmesan cheese + salt,88,4.5898,4.6,408.94,12,0.1364,4.5442,0.1821,0.0456,-0.0457
allspice + salt + vanilla extract,22,4.6091,4.7,173.45,3,0.1364,4.5442,0.1821,0.0649,-0.0457
cayenne pepper + garlic + parsley,22,4.6091,4.7,238.86,3,0.1364,4.5442,0.1821,0.0649,-0.0457
allspice + egg + salt,22,4.6227,4.65,278.36,3,0.1364,4.5442,0.1821,0.0785,-0.0457
butter + garlic + onion,103,4.5796,4.6,330.73,14,0.1359,4.5442,0.1821,0.0354,-0.0462
all-purpose flour + cinnamon + ginger,81,4.5938,4.7,435.96,11,0.1358,4.5442,0.1821,0.0496,-0.0463
baking soda + confectioners' sugar + vanilla extract,59,4.5678,4.6,530.64,8,0.1356,4.5442,0.1821,0.0236,-0.0465
pecan + salt + vanilla extract,59,4.5898,4.7,394.81,8,0.1356,4.5442,0.1821,0.0456,-0.0465
black pepper + garlic powder + paprika,59,4.6102,4.7,404.29,8,0.1356,4.5442,0.1821,0.066,-0.0465
cinnamon + vanilla extract + white sugar,281,4.5847,4.7,524.98,38,0.1352,4.5442,0.1821,0.0405,-0.0469
packed brown sugar + salt + walnut,37,4.5649,4.6,869.3,5,0.1351,4.5442,0.1821,0.0207,-0.047
parmesan cheese + parsley + salt,37,4.5676,4.6,371.81,5,0.1351,4.5442,0.1821,0.0234,-0.047
garlic + large onion + water,37,4.573,4.6,283.46,5,0.1351,4.5442,0.1821,0.0288,-0.047
large egg + vanilla extract + walnut,37,4.5784,4.6,859.89,5,0.1351,4.5442,0.1821,0.0342,-0.047
cilantro + garlic + olive oil,37,4.6027,4.7,248.89,5,0.1351,4.5442,0.1821,0.0585,-0.047
carrot + cinnamon + salt,37,4.6135,4.7,546.0,5,0.1351,4.5442,0.1821,0.0693,-0.047
cayenne pepper + salt + water,37,4.6135,4.7,334.11,5,0.1351,4.5442,0.1821,0.0693,-0.047
salt + sour cream + white sugar,52,4.5769,4.7,577.98,7,0.1346,4.5442,0.1821,0.0327,-0.0475
cinnamon + confectioners' sugar + vanilla extract,52,4.5827,4.65,600.83,7,0.1346,4.5442,0.1821,0.0385,-0.0475
baking soda + ginger + salt,52,4.5923,4.65,608.25,7,0.1346,4.5442,0.1821,0.0481,-0.0475
all-purpose flour + vegetable oil + white sugar,216,4.5759,4.6,733.94,29,0.1343,4.5442,0.1821,0.0317,-0.0478
all-purpose flour + egg + vegetable oil,149,4.5738,4.6,645.27,20,0.1342,4.5442,0.1821,0.0296,-0.0479
baking soda + salt + white sugar,502,4.59,4.6,740.03,67,0.1335,4.5442,0.1821,0.0458,-0.0486
milk + semisweet chocolate chip + vanilla extract,15,4.4867,4.6,359.6,2,0.1333,4.5442,0.1821,-0.0575,-0.0488
all-purpose flour + baking powder + honey,15,4.5,4.6,1179.13,2,0.1333,4.5442,0.1821,-0.0442,-0.0488
black pepper + egg + vegetable oil,15,4.5,4.5,585.27,2,0.1333,4.5442,0.1821,-0.0442,-0.0488
active dry yeast + vegetable oil + white sugar,15,4.5067,4.6,673.67,2,0.1333,4.5442,0.1821,-0.0375,-0.0488
beef broth + black pepper + garlic,15,4.5133,4.5,452.8,2,0.1333,4.5442,0.1821,-0.0309,-0.0488
lean beef + onion + worcestershire sauce,15,4.5133,4.5,297.4,2,0.1333,4.5442,0.1821,-0.0309,-0.0488
all-purpose flour + light corn syrup + white sugar,15,4.5267,4.6,362.07,2,0.1333,4.5442,0.1821,-0.0175,-0.0488
cold water + vanilla extract + white sugar,15,4.5267,4.6,629.13,2,0.1333,4.5442,0.1821,-0.0175,-0.0488
cornstarch + garlic + sesame oil,15,4.5267,4.6,270.07,2,0.1333,4.5442,0.1821,-0.0175,-0.0488
black pepper + green bell pepper + worcestershire sauce,15,4.5333,4.5,304.67,2,0.1333,4.5442,0.1821,-0.0109,-0.0488
confectioners' sugar + salt + water,15,4.5333,4.6,242.0,2,0.1333,4.5442,0.1821,-0.0109,-0.0488
ginger + molasse + white sugar,15,4.5333,4.6,644.0,2,0.1333,4.5442,0.1821,-0.0109,-0.0488
baking soda + nutmeg + walnut,30,4.54,4.6,161.13,4,0.1333,4.5442,0.1821,-0.0042,-0.0488
all-purpose flour + confectioners' sugar + packed brown sugar,15,4.54,4.5,257.47,2,0.1333,4.5442,0.1821,-0.0042,-0.0488
egg + nutmeg + packed brown sugar,15,4.54,4.6,147.4,2,0.1333,4.5442,0.1821,-0.0042,-0.0488
mushroom + olive oil + salt and pepper,15,4.54,4.6,271.47,2,0.1333,4.5442,0.1821,-0.0042,-0.0488
salt + unbleached all-purpose flour + white sugar,15,4.54,4.7,286.53,2,0.1333,4.5442,0.1821,-0.0042,-0.0488
14.5 ounce can tomatoe + black pepper + onion,15,4.5467,4.5,545.8,2,0.1333,4.5442,0.1821,0.0025,-0.0488
all-purpose flour + almond + vanilla extract,15,4.5467,4.6,147.73,2,0.1333,4.5442,0.1821,0.0025,-0.0488
28 ounce can tomatoe + garlic + onion,15,4.5533,4.6,1584.13,2,0.1333,4.5442,0.1821,0.0091,-0.0488
celery + onion + worcestershire sauce,15,4.5533,4.6,220.07,2,0.1333,4.5442,0.1821,0.0091,-0.0488
garlic powder + olive oil + onion,15,4.5533,4.6,358.67,2,0.1333,4.5442,0.1821,0.0091,-0.0488
garlic powder + onion + worcestershire sauce,15,4.5533,4.6,413.93,2,0.1333,4.5442,0.1821,0.0091,-0.0488
all-purpose flour + ginger + vanilla extract,30,4.56,4.6,139.33,4,0.1333,4.5442,0.1821,0.0158,-0.0488
baking soda + brown sugar + ginger,15,4.56,4.6,329.2,2,0.1333,4.5442,0.1821,0.0158,-0.0488
carrot + garlic + salt and black pepper,15,4.56,4.6,194.67,2,0.1333,4.5442,0.1821,0.0158,-0.0488
confectioners' sugar + salt + shortening,15,4.56,4.6,312.2,2,0.1333,4.5442,0.1821,0.0158,-0.0488
dried parsley + garlic powder + salt,15,4.56,4.6,821.8,2,0.1333,4.5442,0.1821,0.0158,-0.0488
cayenne pepper + cilantro + garlic,30,4.5633,4.6,797.4,4,0.1333,4.5442,0.1821,0.0191,-0.0488
all-purpose flour + onion powder + salt,15,4.5667,4.6,250.87,2,0.1333,4.5442,0.1821,0.0225,-0.0488
bay leaf + olive oil + salt,15,4.5667,4.6,700.27,2,0.1333,4.5442,0.1821,0.0225,-0.0488
beef + chili powder + water,15,4.5667,4.6,243.13,2,0.1333,4.5442,0.1821,0.0225,-0.0488
butter + heavy whipping cream + vanilla extract,15,4.5667,4.6,244.87,2,0.1333,4.5442,0.1821,0.0225,-0.0488
confectioners' sugar + pecan + vanilla extract,15,4.5667,4.7,863.67,2,0.1333,4.5442,0.1821,0.0225,-0.0488
dried basil + mozzarella cheese + parmesan cheese,15,4.5667,4.6,641.07,2,0.1333,4.5442,0.1821,0.0225,-0.0488
egg + salt + warm water,15,4.5667,4.6,90.8,2,0.1333,4.5442,0.1821,0.0225,-0.0488
mozzarella cheese + olive oil + salt,30,4.57,4.5,275.73,4,0.1333,4.5442,0.1821,0.0258,-0.0488
all-purpose flour + baking powder + pumpkin pie spice,15,4.5733,4.6,186.67,2,0.1333,4.5442,0.1821,0.0291,-0.0488
all-purpose flour + semisweet chocolate chip + vegetable oil,15,4.5733,4.6,558.6,2,0.1333,4.5442,0.1821,0.0291,-0.0488
brown sugar + cinnamon + large egg,15,4.5733,4.7,459.13,2,0.1333,4.5442,0.1821,0.0291,-0.0488
butter + egg + parmesan cheese,15,4.5733,4.6,303.4,2,0.1333,4.5442,0.1821,0.0291,-0.0488
cinnamon + semisweet chocolate chip + vanilla extract,15,4.5733,4.6,349.0,2,0.1333,4.5442,0.1821,0.0291,-0.0488
dried thyme + onion + parsley,15,4.5733,4.6,224.27,2,0.1333,4.5442,0.1821,0.0291,-0.0488
ginger + vegetable oil + water,15,4.5733,4.6,1193.8,2,0.1333,4.5442,0.1821,0.0291,-0.0488
8 ounce package cream cheese + all-purpose flour + vanilla extract,30,4.5767,4.65,306.07,4,0.1333,4.5442,0.1821,0.0325,-0.0488
all-purpose flour + allspice + cinnamon,45,4.5778,4.6,264.96,6,0.1333,4.5442,0.1821,0.0336,-0.0488
black pepper + chicken broth + onion,45,4.58,4.6,764.93,6,0.1333,4.5442,0.1821,0.0358,-0.0488
baking powder + clove + egg,30,4.58,4.7,411.93,4,0.1333,4.5442,0.1821,0.0358,-0.0488
8 ounce package cream cheese + egg + salt,15,4.58,4.6,205.07,2,0.1333,4.5442,0.1821,0.0358,-0.0488
all-purpose flour + apples - peeled cored and + cinnamon,15,4.58,4.6,447.6,2,0.1333,4.5442,0.1821,0.0358,-0.0488
bay leaf + carrot + garlic,15,4.58,4.6,382.93,2,0.1333,4.5442,0.1821,0.0358,-0.0488
beef + butter + garlic,15,4.58,4.6,196.4,2,0.1333,4.5442,0.1821,0.0358,-0.0488
black pepper + garlic + oregano,15,4.58,4.7,157.27,2,0.1333,4.5442,0.1821,0.0358,-0.0488
butter + onion + paprika,15,4.58,4.6,568.27,2,0.1333,4.5442,0.1821,0.0358,-0.0488
butter + salt + whole wheat flour,15,4.58,4.6,177.8,2,0.1333,4.5442,0.1821,0.0358,-0.0488
dried basil + dried parsley + salt,15,4.58,4.6,808.13,2,0.1333,4.5442,0.1821,0.0358,-0.0488
olive oil + onion + thyme,15,4.58,4.6,177.8,2,0.1333,4.5442,0.1821,0.0358,-0.0488
baking soda + pumpkin puree + white sugar,15,4.5867,4.6,177.33,2,0.1333,4.5442,0.1821,0.0425,-0.0488
clove + nutmeg + raisin,15,4.5867,4.7,41.47,2,0.1333,4.5442,0.1821,0.0425,-0.0488
salt + vegetable shortening + white sugar,15,4.5867,4.7,72.8,2,0.1333,4.5442,0.1821,0.0425,-0.0488
baking powder + baking soda + white sugar,300,4.5873,4.7,617.48,40,0.1333,4.5442,0.1821,0.0431,-0.0488
black pepper + olive oil + salt,210,4.589,4.6,291.84,28,0.1333,4.5442,0.1821,0.0448,-0.0488
all-purpose flour + confectioners' sugar + large egg,30,4.59,4.7,451.47,4,0.1333,4.5442,0.1821,0.0458,-0.0488
black pepper + cinnamon + olive oil,15,4.5933,4.6,110.2,2,0.1333,4.5442,0.1821,0.0491,-0.0488
cinnamon + salt + semisweet chocolate chip,15,4.5933,4.7,453.67,2,0.1333,4.5442,0.1821,0.0491,-0.0488
garlic + lemon juice + paprika,15,4.5933,4.7,395.6,2,0.1333,4.5442,0.1821,0.0491,-0.0488
black pepper + cumin + garlic,75,4.5947,4.7,307.91,10,0.1333,4.5442,0.1821,0.0505,-0.0488
all-purpose flour + blueberry + lemon juice,15,4.6,4.7,94.53,2,0.1333,4.5442,0.1821,0.0558,-0.0488
black pepper + cider vinegar + salt,15,4.6,4.6,139.33,2,0.1333,4.5442,0.1821,0.0558,-0.0488
butter + dried parsley + garlic,15,4.6,4.6,185.4,2,0.1333,4.5442,0.1821,0.0558,-0.0488
celery + chicken broth + garlic,15,4.6,4.7,431.33,2,0.1333,4.5442,0.1821,0.0558,-0.0488
chili powder + cumin + large onion,15,4.6,4.6,315.6,2,0.1333,4.5442,0.1821,0.0558,-0.0488
all-purpose flour + carrot + salt,60,4.6067,4.7,685.62,8,0.1333,4.5442,0.1821,0.0625,-0.0488
butter + mozzarella cheese + parmesan cheese,15,4.6067,4.6,423.93,2,0.1333,4.5442,0.1821,0.0625,-0.0488
cinnamon + packed light brown sugar + white sugar,15,4.6067,4.7,629.27,2,0.1333,4.5442,0.1821,0.0625,-0.0488
dried parsley + parmesan cheese + salt,15,4.6067,4.7,665.93,2,0.1333,4.5442,0.1821,0.0625,-0.0488
garlic + onion + oregano,15,4.6067,4.6,344.67,2,0.1333,4.5442,0.1821,0.0625,-0.0488
carrot + cinnamon + white sugar,30,4.6133,4.7,659.63,4,0.1333,4.5442,0.1821,0.0691,-0.0488
butter + cornmeal + white sugar,15,4.6133,4.6,769.2,2,0.1333,4.5442,0.1821,0.0691,-0.0488
carrot + milk + salt,15,4.6133,4.7,1206.07,2,0.1333,4.5442,0.1821,0.0691,-0.0488
carrot + vanilla extract + walnut,15,4.6133,4.7,633.13,2,0.1333,4.5442,0.1821,0.0691,-0.0488
chili powder + garlic powder + water,15,4.6133,4.6,380.47,2,0.1333,4.5442,0.1821,0.0691,-0.0488
salt + unsalted butter at room temperature + white sugar,15,4.6133,4.7,388.93,2,0.1333,4.5442,0.1821,0.0691,-0.0488
all-purpose flour + freshly black pepper + onion,15,4.62,4.6,142.13,2,0.1333,4.5442,0.1821,0.0758,-0.0488
all-purpose flour + nutmeg + pecan,15,4.62,4.7,119.53,2,0.1333,4.5442,0.1821,0.0758,-0.0488
garlic powder + mozzarella cheese + parmesan cheese,15,4.62,4.6,234.47,2,0.1333,4.5442,0.1821,0.0758,-0.0488
cinnamon + lemon juice + white sugar,45,4.6222,4.7,301.47,6,0.1333,4.5442,0.1821,0.078,-0.0488
black pepper + butter + garlic powder,30,4.6233,4.65,482.63,4,0.1333,4.5442,0.1821,0.0791,-0.0488
carrot + vegetable oil + white sugar,30,4.6267,4.7,683.37,4,0.1333,4.5442,0.1821,0.0825,-0.0488
black pepper + italian seasoning + parmesan cheese,15,4.6267,4.7,1485.93,2,0.1333,4.5442,0.1821,0.0825,-0.0488
carrot + walnut + white sugar,15,4.6267,4.7,676.27,2,0.1333,4.5442,0.1821,0.0825,-0.0488
cumin + curry powder + garlic,15,4.6267,4.7,453.4,2,0.1333,4.5442,0.1821,0.0825,-0.0488
mozzarella cheese + parmesan cheese + salt and black pepper,15,4.6267,4.7,182.13,2,0.1333,4.5442,0.1821,0.0825,-0.0488
baking soda + clove + water,15,4.6333,4.7,1455.87,2,0.1333,4.5442,0.1821,0.0891,-0.0488
boiling water + butter + white sugar,15,4.6333,4.7,291.07,2,0.1333,4.5442,0.1821,0.0891,-0.0488
cooking spray + garlic + salt,15,4.6333,4.7,136.2,2,0.1333,4.5442,0.1821,0.0891,-0.0488
black pepper + half-and-half + salt,15,4.6467,4.7,389.07,2,0.1333,4.5442,0.1821,0.1025,-0.0488
clove + ginger + vegetable oil,15,4.6467,4.8,976.67,2,0.1333,4.5442,0.1821,0.1025,-0.0488
black pepper + kosher salt + paprika,15,4.6533,4.7,249.47,2,0.1333,4.5442,0.1821,0.1091,-0.0488
butter + carrot + chicken broth,15,4.6533,4.8,1288.47,2,0.1333,4.5442,0.1821,0.1091,-0.0488
butter + cooking spray + egg,15,4.6533,4.7,1325.8,2,0.1333,4.5442,0.1821,0.1091,-0.0488
cooking spray + olive oil + salt,15,4.6533,4.6,90.8,2,0.1333,4.5442,0.1821,0.1091,-0.0488
8 ounce package cream cheese + confectioners' sugar + salt,15,4.6667,4.7,367.6,2,0.1333,4.5442,0.1821,0.1225,-0.0488
all-purpose flour + cayenne pepper + garlic powder,15,4.6667,4.7,478.87,2,0.1333,4.5442,0.1821,0.1225,-0.0488
freshly black pepper + salt + vegetable oil,15,4.6733,4.7,180.93,2,0.1333,4.5442,0.1821,0.1291,-0.0488
all-purpose flour + butter + cinnamon,219,4.5922,4.6,497.54,29,0.1324,4.5442,0.1821,0.048,-0.0497
black pepper + cayenne pepper + garlic,68,4.5985,4.7,326.99,9,0.1324,4.5442,0.1821,0.0543,-0.0497
all-purpose flour + clove + egg,53,4.5792,4.6,588.91,7,0.1321,4.5442,0.1821,0.035,-0.05
egg + vanilla extract + vegetable oil,91,4.5725,4.6,419.19,12,0.1319,4.5442,0.1821,0.0283,-0.0502
black pepper + butter + onion,91,4.5758,4.6,572.26,12,0.1319,4.5442,0.1821,0.0316,-0.0502
baking powder + walnut + white sugar,91,4.5868,4.6,430.24,12,0.1319,4.5442,0.1821,0.0426,-0.0502
all-purpose flour + cinnamon + rolled oat,38,4.5158,4.6,523.79,5,0.1316,4.5442,0.1821,-0.0284,-0.0505
all-purpose flour + packed brown sugar + walnut,38,4.5289,4.6,1065.03,5,0.1316,4.5442,0.1821,-0.0153,-0.0505
cornstarch + salt + water,38,4.5605,4.6,408.63,5,0.1316,4.5442,0.1821,0.0163,-0.0505
baking powder + ginger + salt,38,4.5789,4.6,205.21,5,0.1316,4.5442,0.1821,0.0347,-0.0505
cinnamon + ginger + nutmeg,76,4.5868,4.7,318.96,10,0.1316,4.5442,0.1821,0.0426,-0.0505
butter + cinnamon + confectioners' sugar,38,4.5895,4.7,735.66,5,0.1316,4.5442,0.1821,0.0453,-0.0505
all-purpose flour + allspice + salt,38,4.6079,4.7,276.89,5,0.1316,4.5442,0.1821,0.0637,-0.0505
cayenne pepper + garlic powder + salt,38,4.6211,4.65,468.39,5,0.1316,4.5442,0.1821,0.0769,-0.0505
cilantro + cumin + salt,38,4.6211,4.7,305.71,5,0.1316,4.5442,0.1821,0.0769,-0.0505
large egg + salt + unsalted butter,61,4.5623,4.7,444.23,8,0.1311,4.5442,0.1821,0.0181,-0.051
milk + onion + salt,61,4.5721,4.6,798.02,8,0.1311,4.5442,0.1821,0.0279,-0.051
all-purpose flour + ginger + white sugar,61,4.5754,4.6,420.48,8,0.1311,4.5442,0.1821,0.0312,-0.051
black pepper + garlic + olive oil,191,4.5911,4.6,341.36,25,0.1309,4.5442,0.1821,0.0469,-0.0512
baking soda + butter + cinnamon,107,4.5748,4.6,763.49,14,0.1308,4.5442,0.1821,0.0306,-0.0513
baking soda + packed brown sugar + semisweet chocolate chip,23,4.5304,4.6,2440.0,3,0.1304,4.5442,0.1821,-0.0138,-0.0517
black pepper + cheddar cheese + onion,23,4.5304,4.6,594.78,3,0.1304,4.5442,0.1821,-0.0138,-0.0517
baking powder + baking soda + whole wheat flour,23,4.5348,4.5,142.0,3,0.1304,4.5442,0.1821,-0.0094,-0.0517
dried basil + garlic + onion,46,4.5391,4.55,473.96,6,0.1304,4.5442,0.1821,-0.0051,-0.0517
cheddar cheese + egg + salt,23,4.5435,4.6,344.74,3,0.1304,4.5442,0.1821,-0.0007,-0.0517
baking soda + canola oil + salt,23,4.5478,4.5,244.3,3,0.1304,4.5442,0.1821,0.0036,-0.0517
baking soda + nutmeg + raisin,23,4.5478,4.6,96.65,3,0.1304,4.5442,0.1821,0.0036,-0.0517
all-purpose flour + cinnamon + sour cream,23,4.5609,4.7,271.0,3,0.1304,4.5442,0.1821,0.0167,-0.0517
butter + cumin + garlic,23,4.5609,4.6,300.22,3,0.1304,4.5442,0.1821,0.0167,-0.0517
chili powder + cumin + vegetable oil,23,4.5652,4.5,493.09,3,0.1304,4.5442,0.1821,0.021,-0.0517
celery + garlic + water,23,4.5696,4.6,340.91,3,0.1304,4.5442,0.1821,0.0254,-0.0517
garlic + sesame seed + soy sauce,23,4.5696,4.6,131.22,3,0.1304,4.5442,0.1821,0.0254,-0.0517
black pepper + ginger + salt,23,4.5826,4.6,589.91,3,0.1304,4.5442,0.1821,0.0384,-0.0517
cayenne pepper + garlic + salt and black pepper,23,4.5826,4.6,415.74,3,0.1304,4.5442,0.1821,0.0384,-0.0517
packed brown sugar + salt + white sugar,115,4.5835,4.6,910.83,15,0.1304,4.5442,0.1821,0.0393,-0.0517
baking powder + cooking spray + vanilla extract,23,4.5913,4.6,162.13,3,0.1304,4.5442,0.1821,0.0471,-0.0517
cinnamon + large egg + packed brown sugar,23,4.6,4.7,602.0,3,0.1304,4.5442,0.1821,0.0558,-0.0517
garlic + ginger + vegetable oil,23,4.6043,4.6,494.3,3,0.1304,4.5442,0.1821,0.0601,-0.0517
black pepper + cumin + onion,46,4.613,4.7,391.09,6,0.1304,4.5442,0.1821,0.0688,-0.0517
butter + chicken stock + garlic,23,4.6174,4.7,183.43,3,0.1304,4.5442,0.1821,0.0732,-0.0517
baking powder + carrot + salt,23,4.6217,4.7,490.04,3,0.1304,4.5442,0.1821,0.0775,-0.0517
dried parsley + garlic + olive oil,23,4.6217,4.6,469.74,3,0.1304,4.5442,0.1821,0.0775,-0.0517
clove + egg + salt,54,4.5648,4.6,575.67,7,0.1296,4.5442,0.1821,0.0206,-0.0525
chili powder + garlic + salt,54,4.5704,4.6,371.09,7,0.1296,4.5442,0.1821,0.0262,-0.0525
black pepper + brown sugar + salt,54,4.5833,4.6,363.54,7,0.1296,4.5442,0.1821,0.0391,-0.0525
all-purpose flour + butter + pecan,54,4.6093,4.65,369.89,7,0.1296,4.5442,0.1821,0.0651,-0.0525
celery + green bell pepper + onion,31,4.5129,4.5,173.58,4,0.129,4.5442,0.1821,-0.0313,-0.0531
butter + garlic + parsley,62,4.5419,4.6,402.92,8,0.129,4.5442,0.1821,-0.0023,-0.0531
garlic + salt and black pepper + water,31,4.5419,4.6,203.68,4,0.129,4.5442,0.1821,-0.0023,-0.0531
garlic + olive oil + red bell pepper,31,4.5645,4.6,194.29,4,0.129,4.5442,0.1821,0.0203,-0.0531
egg + raisin + vanilla extract,31,4.5677,4.6,488.97,4,0.129,4.5442,0.1821,0.0235,-0.0531
black pepper + cooking spray + salt,31,4.571,4.6,482.23,4,0.129,4.5442,0.1821,0.0268,-0.0531
cornstarch + salt + white sugar,62,4.579,4.7,369.11,8,0.129,4.5442,0.1821,0.0348,-0.0531
baking soda + butter + semisweet chocolate chip,31,4.5839,4.6,1946.0,4,0.129,4.5442,0.1821,0.0397,-0.0531
all-purpose flour + chicken broth + garlic,31,4.5935,4.7,442.52,4,0.129,4.5442,0.1821,0.0493,-0.0531
all-purpose flour + baking soda + flaked coconut,31,4.6097,4.6,315.74,4,0.129,4.5442,0.1821,0.0655,-0.0531
baking soda + flaked coconut + white sugar,31,4.6097,4.6,315.74,4,0.129,4.5442,0.1821,0.0655,-0.0531
all-purpose flour + salt + sugar,31,4.6194,4.7,351.71,4,0.129,4.5442,0.1821,0.0752,-0.0531
chili powder + garlic + olive oil,31,4.6194,4.7,414.77,4,0.129,4.5442,0.1821,0.0752,-0.0531
baking soda + cinnamon + unsalted butter,31,4.6516,4.8,271.65,4,0.129,4.5442,0.1821,0.1074,-0.0531
all-purpose flour + cinnamon + walnut,101,4.5762,4.6,488.74,13,0.1287,4.5442,0.1821,0.032,-0.0534
garlic + olive oil + salt and black pepper,101,4.5782,4.6,186.71,13,0.1287,4.5442,0.1821,0.034,-0.0534
garlic + salt + soy sauce,39,4.5359,4.6,321.0,5,0.1282,4.5442,0.1821,-0.0083,-0.0539
nutmeg + salt + walnut,39,4.5615,4.6,185.0,5,0.1282,4.5442,0.1821,0.0173,-0.0539
raisin + vanilla extract + white sugar,39,4.5667,4.6,536.54,5,0.1282,4.5442,0.1821,0.0225,-0.0539
chili powder + cumin + garlic,78,4.5808,4.6,350.46,10,0.1282,4.5442,0.1821,0.0366,-0.0539
garlic powder + onion powder + salt,78,4.6,4.65,308.47,10,0.1282,4.5442,0.1821,0.0558,-0.0539
garlic + olive oil + salt,258,4.5899,4.6,322.33,33,0.1279,4.5442,0.1821,0.0457,-0.0542
butter + packed brown sugar + salt,94,4.5681,4.6,767.62,12,0.1277,4.5442,0.1821,0.0239,-0.0544
large egg + walnut + white sugar,47,4.5957,4.7,800.36,6,0.1277,4.5442,0.1821,0.0515,-0.0544
black pepper + celery + onion,55,4.5764,4.6,581.53,7,0.1273,4.5442,0.1821,0.0322,-0.0548
black pepper + olive oil + parmesan cheese,55,4.58,4.6,402.69,7,0.1273,4.5442,0.1821,0.0358,-0.0548
all-purpose flour + large egg + unsweetened cocoa powder,24,4.4875,4.55,769.62,3,0.125,4.5442,0.1821,-0.0567,-0.0571
large egg + unsweetened cocoa powder + white sugar,24,4.4917,4.55,798.04,3,0.125,4.5442,0.1821,-0.0525,-0.0571
baking soda + vanilla extract + whole wheat flour,16,4.4938,4.55,144.12,2,0.125,4.5442,0.1821,-0.0504,-0.0571
beef + garlic powder + salt,24,4.5,4.5,154.96,3,0.125,4.5442,0.1821,-0.0442,-0.0571
all-purpose flour + egg + honey,16,4.5,4.6,1036.25,2,0.125,4.5442,0.1821,-0.0442,-0.0571
egg + milk + salt and pepper,16,4.5,4.5,886.38,2,0.125,4.5442,0.1821,-0.0442,-0.0571
bay leaf + black pepper + garlic,24,4.5125,4.6,456.21,3,0.125,4.5442,0.1821,-0.0317,-0.0571
beef broth + black pepper + worcestershire sauce,16,4.5125,4.55,690.0,2,0.125,4.5442,0.1821,-0.0317,-0.0571
all-purpose flour + hot water + salt,16,4.5188,4.55,1482.19,2,0.125,4.5442,0.1821,-0.0254,-0.0571
black pepper + vegetable oil + water,40,4.52,4.6,389.4,5,0.125,4.5442,0.1821,-0.0242,-0.0571
butter + clove + egg,24,4.525,4.6,499.67,3,0.125,4.5442,0.1821,-0.0192,-0.0571
packed brown sugar + shortening + vanilla extract,16,4.525,4.6,316.25,2,0.125,4.5442,0.1821,-0.0192,-0.0571
active dry yeast + all-purpose flour + warm water 110 degrees f/45 degrees c,16,4.5312,4.6,532.62,2,0.125,4.5442,0.1821,-0.013,-0.0571
baking soda + butter + cream of tartar,16,4.5312,4.55,928.0,2,0.125,4.5442,0.1821,-0.013,-0.0571
black pepper + mushroom + parmesan cheese,16,4.5312,4.5,567.62,2,0.125,4.5442,0.1821,-0.013,-0.0571
black pepper + dried thyme + vegetable oil,24,4.5333,4.6,193.29,3,0.125,4.5442,0.1821,-0.0109,-0.0571
baking soda + cooking spray + white sugar,24,4.5375,4.6,870.58,3,0.125,4.5442,0.1821,-0.0067,-0.0571
light corn syrup + salt + vanilla extract,24,4.5375,4.6,270.88,3,0.125,4.5442,0.1821,-0.0067,-0.0571
black pepper + celery + green bell pepper,16,4.5375,4.5,232.75,2,0.125,4.5442,0.1821,-0.0067,-0.0571
coriander + salt + turmeric,16,4.5375,4.6,231.25,2,0.125,4.5442,0.1821,-0.0067,-0.0571
cornstarch + sesame oil + soy sauce,16,4.5375,4.6,267.5,2,0.125,4.5442,0.1821,-0.0067,-0.0571
all-purpose flour + garlic + parsley,32,4.5406,4.55,296.81,4,0.125,4.5442,0.1821,-0.0036,-0.0571
cinnamon + sour cream + white sugar,24,4.5417,4.7,234.04,3,0.125,4.5442,0.1821,-0.0025,-0.0571
baking soda + packed brown sugar + peanut butter,16,4.5438,4.6,985.0,2,0.125,4.5442,0.1821,-0.0004,-0.0571
garlic + heavy cream + parmesan cheese,16,4.5438,4.6,372.06,2,0.125,4.5442,0.1821,-0.0004,-0.0571
all-purpose flour + cornmeal + egg,24,4.55,4.6,367.25,3,0.125,4.5442,0.1821,0.0058,-0.0571
black pepper + cheddar cheese + milk,24,4.55,4.6,453.0,3,0.125,4.5442,0.1821,0.0058,-0.0571
chili powder + garlic + paprika,24,4.55,4.6,346.25,3,0.125,4.5442,0.1821,0.0058,-0.0571
baking powder + honey + white sugar,16,4.55,4.6,1109.25,2,0.125,4.5442,0.1821,0.0058,-0.0571
butter + cheddar cheese + sour cream,16,4.55,4.55,636.69,2,0.125,4.5442,0.1821,0.0058,-0.0571
celery + onion + vegetable oil,16,4.55,4.6,297.12,2,0.125,4.5442,0.1821,0.0058,-0.0571
confectioners' sugar + shortening + vanilla extract,16,4.55,4.6,313.56,2,0.125,4.5442,0.1821,0.0058,-0.0571
cornmeal + egg + white sugar,16,4.55,4.6,399.75,2,0.125,4.5442,0.1821,0.0058,-0.0571
egg + sifted all-purpose flour + white sugar,16,4.55,4.6,207.94,2,0.125,4.5442,0.1821,0.0058,-0.0571
mayonnaise + onion + salt,16,4.55,4.55,391.19,2,0.125,4.5442,0.1821,0.0058,-0.0571
all-purpose flour + cornmeal + white sugar,24,4.5542,4.6,651.54,3,0.125,4.5442,0.1821,0.01,-0.0571
bay leaf + garlic + onion,32,4.5562,4.6,401.19,4,0.125,4.5442,0.1821,0.012,-0.0571
egg white + egg yolk + vanilla extract,16,4.5562,4.65,172.25,2,0.125,4.5442,0.1821,0.012,-0.0571
garlic + green onion + parsley,16,4.5562,4.6,195.62,2,0.125,4.5442,0.1821,0.012,-0.0571
nutmeg + raisin + vanilla extract,16,4.5562,4.7,122.69,2,0.125,4.5442,0.1821,0.012,-0.0571
egg + water + white sugar,88,4.558,4.6,608.99,11,0.125,4.5442,0.1821,0.0138,-0.0571
almond extract + butter + egg,24,4.5583,4.6,211.46,3,0.125,4.5442,0.1821,0.0141,-0.0571
large egg + salt + semisweet chocolate chip,24,4.5583,4.6,818.04,3,0.125,4.5442,0.1821,0.0141,-0.0571
baking soda + salt + sifted all-purpose flour,16,4.5625,4.6,482.38,2,0.125,4.5442,0.1821,0.0183,-0.0571
baking soda + sifted all-purpose flour + white sugar,16,4.5625,4.6,348.62,2,0.125,4.5442,0.1821,0.0183,-0.0571
garlic + large onion + vegetable oil,16,4.5625,4.55,288.0,2,0.125,4.5442,0.1821,0.0183,-0.0571
dried oregano + parsley + salt,16,4.5688,4.6,572.62,2,0.125,4.5442,0.1821,0.0246,-0.0571
sesame seed + soy sauce + white sugar,16,4.5688,4.65,189.19,2,0.125,4.5442,0.1821,0.0246,-0.0571
black pepper + large onion + water,24,4.5708,4.6,416.75,3,0.125,4.5442,0.1821,0.0266,-0.0571
butter + cinnamon + raisin,32,4.575,4.6,440.81,4,0.125,4.5442,0.1821,0.0308,-0.0571
chili powder + cumin + water,32,4.575,4.6,365.12,4,0.125,4.5442,0.1821,0.0308,-0.0571
green onion + salt + vegetable oil,24,4.575,4.65,348.29,3,0.125,4.5442,0.1821,0.0308,-0.0571
black pepper + chicken stock + salt,16,4.575,4.6,149.19,2,0.125,4.5442,0.1821,0.0308,-0.0571
black pepper + cumin + lemon juice,16,4.575,4.7,128.75,2,0.125,4.5442,0.1821,0.0308,-0.0571
butter + packed light brown sugar + salt,16,4.575,4.6,1270.44,2,0.125,4.5442,0.1821,0.0308,-0.0571
garlic + large onion + salt and black pepper,16,4.575,4.6,138.5,2,0.125,4.5442,0.1821,0.0308,-0.0571
butter + mushroom + salt,32,4.5781,4.6,481.88,4,0.125,4.5442,0.1821,0.0339,-0.0571
distilled white vinegar + salt + white sugar,32,4.5781,4.7,379.84,4,0.125,4.5442,0.1821,0.0339,-0.0571
black pepper + lemon juice + parsley,24,4.5792,4.6,434.12,3,0.125,4.5442,0.1821,0.035,-0.0571
butter + large egg + walnut,24,4.5792,4.7,529.62,3,0.125,4.5442,0.1821,0.035,-0.0571
cinnamon + nutmeg + vegetable oil,48,4.5812,4.7,433.42,6,0.125,4.5442,0.1821,0.037,-0.0571
black pepper + dried basil + dried parsley,16,4.5812,4.6,626.19,2,0.125,4.5442,0.1821,0.037,-0.0571
butter + confectioners' sugar + shortening,16,4.5812,4.6,341.69,2,0.125,4.5442,0.1821,0.037,-0.0571
cinnamon + clove + milk,16,4.5812,4.6,444.88,2,0.125,4.5442,0.1821,0.037,-0.0571
cinnamon + egg yolk + white sugar,16,4.5812,4.6,162.81,2,0.125,4.5442,0.1821,0.037,-0.0571
confectioners' sugar for dusting + vanilla extract + white sugar,16,4.5812,4.65,299.12,2,0.125,4.5442,0.1821,0.037,-0.0571
dried basil + garlic + white sugar,16,4.5812,4.6,958.31,2,0.125,4.5442,0.1821,0.037,-0.0571
black pepper + dried basil + water,24,4.5833,4.6,561.33,3,0.125,4.5442,0.1821,0.0391,-0.0571
egg + sour cream + vanilla extract,32,4.5844,4.7,830.91,4,0.125,4.5442,0.1821,0.0402,-0.0571
all-purpose flour + carrot + egg,24,4.5875,4.6,560.58,3,0.125,4.5442,0.1821,0.0433,-0.0571
butter + clove + ginger,16,4.5875,4.6,118.94,2,0.125,4.5442,0.1821,0.0433,-0.0571
chicken stock + garlic + salt,16,4.5875,4.6,154.0,2,0.125,4.5442,0.1821,0.0433,-0.0571
chicken stock + olive oil + onion,16,4.5875,4.6,174.81,2,0.125,4.5442,0.1821,0.0433,-0.0571
cinnamon + vegetable oil + water,16,4.5875,4.6,992.94,2,0.125,4.5442,0.1821,0.0433,-0.0571
confectioners' sugar + shortening + white sugar,16,4.5875,4.6,253.5,2,0.125,4.5442,0.1821,0.0433,-0.0571
cinnamon + clove + vanilla extract,40,4.59,4.7,395.02,5,0.125,4.5442,0.1821,0.0458,-0.0571
baking powder + baking soda + ginger,32,4.5906,4.6,224.0,4,0.125,4.5442,0.1821,0.0464,-0.0571
black pepper + italian seasoning + salt,24,4.5917,4.6,297.67,3,0.125,4.5442,0.1821,0.0475,-0.0571
butter + garlic + large onion,32,4.5938,4.65,206.94,4,0.125,4.5442,0.1821,0.0496,-0.0571
garlic + pepper + salt,32,4.5938,4.6,383.59,4,0.125,4.5442,0.1821,0.0496,-0.0571
all-purpose flour + cayenne pepper + water,16,4.5938,4.6,137.94,2,0.125,4.5442,0.1821,0.0496,-0.0571
butter + cheddar cheese + large egg,16,4.5938,4.6,179.25,2,0.125,4.5442,0.1821,0.0496,-0.0571
baking soda + cinnamon + ginger,64,4.5953,4.65,521.23,8,0.125,4.5442,0.1821,0.0511,-0.0571
all-purpose flour + cinnamon + unsalted butter,48,4.5958,4.7,262.19,6,0.125,4.5442,0.1821,0.0516,-0.0571
cayenne pepper + cilantro + cumin,24,4.5958,4.6,578.29,3,0.125,4.5442,0.1821,0.0516,-0.0571
black pepper + water + white sugar,32,4.5969,4.6,925.72,4,0.125,4.5442,0.1821,0.0527,-0.0571
butter + large egg + milk,64,4.5984,4.6,536.41,8,0.125,4.5442,0.1821,0.0542,-0.0571
all-purpose flour + butter + small onion,16,4.6,4.7,314.38,2,0.125,4.5442,0.1821,0.0558,-0.0571
cinnamon + packed brown sugar + pecan,16,4.6,4.65,207.81,2,0.125,4.5442,0.1821,0.0558,-0.0571
dried basil + salt + white sugar,16,4.6,4.6,544.94,2,0.125,4.5442,0.1821,0.0558,-0.0571
garlic + salt and black pepper + worcestershire sauce,16,4.6,4.7,174.44,2,0.125,4.5442,0.1821,0.0558,-0.0571
black pepper + cumin + salt,96,4.6031,4.7,324.19,12,0.125,4.5442,0.1821,0.0589,-0.0571
brown sugar + vanilla extract + walnut,24,4.6042,4.6,303.46,3,0.125,4.5442,0.1821,0.06,-0.0571
all-purpose flour + packed light brown sugar + salt,24,4.6083,4.6,877.21,3,0.125,4.5442,0.1821,0.0641,-0.0571
black pepper + butter + carrot,24,4.6083,4.7,930.54,3,0.125,4.5442,0.1821,0.0641,-0.0571
allspice + baking soda + clove,24,4.6125,4.7,256.58,3,0.125,4.5442,0.1821,0.0683,-0.0571
black pepper + soy sauce + white sugar,24,4.6125,4.7,492.96,3,0.125,4.5442,0.1821,0.0683,-0.0571
mozzarella cheese + onion + parmesan cheese,24,4.6125,4.7,1976.5,3,0.125,4.5442,0.1821,0.0683,-0.0571
baking powder + carrot + egg,16,4.6125,4.6,613.75,2,0.125,4.5442,0.1821,0.0683,-0.0571
baking powder + orange juice + salt,16,4.6125,4.7,169.94,2,0.125,4.5442,0.1821,0.0683,-0.0571
cumin + garlic + ginger,16,4.6125,4.6,563.88,2,0.125,4.5442,0.1821,0.0683,-0.0571
olive oil + paprika + salt and black pepper,16,4.6125,4.7,188.06,2,0.125,4.5442,0.1821,0.0683,-0.0571
cinnamon + cornstarch + salt,24,4.6167,4.7,456.17,3,0.125,4.5442,0.1821,0.0725,-0.0571
egg + onion + parmesan cheese,24,4.6167,4.7,1655.88,3,0.125,4.5442,0.1821,0.0725,-0.0571
garlic powder + mayonnaise + salt,16,4.6188,4.65,374.56,2,0.125,4.5442,0.1821,0.0746,-0.0571
ginger + nutmeg + vegetable oil,16,4.6188,4.7,758.31,2,0.125,4.5442,0.1821,0.0746,-0.0571
allspice + cinnamon + vanilla extract,24,4.625,4.7,165.29,3,0.125,4.5442,0.1821,0.0808,-0.0571
butter + honey + salt,24,4.625,4.65,1076.46,3,0.125,4.5442,0.1821,0.0808,-0.0571
all-purpose flour + carrot + milk,16,4.625,4.7,1069.62,2,0.125,4.5442,0.1821,0.0808,-0.0571
cinnamon + confectioners' sugar + vegetable oil,16,4.625,4.7,744.81,2,0.125,4.5442,0.1821,0.0808,-0.0571
egg + ginger + vegetable oil,16,4.625,4.7,863.81,2,0.125,4.5442,0.1821,0.0808,-0.0571
cinnamon + cooking spray + salt,24,4.6292,4.7,310.04,3,0.125,4.5442,0.1821,0.085,-0.0571
all-purpose flour + cinnamon + packed light brown sugar,16,4.6312,4.7,589.5,2,0.125,4.5442,0.1821,0.087,-0.0571
garlic + parsley + worcestershire sauce,16,4.6312,4.65,258.38,2,0.125,4.5442,0.1821,0.087,-0.0571
carrot + chicken broth + onion,24,4.6333,4.7,941.83,3,0.125,4.5442,0.1821,0.0891,-0.0571
baking powder + baking soda + sugar,16,4.6375,4.65,364.06,2,0.125,4.5442,0.1821,0.0933,-0.0571
baking powder + egg + sugar,16,4.6375,4.6,268.44,2,0.125,4.5442,0.1821,0.0933,-0.0571
brown sugar + garlic + green onion,16,4.6375,4.7,196.44,2,0.125,4.5442,0.1821,0.0933,-0.0571
cilantro + garlic + white sugar,16,4.6375,4.7,128.0,2,0.125,4.5442,0.1821,0.0933,-0.0571
black pepper + salt + yellow onion,16,4.6438,4.7,208.75,2,0.125,4.5442,0.1821,0.0996,-0.0571
butter + garlic + half-and-half,16,4.6438,4.7,427.31,2,0.125,4.5442,0.1821,0.0996,-0.0571
garlic + olive oil + pepper,16,4.6438,4.6,359.94,2,0.125,4.5442,0.1821,0.0996,-0.0571
heavy cream + vanilla extract + white sugar,40,4.645,4.7,242.38,5,0.125,4.5442,0.1821,0.1008,-0.0571
beef + garlic + olive oil,24,4.6458,4.7,336.92,3,0.125,4.5442,0.1821,0.1016,-0.0571
cilantro + lime juice + olive oil,16,4.6688,4.75,217.0,2,0.125,4.5442,0.1821,0.1246,-0.0571
cumin + garlic + kosher salt,16,4.6938,4.8,159.44,2,0.125,4.5442,0.1821,0.1496,-0.0571
baking soda + cinnamon + egg,177,4.5797,4.6,426.2,22,0.1243,4.5442,0.1821,0.0355,-0.0578
black pepper + paprika + salt,105,4.5695,4.6,432.23,13,0.1238,4.5442,0.1821,0.0253,-0.0583
baking soda + butter + vanilla extract,202,4.5837,4.6,810.82,25,0.1238,4.5442,0.1821,0.0395,-0.0583
baking soda + large egg + salt,154,4.6006,4.7,872.45,19,0.1234,4.5442,0.1821,0.0564,-0.0587
baking soda + clove + white sugar,65,4.5908,4.7,619.05,8,0.1231,4.5442,0.1821,0.0466,-0.059
garlic + olive oil + red pepper flake,57,4.607,4.6,339.33,7,0.1228,4.5442,0.1821,0.0628,-0.0593
cinnamon + clove + white sugar,106,4.5858,4.6,449.34,13,0.1226,4.5442,0.1821,0.0416,-0.0595
cinnamon + water + white sugar,106,4.5925,4.6,564.46,13,0.1226,4.5442,0.1821,0.0483,-0.0595
black pepper + garlic powder + onion,49,4.5735,4.6,317.35,6,0.1224,4.5442,0.1821,0.0293,-0.0597
butter + sour cream + white sugar,49,4.5939,4.7,658.67,6,0.1224,4.5442,0.1821,0.0497,-0.0597
sour cream + vanilla extract + white sugar,49,4.6061,4.7,609.84,6,0.1224,4.5442,0.1821,0.0619,-0.0597
all-purpose flour + egg + sour cream,41,4.5707,4.6,800.1,5,0.122,4.5442,0.1821,0.0265,-0.0601
all-purpose flour + baking soda + sour cream,41,4.5805,4.6,664.73,5,0.122,4.5442,0.1821,0.0363,-0.0601
all-purpose flour + baking powder + raisin,41,4.5878,4.6,252.29,5,0.122,4.5442,0.1821,0.0436,-0.0601
large egg + vanilla extract + vegetable oil,41,4.5927,4.7,1093.95,5,0.122,4.5442,0.1821,0.0485,-0.0601
baking powder + baking soda + cinnamon,164,4.5976,4.7,573.07,20,0.122,4.5442,0.1821,0.0534,-0.0601
all-purpose flour + ginger + nutmeg,41,4.6268,4.7,381.29,5,0.122,4.5442,0.1821,0.0826,-0.0601
all-purpose flour + almond extract + butter,33,4.5242,4.6,311.18,4,0.1212,4.5442,0.1821,-0.02,-0.0609
egg + mozzarella cheese + parmesan cheese,33,4.5636,4.6,1151.39,4,0.1212,4.5442,0.1821,0.0194,-0.0609
garlic + olive oil + white wine,33,4.5848,4.6,376.12,4,0.1212,4.5442,0.1821,0.0406,-0.0609
allspice + nutmeg + salt,33,4.5879,4.6,186.61,4,0.1212,4.5442,0.1821,0.0437,-0.0609
butter + heavy cream + salt,33,4.5939,4.7,402.61,4,0.1212,4.5442,0.1821,0.0497,-0.0609
butter + salt + worcestershire sauce,33,4.5939,4.6,362.27,4,0.1212,4.5442,0.1821,0.0497,-0.0609
butter + sour cream + vanilla extract,33,4.597,4.6,773.09,4,0.1212,4.5442,0.1821,0.0528,-0.0609
salt + walnut + white sugar,141,4.6028,4.7,788.07,17,0.1206,4.5442,0.1821,0.0586,-0.0615
green bell pepper + salt + vegetable oil,25,4.52,4.5,302.88,3,0.12,4.5442,0.1821,-0.0242,-0.0621
beef + dried oregano + garlic,25,4.564,4.6,310.96,3,0.12,4.5442,0.1821,0.0198,-0.0621
butter + dried oregano + garlic,25,4.568,4.6,323.08,3,0.12,4.5442,0.1821,0.0238,-0.0621
nutmeg + raisin + salt,25,4.568,4.6,98.48,3,0.12,4.5442,0.1821,0.0238,-0.0621
egg + olive oil + parmesan cheese,25,4.572,4.6,477.52,3,0.12,4.5442,0.1821,0.0278,-0.0621
black pepper + butter + egg,25,4.576,4.6,391.2,3,0.12,4.5442,0.1821,0.0318,-0.0621
butter + salt and black pepper + water,25,4.576,4.6,231.84,3,0.12,4.5442,0.1821,0.0318,-0.0621
carrot + egg + vegetable oil,25,4.576,4.6,571.16,3,0.12,4.5442,0.1821,0.0318,-0.0621
baking soda + butter + sour cream,25,4.58,4.6,819.48,3,0.12,4.5442,0.1821,0.0358,-0.0621
garlic + mozzarella cheese + onion,25,4.58,4.6,1436.04,3,0.12,4.5442,0.1821,0.0358,-0.0621
all-purpose flour + dried thyme + garlic,25,4.584,4.6,170.16,3,0.12,4.5442,0.1821,0.0398,-0.0621
baking powder + rolled oat + salt,25,4.584,4.6,350.44,3,0.12,4.5442,0.1821,0.0398,-0.0621
garlic + lean beef + salt,25,4.584,4.6,560.16,3,0.12,4.5442,0.1821,0.0398,-0.0621
garlic + salt + stalks celery,25,4.584,4.6,402.76,3,0.12,4.5442,0.1821,0.0398,-0.0621
salt + sifted all-purpose flour + white sugar,25,4.584,4.6,343.0,3,0.12,4.5442,0.1821,0.0398,-0.0621
nutmeg + vanilla extract + vegetable oil,25,4.588,4.7,136.64,3,0.12,4.5442,0.1821,0.0438,-0.0621
all-purpose flour + raisin + salt,75,4.596,4.6,434.16,9,0.12,4.5442,0.1821,0.0518,-0.0621
black pepper + dried basil + parmesan cheese,25,4.596,4.6,849.56,3,0.12,4.5442,0.1821,0.0518,-0.0621
butter + clove + nutmeg,25,4.596,4.7,276.8,3,0.12,4.5442,0.1821,0.0518,-0.0621
beef + cumin + garlic,25,4.608,4.6,253.16,3,0.12,4.5442,0.1821,0.0638,-0.0621
cinnamon + garlic + salt,25,4.608,4.6,219.52,3,0.12,4.5442,0.1821,0.0638,-0.0621
dried basil + parmesan cheese + salt,25,4.612,4.6,918.32,3,0.12,4.5442,0.1821,0.0678,-0.0621
confectioners' sugar + large egg + salt,25,4.616,4.7,503.64,3,0.12,4.5442,0.1821,0.0718,-0.0621
baking powder + baking soda + large egg,92,4.587,4.7,647.86,11,0.1196,4.5442,0.1821,0.0428,-0.0625
butter + cinnamon + clove,42,4.5667,4.6,336.93,5,0.119,4.5442,0.1821,0.0225,-0.0631
rolled oat + salt + white sugar,42,4.5738,4.6,518.33,5,0.119,4.5442,0.1821,0.0296,-0.0631
black pepper + dried thyme + garlic,42,4.5786,4.6,238.98,5,0.119,4.5442,0.1821,0.0344,-0.0631
garlic + water + white sugar,42,4.6048,4.65,711.48,5,0.119,4.5442,0.1821,0.0606,-0.0631
carrot + salt + vegetable oil,42,4.6333,4.7,553.1,5,0.119,4.5442,0.1821,0.0891,-0.0631
butter + salt + sour cream,59,4.5695,4.6,597.93,7,0.1186,4.5442,0.1821,0.0253,-0.0635
cinnamon + salt + vegetable oil,135,4.6207,4.7,747.49,16,0.1185,4.5442,0.1821,0.0765,-0.0636
all-purpose flour + cinnamon + white sugar,414,4.5879,4.65,550.59,49,0.1184,4.5442,0.1821,0.0437,-0.0637
baking soda + large egg + white sugar,152,4.6053,4.7,832.05,18,0.1184,4.5442,0.1821,0.0611,-0.0637
egg + light corn syrup + vanilla extract,17,4.4647,4.5,352.41,2,0.1176,4.5442,0.1821,-0.0795,-0.0645
black pepper + garlic salt + salt,17,4.4882,4.5,283.35,2,0.1176,4.5442,0.1821,-0.056,-0.0645
baking powder + cornmeal + egg,17,4.5235,4.6,409.0,2,0.1176,4.5442,0.1821,-0.0207,-0.0645
garam masala + garlic + salt,17,4.5294,4.6,302.24,2,0.1176,4.5442,0.1821,-0.0148,-0.0645
carrot + dried thyme + garlic,17,4.5353,4.5,234.65,2,0.1176,4.5442,0.1821,-0.0089,-0.0645
cornstarch + garlic + salt,17,4.5353,4.5,302.94,2,0.1176,4.5442,0.1821,-0.0089,-0.0645
dried thyme + green bell pepper + onion,17,4.5353,4.6,89.18,2,0.1176,4.5442,0.1821,-0.0089,-0.0645
all-purpose flour + butter + olive oil,34,4.5441,4.6,281.0,4,0.1176,4.5442,0.1821,-0.0001,-0.0645
baking soda + shortening + white sugar,51,4.5471,4.6,466.86,6,0.1176,4.5442,0.1821,0.0029,-0.0645
butter + clove + white sugar,34,4.5471,4.6,403.15,4,0.1176,4.5442,0.1821,0.0029,-0.0645
beef broth + garlic + salt,17,4.5471,4.5,575.12,2,0.1176,4.5442,0.1821,0.0029,-0.0645
cayenne pepper + celery + onion,17,4.5471,4.6,174.06,2,0.1176,4.5442,0.1821,0.0029,-0.0645
baking powder + nutmeg + walnut,17,4.5529,4.6,167.94,2,0.1176,4.5442,0.1821,0.0087,-0.0645
baking soda + canola oil + cinnamon,17,4.5529,4.5,135.18,2,0.1176,4.5442,0.1821,0.0087,-0.0645
dried thyme + garlic + parsley,17,4.5529,4.6,264.71,2,0.1176,4.5442,0.1821,0.0087,-0.0645
dried thyme + garlic + stalks celery,17,4.5529,4.6,180.88,2,0.1176,4.5442,0.1821,0.0087,-0.0645
all-purpose flour + butter + heavy whipping cream,17,4.5588,4.5,596.24,2,0.1176,4.5442,0.1821,0.0146,-0.0645
butter + strawberry + white sugar,17,4.5588,4.5,156.94,2,0.1176,4.5442,0.1821,0.0146,-0.0645
olive oil + salt + white wine,17,4.5588,4.6,431.41,2,0.1176,4.5442,0.1821,0.0146,-0.0645
black pepper + mozzarella cheese + salt,34,4.5618,4.55,464.06,4,0.1176,4.5442,0.1821,0.0176,-0.0645
black pepper + chicken broth + olive oil,17,4.5647,4.6,176.71,2,0.1176,4.5442,0.1821,0.0205,-0.0645
black pepper + italian seasoning + olive oil,17,4.5647,4.6,298.12,2,0.1176,4.5442,0.1821,0.0205,-0.0645
brown sugar + cinnamon + unsalted butter,17,4.5647,4.7,325.0,2,0.1176,4.5442,0.1821,0.0205,-0.0645
dried basil + dried oregano + garlic powder,17,4.5647,4.6,674.59,2,0.1176,4.5442,0.1821,0.0205,-0.0645
dry white wine + garlic + olive oil,17,4.5647,4.6,113.47,2,0.1176,4.5442,0.1821,0.0205,-0.0645
black pepper + salt + vegetable oil for frying,17,4.5706,4.6,211.76,2,0.1176,4.5442,0.1821,0.0264,-0.0645
butter + garlic + mushroom,34,4.5735,4.6,277.5,4,0.1176,4.5442,0.1821,0.0293,-0.0645
allspice + butter + white sugar,17,4.5765,4.6,205.0,2,0.1176,4.5442,0.1821,0.0323,-0.0645
beef broth + garlic + onion,17,4.5765,4.6,277.24,2,0.1176,4.5442,0.1821,0.0323,-0.0645
butter + nutmeg + packed brown sugar,17,4.5765,4.7,269.0,2,0.1176,4.5442,0.1821,0.0323,-0.0645
cilantro + cumin + water,17,4.5765,4.6,434.88,2,0.1176,4.5442,0.1821,0.0323,-0.0645
celery + onion + water,34,4.5794,4.6,355.97,4,0.1176,4.5442,0.1821,0.0352,-0.0645
all-purpose flour + black pepper + butter,85,4.5824,4.6,587.54,10,0.1176,4.5442,0.1821,0.0382,-0.0645
olive oil + parsley + salt and black pepper,17,4.5824,4.6,118.76,2,0.1176,4.5442,0.1821,0.0382,-0.0645
baking soda + salt + semisweet chocolate chip,51,4.5882,4.6,1378.76,6,0.1176,4.5442,0.1821,0.044,-0.0645
allspice + cinnamon + water,17,4.5882,4.6,213.18,2,0.1176,4.5442,0.1821,0.044,-0.0645
brown sugar + rolled oat + white sugar,17,4.5882,4.6,227.0,2,0.1176,4.5442,0.1821,0.044,-0.0645
baking powder + vanilla extract + vegetable oil,85,4.5941,4.7,792.73,10,0.1176,4.5442,0.1821,0.0499,-0.0645
baking soda + clove + egg,51,4.5941,4.6,607.8,6,0.1176,4.5442,0.1821,0.0499,-0.0645
brown sugar + clove + ginger,17,4.5941,4.6,77.59,2,0.1176,4.5442,0.1821,0.0499,-0.0645
cooking spray + large egg + vanilla extract,17,4.5941,4.6,151.71,2,0.1176,4.5442,0.1821,0.0499,-0.0645
green onion + salt + white sugar,17,4.5941,4.7,420.24,2,0.1176,4.5442,0.1821,0.0499,-0.0645
light brown sugar + salt + vanilla extract,17,4.5941,4.7,194.65,2,0.1176,4.5442,0.1821,0.0499,-0.0645
mozzarella cheese + onion + salt,17,4.5941,4.7,815.88,2,0.1176,4.5442,0.1821,0.0499,-0.0645
all-purpose flour + rhubarb + white sugar,34,4.5971,4.65,152.59,4,0.1176,4.5442,0.1821,0.0529,-0.0645
butter + cinnamon + pecan,34,4.5971,4.6,467.97,4,0.1176,4.5442,0.1821,0.0529,-0.0645
clove + salt + white sugar,85,4.6,4.6,536.36,10,0.1176,4.5442,0.1821,0.0558,-0.0645
all-purpose flour + apples - peeled cored and + salt,17,4.6,4.7,313.59,2,0.1176,4.5442,0.1821,0.0558,-0.0645
all-purpose flour + egg + packed light brown sugar,17,4.6,4.6,945.18,2,0.1176,4.5442,0.1821,0.0558,-0.0645
baking soda + carrot + walnut,17,4.6,4.7,602.76,2,0.1176,4.5442,0.1821,0.0558,-0.0645
black pepper + carrot + vegetable oil,17,4.6,4.6,235.82,2,0.1176,4.5442,0.1821,0.0558,-0.0645
butter + packed light brown sugar + white sugar,17,4.6,4.6,1126.41,2,0.1176,4.5442,0.1821,0.0558,-0.0645
chili powder + cilantro + salt,17,4.6,4.7,219.06,2,0.1176,4.5442,0.1821,0.0558,-0.0645
all-purpose flour + allspice + baking soda,34,4.6059,4.7,293.85,4,0.1176,4.5442,0.1821,0.0617,-0.0645
all-purpose flour + dried thyme + water,17,4.6059,4.6,292.71,2,0.1176,4.5442,0.1821,0.0617,-0.0645
all-purpose flour + flaked coconut + walnut,17,4.6059,4.6,430.53,2,0.1176,4.5442,0.1821,0.0617,-0.0645
baking soda + butter + flaked coconut,17,4.6059,4.6,240.94,2,0.1176,4.5442,0.1821,0.0617,-0.0645
brown sugar + paprika + salt,17,4.6059,4.7,288.0,2,0.1176,4.5442,0.1821,0.0617,-0.0645
black pepper + cayenne pepper + onion powder,34,4.6088,4.7,611.62,4,0.1176,4.5442,0.1821,0.0646,-0.0645
8 ounce package cream cheese + butter + egg,17,4.6118,4.7,379.41,2,0.1176,4.5442,0.1821,0.0676,-0.0645
dried oregano + olive oil + parmesan cheese,17,4.6118,4.6,313.41,2,0.1176,4.5442,0.1821,0.0676,-0.0645
parmesan cheese + salt + white sugar,17,4.6118,4.6,500.47,2,0.1176,4.5442,0.1821,0.0676,-0.0645
baking powder + clove + salt,51,4.6157,4.7,306.29,6,0.1176,4.5442,0.1821,0.0715,-0.0645
cilantro + cumin + garlic,51,4.6176,4.7,444.98,6,0.1176,4.5442,0.1821,0.0734,-0.0645
12 fluid ounce can evaporated milk + vanilla extract + white sugar,17,4.6176,4.7,370.71,2,0.1176,4.5442,0.1821,0.0734,-0.0645
carrot + salt + walnut,17,4.6176,4.7,597.82,2,0.1176,4.5442,0.1821,0.0734,-0.0645
chili powder + cilantro + garlic,17,4.6176,4.7,430.18,2,0.1176,4.5442,0.1821,0.0734,-0.0645
chicken broth + onion + salt,51,4.6216,4.7,775.33,6,0.1176,4.5442,0.1821,0.0774,-0.0645
cayenne pepper + green onion + salt,17,4.6235,4.7,232.35,2,0.1176,4.5442,0.1821,0.0793,-0.0645
chicken broth + milk + onion,17,4.6235,4.7,1563.82,2,0.1176,4.5442,0.1821,0.0793,-0.0645
black pepper + cayenne pepper + green onion,17,4.6294,4.7,145.65,2,0.1176,4.5442,0.1821,0.0852,-0.0645
butter + cinnamon + large egg,51,4.6353,4.7,567.47,6,0.1176,4.5442,0.1821,0.0911,-0.0645
nutmeg + pecan + white sugar,17,4.6353,4.7,147.71,2,0.1176,4.5442,0.1821,0.0911,-0.0645
baking soda + cinnamon + semisweet chocolate chip,17,4.6412,4.7,432.65,2,0.1176,4.5442,0.1821,0.097,-0.0645
cayenne pepper + dried oregano + olive oil,17,4.6412,4.7,449.53,2,0.1176,4.5442,0.1821,0.097,-0.0645
all-purpose flour + black pepper + large onion,17,4.6471,4.7,111.0,2,0.1176,4.5442,0.1821,0.1029,-0.0645
baking powder + butter + vegetable oil,17,4.6471,4.7,811.94,2,0.1176,4.5442,0.1821,0.1029,-0.0645
cayenne pepper + cumin + garlic powder,17,4.6706,4.7,190.35,2,0.1176,4.5442,0.1821,0.1264,-0.0645
cilantro + cumin + lime juice,17,4.6706,4.7,185.71,2,0.1176,4.5442,0.1821,0.1264,-0.0645
all-purpose flour + lemon juice + water,17,4.6882,4.7,201.65,2,0.1176,4.5442,0.1821,0.144,-0.0645
cumin + garlic powder + olive oil,17,4.7529,4.8,120.29,2,0.1176,4.5442,0.1821,0.2087,-0.0645
cayenne pepper + cumin + salt,60,4.61,4.65,474.43,7,0.1167,4.5442,0.1821,0.0658,-0.0654
baking powder + raisin + salt,43,4.5884,4.6,252.58,5,0.1163,4.5442,0.1821,0.0442,-0.0658
baking powder + clove + white sugar,43,4.5953,4.7,320.91,5,0.1163,4.5442,0.1821,0.0511,-0.0658
cinnamon + egg + vegetable oil,86,4.6012,4.7,675.57,10,0.1163,4.5442,0.1821,0.057,-0.0658
cayenne pepper + cumin + olive oil,43,4.6116,4.6,257.28,5,0.1163,4.5442,0.1821,0.0674,-0.0658
cornstarch + soy sauce + water,26,4.5192,4.6,582.65,3,0.1154,4.5442,0.1821,-0.025,-0.0667
beef + egg + onion,26,4.5269,4.6,728.38,3,0.1154,4.5442,0.1821,-0.0173,-0.0667
dried oregano + green bell pepper + onion,26,4.5385,4.5,553.15,3,0.1154,4.5442,0.1821,-0.0057,-0.0667
salt + soy sauce + vegetable oil,26,4.5423,4.6,564.08,3,0.1154,4.5442,0.1821,-0.0019,-0.0667
bay leaf + black pepper + salt,26,4.5462,4.6,545.08,3,0.1154,4.5442,0.1821,0.002,-0.0667
all-purpose flour + butter + rolled oat,52,4.5519,4.6,541.63,6,0.1154,4.5442,0.1821,0.0077,-0.0667
baking soda + confectioners' sugar + milk,26,4.5538,4.6,610.85,3,0.1154,4.5442,0.1821,0.0096,-0.0667
garlic + paprika + water,26,4.5577,4.6,265.65,3,0.1154,4.5442,0.1821,0.0135,-0.0667
salt + vegetable oil + whole wheat flour,26,4.5577,4.6,216.15,3,0.1154,4.5442,0.1821,0.0135,-0.0667
all-purpose flour + kosher salt + large egg,26,4.5615,4.6,57.92,3,0.1154,4.5442,0.1821,0.0173,-0.0667
large egg + semisweet chocolate chip + white sugar,26,4.5654,4.6,720.15,3,0.1154,4.5442,0.1821,0.0212,-0.0667
garlic powder + onion powder + worcestershire sauce,26,4.5692,4.6,443.85,3,0.1154,4.5442,0.1821,0.025,-0.0667
black pepper + butter + mushroom,26,4.5846,4.6,539.46,3,0.1154,4.5442,0.1821,0.0404,-0.0667
cayenne pepper + onion powder + salt,26,4.5923,4.6,586.73,3,0.1154,4.5442,0.1821,0.0481,-0.0667
egg + garlic + parmesan cheese,26,4.5923,4.6,1257.27,3,0.1154,4.5442,0.1821,0.0481,-0.0667
black pepper + red wine vinegar + salt,26,4.6,4.6,325.88,3,0.1154,4.5442,0.1821,0.0558,-0.0667
all-purpose flour + orange zest + white sugar,26,4.6038,4.7,235.69,3,0.1154,4.5442,0.1821,0.0596,-0.0667
chili powder + garlic powder + onion powder,26,4.6038,4.7,298.08,3,0.1154,4.5442,0.1821,0.0596,-0.0667
confectioners' sugar + salt + vegetable oil,26,4.6038,4.7,870.35,3,0.1154,4.5442,0.1821,0.0596,-0.0667
confectioners' sugar + vegetable oil + white sugar,26,4.6038,4.7,855.77,3,0.1154,4.5442,0.1821,0.0596,-0.0667
confectioners' sugar + vanilla extract + vegetable oil,26,4.6154,4.7,871.88,3,0.1154,4.5442,0.1821,0.0712,-0.0667
olive oil + salt and black pepper + water,26,4.6231,4.7,235.23,3,0.1154,4.5442,0.1821,0.0789,-0.0667
15 ounce can pumpkin puree + cinnamon + salt,26,4.6308,4.7,826.62,3,0.1154,4.5442,0.1821,0.0866,-0.0667
black pepper + cilantro + cumin,26,4.6346,4.7,348.58,3,0.1154,4.5442,0.1821,0.0904,-0.0667
garlic powder + olive oil + onion powder,26,4.6654,4.7,289.5,3,0.1154,4.5442,0.1821,0.1212,-0.0667
lemon juice + olive oil + salt,61,4.577,4.6,367.87,7,0.1148,4.5442,0.1821,0.0328,-0.0673
garlic + green bell pepper + salt,61,4.5787,4.6,259.92,7,0.1148,4.5442,0.1821,0.0345,-0.0673
cinnamon + large egg + vanilla extract,96,4.601,4.7,680.36,11,0.1146,4.5442,0.1821,0.0568,-0.0675
onion powder + paprika + salt,35,4.5857,4.7,421.77,4,0.1143,4.5442,0.1821,0.0415,-0.0678
baking powder + egg + zucchini,35,4.6143,4.7,216.09,4,0.1143,4.5442,0.1821,0.0701,-0.0678
all-purpose flour + black pepper + chicken broth,35,4.62,4.7,950.46,4,0.1143,4.5442,0.1821,0.0758,-0.0678
all-purpose flour + chicken broth + onion,35,4.6229,4.7,1050.91,4,0.1143,4.5442,0.1821,0.0787,-0.0678
baking soda + butter + salt,255,4.5992,4.6,937.36,29,0.1137,4.5442,0.1821,0.055,-0.0684
black pepper + medium onion + salt,44,4.5705,4.6,534.14,5,0.1136,4.5442,0.1821,0.0263,-0.0685
all-purpose flour + vanilla extract + vegetable oil,132,4.5902,4.7,677.61,15,0.1136,4.5442,0.1821,0.046,-0.0685
black pepper + chili powder + garlic,44,4.6023,4.7,422.86,5,0.1136,4.5442,0.1821,0.0581,-0.0685
baking powder + salt + zucchini,44,4.6091,4.7,538.5,5,0.1136,4.5442,0.1821,0.0649,-0.0685
clove + egg + white sugar,53,4.5585,4.6,564.89,6,0.1132,4.5442,0.1821,0.0143,-0.0689
egg + pecan + vanilla extract,53,4.5604,4.6,390.64,6,0.1132,4.5442,0.1821,0.0162,-0.0689
cayenne pepper + paprika + salt,53,4.5736,4.6,460.79,6,0.1132,4.5442,0.1821,0.0294,-0.0689
brown sugar + garlic + soy sauce,53,4.5811,4.6,253.36,6,0.1132,4.5442,0.1821,0.0369,-0.0689
all-purpose flour + nutmeg + white sugar,159,4.5881,4.7,310.6,18,0.1132,4.5442,0.1821,0.0439,-0.0689
pecan + salt + white sugar,71,4.6225,4.7,401.85,8,0.1127,4.5442,0.1821,0.0783,-0.0694
cinnamon + ginger + white sugar,80,4.5875,4.65,390.1,9,0.1125,4.5442,0.1821,0.0433,-0.0696
all-purpose flour + cinnamon + vanilla extract,251,4.5869,4.6,479.79,28,0.1116,4.5442,0.1821,0.0427,-0.0705
all-purpose flour + baking soda + cinnamon,269,4.5993,4.7,636.72,30,0.1115,4.5442,0.1821,0.0551,-0.0706
baking soda + cinnamon + salt,260,4.6104,4.7,613.52,29,0.1115,4.5442,0.1821,0.0662,-0.0706
butter + light corn syrup + salt,18,4.4722,4.55,245.83,2,0.1111,4.5442,0.1821,-0.072,-0.071
butter + cinnamon + rolled oat,27,4.5148,4.6,617.44,3,0.1111,4.5442,0.1821,-0.0294,-0.071
basil + garlic + parsley,18,4.5222,4.6,296.94,2,0.1111,4.5442,0.1821,-0.022,-0.071
black pepper + green bell pepper + water,18,4.5278,4.55,379.94,2,0.1111,4.5442,0.1821,-0.0164,-0.071
cinnamon + egg + packed brown sugar,45,4.5356,4.6,197.87,5,0.1111,4.5442,0.1821,-0.0086,-0.071
black pepper + soy sauce + water,27,4.5407,4.6,303.93,3,0.1111,4.5442,0.1821,-0.0035,-0.071
beef + butter + onion,18,4.5444,4.55,284.67,2,0.1111,4.5442,0.1821,0.0002,-0.071
black pepper + dried basil + onion,36,4.5472,4.6,469.75,4,0.1111,4.5442,0.1821,0.003,-0.071
cinnamon + rolled oat + vanilla extract,27,4.5519,4.6,588.96,3,0.1111,4.5442,0.1821,0.0077,-0.071
black pepper + dried thyme + water,27,4.5593,4.6,275.19,3,0.1111,4.5442,0.1821,0.0151,-0.071
all-purpose flour + distilled white vinegar + white sugar,18,4.5611,4.65,430.67,2,0.1111,4.5442,0.1821,0.0169,-0.071
cayenne pepper + celery + garlic,18,4.5611,4.6,195.61,2,0.1111,4.5442,0.1821,0.0169,-0.071
black pepper + cayenne pepper + water,27,4.563,4.6,426.33,3,0.1111,4.5442,0.1821,0.0188,-0.071
all-purpose flour + confectioners' sugar + milk,45,4.5644,4.6,509.6,5,0.1111,4.5442,0.1821,0.0202,-0.071
baking powder + rolled oat + white sugar,18,4.5667,4.6,383.56,2,0.1111,4.5442,0.1821,0.0225,-0.071
black pepper + dry mustard + salt,18,4.5667,4.6,501.17,2,0.1111,4.5442,0.1821,0.0225,-0.071
dried basil + dried oregano + parmesan cheese,18,4.5667,4.6,605.5,2,0.1111,4.5442,0.1821,0.0225,-0.071
baking powder + large egg + packed brown sugar,27,4.5704,4.6,687.59,3,0.1111,4.5442,0.1821,0.0262,-0.071
ginger + water + white sugar,27,4.5704,4.6,767.74,3,0.1111,4.5442,0.1821,0.0262,-0.071
black pepper + onion + tomato paste,18,4.5722,4.6,251.83,2,0.1111,4.5442,0.1821,0.028,-0.071
butter + lemon juice + parsley,18,4.5722,4.6,325.44,2,0.1111,4.5442,0.1821,0.028,-0.071
carrot + olive oil + water,18,4.5722,4.6,630.06,2,0.1111,4.5442,0.1821,0.028,-0.071
dried oregano + onion + vegetable oil,18,4.5722,4.5,455.67,2,0.1111,4.5442,0.1821,0.028,-0.071
all-purpose flour + black pepper + garlic powder,27,4.5741,4.6,464.63,3,0.1111,4.5442,0.1821,0.0299,-0.071
baking soda + cream of tartar + white sugar,27,4.5741,4.6,656.15,3,0.1111,4.5442,0.1821,0.0299,-0.071
black pepper + garlic + lemon juice,63,4.581,4.6,335.67,7,0.1111,4.5442,0.1821,0.0368,-0.071
brown sugar + cinnamon + white sugar,108,4.5815,4.65,268.07,12,0.1111,4.5442,0.1821,0.0373,-0.071
baking soda + semisweet chocolate chip + white sugar,54,4.5815,4.6,1506.19,6,0.1111,4.5442,0.1821,0.0373,-0.071
ginger + vanilla extract + white sugar,27,4.5815,4.6,121.48,3,0.1111,4.5442,0.1821,0.0373,-0.071
all-purpose flour + baking powder + orange juice,18,4.5833,4.65,156.28,2,0.1111,4.5442,0.1821,0.0391,-0.071
cinnamon + salt + sour cream,18,4.5833,4.7,276.89,2,0.1111,4.5442,0.1821,0.0391,-0.071
egg + parmesan cheese + parsley,18,4.5833,4.6,1499.61,2,0.1111,4.5442,0.1821,0.0391,-0.071
cinnamon + raisin + walnut,27,4.5852,4.7,446.0,3,0.1111,4.5442,0.1821,0.041,-0.071
garlic + olive oil + paprika,45,4.5867,4.6,274.16,5,0.1111,4.5442,0.1821,0.0425,-0.071
heavy whipping cream + salt + white sugar,27,4.5889,4.6,218.22,3,0.1111,4.5442,0.1821,0.0447,-0.071
honey + salt + white sugar,27,4.5889,4.6,714.59,3,0.1111,4.5442,0.1821,0.0447,-0.071
all-purpose flour + large egg + raisin,18,4.5889,4.65,655.44,2,0.1111,4.5442,0.1821,0.0447,-0.071
celery + dried thyme + garlic,18,4.5889,4.6,136.56,2,0.1111,4.5442,0.1821,0.0447,-0.071
garlic + green bell pepper + stalks celery,18,4.5889,4.6,361.89,2,0.1111,4.5442,0.1821,0.0447,-0.071
garlic + olive oil + red pepper flakes or,18,4.5889,4.65,192.39,2,0.1111,4.5442,0.1821,0.0447,-0.071
garlic + olive oil + small onion,27,4.5926,4.6,212.93,3,0.1111,4.5442,0.1821,0.0484,-0.071
baking soda + clove + raisin,18,4.5944,4.65,367.67,2,0.1111,4.5442,0.1821,0.0502,-0.071
baking soda + nutmeg + water,18,4.5944,4.6,775.28,2,0.1111,4.5442,0.1821,0.0502,-0.071
black pepper + brown sugar + soy sauce,18,4.5944,4.65,205.56,2,0.1111,4.5442,0.1821,0.0502,-0.071
cinnamon + milk + packed brown sugar,18,4.5944,4.65,208.0,2,0.1111,4.5442,0.1821,0.0502,-0.071
all-purpose flour + egg + pecan,54,4.5963,4.65,412.31,6,0.1111,4.5442,0.1821,0.0521,-0.071
all-purpose flour + baking soda + large egg,162,4.5969,4.7,815.18,18,0.1111,4.5442,0.1821,0.0527,-0.071
olive oil + paprika + salt,36,4.5972,4.6,331.22,4,0.1111,4.5442,0.1821,0.053,-0.071
baking powder + orange juice + white sugar,18,4.6,4.7,155.61,2,0.1111,4.5442,0.1821,0.0558,-0.071
black pepper + brown sugar + paprika,18,4.6,4.7,346.5,2,0.1111,4.5442,0.1821,0.0558,-0.071
black pepper + green bell pepper + red bell pepper,18,4.6,4.7,475.56,2,0.1111,4.5442,0.1821,0.0558,-0.071
dried oregano + salt + vegetable oil,18,4.6,4.6,345.94,2,0.1111,4.5442,0.1821,0.0558,-0.071
garlic + honey + olive oil,18,4.6,4.65,175.22,2,0.1111,4.5442,0.1821,0.0558,-0.071
cinnamon + clove + large egg,27,4.6037,4.7,536.96,3,0.1111,4.5442,0.1821,0.0595,-0.071
cumin + salt + tomato,18,4.6056,4.65,306.22,2,0.1111,4.5442,0.1821,0.0614,-0.071
baking soda + carrot + cinnamon,36,4.6111,4.7,563.92,4,0.1111,4.5442,0.1821,0.0669,-0.071
cinnamon + orange zest + white sugar,18,4.6111,4.65,190.22,2,0.1111,4.5442,0.1821,0.0669,-0.071
nutmeg + unsalted butter + white sugar,18,4.6111,4.7,99.44,2,0.1111,4.5442,0.1821,0.0669,-0.071
cayenne pepper + garlic powder + onion powder,36,4.6167,4.7,358.03,4,0.1111,4.5442,0.1821,0.0725,-0.071
all-purpose flour + clove + raisin,18,4.6167,4.7,363.94,2,0.1111,4.5442,0.1821,0.0725,-0.071
baking powder + clove + vegetable oil,18,4.6167,4.7,425.89,2,0.1111,4.5442,0.1821,0.0725,-0.071
butter + confectioners' sugar + vegetable oil,18,4.6167,4.65,701.28,2,0.1111,4.5442,0.1821,0.0725,-0.071
butter + parsley + salt and black pepper,18,4.6167,4.7,163.28,2,0.1111,4.5442,0.1821,0.0725,-0.071
cinnamon + large egg + water,18,4.6167,4.7,1041.72,2,0.1111,4.5442,0.1821,0.0725,-0.071
clove + egg + vegetable oil,18,4.6167,4.7,936.28,2,0.1111,4.5442,0.1821,0.0725,-0.071
olive oil + pepper + salt,18,4.6167,4.6,444.94,2,0.1111,4.5442,0.1821,0.0725,-0.071
baking soda + clove + nutmeg,45,4.6178,4.7,530.0,5,0.1111,4.5442,0.1821,0.0736,-0.071
butter + carrot + salt,36,4.6194,4.7,886.14,4,0.1111,4.5442,0.1821,0.0752,-0.071
all-purpose flour + pecan + white sugar,72,4.6208,4.7,399.1,8,0.1111,4.5442,0.1821,0.0766,-0.071
garlic powder + onion + onion powder,18,4.6222,4.7,233.56,2,0.1111,4.5442,0.1821,0.078,-0.071
nutmeg + unsalted butter + vanilla extract,18,4.6222,4.7,99.44,2,0.1111,4.5442,0.1821,0.078,-0.071
cinnamon + vegetable oil + white sugar,117,4.6239,4.7,781.99,13,0.1111,4.5442,0.1821,0.0797,-0.071
butter + olive oil + salt and black pepper,36,4.625,4.7,137.81,4,0.1111,4.5442,0.1821,0.0808,-0.071
brown sugar + butter + water,27,4.6259,4.7,228.26,3,0.1111,4.5442,0.1821,0.0817,-0.071
baking powder + carrot + white sugar,18,4.6278,4.7,623.5,2,0.1111,4.5442,0.1821,0.0836,-0.071
cinnamon + semisweet chocolate chip + white sugar,18,4.6278,4.65,409.28,2,0.1111,4.5442,0.1821,0.0836,-0.071
large egg + salt + sour cream,18,4.6278,4.65,378.89,2,0.1111,4.5442,0.1821,0.0836,-0.071
all-purpose flour + clove + vegetable oil,27,4.6296,4.7,754.52,3,0.1111,4.5442,0.1821,0.0854,-0.071
cinnamon + egg + zucchini,27,4.6296,4.7,257.59,3,0.1111,4.5442,0.1821,0.0854,-0.071
chicken broth + olive oil + salt,27,4.6333,4.7,183.52,3,0.1111,4.5442,0.1821,0.0891,-0.071
cinnamon + ginger + vegetable oil,27,4.6333,4.7,803.48,3,0.1111,4.5442,0.1821,0.0891,-0.071
cinnamon + milk + vegetable oil,18,4.6444,4.7,499.89,2,0.1111,4.5442,0.1821,0.1002,-0.071
garlic powder + kosher salt + olive oil,18,4.6444,4.75,158.33,2,0.1111,4.5442,0.1821,0.1002,-0.071
black pepper + carrot + chicken broth,18,4.65,4.7,1028.72,2,0.1111,4.5442,0.1821,0.1058,-0.071
all-purpose flour + egg + sugar,18,4.6556,4.7,232.44,2,0.1111,4.5442,0.1821,0.1114,-0.071
butter + lemon juice + water,18,4.6556,4.7,261.17,2,0.1111,4.5442,0.1821,0.1114,-0.071
celery seed + salt + white sugar,18,4.6667,4.7,279.83,2,0.1111,4.5442,0.1821,0.1225,-0.071
black pepper + dried oregano + salt,109,4.5817,4.6,565.43,12,0.1101,4.5442,0.1821,0.0375,-0.072
cayenne pepper + cumin + garlic,73,4.6178,4.7,570.89,8,0.1096,4.5442,0.1821,0.0736,-0.0725
baking soda + egg + nutmeg,64,4.5672,4.6,392.08,7,0.1094,4.5442,0.1821,0.023,-0.0727
baking soda + butter + walnut,64,4.5781,4.6,1198.55,7,0.1094,4.5442,0.1821,0.0339,-0.0727
all-purpose flour + large egg + vegetable oil,64,4.5859,4.7,980.8,7,0.1094,4.5442,0.1821,0.0417,-0.0727
cinnamon + egg + walnut,64,4.5938,4.6,330.72,7,0.1094,4.5442,0.1821,0.0496,-0.0727
baking soda + butter + white sugar,247,4.6028,4.6,976.71,27,0.1093,4.5442,0.1821,0.0586,-0.0728
all-purpose flour + cinnamon + raisin,55,4.5745,4.6,464.71,6,0.1091,4.5442,0.1821,0.0303,-0.073
all-purpose flour + baking soda + packed brown sugar,110,4.5809,4.6,1119.8,12,0.1091,4.5442,0.1821,0.0367,-0.073
baking powder + cinnamon + walnut,55,4.5964,4.6,523.16,6,0.1091,4.5442,0.1821,0.0522,-0.073
black pepper + garlic + worcestershire sauce,55,4.6145,4.7,361.0,6,0.1091,4.5442,0.1821,0.0703,-0.073
cinnamon + walnut + white sugar,101,4.6069,4.7,520.21,11,0.1089,4.5442,0.1821,0.0627,-0.0732
beef + garlic + onion,46,4.55,4.6,395.61,5,0.1087,4.5442,0.1821,0.0058,-0.0734
egg + raisin + white sugar,46,4.5565,4.6,363.26,5,0.1087,4.5442,0.1821,0.0123,-0.0734
all-purpose flour + egg + raisin,46,4.5783,4.6,421.52,5,0.1087,4.5442,0.1821,0.0341,-0.0734
rolled oat + salt + vanilla extract,46,4.5891,4.6,529.85,5,0.1087,4.5442,0.1821,0.0449,-0.0734
clove + ginger + white sugar,46,4.5978,4.6,553.3,5,0.1087,4.5442,0.1821,0.0536,-0.0734
butter + garlic + salt and pepper,37,4.5541,4.6,576.95,4,0.1081,4.5442,0.1821,0.0099,-0.074
garlic + large onion + olive oil,37,4.573,4.6,215.78,4,0.1081,4.5442,0.1821,0.0288,-0.074
carrot + egg + salt,37,4.5892,4.6,395.05,4,0.1081,4.5442,0.1821,0.045,-0.074
allspice + salt + white sugar,37,4.6108,4.6,181.86,4,0.1081,4.5442,0.1821,0.0666,-0.074
all-purpose flour + sour cream + vanilla extract,37,4.6135,4.7,765.0,4,0.1081,4.5442,0.1821,0.0693,-0.074
baking powder + vegetable oil + zucchini,37,4.6162,4.7,630.57,4,0.1081,4.5442,0.1821,0.072,-0.074
baking powder + cinnamon + zucchini,37,4.6189,4.7,626.62,4,0.1081,4.5442,0.1821,0.0747,-0.074
all-purpose flour + butter + salt and black pepper,37,4.6216,4.7,358.46,4,0.1081,4.5442,0.1821,0.0774,-0.074
egg + salt + zucchini,37,4.6216,4.7,287.89,4,0.1081,4.5442,0.1821,0.0774,-0.074
black pepper + cumin + paprika,37,4.6297,4.7,277.89,4,0.1081,4.5442,0.1821,0.0855,-0.074
black pepper + cumin + dried oregano,37,4.6324,4.7,437.03,4,0.1081,4.5442,0.1821,0.0882,-0.074
black pepper + large egg + salt,65,4.5677,4.6,413.42,7,0.1077,4.5442,0.1821,0.0235,-0.0744
garlic + sesame oil + soy sauce,65,4.58,4.6,206.66,7,0.1077,4.5442,0.1821,0.0358,-0.0744
black pepper + lean beef + onion,28,4.5107,4.5,1334.75,3,0.1071,4.5442,0.1821,-0.0335,-0.075
baking soda + packed brown sugar + rolled oat,28,4.5536,4.6,438.5,3,0.1071,4.5442,0.1821,0.0094,-0.075
cornmeal + salt + white sugar,28,4.5536,4.6,617.04,3,0.1071,4.5442,0.1821,0.0094,-0.075
cinnamon + rolled oat + white sugar,28,4.5607,4.6,582.29,3,0.1071,4.5442,0.1821,0.0165,-0.075
all-purpose flour + garlic powder + salt,28,4.5643,4.6,365.96,3,0.1071,4.5442,0.1821,0.0201,-0.075
black pepper + dried oregano + water,28,4.5714,4.6,710.75,3,0.1071,4.5442,0.1821,0.0272,-0.075
dried basil + garlic + parmesan cheese,28,4.575,4.6,645.75,3,0.1071,4.5442,0.1821,0.0308,-0.075
all-purpose flour + butter + ginger,28,4.5821,4.6,147.07,3,0.1071,4.5442,0.1821,0.0379,-0.075
baking soda + raisin + walnut,28,4.5857,4.6,342.43,3,0.1071,4.5442,0.1821,0.0415,-0.075
brown sugar + cinnamon + ginger,28,4.5857,4.6,237.75,3,0.1071,4.5442,0.1821,0.0415,-0.075
brown sugar + nutmeg + vanilla extract,28,4.5857,4.6,117.14,3,0.1071,4.5442,0.1821,0.0415,-0.075
butter + ginger + salt,28,4.5929,4.6,185.93,3,0.1071,4.5442,0.1821,0.0487,-0.075
cinnamon + ginger + packed brown sugar,28,4.5964,4.7,275.5,3,0.1071,4.5442,0.1821,0.0522,-0.075
baking soda + sour cream + vanilla extract,28,4.6107,4.6,635.46,3,0.1071,4.5442,0.1821,0.0665,-0.075
all-purpose flour + baking soda + carrot,28,4.6143,4.7,695.61,3,0.1071,4.5442,0.1821,0.0701,-0.075
garlic + sesame oil + white sugar,28,4.6143,4.65,174.82,3,0.1071,4.5442,0.1821,0.0701,-0.075
cinnamon + ginger + large egg,28,4.6179,4.7,775.46,3,0.1071,4.5442,0.1821,0.0737,-0.075
garlic + olive oil + red wine vinegar,28,4.6286,4.6,285.64,3,0.1071,4.5442,0.1821,0.0844,-0.075
all-purpose flour + baking soda + vegetable oil,159,4.6138,4.7,688.73,17,0.1069,4.5442,0.1821,0.0696,-0.0752
baking soda + vegetable oil + white sugar,150,4.6127,4.7,683.78,16,0.1067,4.5442,0.1821,0.0685,-0.0754
baking soda + vanilla extract + vegetable oil,122,4.5934,4.7,660.14,13,0.1066,4.5442,0.1821,0.0492,-0.0755
black pepper + mayonnaise + salt,47,4.5787,4.6,380.72,5,0.1064,4.5442,0.1821,0.0345,-0.0757
beef + black pepper + garlic,47,4.5979,4.6,289.55,5,0.1064,4.5442,0.1821,0.0537,-0.0757
cinnamon + pecan + white sugar,47,4.6106,4.7,482.36,5,0.1064,4.5442,0.1821,0.0664,-0.0757
cinnamon + large egg + salt,113,4.6142,4.7,779.38,12,0.1062,4.5442,0.1821,0.07,-0.0759
all-purpose flour + baking soda + walnut,132,4.5909,4.6,893.75,14,0.1061,4.5442,0.1821,0.0467,-0.076
cornstarch + soy sauce + vegetable oil,19,4.4842,4.4,560.05,2,0.1053,4.5442,0.1821,-0.06,-0.0768
cornstarch + garlic + ginger,19,4.5053,4.5,828.11,2,0.1053,4.5442,0.1821,-0.0389,-0.0768
garlic + sesame oil + water,19,4.5158,4.6,256.37,2,0.1053,4.5442,0.1821,-0.0284,-0.0768
black pepper + soy sauce + vegetable oil,19,4.5368,4.5,405.53,2,0.1053,4.5442,0.1821,-0.0074,-0.0768
dried thyme + onion + water,19,4.5368,4.6,210.32,2,0.1053,4.5442,0.1821,-0.0074,-0.0768
8 ounce package cream cheese + all-purpose flour + egg,19,4.5421,4.6,367.16,2,0.1053,4.5442,0.1821,-0.0021,-0.0768
black pepper + lean beef + water,19,4.5421,4.6,1562.26,2,0.1053,4.5442,0.1821,-0.0021,-0.0768
all-purpose flour + garlic + parmesan cheese,19,4.5474,4.6,482.32,2,0.1053,4.5442,0.1821,0.0032,-0.0768
dried basil + dried parsley + garlic,19,4.5474,4.5,521.58,2,0.1053,4.5442,0.1821,0.0032,-0.0768
cooking spray + salt + vegetable oil,19,4.5526,4.6,337.68,2,0.1053,4.5442,0.1821,0.0084,-0.0768
coriander + cumin + olive oil,19,4.5579,4.5,159.58,2,0.1053,4.5442,0.1821,0.0137,-0.0768
baking powder + raisin + walnut,19,4.5632,4.6,121.16,2,0.1053,4.5442,0.1821,0.019,-0.0768
baking soda + canola oil + white sugar,19,4.5632,4.6,317.26,2,0.1053,4.5442,0.1821,0.019,-0.0768
brown sugar + ginger + white sugar,19,4.5632,4.6,91.95,2,0.1053,4.5442,0.1821,0.019,-0.0768
cornstarch + salt + soy sauce,19,4.5632,4.6,359.63,2,0.1053,4.5442,0.1821,0.019,-0.0768
baking soda + rolled oat + vanilla extract,38,4.5684,4.6,609.55,4,0.1053,4.5442,0.1821,0.0242,-0.0768
beef + green bell pepper + onion,19,4.5684,4.6,455.63,2,0.1053,4.5442,0.1821,0.0242,-0.0768
garlic + green bell pepper + parsley,19,4.5684,4.6,191.42,2,0.1053,4.5442,0.1821,0.0242,-0.0768
baking soda + packed brown sugar + shortening,19,4.5737,4.6,419.0,2,0.1053,4.5442,0.1821,0.0295,-0.0768
butter + dried oregano + salt,19,4.5737,4.6,329.53,2,0.1053,4.5442,0.1821,0.0295,-0.0768
dried oregano + garlic + mozzarella cheese,19,4.5737,4.6,618.63,2,0.1053,4.5442,0.1821,0.0295,-0.0768
baking powder + raisin + vanilla extract,19,4.5842,4.6,260.47,2,0.1053,4.5442,0.1821,0.04,-0.0768
garlic + ketchup + soy sauce,19,4.5842,4.6,539.58,2,0.1053,4.5442,0.1821,0.04,-0.0768
garlic + large egg + olive oil,19,4.5895,4.7,166.42,2,0.1053,4.5442,0.1821,0.0453,-0.0768
black pepper + celery + salt,57,4.593,4.6,559.65,6,0.1053,4.5442,0.1821,0.0488,-0.0768
baking soda + rolled oat + white sugar,38,4.5947,4.6,600.5,4,0.1053,4.5442,0.1821,0.0505,-0.0768
baking soda + egg + flaked coconut,19,4.5947,4.6,217.32,2,0.1053,4.5442,0.1821,0.0505,-0.0768
black pepper + garlic powder + soy sauce,19,4.5947,4.6,218.63,2,0.1053,4.5442,0.1821,0.0505,-0.0768
mozzarella cheese + parmesan cheese + salt,38,4.6,4.6,470.13,4,0.1053,4.5442,0.1821,0.0558,-0.0768
all-purpose flour + quick cooking oat + salt,19,4.6,4.7,672.11,2,0.1053,4.5442,0.1821,0.0558,-0.0768
black pepper + garlic + ginger,19,4.6,4.6,528.95,2,0.1053,4.5442,0.1821,0.0558,-0.0768
brown sugar + egg + pecan,19,4.6053,4.7,273.84,2,0.1053,4.5442,0.1821,0.0611,-0.0768
brown sugar + garlic + worcestershire sauce,19,4.6105,4.7,400.0,2,0.1053,4.5442,0.1821,0.0663,-0.0768
cayenne pepper + cumin + lemon juice,19,4.6105,4.7,441.68,2,0.1053,4.5442,0.1821,0.0663,-0.0768
black pepper + dijon mustard + garlic,19,4.6158,4.7,391.0,2,0.1053,4.5442,0.1821,0.0716,-0.0768
light brown sugar + vanilla extract + white sugar,19,4.6158,4.7,371.84,2,0.1053,4.5442,0.1821,0.0716,-0.0768
allspice + salt + vegetable oil,19,4.6211,4.7,460.11,2,0.1053,4.5442,0.1821,0.0769,-0.0768
black pepper + cayenne pepper + chili powder,19,4.6211,4.7,401.74,2,0.1053,4.5442,0.1821,0.0769,-0.0768
carrot + salt + stalks celery,19,4.6211,4.6,567.42,2,0.1053,4.5442,0.1821,0.0769,-0.0768
butter + garlic + salt and black pepper,57,4.6228,4.7,133.33,6,0.1053,4.5442,0.1821,0.0786,-0.0768
cinnamon + large egg + white sugar,114,4.6237,4.7,742.69,12,0.1053,4.5442,0.1821,0.0795,-0.0768
all-purpose flour + cinnamon + cornstarch,19,4.6263,4.7,442.16,2,0.1053,4.5442,0.1821,0.0821,-0.0768
garlic + salt + salt and black pepper,19,4.6263,4.7,188.0,2,0.1053,4.5442,0.1821,0.0821,-0.0768
cinnamon + salt + zucchini,38,4.6316,4.7,670.39,4,0.1053,4.5442,0.1821,0.0874,-0.0768
baking powder + baking soda + carrot,19,4.6316,4.7,578.37,2,0.1053,4.5442,0.1821,0.0874,-0.0768
olive oil + oregano + salt,19,4.6316,4.7,64.05,2,0.1053,4.5442,0.1821,0.0874,-0.0768
chicken broth + garlic + salt and black pepper,19,4.6368,4.7,172.05,2,0.1053,4.5442,0.1821,0.0926,-0.0768
carrot + chicken broth + salt,19,4.6421,4.7,925.89,2,0.1053,4.5442,0.1821,0.0979,-0.0768
celery + chicken broth + salt,19,4.6474,4.7,1163.79,2,0.1053,4.5442,0.1821,0.1032,-0.0768
cayenne pepper + cumin + vegetable oil,19,4.6526,4.7,814.05,2,0.1053,4.5442,0.1821,0.1084,-0.0768
cooking spray + garlic + onion,19,4.6579,4.7,212.32,2,0.1053,4.5442,0.1821,0.1137,-0.0768
large egg + salt + vegetable oil,77,4.5974,4.7,893.48,8,0.1039,4.5442,0.1821,0.0532,-0.0782
black pepper + green bell pepper + onion,58,4.5448,4.6,305.05,6,0.1034,4.5442,0.1821,0.0006,-0.0787
butter + packed brown sugar + walnut,29,4.569,4.6,1365.9,3,0.1034,4.5442,0.1821,0.0248,-0.0787
egg + pecan + white sugar,58,4.5759,4.6,401.79,6,0.1034,4.5442,0.1821,0.0317,-0.0787
active dry yeast + salt + warm water 110 degrees f/45 degrees c,29,4.5862,4.6,633.03,3,0.1034,4.5442,0.1821,0.042,-0.0787
garlic + lemon juice + parsley,29,4.5862,4.6,536.17,3,0.1034,4.5442,0.1821,0.042,-0.0787
cold water + salt + white sugar,29,4.5897,4.6,429.45,3,0.1034,4.5442,0.1821,0.0455,-0.0787
cumin + dried oregano + garlic,58,4.6,4.65,484.81,6,0.1034,4.5442,0.1821,0.0558,-0.0787
all-purpose flour + allspice + nutmeg,29,4.6034,4.6,172.72,3,0.1034,4.5442,0.1821,0.0592,-0.0787
dried thyme + garlic + water,29,4.6034,4.6,274.45,3,0.1034,4.5442,0.1821,0.0592,-0.0787
black pepper + brown sugar + worcestershire sauce,29,4.6103,4.6,564.17,3,0.1034,4.5442,0.1821,0.0661,-0.0787
allspice + baking soda + salt,29,4.6276,4.7,336.31,3,0.1034,4.5442,0.1821,0.0834,-0.0787
green bell pepper + onion + salt,68,4.5647,4.6,330.0,7,0.1029,4.5442,0.1821,0.0205,-0.0792
black pepper + dried basil + salt,68,4.5853,4.6,670.85,7,0.1029,4.5442,0.1821,0.0411,-0.0792
black pepper + green onion + salt,68,4.6044,4.7,331.41,7,0.1029,4.5442,0.1821,0.0602,-0.0792
baking soda + cinnamon + nutmeg,107,4.6019,4.7,301.13,11,0.1028,4.5442,0.1821,0.0577,-0.0793
black pepper + butter + olive oil,39,4.5436,4.6,237.08,4,0.1026,4.5442,0.1821,-0.0006,-0.0795
butter + egg + sour cream,39,4.5897,4.6,767.64,4,0.1026,4.5442,0.1821,0.0455,-0.0795
black pepper + salt + stalks celery,39,4.5949,4.6,443.49,4,0.1026,4.5442,0.1821,0.0507,-0.0795
large egg + water + white sugar,39,4.6,4.6,802.69,4,0.1026,4.5442,0.1821,0.0558,-0.0795
large egg + nutmeg + white sugar,39,4.6154,4.7,290.26,4,0.1026,4.5442,0.1821,0.0712,-0.0795
black pepper + cayenne pepper + onion,39,4.6205,4.7,453.72,4,0.1026,4.5442,0.1821,0.0763,-0.0795
black pepper + onion powder + paprika,39,4.6333,4.7,441.87,4,0.1026,4.5442,0.1821,0.0891,-0.0795
butter + chicken broth + salt,39,4.641,4.7,928.15,4,0.1026,4.5442,0.1821,0.0968,-0.0795
black pepper + salt + sour cream,49,4.5653,4.6,528.35,5,0.102,4.5442,0.1821,0.0211,-0.0801
cinnamon + salt + walnut,98,4.6245,4.7,520.0,10,0.102,4.5442,0.1821,0.0803,-0.0801
vegetable oil + water + white sugar,59,4.5475,4.6,519.85,6,0.1017,4.5442,0.1821,0.0033,-0.0804
black pepper + dried thyme + salt,59,4.5729,4.6,353.83,6,0.1017,4.5442,0.1821,0.0287,-0.0804
baking soda + cinnamon + vanilla extract,188,4.6048,4.7,540.42,19,0.1011,4.5442,0.1821,0.0606,-0.081
cinnamon + vanilla extract + vegetable oil,89,4.636,4.7,606.51,9,0.1011,4.5442,0.1821,0.0918,-0.081
onion + salt + uncooked white rice,10,4.45,4.5,937.9,1,0.1,4.5442,0.1821,-0.0942,-0.0821
almond extract + confectioners' sugar + egg,10,4.46,4.5,185.9,1,0.1,4.5442,0.1821,-0.0842,-0.0821
black pepper + salt + uncooked white rice,10,4.46,4.5,494.5,1,0.1,4.5442,0.1821,-0.0842,-0.0821
14.5 ounce can tomatoe + green bell pepper + onion,10,4.48,4.45,180.8,1,0.1,4.5442,0.1821,-0.0642,-0.0821
all-purpose flour + almond extract + large egg,10,4.48,4.4,273.2,1,0.1,4.5442,0.1821,-0.0642,-0.0821
black pepper + mayonnaise + milk,10,4.48,4.55,376.2,1,0.1,4.5442,0.1821,-0.0642,-0.0821
carrot + olive oil + stalk celery,10,4.49,4.55,407.0,1,0.1,4.5442,0.1821,-0.0542,-0.0821
green bell pepper + onion + stalks celery,10,4.49,4.5,510.3,1,0.1,4.5442,0.1821,-0.0542,-0.0821
beef + soy sauce + water,10,4.5,4.5,214.5,1,0.1,4.5442,0.1821,-0.0442,-0.0821
black pepper + large onion + vegetable oil,10,4.5,4.5,541.0,1,0.1,4.5442,0.1821,-0.0442,-0.0821
butter + coriander + garlic,10,4.5,4.55,57.7,1,0.1,4.5442,0.1821,-0.0442,-0.0821
salt + sesame oil + white sugar,10,4.5,4.45,265.0,1,0.1,4.5442,0.1821,-0.0442,-0.0821
black pepper + salt + sesame oil,10,4.51,4.5,221.3,1,0.1,4.5442,0.1821,-0.0342,-0.0821
cinnamon + nutmeg + whole wheat flour,10,4.51,4.55,143.6,1,0.1,4.5442,0.1821,-0.0342,-0.0821
confectioners' sugar + large egg + milk,10,4.51,4.55,529.7,1,0.1,4.5442,0.1821,-0.0342,-0.0821
dried rosemary + garlic + onion,10,4.51,4.5,163.6,1,0.1,4.5442,0.1821,-0.0342,-0.0821
egg + salt + white pepper,10,4.51,4.45,134.0,1,0.1,4.5442,0.1821,-0.0342,-0.0821
garlic + olive oil + skinless boneless chicken breast halve,10,4.51,4.5,747.1,1,0.1,4.5442,0.1821,-0.0342,-0.0821
green bell pepper + milk + onion,10,4.51,4.55,589.1,1,0.1,4.5442,0.1821,-0.0342,-0.0821
onion + stalk celery + water,10,4.51,4.55,361.0,1,0.1,4.5442,0.1821,-0.0342,-0.0821
salt + sesame seed + water,10,4.51,4.5,89.6,1,0.1,4.5442,0.1821,-0.0342,-0.0821
cornstarch + vegetable oil + water,20,4.52,4.5,761.2,2,0.1,4.5442,0.1821,-0.0242,-0.0821
all-purpose flour + butter or margarine + egg,10,4.52,4.5,339.5,1,0.1,4.5442,0.1821,-0.0242,-0.0821
all-purpose flour + recipe pastry for a 9 inch double crust pie + white sugar,10,4.52,4.45,105.8,1,0.1,4.5442,0.1821,-0.0242,-0.0821
bay leaf + salt + vegetable oil,10,4.52,4.6,189.9,1,0.1,4.5442,0.1821,-0.0242,-0.0821
butter + garlic + tomato,10,4.52,4.6,392.8,1,0.1,4.5442,0.1821,-0.0242,-0.0821
butter + medium onion + milk,10,4.52,4.5,338.9,1,0.1,4.5442,0.1821,-0.0242,-0.0821
chicken broth + garlic + mushroom,10,4.52,4.5,404.6,1,0.1,4.5442,0.1821,-0.0242,-0.0821
cornstarch + garlic + ginger root,10,4.52,4.6,505.2,1,0.1,4.5442,0.1821,-0.0242,-0.0821
cumin + garlic + salsa,10,4.52,4.6,328.6,1,0.1,4.5442,0.1821,-0.0242,-0.0821
salt + vanilla extract + whole wheat flour,20,4.53,4.6,130.25,2,0.1,4.5442,0.1821,-0.0142,-0.0821
all-purpose flour + cream of tartar + large egg,10,4.53,4.6,838.2,1,0.1,4.5442,0.1821,-0.0142,-0.0821
black pepper + garlic powder + ginger,10,4.53,4.65,133.6,1,0.1,4.5442,0.1821,-0.0142,-0.0821
black pepper + garlic salt + onion,10,4.53,4.5,235.3,1,0.1,4.5442,0.1821,-0.0142,-0.0821
carrot + onion + red bell pepper,10,4.53,4.55,208.2,1,0.1,4.5442,0.1821,-0.0142,-0.0821
cheddar cheese + milk + salt and black pepper,10,4.53,4.5,216.2,1,0.1,4.5442,0.1821,-0.0142,-0.0821
egg + green onion + milk,10,4.53,4.55,191.8,1,0.1,4.5442,0.1821,-0.0142,-0.0821
garlic + lemon juice + red pepper flake,10,4.53,4.5,476.9,1,0.1,4.5442,0.1821,-0.0142,-0.0821
garlic + salt and pepper + white wine,10,4.53,4.5,677.0,1,0.1,4.5442,0.1821,-0.0142,-0.0821
rolled oat + salt + walnut,10,4.53,4.6,383.5,1,0.1,4.5442,0.1821,-0.0142,-0.0821
dried thyme + salt + vegetable oil,20,4.54,4.6,214.5,2,0.1,4.5442,0.1821,-0.0042,-0.0821
all-purpose flour + cinnamon + lemon zest,10,4.54,4.6,302.8,1,0.1,4.5442,0.1821,-0.0042,-0.0821
all-purpose flour + vegetable oil + warm water 110 degrees f/45 degrees c,10,4.54,4.6,527.7,1,0.1,4.5442,0.1821,-0.0042,-0.0821
bay leaf + carrot + dried thyme,10,4.54,4.55,233.0,1,0.1,4.5442,0.1821,-0.0042,-0.0821
black pepper + ketchup + milk,10,4.54,4.6,1291.6,1,0.1,4.5442,0.1821,-0.0042,-0.0821
black pepper + large egg + mayonnaise,10,4.54,4.55,99.2,1,0.1,4.5442,0.1821,-0.0042,-0.0821
black pepper + salt + sesame seed,10,4.54,4.5,136.7,1,0.1,4.5442,0.1821,-0.0042,-0.0821
canola oil + garlic + onion,10,4.54,4.5,172.4,1,0.1,4.5442,0.1821,-0.0042,-0.0821
cheddar cheese + cooking spray + milk,10,4.54,4.6,290.8,1,0.1,4.5442,0.1821,-0.0042,-0.0821
dried oregano + paprika + water,10,4.54,4.55,463.4,1,0.1,4.5442,0.1821,-0.0042,-0.0821
garlic + pork + water,10,4.54,4.5,190.3,1,0.1,4.5442,0.1821,-0.0042,-0.0821
ginger + raisin + white sugar,10,4.54,4.6,49.0,1,0.1,4.5442,0.1821,-0.0042,-0.0821
milk + rolled oat + salt,10,4.54,4.55,447.0,1,0.1,4.5442,0.1821,-0.0042,-0.0821
vanilla extract + white sugar + whole wheat flour,10,4.54,4.55,70.5,1,0.1,4.5442,0.1821,-0.0042,-0.0821
black pepper + butter + sour cream,20,4.545,4.55,404.9,2,0.1,4.5442,0.1821,0.0008,-0.0821
28 ounce can tomatoe + black pepper + onion,10,4.55,4.6,2238.4,1,0.1,4.5442,0.1821,0.0058,-0.0821
3 ounce package cream cheese + all-purpose flour + vanilla extract,10,4.55,4.5,483.2,1,0.1,4.5442,0.1821,0.0058,-0.0821
all-purpose flour + baking soda + unsweetened applesauce,10,4.55,4.65,131.8,1,0.1,4.5442,0.1821,0.0058,-0.0821
baking soda + carrot + nutmeg,10,4.55,4.6,133.0,1,0.1,4.5442,0.1821,0.0058,-0.0821
baking soda + salt + unsweetened applesauce,10,4.55,4.65,131.8,1,0.1,4.5442,0.1821,0.0058,-0.0821
beef + black pepper + medium onion,10,4.55,4.6,723.4,1,0.1,4.5442,0.1821,0.0058,-0.0821
black pepper + chicken broth + parsley,10,4.55,4.65,664.4,1,0.1,4.5442,0.1821,0.0058,-0.0821
black pepper + egg + vegetable oil for frying,10,4.55,4.55,548.7,1,0.1,4.5442,0.1821,0.0058,-0.0821
butter + milk + paprika,10,4.55,4.5,342.9,1,0.1,4.5442,0.1821,0.0058,-0.0821
butter or margarine + salt + vanilla extract,10,4.55,4.7,305.3,1,0.1,4.5442,0.1821,0.0058,-0.0821
carrot + cinnamon + nutmeg,10,4.55,4.6,133.0,1,0.1,4.5442,0.1821,0.0058,-0.0821
cayenne pepper + celery + green bell pepper,10,4.55,4.55,163.9,1,0.1,4.5442,0.1821,0.0058,-0.0821
chili powder + cumin + worcestershire sauce,10,4.55,4.6,254.5,1,0.1,4.5442,0.1821,0.0058,-0.0821
confectioners' sugar + milk + shortening,10,4.55,4.55,385.2,1,0.1,4.5442,0.1821,0.0058,-0.0821
distilled white vinegar + salt + vegetable oil,10,4.55,4.6,341.5,1,0.1,4.5442,0.1821,0.0058,-0.0821
dried basil + garlic + lean beef,10,4.55,4.6,721.4,1,0.1,4.5442,0.1821,0.0058,-0.0821
dried parsley + green bell pepper + onion,10,4.55,4.55,564.9,1,0.1,4.5442,0.1821,0.0058,-0.0821
garlic + lean beef + mozzarella cheese,10,4.55,4.55,2828.1,1,0.1,4.5442,0.1821,0.0058,-0.0821
milk + onion + parmesan cheese,10,4.55,4.55,798.8,1,0.1,4.5442,0.1821,0.0058,-0.0821
mushroom + onion + vegetable oil,10,4.55,4.55,236.0,1,0.1,4.5442,0.1821,0.0058,-0.0821
paprika + salt + tomato,10,4.55,4.55,285.2,1,0.1,4.5442,0.1821,0.0058,-0.0821
black pepper + large egg + onion,20,4.555,4.6,257.3,2,0.1,4.5442,0.1821,0.0108,-0.0821
black pepper + paprika + water,20,4.56,4.6,382.3,2,0.1,4.5442,0.1821,0.0158,-0.0821
14 ounce can sweetened condensed milk + egg + salt,10,4.56,4.6,120.7,1,0.1,4.5442,0.1821,0.0158,-0.0821
all-purpose flour + cayenne pepper + green bell pepper,10,4.56,4.6,78.7,1,0.1,4.5442,0.1821,0.0158,-0.0821
all-purpose flour + raisin + rolled oat,10,4.56,4.65,1087.7,1,0.1,4.5442,0.1821,0.0158,-0.0821
baking soda + butter room temperature + vanilla extract,10,4.56,4.6,255.9,1,0.1,4.5442,0.1821,0.0158,-0.0821
baking soda + raisin + rolled oat,10,4.56,4.65,1087.7,1,0.1,4.5442,0.1821,0.0158,-0.0821
beef + green bell pepper + salt,10,4.56,4.6,638.9,1,0.1,4.5442,0.1821,0.0158,-0.0821
black pepper + garlic powder + lemon juice,10,4.56,4.6,154.9,1,0.1,4.5442,0.1821,0.0158,-0.0821
black pepper + parmesan cheese + vegetable oil,10,4.56,4.55,723.5,1,0.1,4.5442,0.1821,0.0158,-0.0821
black pepper + sour cream + worcestershire sauce,10,4.56,4.65,265.7,1,0.1,4.5442,0.1821,0.0158,-0.0821
butter + dried oregano + milk,10,4.56,4.5,495.0,1,0.1,4.5442,0.1821,0.0158,-0.0821
butter + egg + heavy whipping cream,10,4.56,4.5,282.7,1,0.1,4.5442,0.1821,0.0158,-0.0821
butter + italian seasoning + parmesan cheese,10,4.56,4.6,358.2,1,0.1,4.5442,0.1821,0.0158,-0.0821
butter + olive oil + small onion,10,4.56,4.6,156.5,1,0.1,4.5442,0.1821,0.0158,-0.0821
cayenne pepper + salt + tomato,10,4.56,4.6,559.8,1,0.1,4.5442,0.1821,0.0158,-0.0821
cheddar cheese + chili powder + salt,10,4.56,4.6,498.7,1,0.1,4.5442,0.1821,0.0158,-0.0821
cheddar cheese + garlic + olive oil,10,4.56,4.6,135.1,1,0.1,4.5442,0.1821,0.0158,-0.0821
cinnamon + cooking spray + large egg,10,4.56,4.55,423.5,1,0.1,4.5442,0.1821,0.0158,-0.0821
cinnamon + orange zest + vanilla extract,10,4.56,4.55,258.1,1,0.1,4.5442,0.1821,0.0158,-0.0821
cream of tartar + large egg + vanilla extract,10,4.56,4.6,818.0,1,0.1,4.5442,0.1821,0.0158,-0.0821
dried thyme + salt + stalks celery,10,4.56,4.6,156.5,1,0.1,4.5442,0.1821,0.0158,-0.0821
garlic + ginger + red pepper flake,10,4.56,4.6,235.3,1,0.1,4.5442,0.1821,0.0158,-0.0821
garlic + olive oil + white pepper,10,4.56,4.6,180.8,1,0.1,4.5442,0.1821,0.0158,-0.0821
garlic + onion + tomato sauce,10,4.56,4.55,517.5,1,0.1,4.5442,0.1821,0.0158,-0.0821
heavy cream + onion + salt,10,4.56,4.55,220.5,1,0.1,4.5442,0.1821,0.0158,-0.0821
olive oil + parsley + red pepper flake,10,4.56,4.6,439.8,1,0.1,4.5442,0.1821,0.0158,-0.0821
chili powder + green bell pepper + onion,20,4.565,4.6,562.5,2,0.1,4.5442,0.1821,0.0208,-0.0821
all-purpose flour + buttermilk + vegetable oil,20,4.57,4.65,650.2,2,0.1,4.5442,0.1821,0.0258,-0.0821
butter + garlic + mozzarella cheese,20,4.57,4.6,407.15,2,0.1,4.5442,0.1821,0.0258,-0.0821
28 ounce can tomatoe + chili powder + garlic,10,4.57,4.6,254.7,1,0.1,4.5442,0.1821,0.0258,-0.0821
3 ounce package cream cheese + butter + vanilla extract,10,4.57,4.5,1256.0,1,0.1,4.5442,0.1821,0.0258,-0.0821
all-purpose flour + buttermilk + walnut,10,4.57,4.6,531.1,1,0.1,4.5442,0.1821,0.0258,-0.0821
all-purpose flour + rolled oat + semisweet chocolate chip,10,4.57,4.6,642.7,1,0.1,4.5442,0.1821,0.0258,-0.0821
beef + beef broth + onion,10,4.57,4.6,148.5,1,0.1,4.5442,0.1821,0.0258,-0.0821
beef + garlic powder + water,10,4.57,4.6,201.9,1,0.1,4.5442,0.1821,0.0258,-0.0821
black pepper + garlic powder + parsley,10,4.57,4.6,212.3,1,0.1,4.5442,0.1821,0.0258,-0.0821
black pepper + hot pepper sauce + worcestershire sauce,10,4.57,4.6,645.6,1,0.1,4.5442,0.1821,0.0258,-0.0821
black pepper + large egg + vegetable oil,10,4.57,4.6,476.5,1,0.1,4.5442,0.1821,0.0258,-0.0821
black pepper + tomato paste + water,10,4.57,4.55,441.0,1,0.1,4.5442,0.1821,0.0258,-0.0821
brown sugar + cold water + cornstarch,10,4.57,4.55,283.0,1,0.1,4.5442,0.1821,0.0258,-0.0821
brown sugar + dijon mustard + worcestershire sauce,10,4.57,4.55,267.9,1,0.1,4.5442,0.1821,0.0258,-0.0821
butter + egg + mushroom,10,4.57,4.55,209.0,1,0.1,4.5442,0.1821,0.0258,-0.0821
celery + dried thyme + salt,10,4.57,4.6,140.2,1,0.1,4.5442,0.1821,0.0258,-0.0821
cilantro + cumin + tomato,10,4.57,4.55,198.8,1,0.1,4.5442,0.1821,0.0258,-0.0821
cumin + green bell pepper + red bell pepper,10,4.57,4.6,268.7,1,0.1,4.5442,0.1821,0.0258,-0.0821
dry bread crumb + egg + garlic,10,4.57,4.65,309.7,1,0.1,4.5442,0.1821,0.0258,-0.0821
eggs lightly + salt + vegetable oil,10,4.57,4.6,336.2,1,0.1,4.5442,0.1821,0.0258,-0.0821
garlic + lean beef + olive oil,10,4.57,4.6,1033.2,1,0.1,4.5442,0.1821,0.0258,-0.0821
garlic + olive oil + red pepper,10,4.57,4.5,66.0,1,0.1,4.5442,0.1821,0.0258,-0.0821
green onion + olive oil + soy sauce,10,4.57,4.7,298.7,1,0.1,4.5442,0.1821,0.0258,-0.0821
large egg + salt + soy sauce,10,4.57,4.6,335.1,1,0.1,4.5442,0.1821,0.0258,-0.0821
olive oil + warm water 110 degrees f/45 degrees c + white sugar,10,4.57,4.6,849.3,1,0.1,4.5442,0.1821,0.0258,-0.0821
all-purpose flour + green bell pepper + salt,20,4.575,4.6,101.45,2,0.1,4.5442,0.1821,0.0308,-0.0821
black pepper + dried oregano + white sugar,20,4.575,4.6,624.1,2,0.1,4.5442,0.1821,0.0308,-0.0821
brown sugar + sesame oil + soy sauce,20,4.575,4.6,264.65,2,0.1,4.5442,0.1821,0.0308,-0.0821
garlic + ginger + soy sauce,50,4.578,4.6,433.7,5,0.1,4.5442,0.1821,0.0338,-0.0821
28 ounce can tomatoe + dried oregano + salt,10,4.58,4.6,312.0,1,0.1,4.5442,0.1821,0.0358,-0.0821
all-purpose flour + butter + sifted confectioners' sugar,10,4.58,4.6,379.8,1,0.1,4.5442,0.1821,0.0358,-0.0821
all-purpose flour + cornstarch + nutmeg,10,4.58,4.6,624.9,1,0.1,4.5442,0.1821,0.0358,-0.0821
all-purpose flour + flaked coconut + rolled oat,10,4.58,4.6,139.8,1,0.1,4.5442,0.1821,0.0358,-0.0821
all-purpose flour + sour cream + walnut,10,4.58,4.6,1331.6,1,0.1,4.5442,0.1821,0.0358,-0.0821
allspice + nutmeg + vegetable oil,10,4.58,4.65,161.8,1,0.1,4.5442,0.1821,0.0358,-0.0821
baking powder + baking soda + honey,10,4.58,4.7,192.5,1,0.1,4.5442,0.1821,0.0358,-0.0821
baking powder + semisweet chocolate chip + walnut,10,4.58,4.6,728.3,1,0.1,4.5442,0.1821,0.0358,-0.0821
baking soda + canola oil + vanilla extract,10,4.58,4.6,508.0,1,0.1,4.5442,0.1821,0.0358,-0.0821
baking soda + egg + mashed banana,10,4.58,4.6,945.3,1,0.1,4.5442,0.1821,0.0358,-0.0821
baking soda + flaked coconut + rolled oat,10,4.58,4.6,139.8,1,0.1,4.5442,0.1821,0.0358,-0.0821
baking soda + nutmeg + shortening,10,4.58,4.6,71.4,1,0.1,4.5442,0.1821,0.0358,-0.0821
black pepper + chili powder + green bell pepper,10,4.58,4.65,1080.5,1,0.1,4.5442,0.1821,0.0358,-0.0821
brown sugar + cornstarch + white sugar,10,4.58,4.65,511.6,1,0.1,4.5442,0.1821,0.0358,-0.0821
butter + egg + pecan halve,10,4.58,4.65,182.4,1,0.1,4.5442,0.1821,0.0358,-0.0821
carrot + olive oil + salt and pepper,10,4.58,4.6,665.6,1,0.1,4.5442,0.1821,0.0358,-0.0821
chicken broth + green bell pepper + onion,10,4.58,4.6,186.5,1,0.1,4.5442,0.1821,0.0358,-0.0821
chili powder + garlic + medium onion,10,4.58,4.7,449.6,1,0.1,4.5442,0.1821,0.0358,-0.0821
cilantro + olive oil + onion,10,4.58,4.7,135.0,1,0.1,4.5442,0.1821,0.0358,-0.0821
dried oregano + olive oil + tomato paste,10,4.58,4.6,277.3,1,0.1,4.5442,0.1821,0.0358,-0.0821
garlic + salt + sesame oil,10,4.58,4.55,211.1,1,0.1,4.5442,0.1821,0.0358,-0.0821
ketchup + packed brown sugar + worcestershire sauce,10,4.58,4.6,591.9,1,0.1,4.5442,0.1821,0.0358,-0.0821
large egg + raisin + vanilla extract,10,4.58,4.6,829.9,1,0.1,4.5442,0.1821,0.0358,-0.0821
black pepper + mozzarella cheese + olive oil,20,4.585,4.55,332.85,2,0.1,4.5442,0.1821,0.0408,-0.0821
cilantro + garlic + green onion,20,4.585,4.65,179.8,2,0.1,4.5442,0.1821,0.0408,-0.0821
garlic + lamb + salt,20,4.585,4.6,65.9,2,0.1,4.5442,0.1821,0.0408,-0.0821
garlic powder + salt + sour cream,20,4.585,4.6,244.15,2,0.1,4.5442,0.1821,0.0408,-0.0821
ginger + milk + salt,20,4.585,4.6,773.0,2,0.1,4.5442,0.1821,0.0408,-0.0821
milk + salt + sour cream,20,4.585,4.65,648.4,2,0.1,4.5442,0.1821,0.0408,-0.0821
egg + raisin + salt,50,4.588,4.6,381.86,5,0.1,4.5442,0.1821,0.0438,-0.0821
large egg + packed brown sugar + vanilla extract,40,4.59,4.6,656.82,4,0.1,4.5442,0.1821,0.0458,-0.0821
28 ounce can tomatoe + chili powder + cumin,10,4.59,4.6,238.0,1,0.1,4.5442,0.1821,0.0458,-0.0821
8 ounce package cream cheese + baking soda + egg,10,4.59,4.65,348.8,1,0.1,4.5442,0.1821,0.0458,-0.0821
all-purpose flour + butter room temperature + salt,10,4.59,4.7,199.9,1,0.1,4.5442,0.1821,0.0458,-0.0821
all-purpose flour + cayenne pepper + cumin,10,4.59,4.6,350.4,1,0.1,4.5442,0.1821,0.0458,-0.0821
all-purpose flour + chocolate chip + egg,10,4.59,4.6,76.2,1,0.1,4.5442,0.1821,0.0458,-0.0821
all-purpose flour + ginger + shortening,10,4.59,4.6,134.3,1,0.1,4.5442,0.1821,0.0458,-0.0821
all-purpose flour + salt + white vinegar,10,4.59,4.7,1851.9,1,0.1,4.5442,0.1821,0.0458,-0.0821
baking powder + packed brown sugar + raisin,10,4.59,4.65,203.3,1,0.1,4.5442,0.1821,0.0458,-0.0821
bay leave + butter + salt,10,4.59,4.6,145.8,1,0.1,4.5442,0.1821,0.0458,-0.0821
beef + mozzarella cheese + parmesan cheese,10,4.59,4.6,428.7,1,0.1,4.5442,0.1821,0.0458,-0.0821
black pepper + carrot + cayenne pepper,10,4.59,4.65,183.1,1,0.1,4.5442,0.1821,0.0458,-0.0821
black pepper + cayenne pepper + cinnamon,10,4.59,4.65,160.9,1,0.1,4.5442,0.1821,0.0458,-0.0821
black pepper + chicken broth + water,10,4.59,4.6,242.4,1,0.1,4.5442,0.1821,0.0458,-0.0821
black pepper + dried oregano + soy sauce,10,4.59,4.6,582.2,1,0.1,4.5442,0.1821,0.0458,-0.0821
black pepper + egg + white sugar,10,4.59,4.6,2745.4,1,0.1,4.5442,0.1821,0.0458,-0.0821
brown sugar + raisin + white sugar,10,4.59,4.65,361.2,1,0.1,4.5442,0.1821,0.0458,-0.0821
butter + dried parsley + olive oil,10,4.59,4.6,259.5,1,0.1,4.5442,0.1821,0.0458,-0.0821
butter + large egg + sour cream,10,4.59,4.6,282.1,1,0.1,4.5442,0.1821,0.0458,-0.0821
buttermilk + egg + vegetable oil,10,4.59,4.65,396.4,1,0.1,4.5442,0.1821,0.0458,-0.0821
celery + dried parsley + salt,10,4.59,4.65,427.0,1,0.1,4.5442,0.1821,0.0458,-0.0821
chicken broth + olive oil + parsley,10,4.59,4.6,372.7,1,0.1,4.5442,0.1821,0.0458,-0.0821
chili powder + garlic + sour cream,10,4.59,4.65,601.1,1,0.1,4.5442,0.1821,0.0458,-0.0821
dried basil + garlic powder + parmesan cheese,10,4.59,4.6,1219.5,1,0.1,4.5442,0.1821,0.0458,-0.0821
egg + walnut + water,10,4.59,4.6,416.2,1,0.1,4.5442,0.1821,0.0458,-0.0821
extra-virgin olive oil + garlic + lemon juice,10,4.59,4.65,290.5,1,0.1,4.5442,0.1821,0.0458,-0.0821
garlic + large onion + parsley,10,4.59,4.6,260.6,1,0.1,4.5442,0.1821,0.0458,-0.0821
garlic powder + salt + white vinegar,10,4.59,4.6,495.5,1,0.1,4.5442,0.1821,0.0458,-0.0821
large egg + lemon juice + vanilla extract,10,4.59,4.7,145.4,1,0.1,4.5442,0.1821,0.0458,-0.0821
large egg + light brown sugar + vanilla extract,10,4.59,4.65,121.6,1,0.1,4.5442,0.1821,0.0458,-0.0821
large egg + nutmeg + vegetable oil,10,4.59,4.7,292.3,1,0.1,4.5442,0.1821,0.0458,-0.0821
lean beef + salt + white sugar,10,4.59,4.6,972.8,1,0.1,4.5442,0.1821,0.0458,-0.0821
mozzarella cheese + salt + white sugar,10,4.59,4.7,270.1,1,0.1,4.5442,0.1821,0.0458,-0.0821
mushroom + parsley + salt,10,4.59,4.6,418.1,1,0.1,4.5442,0.1821,0.0458,-0.0821
rolled oat + semisweet chocolate chip + white sugar,10,4.59,4.6,642.6,1,0.1,4.5442,0.1821,0.0458,-0.0821
salt + tomato paste + water,10,4.59,4.55,437.7,1,0.1,4.5442,0.1821,0.0458,-0.0821
onion + salt + stalks celery,20,4.595,4.6,379.25,2,0.1,4.5442,0.1821,0.0508,-0.0821
all-purpose flour + buttermilk + large egg,20,4.6,4.6,972.25,2,0.1,4.5442,0.1821,0.0558,-0.0821
butter + chicken broth + milk,20,4.6,4.65,1227.2,2,0.1,4.5442,0.1821,0.0558,-0.0821
butter + heavy whipping cream + white sugar,20,4.6,4.6,246.3,2,0.1,4.5442,0.1821,0.0558,-0.0821
dried basil + dried oregano + water,20,4.6,4.6,650.8,2,0.1,4.5442,0.1821,0.0558,-0.0821
8 ounce packages cream cheese + sour cream + vanilla extract,10,4.6,4.7,992.6,1,0.1,4.5442,0.1821,0.0558,-0.0821
all-purpose flour + allspice + walnut,10,4.6,4.65,111.3,1,0.1,4.5442,0.1821,0.0558,-0.0821
all-purpose flour + butter + vegetable shortening,10,4.6,4.7,41.8,1,0.1,4.5442,0.1821,0.0558,-0.0821
all-purpose flour + dried thyme + parsley,10,4.6,4.65,286.4,1,0.1,4.5442,0.1821,0.0558,-0.0821
allspice + baking soda + walnut,10,4.6,4.65,116.5,1,0.1,4.5442,0.1821,0.0558,-0.0821
allspice + cinnamon + walnut,10,4.6,4.65,111.3,1,0.1,4.5442,0.1821,0.0558,-0.0821
black pepper + garlic powder + mushroom,10,4.6,4.6,745.6,1,0.1,4.5442,0.1821,0.0558,-0.0821
bread flour + olive oil + white sugar,10,4.6,4.65,583.9,1,0.1,4.5442,0.1821,0.0558,-0.0821
butter + chocolate chip + white sugar,10,4.6,4.75,83.1,1,0.1,4.5442,0.1821,0.0558,-0.0821
butter + salt + sifted confectioners' sugar,10,4.6,4.6,364.7,1,0.1,4.5442,0.1821,0.0558,-0.0821
canola oil + onion + salt,10,4.6,4.6,179.9,1,0.1,4.5442,0.1821,0.0558,-0.0821
chicken broth + mushroom + onion,10,4.6,4.7,799.6,1,0.1,4.5442,0.1821,0.0558,-0.0821
chicken stock + onion + salt,10,4.6,4.6,105.3,1,0.1,4.5442,0.1821,0.0558,-0.0821
chocolate chip + egg + salt,10,4.6,4.6,76.2,1,0.1,4.5442,0.1821,0.0558,-0.0821
cilantro + salt + white sugar,10,4.6,4.75,140.0,1,0.1,4.5442,0.1821,0.0558,-0.0821
cinnamon + ginger + pecan,10,4.6,4.65,86.3,1,0.1,4.5442,0.1821,0.0558,-0.0821
cream of tartar + large egg + white sugar,10,4.6,4.65,823.5,1,0.1,4.5442,0.1821,0.0558,-0.0821
dried basil + milk + salt,10,4.6,4.55,699.9,1,0.1,4.5442,0.1821,0.0558,-0.0821
egg + honey + whole wheat flour,10,4.6,4.65,232.4,1,0.1,4.5442,0.1821,0.0558,-0.0821
egg + salt + vegetable shortening,10,4.6,4.7,85.6,1,0.1,4.5442,0.1821,0.0558,-0.0821
ginger + sesame seed + soy sauce,10,4.6,4.7,94.2,1,0.1,4.5442,0.1821,0.0558,-0.0821
nutmeg + vegetable oil + water,10,4.6,4.65,1320.2,1,0.1,4.5442,0.1821,0.0558,-0.0821
orange juice + orange zest + salt,10,4.6,4.7,512.9,1,0.1,4.5442,0.1821,0.0558,-0.0821
garlic powder + salt + water,40,4.6025,4.65,482.48,4,0.1,4.5442,0.1821,0.0583,-0.0821
all-purpose flour + garlic + white sugar,20,4.605,4.6,239.8,2,0.1,4.5442,0.1821,0.0608,-0.0821
almond + salt + white sugar,20,4.605,4.65,215.85,2,0.1,4.5442,0.1821,0.0608,-0.0821
dried basil + salt + water,20,4.605,4.6,603.25,2,0.1,4.5442,0.1821,0.0608,-0.0821
8 ounce package cream cheese + egg + vanilla extract,20,4.61,4.7,377.8,2,0.1,4.5442,0.1821,0.0658,-0.0821
12 fluid ounce can evaporated milk + salt + white sugar,10,4.61,4.6,204.8,1,0.1,4.5442,0.1821,0.0658,-0.0821
8 ounce package cream cheese + baking powder + egg,10,4.61,4.65,264.0,1,0.1,4.5442,0.1821,0.0658,-0.0821
all-purpose flour + black pepper + cheddar cheese,10,4.61,4.6,515.0,1,0.1,4.5442,0.1821,0.0658,-0.0821
all-purpose flour + egg + heavy whipping cream,10,4.61,4.6,500.0,1,0.1,4.5442,0.1821,0.0658,-0.0821
all-purpose flour + pecan halve + salt,10,4.61,4.7,144.1,1,0.1,4.5442,0.1821,0.0658,-0.0821
baking powder + pecan + vegetable oil,10,4.61,4.6,968.9,1,0.1,4.5442,0.1821,0.0658,-0.0821
baking soda + butter + pumpkin puree,10,4.61,4.7,192.5,1,0.1,4.5442,0.1821,0.0658,-0.0821
baking soda + large egg + lemon juice,10,4.61,4.75,118.0,1,0.1,4.5442,0.1821,0.0658,-0.0821
bay leave + garlic + salt and black pepper,10,4.61,4.6,188.6,1,0.1,4.5442,0.1821,0.0658,-0.0821
black pepper + cilantro + green onion,10,4.61,4.7,156.1,1,0.1,4.5442,0.1821,0.0658,-0.0821
black pepper + cooked chicken + salt,10,4.61,4.6,304.9,1,0.1,4.5442,0.1821,0.0658,-0.0821
black pepper + red wine + salt,10,4.61,4.6,362.8,1,0.1,4.5442,0.1821,0.0658,-0.0821
black pepper + salt + vinegar,10,4.61,4.65,743.8,1,0.1,4.5442,0.1821,0.0658,-0.0821
brown sugar + sour cream + vanilla extract,10,4.61,4.65,375.1,1,0.1,4.5442,0.1821,0.0658,-0.0821
butter + garlic + white pepper,10,4.61,4.6,292.7,1,0.1,4.5442,0.1821,0.0658,-0.0821
butter + salt + salt and pepper,10,4.61,4.7,175.4,1,0.1,4.5442,0.1821,0.0658,-0.0821
cheddar cheese + cumin + garlic,10,4.61,4.65,486.5,1,0.1,4.5442,0.1821,0.0658,-0.0821
cheddar cheese + green onion + sour cream,10,4.61,4.6,1423.5,1,0.1,4.5442,0.1821,0.0658,-0.0821
cumin + egg + garlic,10,4.61,4.7,233.2,1,0.1,4.5442,0.1821,0.0658,-0.0821
garlic + ginger + sesame seed,10,4.61,4.7,77.2,1,0.1,4.5442,0.1821,0.0658,-0.0821
onion + salt or + water,10,4.61,4.7,2533.8,1,0.1,4.5442,0.1821,0.0658,-0.0821
pecan halve + salt + vanilla extract,10,4.61,4.7,174.6,1,0.1,4.5442,0.1821,0.0658,-0.0821
pumpkin pie spice + salt + vanilla extract,10,4.61,4.7,119.2,1,0.1,4.5442,0.1821,0.0658,-0.0821
allspice + cinnamon + white sugar,50,4.612,4.7,176.54,5,0.1,4.5442,0.1821,0.0678,-0.0821
all-purpose flour + butter + cooking spray,20,4.615,4.7,1127.05,2,0.1,4.5442,0.1821,0.0708,-0.0821
almond + salt + vanilla extract,20,4.615,4.65,181.45,2,0.1,4.5442,0.1821,0.0708,-0.0821
baking soda + confectioners' sugar + large egg,20,4.615,4.7,435.15,2,0.1,4.5442,0.1821,0.0708,-0.0821
carrot + cinnamon + vanilla extract,30,4.62,4.7,631.5,3,0.1,4.5442,0.1821,0.0758,-0.0821
black pepper + cinnamon + garlic,20,4.62,4.7,131.55,2,0.1,4.5442,0.1821,0.0758,-0.0821
8 ounce package cream cheese + baking soda + butter,10,4.62,4.65,452.7,1,0.1,4.5442,0.1821,0.0758,-0.0821
9 inch unbaked pie crust + all-purpose flour + butter,10,4.62,4.65,1482.0,1,0.1,4.5442,0.1821,0.0758,-0.0821
all-purpose flour + allspice + raisin,10,4.62,4.75,80.1,1,0.1,4.5442,0.1821,0.0758,-0.0821
all-purpose flour + baking soda + eggs lightly,10,4.62,4.7,327.2,1,0.1,4.5442,0.1821,0.0758,-0.0821
all-purpose flour + black pepper + salt and black pepper,10,4.62,4.65,446.6,1,0.1,4.5442,0.1821,0.0758,-0.0821
all-purpose flour + brown sugar + sour cream,10,4.62,4.65,396.5,1,0.1,4.5442,0.1821,0.0758,-0.0821
all-purpose flour + celery + dried thyme,10,4.62,4.7,142.7,1,0.1,4.5442,0.1821,0.0758,-0.0821
all-purpose flour + pecan + rolled oat,10,4.62,4.7,402.6,1,0.1,4.5442,0.1821,0.0758,-0.0821
beef + parmesan cheese + salt,10,4.62,4.65,493.9,1,0.1,4.5442,0.1821,0.0758,-0.0821
black pepper + green onion + mayonnaise,10,4.62,4.65,320.3,1,0.1,4.5442,0.1821,0.0758,-0.0821
butter + garlic powder + kosher salt,10,4.62,4.75,46.5,1,0.1,4.5442,0.1821,0.0758,-0.0821
butter room temperature + salt + vanilla extract,10,4.62,4.7,181.8,1,0.1,4.5442,0.1821,0.0758,-0.0821
chicken broth + onion + water,10,4.62,4.6,722.1,1,0.1,4.5442,0.1821,0.0758,-0.0821
chili powder + garlic powder + kosher salt,10,4.62,4.75,112.8,1,0.1,4.5442,0.1821,0.0758,-0.0821
cilantro + garlic + salt and black pepper,10,4.62,4.65,939.0,1,0.1,4.5442,0.1821,0.0758,-0.0821
freshly black pepper + olive oil + water,10,4.62,4.7,292.4,1,0.1,4.5442,0.1821,0.0758,-0.0821
garlic + olive oil + shrimp peeled and deveined,10,4.62,4.65,1001.9,1,0.1,4.5442,0.1821,0.0758,-0.0821
ginger + vanilla extract + vegetable oil,10,4.62,4.7,137.4,1,0.1,4.5442,0.1821,0.0758,-0.0821
cayenne pepper + cumin + onion,40,4.6225,4.7,762.8,4,0.1,4.5442,0.1821,0.0783,-0.0821
black pepper + dijon mustard + salt,30,4.6267,4.6,159.13,3,0.1,4.5442,0.1821,0.0825,-0.0821
active dry yeast + bread flour + white sugar,20,4.63,4.7,501.25,2,0.1,4.5442,0.1821,0.0858,-0.0821
cayenne pepper + garlic + lemon juice,20,4.63,4.7,438.45,2,0.1,4.5442,0.1821,0.0858,-0.0821
large egg + parmesan cheese + salt,20,4.63,4.65,328.2,2,0.1,4.5442,0.1821,0.0858,-0.0821
all-purpose flour + celery + water,10,4.63,4.7,364.0,1,0.1,4.5442,0.1821,0.0858,-0.0821
all-purpose flour + heavy cream + milk,10,4.63,4.7,501.9,1,0.1,4.5442,0.1821,0.0858,-0.0821
all-purpose flour + lemon zest + milk,10,4.63,4.65,275.1,1,0.1,4.5442,0.1821,0.0858,-0.0821
baking powder + salt + vegetable shortening,10,4.63,4.7,104.9,1,0.1,4.5442,0.1821,0.0858,-0.0821
black pepper + dried oregano + red bell pepper,10,4.63,4.7,366.0,1,0.1,4.5442,0.1821,0.0858,-0.0821
black pepper + green onion + milk,10,4.63,4.7,369.9,1,0.1,4.5442,0.1821,0.0858,-0.0821
black pepper + onion powder + white sugar,10,4.63,4.65,297.1,1,0.1,4.5442,0.1821,0.0858,-0.0821
butter + cheddar cheese + garlic powder,10,4.63,4.6,1112.7,1,0.1,4.5442,0.1821,0.0858,-0.0821
butter + garlic + nutmeg,10,4.63,4.65,157.5,1,0.1,4.5442,0.1821,0.0858,-0.0821
butter + half-and-half + parmesan cheese,10,4.63,4.6,420.3,1,0.1,4.5442,0.1821,0.0858,-0.0821
cilantro + garlic + lime juiced,10,4.63,4.7,1101.9,1,0.1,4.5442,0.1821,0.0858,-0.0821
cinnamon + flaked coconut + walnut,10,4.63,4.7,630.2,1,0.1,4.5442,0.1821,0.0858,-0.0821
garlic + roma plum tomatoe + salt,10,4.63,4.7,1434.6,1,0.1,4.5442,0.1821,0.0858,-0.0821
mozzarella cheese + onion + water,10,4.63,4.65,2467.5,1,0.1,4.5442,0.1821,0.0858,-0.0821
clove + vegetable oil + white sugar,20,4.635,4.7,844.4,2,0.1,4.5442,0.1821,0.0908,-0.0821
freshly black pepper + garlic + water,20,4.635,4.7,353.75,2,0.1,4.5442,0.1821,0.0908,-0.0821
cinnamon + pecan + salt,50,4.638,4.7,432.32,5,0.1,4.5442,0.1821,0.0938,-0.0821
black pepper + celery + chicken broth,20,4.64,4.7,1047.65,2,0.1,4.5442,0.1821,0.0958,-0.0821
8 ounce can tomato sauce + dried oregano + garlic,10,4.64,4.65,280.0,1,0.1,4.5442,0.1821,0.0958,-0.0821
all-purpose flour + bay leave + water,10,4.64,4.65,264.6,1,0.1,4.5442,0.1821,0.0958,-0.0821
allspice + egg + vegetable oil,10,4.64,4.7,333.5,1,0.1,4.5442,0.1821,0.0958,-0.0821
black pepper + egg + green onion,10,4.64,4.7,186.5,1,0.1,4.5442,0.1821,0.0958,-0.0821
black pepper + onion + oregano,10,4.64,4.7,118.5,1,0.1,4.5442,0.1821,0.0958,-0.0821
carrot + salt and black pepper + stalks celery,10,4.64,4.7,440.4,1,0.1,4.5442,0.1821,0.0958,-0.0821
cayenne pepper + cumin + onion powder,10,4.64,4.7,262.8,1,0.1,4.5442,0.1821,0.0958,-0.0821
chicken broth + large onion + olive oil,10,4.64,4.65,244.3,1,0.1,4.5442,0.1821,0.0958,-0.0821
dried oregano + onion + parsley,10,4.64,4.65,722.3,1,0.1,4.5442,0.1821,0.0958,-0.0821
fish sauce + garlic + white sugar,10,4.64,4.7,280.7,1,0.1,4.5442,0.1821,0.0958,-0.0821
garlic + olive oil + sweet onion,10,4.64,4.7,161.4,1,0.1,4.5442,0.1821,0.0958,-0.0821
garlic + salt + whole clove,10,4.64,4.7,190.1,1,0.1,4.5442,0.1821,0.0958,-0.0821
garlic powder + olive oil + white sugar,10,4.64,4.65,707.8,1,0.1,4.5442,0.1821,0.0958,-0.0821
garlic + italian seasoning + parmesan cheese,20,4.645,4.7,1209.05,2,0.1,4.5442,0.1821,0.1008,-0.0821
cayenne pepper + onion + paprika,20,4.65,4.7,422.9,2,0.1,4.5442,0.1821,0.1058,-0.0821
all-purpose flour + cold butter + salt,10,4.65,4.75,223.3,1,0.1,4.5442,0.1821,0.1058,-0.0821
almond + cinnamon + vanilla extract,10,4.65,4.7,228.8,1,0.1,4.5442,0.1821,0.1058,-0.0821
arborio rice + butter + parmesan cheese,10,4.65,4.7,129.2,1,0.1,4.5442,0.1821,0.1058,-0.0821
baking powder + baking soda + lemon zest,10,4.65,4.7,130.5,1,0.1,4.5442,0.1821,0.1058,-0.0821
black pepper + lemon zest + olive oil,10,4.65,4.75,131.2,1,0.1,4.5442,0.1821,0.1058,-0.0821
cooking spray + garlic + parmesan cheese,10,4.65,4.7,129.8,1,0.1,4.5442,0.1821,0.1058,-0.0821
cornstarch + garlic powder + water,10,4.65,4.7,470.6,1,0.1,4.5442,0.1821,0.1058,-0.0821
dried parsley + garlic + parmesan cheese,10,4.65,4.7,784.2,1,0.1,4.5442,0.1821,0.1058,-0.0821
garlic powder + paprika + white pepper,10,4.65,4.7,847.4,1,0.1,4.5442,0.1821,0.1058,-0.0821
8 ounce package cream cheese + baking powder + vanilla extract,10,4.66,4.7,317.8,1,0.1,4.5442,0.1821,0.1158,-0.0821
all-purpose flour + flaked coconut + vegetable oil,10,4.66,4.7,632.2,1,0.1,4.5442,0.1821,0.1158,-0.0821
all-purpose flour + heavy cream + vanilla extract,10,4.66,4.8,133.3,1,0.1,4.5442,0.1821,0.1158,-0.0821
baking powder + cinnamon + sugar,10,4.66,4.65,308.0,1,0.1,4.5442,0.1821,0.1158,-0.0821
baking soda + chocolate chip + salt,10,4.66,4.75,105.9,1,0.1,4.5442,0.1821,0.1158,-0.0821
baking soda + flaked coconut + vegetable oil,10,4.66,4.7,632.2,1,0.1,4.5442,0.1821,0.1158,-0.0821
baking soda + ripe bananas mashed + white sugar,10,4.66,4.65,897.8,1,0.1,4.5442,0.1821,0.1158,-0.0821
black pepper + butter + onion powder,10,4.66,4.6,409.8,1,0.1,4.5442,0.1821,0.1158,-0.0821
garlic + half-and-half + salt,10,4.66,4.65,578.5,1,0.1,4.5442,0.1821,0.1158,-0.0821
garlic + red bell pepper + salt and black pepper,10,4.66,4.7,170.0,1,0.1,4.5442,0.1821,0.1158,-0.0821
garlic powder + green bell pepper + onion,10,4.66,4.7,912.2,1,0.1,4.5442,0.1821,0.1158,-0.0821
garlic powder + lemon juice + salt,10,4.66,4.65,198.9,1,0.1,4.5442,0.1821,0.1158,-0.0821
italian seasoning + onion + parmesan cheese,10,4.66,4.65,2395.0,1,0.1,4.5442,0.1821,0.1158,-0.0821
light brown sugar + milk + vanilla extract,10,4.66,4.7,404.8,1,0.1,4.5442,0.1821,0.1158,-0.0821
olive oil + onion powder + salt,10,4.66,4.65,326.8,1,0.1,4.5442,0.1821,0.1158,-0.0821
olive oil + red wine vinegar + white sugar,10,4.66,4.65,202.7,1,0.1,4.5442,0.1821,0.1158,-0.0821
rice vinegar + water + white sugar,10,4.66,4.7,312.6,1,0.1,4.5442,0.1821,0.1158,-0.0821
butter + dried thyme + garlic,20,4.665,4.7,169.85,2,0.1,4.5442,0.1821,0.1208,-0.0821
all-purpose flour + cranberry + salt,10,4.67,4.7,315.9,1,0.1,4.5442,0.1821,0.1258,-0.0821
allspice + vegetable oil + white sugar,10,4.67,4.7,172.3,1,0.1,4.5442,0.1821,0.1258,-0.0821
baking soda + unsalted butter + walnut,10,4.67,4.8,250.1,1,0.1,4.5442,0.1821,0.1258,-0.0821
black pepper + garlic + heavy cream,10,4.67,4.7,99.2,1,0.1,4.5442,0.1821,0.1258,-0.0821
butter + celery + water,10,4.67,4.65,332.2,1,0.1,4.5442,0.1821,0.1258,-0.0821
butter + garlic + heavy whipping cream,10,4.67,4.7,182.4,1,0.1,4.5442,0.1821,0.1258,-0.0821
cayenne pepper + kosher salt + onion powder,10,4.67,4.7,257.9,1,0.1,4.5442,0.1821,0.1258,-0.0821
cinnamon + egg + semisweet chocolate chip,10,4.67,4.7,183.3,1,0.1,4.5442,0.1821,0.1258,-0.0821
cinnamon + heavy cream + salt,10,4.67,4.65,90.0,1,0.1,4.5442,0.1821,0.1258,-0.0821
confectioners' sugar + heavy whipping cream + vanilla extract,10,4.67,4.7,238.3,1,0.1,4.5442,0.1821,0.1258,-0.0821
cranberry + salt + white sugar,10,4.67,4.7,315.9,1,0.1,4.5442,0.1821,0.1258,-0.0821
heavy cream + parmesan cheese + salt,10,4.67,4.7,1032.8,1,0.1,4.5442,0.1821,0.1258,-0.0821
baking soda + salt + sugar,20,4.675,4.8,390.0,2,0.1,4.5442,0.1821,0.1308,-0.0821
all-purpose flour + cayenne pepper + chicken broth,10,4.68,4.7,78.9,1,0.1,4.5442,0.1821,0.1358,-0.0821
all-purpose flour + chicken stock + salt and black pepper,10,4.68,4.75,239.6,1,0.1,4.5442,0.1821,0.1358,-0.0821
all-purpose flour + sour cream + unsalted butter,10,4.68,4.8,473.4,1,0.1,4.5442,0.1821,0.1358,-0.0821
black pepper + cooking spray + parmesan cheese,10,4.68,4.8,127.5,1,0.1,4.5442,0.1821,0.1358,-0.0821
black pepper + cumin + sour cream,10,4.68,4.7,356.8,1,0.1,4.5442,0.1821,0.1358,-0.0821
black pepper + dijon mustard + water,10,4.68,4.75,323.9,1,0.1,4.5442,0.1821,0.1358,-0.0821
cooking spray + onion + salt,10,4.68,4.7,55.3,1,0.1,4.5442,0.1821,0.1358,-0.0821
flour + salt + sugar,10,4.68,4.7,248.6,1,0.1,4.5442,0.1821,0.1358,-0.0821
freshly black pepper + large egg + water,10,4.68,4.7,58.1,1,0.1,4.5442,0.1821,0.1358,-0.0821
garlic powder + kosher salt + smoked paprika,10,4.68,4.7,48.9,1,0.1,4.5442,0.1821,0.1358,-0.0821
olive oil + onion powder + paprika,10,4.68,4.7,423.8,1,0.1,4.5442,0.1821,0.1358,-0.0821
pecan + rolled oat + vanilla extract,10,4.68,4.7,508.3,1,0.1,4.5442,0.1821,0.1358,-0.0821
pecan + unsalted butter + white sugar,10,4.68,4.8,506.7,1,0.1,4.5442,0.1821,0.1358,-0.0821
8 ounce package cream cheese + walnut + white sugar,10,4.69,4.8,300.9,1,0.1,4.5442,0.1821,0.1458,-0.0821
all-purpose flour + cinnamon + cream cheese,10,4.69,4.8,873.9,1,0.1,4.5442,0.1821,0.1458,-0.0821
all-purpose flour + garlic + red pepper flake,10,4.69,4.7,382.9,1,0.1,4.5442,0.1821,0.1458,-0.0821
butter + cooking spray + vanilla extract,10,4.69,4.7,176.5,1,0.1,4.5442,0.1821,0.1458,-0.0821
carrot + large egg + salt,10,4.69,4.8,736.7,1,0.1,4.5442,0.1821,0.1458,-0.0821
cayenne pepper + garlic powder + smoked paprika,10,4.69,4.7,44.9,1,0.1,4.5442,0.1821,0.1458,-0.0821
clove + salt + unsalted butter,10,4.69,4.75,37.8,1,0.1,4.5442,0.1821,0.1458,-0.0821
cumin + olive oil + turmeric,10,4.69,4.75,197.6,1,0.1,4.5442,0.1821,0.1458,-0.0821
garlic + kosher salt + parsley,10,4.69,4.75,108.3,1,0.1,4.5442,0.1821,0.1458,-0.0821
butter + lemon zest + parsley,10,4.7,4.75,299.6,1,0.1,4.5442,0.1821,0.1558,-0.0821
coriander + cumin + kosher salt,10,4.7,4.8,182.1,1,0.1,4.5442,0.1821,0.1558,-0.0821
all-purpose flour + clove + unsalted butter,10,4.71,4.8,44.5,1,0.1,4.5442,0.1821,0.1658,-0.0821
all-purpose flour + packed light brown sugar + unsalted butter,10,4.71,4.8,180.5,1,0.1,4.5442,0.1821,0.1658,-0.0821
brown sugar + butter + lemon juice,10,4.71,4.8,73.5,1,0.1,4.5442,0.1821,0.1658,-0.0821
cranberry + orange juice + white sugar,10,4.71,4.8,601.2,1,0.1,4.5442,0.1821,0.1658,-0.0821
cumin + dried oregano + worcestershire sauce,10,4.71,4.8,978.4,1,0.1,4.5442,0.1821,0.1658,-0.0821
mustard seed + salt + white sugar,10,4.71,4.8,136.1,1,0.1,4.5442,0.1821,0.1658,-0.0821
cilantro + lime juice + salt,20,4.715,4.8,211.85,2,0.1,4.5442,0.1821,0.1708,-0.0821
black pepper + dried thyme + kosher salt,10,4.72,4.75,305.3,1,0.1,4.5442,0.1821,0.1758,-0.0821
cayenne pepper + chicken broth + salt,10,4.72,4.7,236.1,1,0.1,4.5442,0.1821,0.1758,-0.0821
garlic + kosher salt + large egg,10,4.72,4.8,51.2,1,0.1,4.5442,0.1821,0.1758,-0.0821
cayenne pepper + cumin + smoked paprika,10,4.73,4.8,95.0,1,0.1,4.5442,0.1821,0.1858,-0.0821
large egg + olive oil + parmesan cheese,10,4.73,4.8,598.8,1,0.1,4.5442,0.1821,0.1858,-0.0821
coriander + garlic + kosher salt,10,4.74,4.8,183.0,1,0.1,4.5442,0.1821,0.1958,-0.0821
cayenne pepper + freshly black pepper + vegetable oil,10,4.79,4.8,179.6,1,0.1,4.5442,0.1821,0.2458,-0.0821
chili powder + cumin + salt,71,4.6394,4.7,346.23,7,0.0986,4.5442,0.1821,0.0952,-0.0835
celery + onion + salt,61,4.5721,4.6,548.59,6,0.0984,4.5442,0.1821,0.0279,-0.0837
all-purpose flour + rolled oat + salt,51,4.5725,4.6,483.8,5,0.098,4.5442,0.1821,0.0283,-0.0841
butter + egg + pecan,51,4.5765,4.6,383.78,5,0.098,4.5442,0.1821,0.0323,-0.0841
vanilla extract + vegetable oil + walnut,51,4.6196,4.7,776.78,5,0.098,4.5442,0.1821,0.0754,-0.0841
chicken broth + garlic + olive oil,51,4.6333,4.7,286.82,5,0.098,4.5442,0.1821,0.0891,-0.0841
active dry yeast + all-purpose flour + salt,41,4.561,4.6,390.1,4,0.0976,4.5442,0.1821,0.0168,-0.0845
all-purpose flour + rolled oat + vanilla extract,41,4.5634,4.6,540.95,4,0.0976,4.5442,0.1821,0.0192,-0.0845
baking powder + large egg + vegetable oil,41,4.5805,4.7,1189.32,4,0.0976,4.5442,0.1821,0.0363,-0.0845
all-purpose flour + raisin + vanilla extract,41,4.5854,4.6,572.51,4,0.0976,4.5442,0.1821,0.0412,-0.0845
black pepper + garlic + green onion,41,4.5902,4.7,203.44,4,0.0976,4.5442,0.1821,0.046,-0.0845
dried thyme + garlic + salt,41,4.5927,4.6,251.41,4,0.0976,4.5442,0.1821,0.0485,-0.0845
allspice + cinnamon + nutmeg,41,4.5951,4.6,171.78,4,0.0976,4.5442,0.1821,0.0509,-0.0845
baking soda + sour cream + white sugar,41,4.5951,4.6,653.85,4,0.0976,4.5442,0.1821,0.0509,-0.0845
baking soda + salt + vegetable oil,164,4.6128,4.7,684.95,16,0.0976,4.5442,0.1821,0.0686,-0.0845
packed brown sugar + walnut + white sugar,31,4.5742,4.6,1358.06,3,0.0968,4.5442,0.1821,0.03,-0.0853
clove + nutmeg + white sugar,62,4.5903,4.7,431.84,6,0.0968,4.5442,0.1821,0.0461,-0.0853
dried oregano + garlic + paprika,31,4.5903,4.6,535.0,3,0.0968,4.5442,0.1821,0.0461,-0.0853
black pepper + garlic + stalks celery,31,4.5968,4.6,349.71,3,0.0968,4.5442,0.1821,0.0526,-0.0853
butter + clove + salt,31,4.6032,4.6,445.87,3,0.0968,4.5442,0.1821,0.059,-0.0853
raisin + salt + walnut,31,4.6032,4.7,334.0,3,0.0968,4.5442,0.1821,0.059,-0.0853
dried oregano + garlic powder + salt,31,4.6097,4.7,477.84,3,0.0968,4.5442,0.1821,0.0655,-0.0853
black pepper + dried basil + olive oil,31,4.6129,4.6,586.65,3,0.0968,4.5442,0.1821,0.0687,-0.0853
raisin + walnut + white sugar,31,4.6194,4.7,402.61,3,0.0968,4.5442,0.1821,0.0752,-0.0853
egg + vegetable oil + zucchini,31,4.6226,4.7,327.16,3,0.0968,4.5442,0.1821,0.0784,-0.0853
allspice + clove + white sugar,31,4.6419,4.7,183.58,3,0.0968,4.5442,0.1821,0.0977,-0.0853
carrot + celery + salt,31,4.6452,4.7,766.55,3,0.0968,4.5442,0.1821,0.101,-0.0853
black pepper + cayenne pepper + paprika,52,4.6019,4.6,445.13,5,0.0962,4.5442,0.1821,0.0577,-0.0859
garlic powder + paprika + salt,52,4.6173,4.65,392.71,5,0.0962,4.5442,0.1821,0.0731,-0.0859
cayenne pepper + garlic + salt,94,4.6202,4.65,465.49,9,0.0957,4.5442,0.1821,0.076,-0.0864
baking powder + baking soda + vegetable oil,94,4.6287,4.7,742.66,9,0.0957,4.5442,0.1821,0.0845,-0.0864
butter + onion + sour cream,21,4.519,4.6,299.67,2,0.0952,4.5442,0.1821,-0.0252,-0.0869
cornmeal + egg + salt,21,4.5333,4.6,346.33,2,0.0952,4.5442,0.1821,-0.0109,-0.0869
beef + chili powder + onion,21,4.5429,4.6,289.86,2,0.0952,4.5442,0.1821,-0.0013,-0.0869
beef broth + black pepper + salt,21,4.5524,4.6,444.29,2,0.0952,4.5442,0.1821,0.0082,-0.0869
baking powder + cinnamon + raisin,21,4.5619,4.6,102.38,2,0.0952,4.5442,0.1821,0.0177,-0.0869
cheddar cheese + large egg + milk,21,4.5667,4.6,428.14,2,0.0952,4.5442,0.1821,0.0225,-0.0869
onion + salt + tomato,21,4.5667,4.6,355.52,2,0.0952,4.5442,0.1821,0.0225,-0.0869
all-purpose flour + semisweet chocolate chip + walnut,21,4.5762,4.6,2310.62,2,0.0952,4.5442,0.1821,0.032,-0.0869
brown sugar + cinnamon + rolled oat,21,4.5762,4.6,328.38,2,0.0952,4.5442,0.1821,0.032,-0.0869
chili powder + dried oregano + onion,21,4.5762,4.6,762.33,2,0.0952,4.5442,0.1821,0.032,-0.0869
all-purpose flour + kosher salt + unsalted butter,21,4.5857,4.6,67.19,2,0.0952,4.5442,0.1821,0.0415,-0.0869
cayenne pepper + green bell pepper + salt,21,4.5857,4.6,323.05,2,0.0952,4.5442,0.1821,0.0415,-0.0869
garlic + stalks celery + water,21,4.5857,4.6,410.38,2,0.0952,4.5442,0.1821,0.0415,-0.0869
raisin + salt + vanilla extract,42,4.5881,4.6,540.33,4,0.0952,4.5442,0.1821,0.0439,-0.0869
all-purpose flour + blueberry + butter,21,4.5905,4.6,249.24,2,0.0952,4.5442,0.1821,0.0463,-0.0869
black pepper + green onion + soy sauce,21,4.5952,4.7,198.76,2,0.0952,4.5442,0.1821,0.051,-0.0869
all-purpose flour + ginger + packed brown sugar,21,4.6,4.7,305.81,2,0.0952,4.5442,0.1821,0.0558,-0.0869
allspice + ginger + nutmeg,21,4.6,4.7,140.33,2,0.0952,4.5442,0.1821,0.0558,-0.0869
brown sugar + soy sauce + water,21,4.6,4.7,517.05,2,0.0952,4.5442,0.1821,0.0558,-0.0869
chicken stock + olive oil + salt and black pepper,21,4.6,4.7,219.05,2,0.0952,4.5442,0.1821,0.0558,-0.0869
garlic + mozzarella cheese + parmesan cheese,42,4.6048,4.6,910.17,4,0.0952,4.5442,0.1821,0.0606,-0.0869
all-purpose flour + butter + paprika,21,4.6095,4.7,775.0,2,0.0952,4.5442,0.1821,0.0653,-0.0869
all-purpose flour + ginger + large egg,21,4.6095,4.7,666.48,2,0.0952,4.5442,0.1821,0.0653,-0.0869
clove + large egg + salt,21,4.6143,4.7,655.48,2,0.0952,4.5442,0.1821,0.0701,-0.0869
cinnamon + vanilla extract + walnut,84,4.6167,4.7,569.9,8,0.0952,4.5442,0.1821,0.0725,-0.0869
butter + milk + salt and black pepper,21,4.619,4.6,181.29,2,0.0952,4.5442,0.1821,0.0748,-0.0869
clove + nutmeg + vegetable oil,21,4.6238,4.7,795.71,2,0.0952,4.5442,0.1821,0.0796,-0.0869
all-purpose flour + black pepper + dried thyme,21,4.6286,4.6,300.95,2,0.0952,4.5442,0.1821,0.0844,-0.0869
bread flour + salt + warm water 110 degrees f/45 degrees c,21,4.6286,4.7,1087.05,2,0.0952,4.5442,0.1821,0.0844,-0.0869
paprika + salt + worcestershire sauce,21,4.6286,4.7,615.9,2,0.0952,4.5442,0.1821,0.0844,-0.0869
clove + water + white sugar,21,4.6333,4.7,1038.33,2,0.0952,4.5442,0.1821,0.0891,-0.0869
cinnamon + sour cream + vanilla extract,21,4.6381,4.7,276.9,2,0.0952,4.5442,0.1821,0.0939,-0.0869
baking powder + baking soda + clove,42,4.6429,4.7,358.48,4,0.0952,4.5442,0.1821,0.0987,-0.0869
all-purpose flour + packed brown sugar + pecan,21,4.6429,4.7,256.05,2,0.0952,4.5442,0.1821,0.0987,-0.0869
butter + chicken broth + salt and black pepper,21,4.6429,4.7,182.43,2,0.0952,4.5442,0.1821,0.0987,-0.0869
chicken stock + garlic + salt and black pepper,21,4.6429,4.7,284.62,2,0.0952,4.5442,0.1821,0.0987,-0.0869
garlic + ginger + onion,21,4.6429,4.7,212.19,2,0.0952,4.5442,0.1821,0.0987,-0.0869
8 ounce package cream cheese + butter + salt,21,4.6476,4.7,272.52,2,0.0952,4.5442,0.1821,0.1034,-0.0869
butter + garlic powder + onion powder,21,4.6476,4.7,361.62,2,0.0952,4.5442,0.1821,0.1034,-0.0869
packed brown sugar + pecan + salt,21,4.6476,4.7,214.67,2,0.0952,4.5442,0.1821,0.1034,-0.0869
15 ounce can pumpkin puree + cinnamon + white sugar,21,4.6524,4.7,698.05,2,0.0952,4.5442,0.1821,0.1082,-0.0869
cayenne pepper + freshly black pepper + salt,21,4.6619,4.7,301.1,2,0.0952,4.5442,0.1821,0.1177,-0.0869
cayenne pepper + garlic powder + kosher salt,21,4.6762,4.7,169.62,2,0.0952,4.5442,0.1821,0.132,-0.0869
garlic powder + olive oil + salt,42,4.6786,4.7,311.83,4,0.0952,4.5442,0.1821,0.1344,-0.0869
garlic powder + kosher salt + onion powder,21,4.681,4.7,155.57,2,0.0952,4.5442,0.1821,0.1368,-0.0869
freshly black pepper + large egg + salt,21,4.6857,4.7,122.48,2,0.0952,4.5442,0.1821,0.1415,-0.0869
freshly black pepper + garlic powder + kosher salt,21,4.6952,4.7,60.48,2,0.0952,4.5442,0.1821,0.151,-0.0869
all-purpose flour + pecan + vanilla extract,53,4.6151,4.7,448.09,5,0.0943,4.5442,0.1821,0.0709,-0.0878
baking soda + packed brown sugar + vanilla extract,85,4.5718,4.6,994.86,8,0.0941,4.5442,0.1821,0.0276,-0.088
dried oregano + garlic + green bell pepper,32,4.55,4.5,433.28,3,0.0938,4.5442,0.1821,0.0058,-0.0883
butter + rolled oat + vanilla extract,32,4.5594,4.6,640.34,3,0.0938,4.5442,0.1821,0.0152,-0.0883
black pepper + red bell pepper + salt,32,4.5781,4.6,332.41,3,0.0938,4.5442,0.1821,0.0339,-0.0883
garlic + mozzarella cheese + salt,32,4.5906,4.65,473.59,3,0.0938,4.5442,0.1821,0.0464,-0.0883
chili powder + dried oregano + garlic,32,4.5969,4.6,586.72,3,0.0938,4.5442,0.1821,0.0527,-0.0883
cinnamon + large egg + unsalted butter,32,4.6,4.7,392.94,3,0.0938,4.5442,0.1821,0.0558,-0.0883
large egg + onion + salt,32,4.6,4.7,443.75,3,0.0938,4.5442,0.1821,0.0558,-0.0883
baking powder + baking soda + nutmeg,64,4.6031,4.7,257.31,6,0.0938,4.5442,0.1821,0.0589,-0.0883
all-purpose flour + clove + vanilla extract,32,4.6125,4.7,464.0,3,0.0938,4.5442,0.1821,0.0683,-0.0883
cornstarch + lemon juice + white sugar,32,4.6344,4.7,297.78,3,0.0938,4.5442,0.1821,0.0902,-0.0883
8 ounce package cream cheese + butter + white sugar,32,4.6469,4.7,306.16,3,0.0938,4.5442,0.1821,0.1027,-0.0883
black pepper + lean beef + salt,43,4.5442,4.6,719.7,4,0.093,4.5442,0.1821,0.0,-0.0891
dried basil + garlic + olive oil,43,4.5791,4.6,413.47,4,0.093,4.5442,0.1821,0.0349,-0.0891
baking soda + rolled oat + salt,43,4.5884,4.6,587.16,4,0.093,4.5442,0.1821,0.0442,-0.0891
baking soda + large egg + walnut,43,4.6116,4.7,857.05,4,0.093,4.5442,0.1821,0.0674,-0.0891
ginger + nutmeg + white sugar,43,4.6116,4.7,371.33,4,0.093,4.5442,0.1821,0.0674,-0.0891
black pepper + garlic powder + onion powder,86,4.6174,4.7,322.85,8,0.093,4.5442,0.1821,0.0732,-0.0891
black pepper + garlic + soy sauce,54,4.6,4.65,548.11,5,0.0926,4.5442,0.1821,0.0558,-0.0895
black pepper + green bell pepper + salt,65,4.5677,4.6,402.28,6,0.0923,4.5442,0.1821,0.0235,-0.0898
cinnamon + packed brown sugar + white sugar,65,4.6031,4.6,749.86,6,0.0923,4.5442,0.1821,0.0589,-0.0898
garlic + small onion + vegetable oil,11,4.4727,4.5,441.36,1,0.0909,4.5442,0.1821,-0.0715,-0.0912
buttermilk + nutmeg + salt,11,4.4909,4.5,61.64,1,0.0909,4.5442,0.1821,-0.0533,-0.0912
cornstarch + ginger root + soy sauce,11,4.5,4.6,468.36,1,0.0909,4.5442,0.1821,-0.0442,-0.0912
garlic + onion + sesame oil,11,4.5,4.6,118.82,1,0.0909,4.5442,0.1821,-0.0442,-0.0912
garlic + tomato + vegetable oil,11,4.5,4.5,420.18,1,0.0909,4.5442,0.1821,-0.0442,-0.0912
bay leaf + green bell pepper + onion,11,4.5091,4.5,100.27,1,0.0909,4.5442,0.1821,-0.0351,-0.0912
black pepper + parsley + vegetable oil,11,4.5091,4.5,174.91,1,0.0909,4.5442,0.1821,-0.0351,-0.0912
large egg + salt + unsweetened cocoa powder,22,4.5182,4.55,894.68,2,0.0909,4.5442,0.1821,-0.026,-0.0912
baking powder + blueberry + large egg,11,4.5182,4.6,447.91,1,0.0909,4.5442,0.1821,-0.026,-0.0912
garlic + red bell pepper + water,11,4.5182,4.5,188.27,1,0.0909,4.5442,0.1821,-0.026,-0.0912
lean beef + onion + salt,33,4.5242,4.5,718.7,3,0.0909,4.5442,0.1821,-0.02,-0.0912
baking powder + large egg + unsweetened cocoa powder,11,4.5273,4.6,1195.09,1,0.0909,4.5442,0.1821,-0.0169,-0.0912
black pepper + cheddar cheese + sour cream,11,4.5273,4.5,672.0,1,0.0909,4.5442,0.1821,-0.0169,-0.0912
chicken broth + chili powder + onion,11,4.5273,4.6,153.55,1,0.0909,4.5442,0.1821,-0.0169,-0.0912
chili powder + cumin + salsa,11,4.5273,4.6,293.36,1,0.0909,4.5442,0.1821,-0.0169,-0.0912
cornstarch + onion + salt,11,4.5273,4.6,493.73,1,0.0909,4.5442,0.1821,-0.0169,-0.0912
dry white wine + garlic + onion,11,4.5273,4.6,303.91,1,0.0909,4.5442,0.1821,-0.0169,-0.0912
light corn syrup + pecan + salt,11,4.5273,4.7,271.73,1,0.0909,4.5442,0.1821,-0.0169,-0.0912
baking powder + heavy whipping cream + white sugar,11,4.5364,4.5,415.45,1,0.0909,4.5442,0.1821,-0.0078,-0.0912
beef + dried basil + dried oregano,11,4.5364,4.5,410.55,1,0.0909,4.5442,0.1821,-0.0078,-0.0912
butter + dried parsley + milk,11,4.5364,4.5,277.27,1,0.0909,4.5442,0.1821,-0.0078,-0.0912
butter + heavy cream + parsley,11,4.5364,4.6,560.82,1,0.0909,4.5442,0.1821,-0.0078,-0.0912
butter + milk + rolled oat,11,4.5364,4.5,285.09,1,0.0909,4.5442,0.1821,-0.0078,-0.0912
cayenne pepper + celery + salt,11,4.5364,4.6,141.36,1,0.0909,4.5442,0.1821,-0.0078,-0.0912
red bell pepper + salt + water,11,4.5364,4.6,161.09,1,0.0909,4.5442,0.1821,-0.0078,-0.0912
salt + soy sauce + worcestershire sauce,11,4.5364,4.5,225.73,1,0.0909,4.5442,0.1821,-0.0078,-0.0912
baking soda + egg + packed brown sugar,66,4.5455,4.6,1015.85,6,0.0909,4.5442,0.1821,0.0013,-0.0912
3 ounce package cream cheese + all-purpose flour + white sugar,11,4.5455,4.5,443.55,1,0.0909,4.5442,0.1821,0.0013,-0.0912
baking powder + ginger + packed brown sugar,11,4.5455,4.6,143.36,1,0.0909,4.5442,0.1821,0.0013,-0.0912
baking soda + honey + white sugar,11,4.5455,4.6,155.55,1,0.0909,4.5442,0.1821,0.0013,-0.0912
black pepper + flour + salt,11,4.5455,4.6,172.73,1,0.0909,4.5442,0.1821,0.0013,-0.0912
blueberry + water + white sugar,11,4.5455,4.6,282.27,1,0.0909,4.5442,0.1821,0.0013,-0.0912
butter + corn syrup + vanilla extract,11,4.5455,4.6,425.73,1,0.0909,4.5442,0.1821,0.0013,-0.0912
garlic powder + paprika + water,11,4.5455,4.6,240.45,1,0.0909,4.5442,0.1821,0.0013,-0.0912
honey + vegetable oil + whole wheat flour,11,4.5455,4.6,306.91,1,0.0909,4.5442,0.1821,0.0013,-0.0912
unsweetened cocoa powder + vegetable oil + water,11,4.5455,4.5,481.09,1,0.0909,4.5442,0.1821,0.0013,-0.0912
brown sugar + garlic + olive oil,22,4.5545,4.55,198.14,2,0.0909,4.5442,0.1821,0.0103,-0.0912
beef + garlic + parsley,11,4.5545,4.6,514.0,1,0.0909,4.5442,0.1821,0.0103,-0.0912
black pepper + onion + potato,11,4.5545,4.6,356.55,1,0.0909,4.5442,0.1821,0.0103,-0.0912
medium onion + salt + worcestershire sauce,11,4.5545,4.6,853.73,1,0.0909,4.5442,0.1821,0.0103,-0.0912
all-purpose flour + packed brown sugar + rolled oat,33,4.5576,4.6,502.82,3,0.0909,4.5442,0.1821,0.0134,-0.0912
28 ounce can tomatoe + cumin + garlic,11,4.5636,4.6,245.27,1,0.0909,4.5442,0.1821,0.0194,-0.0912
8 ounce packages cream cheese + all-purpose flour + white sugar,11,4.5636,4.6,846.64,1,0.0909,4.5442,0.1821,0.0194,-0.0912
all-purpose flour + baking powder + yellow cornmeal,11,4.5636,4.7,724.82,1,0.0909,4.5442,0.1821,0.0194,-0.0912
all-purpose flour + butter + white wine,11,4.5636,4.6,530.36,1,0.0909,4.5442,0.1821,0.0194,-0.0912
all-purpose flour + butter room temperature + vanilla extract,11,4.5636,4.6,233.27,1,0.0909,4.5442,0.1821,0.0194,-0.0912
bay leave + garlic + stalks celery,11,4.5636,4.6,479.82,1,0.0909,4.5442,0.1821,0.0194,-0.0912
butter + parmesan cheese + pepper,11,4.5636,4.6,86.09,1,0.0909,4.5442,0.1821,0.0194,-0.0912
celery + salt + vegetable oil,11,4.5636,4.6,331.82,1,0.0909,4.5442,0.1821,0.0194,-0.0912
clove + milk + salt,11,4.5636,4.6,604.91,1,0.0909,4.5442,0.1821,0.0194,-0.0912
cold water + cornstarch + salt,11,4.5636,4.6,294.45,1,0.0909,4.5442,0.1821,0.0194,-0.0912
curry powder + garlic + onion,11,4.5636,4.6,537.0,1,0.0909,4.5442,0.1821,0.0194,-0.0912
egg + garlic powder + milk,11,4.5636,4.6,889.82,1,0.0909,4.5442,0.1821,0.0194,-0.0912
flaked coconut + rolled oat + white sugar,11,4.5636,4.6,128.91,1,0.0909,4.5442,0.1821,0.0194,-0.0912
heavy cream + olive oil + onion,11,4.5636,4.6,152.91,1,0.0909,4.5442,0.1821,0.0194,-0.0912
dried thyme + onion + salt,33,4.5667,4.6,206.85,3,0.0909,4.5442,0.1821,0.0225,-0.0912
cinnamon + egg + raisin,33,4.5697,4.6,393.12,3,0.0909,4.5442,0.1821,0.0255,-0.0912
black pepper + dried basil + dried oregano,44,4.5727,4.6,671.61,4,0.0909,4.5442,0.1821,0.0285,-0.0912
3 ounce package cream cheese + all-purpose flour + butter,11,4.5727,4.5,501.45,1,0.0909,4.5442,0.1821,0.0285,-0.0912
3 ounce package cream cheese + butter + white sugar,11,4.5727,4.5,1182.36,1,0.0909,4.5442,0.1821,0.0285,-0.0912
8 ounce package mushroom + garlic + onion,11,4.5727,4.6,305.36,1,0.0909,4.5442,0.1821,0.0285,-0.0912
all-purpose flour + salt + unsweetened applesauce,11,4.5727,4.7,201.18,1,0.0909,4.5442,0.1821,0.0285,-0.0912
all-purpose flour + sour cream + water,11,4.5727,4.6,263.55,1,0.0909,4.5442,0.1821,0.0285,-0.0912
bacon + butter + salt and pepper,11,4.5727,4.6,313.09,1,0.0909,4.5442,0.1821,0.0285,-0.0912
baking soda + butter room temperature + white sugar,11,4.5727,4.6,254.36,1,0.0909,4.5442,0.1821,0.0285,-0.0912
beef + dried basil + garlic,11,4.5727,4.6,329.36,1,0.0909,4.5442,0.1821,0.0285,-0.0912
blueberry + large egg + white sugar,11,4.5727,4.7,430.36,1,0.0909,4.5442,0.1821,0.0285,-0.0912
cayenne pepper + dried basil + salt,11,4.5727,4.6,564.64,1,0.0909,4.5442,0.1821,0.0285,-0.0912
celery + dried thyme + green bell pepper,11,4.5727,4.6,58.09,1,0.0909,4.5442,0.1821,0.0285,-0.0912
clove + vanilla extract + walnut,11,4.5727,4.6,142.09,1,0.0909,4.5442,0.1821,0.0285,-0.0912
cumin + salt + worcestershire sauce,11,4.5727,4.7,366.36,1,0.0909,4.5442,0.1821,0.0285,-0.0912
dried dill weed + onion + salt,11,4.5727,4.6,585.36,1,0.0909,4.5442,0.1821,0.0285,-0.0912
dried oregano + dried parsley + onion,11,4.5727,4.6,871.09,1,0.0909,4.5442,0.1821,0.0285,-0.0912
dried oregano + lean beef + salt,11,4.5727,4.7,959.09,1,0.0909,4.5442,0.1821,0.0285,-0.0912
dried thyme + garlic + paprika,11,4.5727,4.6,56.0,1,0.0909,4.5442,0.1821,0.0285,-0.0912
garlic powder + ketchup + worcestershire sauce,11,4.5727,4.6,184.36,1,0.0909,4.5442,0.1821,0.0285,-0.0912
honey + vegetable oil + white sugar,11,4.5727,4.6,330.27,1,0.0909,4.5442,0.1821,0.0285,-0.0912
onion + salt + vegetable broth,11,4.5727,4.5,243.64,1,0.0909,4.5442,0.1821,0.0285,-0.0912
cinnamon + raisin + vanilla extract,33,4.5758,4.6,587.73,3,0.0909,4.5442,0.1821,0.0316,-0.0912
dried oregano + garlic + onion,77,4.5805,4.6,533.53,7,0.0909,4.5442,0.1821,0.0363,-0.0912
allspice + baking powder + salt,22,4.5818,4.6,368.0,2,0.0909,4.5442,0.1821,0.0376,-0.0912
egg + raisin + walnut,22,4.5818,4.6,217.14,2,0.0909,4.5442,0.1821,0.0376,-0.0912
.25 ounce packages active dry yeast + all-purpose flour + salt,11,4.5818,4.6,213.91,1,0.0909,4.5442,0.1821,0.0376,-0.0912
28 ounce can tomatoe + black pepper + dried oregano,11,4.5818,4.6,329.45,1,0.0909,4.5442,0.1821,0.0376,-0.0912
active dry yeast + salt + warm water,11,4.5818,4.6,79.27,1,0.0909,4.5442,0.1821,0.0376,-0.0912
all-purpose flour + egg + orange juice,11,4.5818,4.6,140.27,1,0.0909,4.5442,0.1821,0.0376,-0.0912
baking powder + egg + orange juice,11,4.5818,4.6,144.36,1,0.0909,4.5442,0.1821,0.0376,-0.0912
baking soda + butter + flour,11,4.5818,4.6,465.73,1,0.0909,4.5442,0.1821,0.0376,-0.0912
baking soda + buttermilk + walnut,11,4.5818,4.6,545.09,1,0.0909,4.5442,0.1821,0.0376,-0.0912
baking soda + kosher salt + large egg,11,4.5818,4.6,75.09,1,0.0909,4.5442,0.1821,0.0376,-0.0912
black pepper + celery + dried parsley,11,4.5818,4.6,441.64,1,0.0909,4.5442,0.1821,0.0376,-0.0912
black pepper + garlic + hot pepper sauce,11,4.5818,4.6,465.36,1,0.0909,4.5442,0.1821,0.0376,-0.0912
black pepper + lemon juice + vegetable oil,11,4.5818,4.6,275.27,1,0.0909,4.5442,0.1821,0.0376,-0.0912
blueberry + egg + vanilla extract,11,4.5818,4.6,335.55,1,0.0909,4.5442,0.1821,0.0376,-0.0912
brown sugar + sour cream + white sugar,11,4.5818,4.6,320.45,1,0.0909,4.5442,0.1821,0.0376,-0.0912
butter + garlic + stalks celery,11,4.5818,4.6,385.0,1,0.0909,4.5442,0.1821,0.0376,-0.0912
cheddar cheese + egg + salt and black pepper,11,4.5818,4.6,154.45,1,0.0909,4.5442,0.1821,0.0376,-0.0912
cilantro + green onion + salt,11,4.5818,4.7,265.64,1,0.0909,4.5442,0.1821,0.0376,-0.0912
cooking spray + egg + vegetable oil,11,4.5818,4.6,94.64,1,0.0909,4.5442,0.1821,0.0376,-0.0912
cumin + garlic + oregano,11,4.5818,4.6,198.64,1,0.0909,4.5442,0.1821,0.0376,-0.0912
dried oregano + egg + parmesan cheese,11,4.5818,4.6,346.82,1,0.0909,4.5442,0.1821,0.0376,-0.0912
dried oregano + olive oil + parsley,11,4.5818,4.6,587.73,1,0.0909,4.5442,0.1821,0.0376,-0.0912
dried thyme + onion + paprika,11,4.5818,4.6,94.36,1,0.0909,4.5442,0.1821,0.0376,-0.0912
egg + onion + white sugar,11,4.5818,4.6,2452.27,1,0.0909,4.5442,0.1821,0.0376,-0.0912
garlic powder + onion powder + soy sauce,11,4.5818,4.7,92.55,1,0.0909,4.5442,0.1821,0.0376,-0.0912
ginger + onion + water,11,4.5818,4.6,163.45,1,0.0909,4.5442,0.1821,0.0376,-0.0912
ketchup + packed brown sugar + salt,11,4.5818,4.6,1329.36,1,0.0909,4.5442,0.1821,0.0376,-0.0912
large egg + peanut butter + salt,11,4.5818,4.6,1180.55,1,0.0909,4.5442,0.1821,0.0376,-0.0912
lean beef + parmesan cheese + salt,11,4.5818,4.6,1044.73,1,0.0909,4.5442,0.1821,0.0376,-0.0912
mushroom + onion + salt and black pepper,11,4.5818,4.7,332.18,1,0.0909,4.5442,0.1821,0.0376,-0.0912
onion + salt and black pepper + stalks celery,11,4.5818,4.7,359.45,1,0.0909,4.5442,0.1821,0.0376,-0.0912
semisweet chocolate chip + vanilla extract + vegetable oil,11,4.5818,4.6,507.27,1,0.0909,4.5442,0.1821,0.0376,-0.0912
dried basil + dried oregano + olive oil,33,4.5879,4.6,541.55,3,0.0909,4.5442,0.1821,0.0437,-0.0912
butter + cinnamon + packed brown sugar,55,4.5891,4.6,696.78,5,0.0909,4.5442,0.1821,0.0449,-0.0912
baking soda + water + white sugar,66,4.5909,4.6,806.05,6,0.0909,4.5442,0.1821,0.0467,-0.0912
green onion + onion + salt,22,4.5909,4.7,232.36,2,0.0909,4.5442,0.1821,0.0467,-0.0912
.25 ounce packages active dry yeast + salt + warm water 110 degrees f/45 degrees c,11,4.5909,4.6,458.0,1,0.0909,4.5442,0.1821,0.0467,-0.0912
8 ounce package cream cheese + baking powder + butter,11,4.5909,4.6,251.73,1,0.0909,4.5442,0.1821,0.0467,-0.0912
9 inch unbaked pie crust + salt + white sugar,11,4.5909,4.6,196.64,1,0.0909,4.5442,0.1821,0.0467,-0.0912
allspice + nutmeg + raisin,11,4.5909,4.7,76.27,1,0.0909,4.5442,0.1821,0.0467,-0.0912
baking soda + ginger + shortening,11,4.5909,4.6,232.82,1,0.0909,4.5442,0.1821,0.0467,-0.0912
beef + onion + parsley,11,4.5909,4.6,481.09,1,0.0909,4.5442,0.1821,0.0467,-0.0912
brown sugar + egg + sour cream,11,4.5909,4.6,325.45,1,0.0909,4.5442,0.1821,0.0467,-0.0912
butter + cheddar cheese + green onion,11,4.5909,4.6,819.73,1,0.0909,4.5442,0.1821,0.0467,-0.0912
butter + dried parsley + onion,11,4.5909,4.6,366.0,1,0.0909,4.5442,0.1821,0.0467,-0.0912
butter or margarine + egg + white sugar,11,4.5909,4.7,349.91,1,0.0909,4.5442,0.1821,0.0467,-0.0912
chicken broth + garlic powder + onion,11,4.5909,4.6,141.91,1,0.0909,4.5442,0.1821,0.0467,-0.0912
confectioners' sugar + cream of tartar + white sugar,11,4.5909,4.7,82.09,1,0.0909,4.5442,0.1821,0.0467,-0.0912
cooking spray + cumin + garlic,11,4.5909,4.6,134.18,1,0.0909,4.5442,0.1821,0.0467,-0.0912
dried basil + paprika + salt,11,4.5909,4.6,369.82,1,0.0909,4.5442,0.1821,0.0467,-0.0912
garlic + onion + pork,11,4.5909,4.6,394.0,1,0.0909,4.5442,0.1821,0.0467,-0.0912
ginger + green onion + vegetable oil,11,4.5909,4.6,591.73,1,0.0909,4.5442,0.1821,0.0467,-0.0912
large egg + onion + parmesan cheese,11,4.5909,4.6,649.45,1,0.0909,4.5442,0.1821,0.0467,-0.0912
onion powder + salt + white pepper,11,4.5909,4.6,850.45,1,0.0909,4.5442,0.1821,0.0467,-0.0912
pecan halve + vanilla extract + white sugar,11,4.5909,4.7,184.0,1,0.0909,4.5442,0.1821,0.0467,-0.0912
black pepper + sesame oil + soy sauce,22,4.5955,4.65,210.23,2,0.0909,4.5442,0.1821,0.0513,-0.0912
orange zest + salt + white sugar,22,4.5955,4.7,256.41,2,0.0909,4.5442,0.1821,0.0513,-0.0912
lemon juice + water + white sugar,44,4.5977,4.6,126.5,4,0.0909,4.5442,0.1821,0.0535,-0.0912
beef + chili powder + garlic,22,4.6,4.7,333.27,2,0.0909,4.5442,0.1821,0.0558,-0.0912
garlic + salt + white pepper,22,4.6,4.6,274.64,2,0.0909,4.5442,0.1821,0.0558,-0.0912
.25 ounce package active dry yeast + bread flour + salt,11,4.6,4.7,1053.64,1,0.0909,4.5442,0.1821,0.0558,-0.0912
all-purpose flour + bay leave + onion,11,4.6,4.6,92.73,1,0.0909,4.5442,0.1821,0.0558,-0.0912
all-purpose flour + butter + large egg yolk,11,4.6,4.7,403.91,1,0.0909,4.5442,0.1821,0.0558,-0.0912
all-purpose flour + chocolate chip + salt,11,4.6,4.6,94.64,1,0.0909,4.5442,0.1821,0.0558,-0.0912
baking soda + rolled oat + semisweet chocolate chip,11,4.6,4.6,591.36,1,0.0909,4.5442,0.1821,0.0558,-0.0912
butter + ginger + packed brown sugar,11,4.6,4.6,217.64,1,0.0909,4.5442,0.1821,0.0558,-0.0912
butter + sifted confectioners' sugar + vanilla extract,11,4.6,4.6,353.64,1,0.0909,4.5442,0.1821,0.0558,-0.0912
carrot + egg + walnut,11,4.6,4.6,363.09,1,0.0909,4.5442,0.1821,0.0558,-0.0912
cayenne pepper + coriander + olive oil,11,4.6,4.6,220.0,1,0.0909,4.5442,0.1821,0.0558,-0.0912
cayenne pepper + dried thyme + onion,11,4.6,4.6,60.45,1,0.0909,4.5442,0.1821,0.0558,-0.0912
clove + molasse + white sugar,11,4.6,4.6,813.36,1,0.0909,4.5442,0.1821,0.0558,-0.0912
dried basil + garlic + mozzarella cheese,11,4.6,4.6,584.73,1,0.0909,4.5442,0.1821,0.0558,-0.0912
dried basil + olive oil + white sugar,11,4.6,4.6,653.45,1,0.0909,4.5442,0.1821,0.0558,-0.0912
egg + honey + vegetable oil,11,4.6,4.6,346.64,1,0.0909,4.5442,0.1821,0.0558,-0.0912
egg white + nutmeg + white sugar,11,4.6,4.7,69.55,1,0.0909,4.5442,0.1821,0.0558,-0.0912
mushroom + onion + parmesan cheese,11,4.6,4.7,428.82,1,0.0909,4.5442,0.1821,0.0558,-0.0912
salt + vinegar + water,11,4.6,4.6,439.91,1,0.0909,4.5442,0.1821,0.0558,-0.0912
egg + pecan + salt,55,4.6036,4.6,389.65,5,0.0909,4.5442,0.1821,0.0594,-0.0912
all-purpose flour + light brown sugar + vanilla extract,22,4.6045,4.65,300.32,2,0.0909,4.5442,0.1821,0.0603,-0.0912
all-purpose flour + packed light brown sugar + vanilla extract,22,4.6045,4.6,868.05,2,0.0909,4.5442,0.1821,0.0603,-0.0912
all-purpose flour + allspice + white sugar,33,4.6091,4.7,206.82,3,0.0909,4.5442,0.1821,0.0649,-0.0912
all-purpose flour + orange zest + salt,22,4.6091,4.7,354.5,2,0.0909,4.5442,0.1821,0.0649,-0.0912
dried oregano + parmesan cheese + salt,22,4.6091,4.6,769.82,2,0.0909,4.5442,0.1821,0.0649,-0.0912
8 ounce packages cream cheese + sour cream + white sugar,11,4.6091,4.7,916.36,1,0.0909,4.5442,0.1821,0.0649,-0.0912
all-purpose flour + cayenne pepper + milk,11,4.6091,4.7,288.64,1,0.0909,4.5442,0.1821,0.0649,-0.0912
baking powder + ginger + milk,11,4.6091,4.6,466.55,1,0.0909,4.5442,0.1821,0.0649,-0.0912
black pepper + lean beef + white sugar,11,4.6091,4.6,2789.45,1,0.0909,4.5442,0.1821,0.0649,-0.0912
black pepper + red wine vinegar + white sugar,11,4.6091,4.6,438.45,1,0.0909,4.5442,0.1821,0.0649,-0.0912
brown sugar + garlic powder + paprika,11,4.6091,4.7,326.73,1,0.0909,4.5442,0.1821,0.0649,-0.0912
butter + egg + packed light brown sugar,11,4.6091,4.6,1323.73,1,0.0909,4.5442,0.1821,0.0649,-0.0912
butter + large egg yolk + white sugar,11,4.6091,4.7,302.55,1,0.0909,4.5442,0.1821,0.0649,-0.0912
carrot + dried thyme + salt,11,4.6091,4.6,165.0,1,0.0909,4.5442,0.1821,0.0649,-0.0912
cinnamon + lemon zest + white sugar,11,4.6091,4.6,299.64,1,0.0909,4.5442,0.1821,0.0649,-0.0912
egg + garlic + lean beef,11,4.6091,4.6,2409.18,1,0.0909,4.5442,0.1821,0.0649,-0.0912
hot pepper sauce + salt + worcestershire sauce,11,4.6091,4.6,629.73,1,0.0909,4.5442,0.1821,0.0649,-0.0912
lasagna noodle + mozzarella cheese + parmesan cheese,11,4.6091,4.6,2577.36,1,0.0909,4.5442,0.1821,0.0649,-0.0912
rolled oat + semisweet chocolate chip + vanilla extract,11,4.6091,4.6,577.91,1,0.0909,4.5442,0.1821,0.0649,-0.0912
black pepper + olive oil + salt and black pepper,11,4.6182,4.7,236.45,1,0.0909,4.5442,0.1821,0.074,-0.0912
butter + chicken stock + salt,11,4.6182,4.7,185.0,1,0.0909,4.5442,0.1821,0.074,-0.0912
butter + garlic + italian seasoning,11,4.6182,4.6,310.73,1,0.0909,4.5442,0.1821,0.074,-0.0912
butter + garlic + pepper,11,4.6182,4.6,402.09,1,0.0909,4.5442,0.1821,0.074,-0.0912
carrot + mushroom + salt,11,4.6182,4.7,241.64,1,0.0909,4.5442,0.1821,0.074,-0.0912
cilantro + garlic + paprika,11,4.6182,4.7,532.64,1,0.0909,4.5442,0.1821,0.074,-0.0912
cinnamon + ginger + shortening,11,4.6182,4.6,224.91,1,0.0909,4.5442,0.1821,0.074,-0.0912
clove + ginger + milk,11,4.6182,4.6,200.91,1,0.0909,4.5442,0.1821,0.074,-0.0912
egg + packed light brown sugar + vanilla extract,11,4.6182,4.6,1355.55,1,0.0909,4.5442,0.1821,0.074,-0.0912
garlic + pork + salt,11,4.6182,4.7,371.0,1,0.0909,4.5442,0.1821,0.074,-0.0912
garlic + red pepper flake + vegetable oil,11,4.6182,4.6,171.0,1,0.0909,4.5442,0.1821,0.074,-0.0912
orange zest + vanilla extract + white sugar,11,4.6182,4.6,257.0,1,0.0909,4.5442,0.1821,0.074,-0.0912
peanut butter + rolled oat + vanilla extract,11,4.6182,4.7,376.09,1,0.0909,4.5442,0.1821,0.074,-0.0912
black pepper + cayenne pepper + dried oregano,33,4.6212,4.7,605.61,3,0.0909,4.5442,0.1821,0.077,-0.0912
black pepper + dried oregano + garlic powder,33,4.6212,4.7,494.39,3,0.0909,4.5442,0.1821,0.077,-0.0912
cumin + lemon juice + olive oil,22,4.6227,4.7,194.5,2,0.0909,4.5442,0.1821,0.0785,-0.0912
garlic powder + salt + vegetable oil,22,4.6227,4.7,644.18,2,0.0909,4.5442,0.1821,0.0785,-0.0912
salt + vegetable oil + zucchini,44,4.625,4.7,714.86,4,0.0909,4.5442,0.1821,0.0808,-0.0912
butter + cornstarch + white sugar,44,4.6273,4.7,444.3,4,0.0909,4.5442,0.1821,0.0831,-0.0912
all-purpose flour + allspice + packed brown sugar,11,4.6273,4.7,246.64,1,0.0909,4.5442,0.1821,0.0831,-0.0912
all-purpose flour + clove + milk,11,4.6273,4.7,563.27,1,0.0909,4.5442,0.1821,0.0831,-0.0912
black pepper + celery + garlic powder,11,4.6273,4.6,196.82,1,0.0909,4.5442,0.1821,0.0831,-0.0912
buttermilk + pecan + white sugar,11,4.6273,4.7,128.27,1,0.0909,4.5442,0.1821,0.0831,-0.0912
cumin + lemon juice + paprika,11,4.6273,4.7,486.45,1,0.0909,4.5442,0.1821,0.0831,-0.0912
dried basil + onion + parsley,11,4.6273,4.6,514.73,1,0.0909,4.5442,0.1821,0.0831,-0.0912
dried oregano + medium onion + salt,11,4.6273,4.7,620.09,1,0.0909,4.5442,0.1821,0.0831,-0.0912
dried oregano + red bell pepper + salt,11,4.6273,4.7,270.91,1,0.0909,4.5442,0.1821,0.0831,-0.0912
egg + parmesan cheese + salt and black pepper,11,4.6273,4.7,76.55,1,0.0909,4.5442,0.1821,0.0831,-0.0912
freshly black pepper + garlic + paprika,11,4.6273,4.7,349.09,1,0.0909,4.5442,0.1821,0.0831,-0.0912
garlic + olive oil + red onion,11,4.6273,4.6,284.55,1,0.0909,4.5442,0.1821,0.0831,-0.0912
ripe bananas mashed + salt + white sugar,11,4.6273,4.6,1063.36,1,0.0909,4.5442,0.1821,0.0831,-0.0912
all-purpose flour + orange juice + salt,22,4.6318,4.7,342.82,2,0.0909,4.5442,0.1821,0.0876,-0.0912
ginger + large egg + salt,22,4.6318,4.7,1384.32,2,0.0909,4.5442,0.1821,0.0876,-0.0912
cinnamon + nutmeg + unsalted butter,22,4.6364,4.7,94.14,2,0.0909,4.5442,0.1821,0.0922,-0.0912
8 ounce package cream cheese + milk + salt,11,4.6364,4.7,446.18,1,0.0909,4.5442,0.1821,0.0922,-0.0912
active dry yeast + bread flour + warm water 110 degrees f/45 degrees c,11,4.6364,4.7,815.09,1,0.0909,4.5442,0.1821,0.0922,-0.0912
all-purpose flour + garlic powder + olive oil,11,4.6364,4.6,759.82,1,0.0909,4.5442,0.1821,0.0922,-0.0912
black pepper + chicken broth + stalks celery,11,4.6364,4.7,217.27,1,0.0909,4.5442,0.1821,0.0922,-0.0912
black pepper + cumin + tomato,11,4.6364,4.7,176.73,1,0.0909,4.5442,0.1821,0.0922,-0.0912
black pepper + lemon juice + paprika,11,4.6364,4.7,432.73,1,0.0909,4.5442,0.1821,0.0922,-0.0912
black pepper + onion + turkey,11,4.6364,4.6,516.55,1,0.0909,4.5442,0.1821,0.0922,-0.0912
chocolate chip + salt + white sugar,11,4.6364,4.6,104.0,1,0.0909,4.5442,0.1821,0.0922,-0.0912
cinnamon + pumpkin pie spice + salt,11,4.6364,4.7,239.36,1,0.0909,4.5442,0.1821,0.0922,-0.0912
flaked coconut + packed brown sugar + salt,11,4.6364,4.7,122.91,1,0.0909,4.5442,0.1821,0.0922,-0.0912
garlic + ginger + turmeric,11,4.6364,4.6,488.09,1,0.0909,4.5442,0.1821,0.0922,-0.0912
garlic + olive oil + turmeric,11,4.6364,4.6,88.64,1,0.0909,4.5442,0.1821,0.0922,-0.0912
baking soda + carrot + salt,33,4.6394,4.7,604.79,3,0.0909,4.5442,0.1821,0.0952,-0.0912
black pepper + olive oil + paprika,33,4.6394,4.7,304.0,3,0.0909,4.5442,0.1821,0.0952,-0.0912
cinnamon + vegetable oil + zucchini,33,4.6394,4.7,767.61,3,0.0909,4.5442,0.1821,0.0952,-0.0912
black pepper + cinnamon + cumin,22,4.6409,4.7,140.82,2,0.0909,4.5442,0.1821,0.0967,-0.0912
black pepper + paprika + worcestershire sauce,22,4.6409,4.7,521.77,2,0.0909,4.5442,0.1821,0.0967,-0.0912
8 ounce package cream cheese + all-purpose flour + walnut,11,4.6455,4.7,276.91,1,0.0909,4.5442,0.1821,0.1013,-0.0912
all-purpose flour + parsley + vegetable oil,11,4.6455,4.7,138.82,1,0.0909,4.5442,0.1821,0.1013,-0.0912
baking powder + quick cooking oat + white sugar,11,4.6455,4.7,461.27,1,0.0909,4.5442,0.1821,0.1013,-0.0912
black pepper + chicken broth + mushroom,11,4.6455,4.7,730.18,1,0.0909,4.5442,0.1821,0.1013,-0.0912
black pepper + dried oregano + large egg,11,4.6455,4.7,280.36,1,0.0909,4.5442,0.1821,0.1013,-0.0912
brown sugar + cinnamon + honey,11,4.6455,4.7,229.91,1,0.0909,4.5442,0.1821,0.1013,-0.0912
brown sugar + salt + sour cream,11,4.6455,4.7,411.18,1,0.0909,4.5442,0.1821,0.1013,-0.0912
butter + cinnamon + pumpkin puree,11,4.6455,4.7,186.36,1,0.0909,4.5442,0.1821,0.1013,-0.0912
butter + confectioners' sugar + walnut,11,4.6455,4.6,320.45,1,0.0909,4.5442,0.1821,0.1013,-0.0912
butter + salt and black pepper + stalks celery,11,4.6455,4.7,279.73,1,0.0909,4.5442,0.1821,0.1013,-0.0912
chicken stock + cumin + garlic,11,4.6455,4.7,203.73,1,0.0909,4.5442,0.1821,0.1013,-0.0912
chili powder + cinnamon + cumin,11,4.6455,4.7,140.0,1,0.0909,4.5442,0.1821,0.1013,-0.0912
cumin + salt + salt and black pepper,11,4.6455,4.7,396.0,1,0.0909,4.5442,0.1821,0.1013,-0.0912
dried rosemary + salt + vegetable oil,11,4.6455,4.7,223.36,1,0.0909,4.5442,0.1821,0.1013,-0.0912
ginger + salt + walnut,11,4.6455,4.7,230.0,1,0.0909,4.5442,0.1821,0.1013,-0.0912
black pepper + cayenne pepper + garlic powder,44,4.6545,4.7,404.86,4,0.0909,4.5442,0.1821,0.1103,-0.0912
all-purpose flour + baking powder + unsalted butter at room temperature,11,4.6545,4.7,349.18,1,0.0909,4.5442,0.1821,0.1103,-0.0912
all-purpose flour + nutmeg + zucchini,11,4.6545,4.7,139.91,1,0.0909,4.5442,0.1821,0.1103,-0.0912
black pepper + cumin + ginger,11,4.6545,4.7,205.64,1,0.0909,4.5442,0.1821,0.1103,-0.0912
carrot + chicken broth + olive oil,11,4.6545,4.7,401.36,1,0.0909,4.5442,0.1821,0.1103,-0.0912
cayenne pepper + freshly black pepper + paprika,11,4.6545,4.7,357.73,1,0.0909,4.5442,0.1821,0.1103,-0.0912
cayenne pepper + garlic + honey,11,4.6545,4.7,477.18,1,0.0909,4.5442,0.1821,0.1103,-0.0912
cinnamon + egg yolk + nutmeg,11,4.6545,4.7,350.09,1,0.0909,4.5442,0.1821,0.1103,-0.0912
olive oil + salt + water or as needed,11,4.6545,4.7,215.18,1,0.0909,4.5442,0.1821,0.1103,-0.0912
all-purpose flour + baking soda + ripe bananas mashed,11,4.6636,4.7,823.36,1,0.0909,4.5442,0.1821,0.1194,-0.0912
black pepper + garlic + smoked paprika,11,4.6636,4.7,175.91,1,0.0909,4.5442,0.1821,0.1194,-0.0912
brown sugar + cinnamon + cooking spray,11,4.6636,4.7,343.45,1,0.0909,4.5442,0.1821,0.1194,-0.0912
butter + chicken broth + garlic powder,11,4.6636,4.7,118.0,1,0.0909,4.5442,0.1821,0.1194,-0.0912
butter + freshly black pepper + garlic powder,11,4.6636,4.7,66.09,1,0.0909,4.5442,0.1821,0.1194,-0.0912
cayenne pepper + cumin + parsley,11,4.6636,4.7,436.09,1,0.0909,4.5442,0.1821,0.1194,-0.0912
cayenne pepper + lemon juice + salt,11,4.6636,4.7,450.64,1,0.0909,4.5442,0.1821,0.1194,-0.0912
cayenne pepper or + garlic + water,11,4.6636,4.7,563.64,1,0.0909,4.5442,0.1821,0.1194,-0.0912
chicken broth + garlic + large onion,11,4.6636,4.7,277.82,1,0.0909,4.5442,0.1821,0.1194,-0.0912
cinnamon + flaked coconut + vegetable oil,11,4.6636,4.7,574.18,1,0.0909,4.5442,0.1821,0.1194,-0.0912
egg + half-and-half + salt,11,4.6636,4.7,213.82,1,0.0909,4.5442,0.1821,0.1194,-0.0912
flat-leaf parsley + olive oil + salt,11,4.6636,4.7,204.45,1,0.0909,4.5442,0.1821,0.1194,-0.0912
kosher salt + olive oil + paprika,11,4.6636,4.7,296.82,1,0.0909,4.5442,0.1821,0.1194,-0.0912
kosher salt + onion powder + paprika,11,4.6636,4.7,276.73,1,0.0909,4.5442,0.1821,0.1194,-0.0912
onion powder + salt + vegetable oil,11,4.6636,4.7,327.27,1,0.0909,4.5442,0.1821,0.1194,-0.0912
8 ounce package cream cheese + baking soda + confectioners' sugar,11,4.6727,4.7,321.27,1,0.0909,4.5442,0.1821,0.1285,-0.0912
all-purpose flour + cranberry + white sugar,11,4.6727,4.7,308.73,1,0.0909,4.5442,0.1821,0.1285,-0.0912
all-purpose flour + unsalted butter at room temperature + vanilla extract,11,4.6727,4.8,470.91,1,0.0909,4.5442,0.1821,0.1285,-0.0912
baking soda + confectioners' sugar + walnut,11,4.6727,4.7,753.27,1,0.0909,4.5442,0.1821,0.1285,-0.0912
cayenne pepper + olive oil + red bell pepper,11,4.6727,4.7,270.18,1,0.0909,4.5442,0.1821,0.1285,-0.0912
cinnamon + unsalted butter + walnut,11,4.6727,4.7,253.09,1,0.0909,4.5442,0.1821,0.1285,-0.0912
large onion + olive oil + salt and black pepper,11,4.6727,4.7,99.0,1,0.0909,4.5442,0.1821,0.1285,-0.0912
black pepper + chili powder + olive oil,22,4.6773,4.7,418.41,2,0.0909,4.5442,0.1821,0.1331,-0.0912
olive oil + parmesan cheese + salt and black pepper,22,4.6818,4.7,214.32,2,0.0909,4.5442,0.1821,0.1376,-0.0912
allspice + clove + water,11,4.6818,4.7,273.64,1,0.0909,4.5442,0.1821,0.1376,-0.0912
brown sugar + cayenne pepper + garlic,11,4.6818,4.7,285.55,1,0.0909,4.5442,0.1821,0.1376,-0.0912
carrot + cinnamon + confectioners' sugar,11,4.6818,4.8,991.64,1,0.0909,4.5442,0.1821,0.1376,-0.0912
carrot + confectioners' sugar + salt,11,4.6818,4.8,991.64,1,0.0909,4.5442,0.1821,0.1376,-0.0912
carrot + confectioners' sugar + vanilla extract,11,4.6818,4.8,991.64,1,0.0909,4.5442,0.1821,0.1376,-0.0912
carrot + confectioners' sugar + white sugar,11,4.6818,4.8,991.64,1,0.0909,4.5442,0.1821,0.1376,-0.0912
cayenne pepper + cilantro + olive oil,11,4.6818,4.7,244.27,1,0.0909,4.5442,0.1821,0.1376,-0.0912
dried oregano + garlic powder + parmesan cheese,11,4.6818,4.7,349.64,1,0.0909,4.5442,0.1821,0.1376,-0.0912
garlic + heavy whipping cream + salt,11,4.6818,4.7,315.09,1,0.0909,4.5442,0.1821,0.1376,-0.0912
black pepper + carrot + milk,11,4.6909,4.7,1552.55,1,0.0909,4.5442,0.1821,0.1467,-0.0912
cinnamon + clove + unsalted butter,11,4.6909,4.8,44.45,1,0.0909,4.5442,0.1821,0.1467,-0.0912
garlic + parmesan cheese + pepper,11,4.6909,4.7,319.18,1,0.0909,4.5442,0.1821,0.1467,-0.0912
butter + half-and-half + onion,11,4.7,4.7,713.36,1,0.0909,4.5442,0.1821,0.1558,-0.0912
cayenne pepper or + freshly black pepper + salt,11,4.7,4.7,202.09,1,0.0909,4.5442,0.1821,0.1558,-0.0912
ginger + salt + unsalted butter,11,4.7,4.8,81.36,1,0.0909,4.5442,0.1821,0.1558,-0.0912
ginger + unsalted butter + white sugar,11,4.7,4.8,90.27,1,0.0909,4.5442,0.1821,0.1558,-0.0912
red bell pepper + salt + white sugar,11,4.7,4.8,65.18,1,0.0909,4.5442,0.1821,0.1558,-0.0912
black pepper + heavy whipping cream + salt,11,4.7091,4.7,417.45,1,0.0909,4.5442,0.1821,0.1649,-0.0912
cayenne pepper + onion + worcestershire sauce,11,4.7091,4.7,221.09,1,0.0909,4.5442,0.1821,0.1649,-0.0912
freshly black pepper + kosher salt + smoked paprika,11,4.7273,4.8,69.18,1,0.0909,4.5442,0.1821,0.1831,-0.0912
cayenne pepper + freshly black pepper + onion,11,4.7455,4.8,308.36,1,0.0909,4.5442,0.1821,0.2013,-0.0912
all-purpose flour + baking soda + nutmeg,100,4.605,4.7,315.84,9,0.09,4.5442,0.1821,0.0608,-0.0921
baking soda + egg + vegetable oil,100,4.609,4.7,541.81,9,0.09,4.5442,0.1821,0.0648,-0.0921
baking powder + cinnamon + vegetable oil,78,4.6282,4.7,862.59,7,0.0897,4.5442,0.1821,0.084,-0.0924
cinnamon + raisin + white sugar,56,4.5768,4.6,484.45,5,0.0893,4.5442,0.1821,0.0326,-0.0928
baking soda + vegetable oil + walnut,56,4.6339,4.7,727.59,5,0.0893,4.5442,0.1821,0.0897,-0.0928
black pepper + cumin + olive oil,56,4.6411,4.7,257.55,5,0.0893,4.5442,0.1821,0.0969,-0.0928
baking soda + cinnamon + raisin,45,4.58,4.6,455.16,4,0.0889,4.5442,0.1821,0.0358,-0.0932
cumin + garlic + paprika,45,4.5889,4.6,523.6,4,0.0889,4.5442,0.1821,0.0447,-0.0932
baking soda + ginger + white sugar,45,4.5956,4.6,555.2,4,0.0889,4.5442,0.1821,0.0514,-0.0932
salt + white sugar + whole wheat flour,34,4.5706,4.6,187.97,3,0.0882,4.5442,0.1821,0.0264,-0.0939
baking soda + butter + water,34,4.5971,4.6,582.74,3,0.0882,4.5442,0.1821,0.0529,-0.0939
baking soda + nutmeg + vanilla extract,68,4.6059,4.7,193.85,6,0.0882,4.5442,0.1821,0.0617,-0.0939
black pepper + butter + chicken broth,34,4.6088,4.7,947.59,3,0.0882,4.5442,0.1821,0.0646,-0.0939
salt + sour cream + vanilla extract,34,4.6235,4.7,579.32,3,0.0882,4.5442,0.1821,0.0793,-0.0939
cinnamon + cumin + garlic,34,4.6382,4.7,320.29,3,0.0882,4.5442,0.1821,0.094,-0.0939
olive oil + red pepper flake + salt,34,4.6441,4.6,435.47,3,0.0882,4.5442,0.1821,0.0999,-0.0939
baking soda + cinnamon + packed brown sugar,57,4.5807,4.6,741.04,5,0.0877,4.5442,0.1821,0.0365,-0.0944
cinnamon + raisin + salt,57,4.5947,4.6,412.58,5,0.0877,4.5442,0.1821,0.0505,-0.0944
all-purpose flour + vegetable oil + walnut,57,4.6298,4.7,730.88,5,0.0877,4.5442,0.1821,0.0856,-0.0944
vegetable oil + walnut + white sugar,57,4.6404,4.7,770.93,5,0.0877,4.5442,0.1821,0.0962,-0.0944
dried oregano + onion + water,23,4.5435,4.6,781.74,2,0.087,4.5442,0.1821,-0.0007,-0.0951
active dry yeast + salt + vegetable oil,23,4.5652,4.6,540.57,2,0.087,4.5442,0.1821,0.021,-0.0951
black pepper + onion + soy sauce,23,4.5652,4.6,427.96,2,0.087,4.5442,0.1821,0.021,-0.0951
allspice + baking powder + cinnamon,23,4.5696,4.6,365.22,2,0.087,4.5442,0.1821,0.0254,-0.0951
mushroom + olive oil + onion,23,4.5783,4.6,256.7,2,0.087,4.5442,0.1821,0.0341,-0.0951
black pepper + garlic + red bell pepper,23,4.5913,4.6,147.87,2,0.087,4.5442,0.1821,0.0471,-0.0951
cayenne pepper + chili powder + garlic,23,4.5913,4.6,222.17,2,0.087,4.5442,0.1821,0.0471,-0.0951
large egg + olive oil + salt,23,4.5913,4.6,234.52,2,0.087,4.5442,0.1821,0.0471,-0.0951
all-purpose flour + confectioners' sugar + vegetable oil,23,4.5957,4.7,976.74,2,0.087,4.5442,0.1821,0.0515,-0.0951
all-purpose flour + dried thyme + salt,23,4.6043,4.6,403.0,2,0.087,4.5442,0.1821,0.0601,-0.0951
egg + salt + whole wheat flour,23,4.6087,4.6,172.0,2,0.087,4.5442,0.1821,0.0645,-0.0951
black pepper + heavy cream + salt,23,4.6217,4.7,433.74,2,0.087,4.5442,0.1821,0.0775,-0.0951
all-purpose flour + butter + garlic powder,23,4.6261,4.6,362.65,2,0.087,4.5442,0.1821,0.0819,-0.0951
black pepper + dried oregano + parmesan cheese,23,4.6261,4.6,595.3,2,0.087,4.5442,0.1821,0.0819,-0.0951
butter + chicken broth + onion,46,4.6304,4.7,793.98,4,0.087,4.5442,0.1821,0.0862,-0.0951
black pepper + mushroom + onion,23,4.6348,4.7,452.7,2,0.087,4.5442,0.1821,0.0906,-0.0951
baking soda + large egg + vegetable oil,46,4.637,4.7,1007.59,4,0.087,4.5442,0.1821,0.0928,-0.0951
butter + graham cracker crumb + white sugar,23,4.6435,4.7,187.87,2,0.087,4.5442,0.1821,0.0993,-0.0951
15 ounce can pumpkin puree + salt + white sugar,23,4.6522,4.7,709.17,2,0.087,4.5442,0.1821,0.108,-0.0951
butter + green onion + salt,23,4.6652,4.7,473.7,2,0.087,4.5442,0.1821,0.121,-0.0951
garlic + garlic powder + salt,23,4.6826,4.7,386.22,2,0.087,4.5442,0.1821,0.1384,-0.0951
baking soda + packed brown sugar + salt,105,4.5848,4.6,981.7,9,0.0857,4.5442,0.1821,0.0406,-0.0964
garlic + red bell pepper + salt,35,4.6086,4.6,303.17,3,0.0857,4.5442,0.1821,0.0644,-0.0964
cumin + paprika + salt,47,4.6021,4.6,289.21,4,0.0851,4.5442,0.1821,0.0579,-0.097
all-purpose flour + large egg + packed brown sugar,47,4.6149,4.7,800.19,4,0.0851,4.5442,0.1821,0.0707,-0.097
cayenne pepper + onion + salt,47,4.6298,4.7,664.06,4,0.0851,4.5442,0.1821,0.0856,-0.097
basil + olive oil + parsley,12,4.4833,4.5,415.5,1,0.0833,4.5442,0.1821,-0.0609,-0.0988
chili powder + garlic powder + onion,12,4.5083,4.6,203.58,1,0.0833,4.5442,0.1821,-0.0359,-0.0988
mayonnaise + milk + salt,12,4.5167,4.55,345.0,1,0.0833,4.5442,0.1821,-0.0275,-0.0988
all-purpose flour + egg + light corn syrup,12,4.525,4.55,342.92,1,0.0833,4.5442,0.1821,-0.0192,-0.0988
bay leaf + dried thyme + onion,12,4.525,4.5,161.33,1,0.0833,4.5442,0.1821,-0.0192,-0.0988
chili powder + cumin + salt and pepper,12,4.525,4.55,304.08,1,0.0833,4.5442,0.1821,-0.0192,-0.0988
cinnamon + packed brown sugar + walnut,24,4.5333,4.6,364.62,2,0.0833,4.5442,0.1821,-0.0109,-0.0988
all-purpose flour + butter + light corn syrup,12,4.5333,4.6,329.17,1,0.0833,4.5442,0.1821,-0.0109,-0.0988
bay leaf + garlic + green bell pepper,12,4.5333,4.55,100.75,1,0.0833,4.5442,0.1821,-0.0109,-0.0988
all-purpose flour + dried basil + garlic,12,4.5417,4.55,569.92,1,0.0833,4.5442,0.1821,-0.0025,-0.0988
celery + dried basil + garlic,12,4.5417,4.5,373.17,1,0.0833,4.5442,0.1821,-0.0025,-0.0988
cilantro + garlic + tomato,12,4.5417,4.5,276.0,1,0.0833,4.5442,0.1821,-0.0025,-0.0988
garam masala + garlic + onion,12,4.5417,4.5,418.33,1,0.0833,4.5442,0.1821,-0.0025,-0.0988
garlic + green bell pepper + paprika,12,4.5417,4.5,52.67,1,0.0833,4.5442,0.1821,-0.0025,-0.0988
8 ounce package cream cheese + water + white sugar,12,4.55,4.5,265.67,1,0.0833,4.5442,0.1821,0.0058,-0.0988
bacon + black pepper + garlic,12,4.55,4.5,281.0,1,0.0833,4.5442,0.1821,0.0058,-0.0988
cooking spray + large egg + milk,24,4.5542,4.6,820.42,2,0.0833,4.5442,0.1821,0.01,-0.0988
honey + salt + water,24,4.5542,4.6,216.75,2,0.0833,4.5442,0.1821,0.01,-0.0988
all-purpose flour + large egg + light brown sugar,12,4.5583,4.6,103.08,1,0.0833,4.5442,0.1821,0.0141,-0.0988
black pepper + hot pepper sauce + onion,12,4.5583,4.55,304.83,1,0.0833,4.5442,0.1821,0.0141,-0.0988
confectioners' sugar + milk + packed brown sugar,12,4.5583,4.6,188.17,1,0.0833,4.5442,0.1821,0.0141,-0.0988
cooking spray + vanilla extract + vegetable oil,12,4.5583,4.6,95.33,1,0.0833,4.5442,0.1821,0.0141,-0.0988
garlic + ketchup + water,12,4.5583,4.6,473.42,1,0.0833,4.5442,0.1821,0.0141,-0.0988
onion + salt + white wine,12,4.5583,4.6,410.08,1,0.0833,4.5442,0.1821,0.0141,-0.0988
green onion + sesame oil + soy sauce,36,4.5667,4.6,238.03,3,0.0833,4.5442,0.1821,0.0225,-0.0988
baking soda + egg + sour cream,24,4.5667,4.6,823.96,2,0.0833,4.5442,0.1821,0.0225,-0.0988
dried oregano + dried thyme + onion,12,4.5667,4.55,208.42,1,0.0833,4.5442,0.1821,0.0225,-0.0988
freshly black pepper + olive oil + parsley,12,4.5667,4.55,259.83,1,0.0833,4.5442,0.1821,0.0225,-0.0988
salt + water + white pepper,12,4.5667,4.55,212.67,1,0.0833,4.5442,0.1821,0.0225,-0.0988
black pepper + dried thyme + onion,36,4.5694,4.6,190.31,3,0.0833,4.5442,0.1821,0.0252,-0.0988
dried oregano + garlic + parsley,24,4.575,4.6,565.46,2,0.0833,4.5442,0.1821,0.0308,-0.0988
3 ounce package cream cheese + vanilla extract + white sugar,12,4.575,4.55,1087.42,1,0.0833,4.5442,0.1821,0.0308,-0.0988
8 ounce package cream cheese + all-purpose flour + baking powder,12,4.575,4.6,337.92,1,0.0833,4.5442,0.1821,0.0308,-0.0988
all-purpose flour + garlic + small onion,12,4.575,4.6,114.08,1,0.0833,4.5442,0.1821,0.0308,-0.0988
bacon + onion + water,12,4.575,4.6,391.75,1,0.0833,4.5442,0.1821,0.0308,-0.0988
blueberry + milk + salt,12,4.575,4.6,400.83,1,0.0833,4.5442,0.1821,0.0308,-0.0988
brown sugar + butter + sour cream,12,4.575,4.55,299.33,1,0.0833,4.5442,0.1821,0.0308,-0.0988
brown sugar + ginger + vanilla extract,12,4.575,4.6,124.58,1,0.0833,4.5442,0.1821,0.0308,-0.0988
carrot + garlic + large onion,12,4.575,4.6,227.42,1,0.0833,4.5442,0.1821,0.0308,-0.0988
chili powder + garlic + lean beef,12,4.575,4.6,266.75,1,0.0833,4.5442,0.1821,0.0308,-0.0988
cooking spray + vegetable oil + white sugar,12,4.575,4.6,97.08,1,0.0833,4.5442,0.1821,0.0308,-0.0988
distilled white vinegar + salt + vanilla extract,12,4.575,4.65,297.0,1,0.0833,4.5442,0.1821,0.0308,-0.0988
dried basil + garlic + stalks celery,12,4.575,4.6,1142.33,1,0.0833,4.5442,0.1821,0.0308,-0.0988
cinnamon + egg + shortening,24,4.5792,4.6,225.08,2,0.0833,4.5442,0.1821,0.035,-0.0988
bay leaf + dried basil + garlic,12,4.5833,4.6,761.5,1,0.0833,4.5442,0.1821,0.0391,-0.0988
black pepper + celery + dried basil,12,4.5833,4.5,325.67,1,0.0833,4.5442,0.1821,0.0391,-0.0988
black pepper + ginger + water,12,4.5833,4.6,71.17,1,0.0833,4.5442,0.1821,0.0391,-0.0988
butter + recipe pastry for a 9 inch double crust pie + white sugar,12,4.5833,4.6,124.42,1,0.0833,4.5442,0.1821,0.0391,-0.0988
cilantro + cumin + vegetable oil,12,4.5833,4.6,775.58,1,0.0833,4.5442,0.1821,0.0391,-0.0988
cinnamon + orange zest + salt,12,4.5833,4.55,237.25,1,0.0833,4.5442,0.1821,0.0391,-0.0988
egg + light brown sugar + vanilla extract,12,4.5833,4.6,195.67,1,0.0833,4.5442,0.1821,0.0391,-0.0988
egg + pecan halve + salt,12,4.5833,4.6,142.0,1,0.0833,4.5442,0.1821,0.0391,-0.0988
garlic + green bell pepper + salt and black pepper,12,4.5833,4.6,187.75,1,0.0833,4.5442,0.1821,0.0391,-0.0988
active dry yeast + salt + white sugar,60,4.585,4.6,353.58,5,0.0833,4.5442,0.1821,0.0408,-0.0988
almond extract + butter + vanilla extract,24,4.5875,4.6,271.96,2,0.0833,4.5442,0.1821,0.0433,-0.0988
baking powder + butter + rolled oat,12,4.5917,4.6,388.42,1,0.0833,4.5442,0.1821,0.0475,-0.0988
baking soda + butter + packed light brown sugar,12,4.5917,4.6,1658.08,1,0.0833,4.5442,0.1821,0.0475,-0.0988
black pepper + cayenne pepper + celery,12,4.5917,4.6,146.75,1,0.0833,4.5442,0.1821,0.0475,-0.0988
black pepper + garlic + pork,12,4.5917,4.6,340.08,1,0.0833,4.5442,0.1821,0.0475,-0.0988
butter + dried basil + dried oregano,12,4.5917,4.6,739.67,1,0.0833,4.5442,0.1821,0.0475,-0.0988
butter + quick-cooking oat + white sugar,12,4.5917,4.6,1346.67,1,0.0833,4.5442,0.1821,0.0475,-0.0988
carrot + nutmeg + salt,12,4.5917,4.6,134.67,1,0.0833,4.5442,0.1821,0.0475,-0.0988
cinnamon + egg + orange zest,12,4.5917,4.6,171.58,1,0.0833,4.5442,0.1821,0.0475,-0.0988
cold water + salt + shortening,12,4.5917,4.65,209.08,1,0.0833,4.5442,0.1821,0.0475,-0.0988
egg + orange juice + salt,12,4.5917,4.65,162.08,1,0.0833,4.5442,0.1821,0.0475,-0.0988
freshly black pepper + paprika + salt,12,4.5917,4.6,162.42,1,0.0833,4.5442,0.1821,0.0475,-0.0988
green onion + olive oil + water,12,4.5917,4.65,381.92,1,0.0833,4.5442,0.1821,0.0475,-0.0988
nutmeg + white sugar + zucchini,12,4.5917,4.65,126.67,1,0.0833,4.5442,0.1821,0.0475,-0.0988
onion + tomato + vegetable oil,12,4.5917,4.55,402.25,1,0.0833,4.5442,0.1821,0.0475,-0.0988
all-purpose flour + blueberry + white sugar,48,4.5938,4.7,642.42,4,0.0833,4.5442,0.1821,0.0496,-0.0988
.25 ounce packages active dry yeast + all-purpose flour + white sugar,12,4.6,4.65,180.17,1,0.0833,4.5442,0.1821,0.0558,-0.0988
15 ounce can pumpkin puree + ginger + nutmeg,12,4.6,4.7,1429.83,1,0.0833,4.5442,0.1821,0.0558,-0.0988
all-purpose flour + baking powder + packed light brown sugar,12,4.6,4.6,266.17,1,0.0833,4.5442,0.1821,0.0558,-0.0988
bay leaf + cayenne pepper + garlic,12,4.6,4.6,259.25,1,0.0833,4.5442,0.1821,0.0558,-0.0988
black pepper + green onion + parsley,12,4.6,4.7,229.0,1,0.0833,4.5442,0.1821,0.0558,-0.0988
blueberry + butter + vanilla extract,12,4.6,4.6,335.42,1,0.0833,4.5442,0.1821,0.0558,-0.0988
bread flour + olive oil + salt,12,4.6,4.65,522.0,1,0.0833,4.5442,0.1821,0.0558,-0.0988
butter + pecan halve + white sugar,12,4.6,4.7,165.67,1,0.0833,4.5442,0.1821,0.0558,-0.0988
dried oregano + garlic + soy sauce,12,4.6,4.6,635.33,1,0.0833,4.5442,0.1821,0.0558,-0.0988
garlic + large onion + paprika,12,4.6,4.6,303.0,1,0.0833,4.5442,0.1821,0.0558,-0.0988
garlic + olive oil + tomato sauce,12,4.6,4.6,654.42,1,0.0833,4.5442,0.1821,0.0558,-0.0988
honey + salt + warm water 110 degrees f/45 degrees c,12,4.6,4.6,469.33,1,0.0833,4.5442,0.1821,0.0558,-0.0988
olive oil + salt + soy sauce,12,4.6,4.65,461.58,1,0.0833,4.5442,0.1821,0.0558,-0.0988
vegetable oil + warm water 110 degrees f/45 degrees c + white sugar,12,4.6,4.6,1268.67,1,0.0833,4.5442,0.1821,0.0558,-0.0988
cayenne pepper + dried oregano + garlic,24,4.6042,4.6,901.33,2,0.0833,4.5442,0.1821,0.06,-0.0988
all-purpose flour + butter + rhubarb,24,4.6083,4.7,197.08,2,0.0833,4.5442,0.1821,0.0641,-0.0988
all-purpose flour + chicken broth + mushroom,12,4.6083,4.7,747.42,1,0.0833,4.5442,0.1821,0.0641,-0.0988
all-purpose flour + cumin + olive oil,12,4.6083,4.65,58.0,1,0.0833,4.5442,0.1821,0.0641,-0.0988
all-purpose flour + large egg + packed light brown sugar,12,4.6083,4.6,321.75,1,0.0833,4.5442,0.1821,0.0641,-0.0988
baking powder + egg + pumpkin pie spice,12,4.6083,4.7,194.33,1,0.0833,4.5442,0.1821,0.0641,-0.0988
black pepper + cumin + white sugar,12,4.6083,4.7,419.75,1,0.0833,4.5442,0.1821,0.0641,-0.0988
black pepper + onion + tomato,12,4.6083,4.65,216.83,1,0.0833,4.5442,0.1821,0.0641,-0.0988
butter + cinnamon + sour cream,12,4.6083,4.65,310.0,1,0.0833,4.5442,0.1821,0.0641,-0.0988
large egg + salt + whole wheat flour,12,4.6083,4.7,202.58,1,0.0833,4.5442,0.1821,0.0641,-0.0988
chili powder + cumin + paprika,36,4.6111,4.7,310.75,3,0.0833,4.5442,0.1821,0.0669,-0.0988
baking soda + butter + pecan,24,4.6125,4.6,596.25,2,0.0833,4.5442,0.1821,0.0683,-0.0988
black pepper + brown sugar + garlic,24,4.6167,4.7,373.88,2,0.0833,4.5442,0.1821,0.0725,-0.0988
allspice + cinnamon + garlic,12,4.6167,4.6,193.25,1,0.0833,4.5442,0.1821,0.0725,-0.0988
baking powder + butter + sugar,12,4.6167,4.6,262.58,1,0.0833,4.5442,0.1821,0.0725,-0.0988
brown sugar + butter + ginger,12,4.6167,4.65,160.67,1,0.0833,4.5442,0.1821,0.0725,-0.0988
chili powder + cumin + white sugar,12,4.6167,4.65,538.17,1,0.0833,4.5442,0.1821,0.0725,-0.0988
egg + warm water + white sugar,12,4.6167,4.65,89.58,1,0.0833,4.5442,0.1821,0.0725,-0.0988
garlic + italian seasoning + salt and black pepper,12,4.6167,4.6,100.17,1,0.0833,4.5442,0.1821,0.0725,-0.0988
ginger + nutmeg + packed brown sugar,12,4.6167,4.7,216.5,1,0.0833,4.5442,0.1821,0.0725,-0.0988
all-purpose flour + orange juice + white sugar,24,4.6208,4.7,220.71,2,0.0833,4.5442,0.1821,0.0766,-0.0988
black pepper + garlic + italian seasoning,24,4.625,4.6,994.62,2,0.0833,4.5442,0.1821,0.0808,-0.0988
all-purpose flour + pecan + vegetable oil,12,4.625,4.65,833.0,1,0.0833,4.5442,0.1821,0.0808,-0.0988
baking powder + ginger + vegetable oil,12,4.625,4.65,494.08,1,0.0833,4.5442,0.1821,0.0808,-0.0988
butter + salt + warm water,12,4.625,4.7,315.92,1,0.0833,4.5442,0.1821,0.0808,-0.0988
buttermilk + cinnamon + vanilla extract,12,4.625,4.7,458.5,1,0.0833,4.5442,0.1821,0.0808,-0.0988
chicken broth + garlic powder + salt,12,4.625,4.65,287.92,1,0.0833,4.5442,0.1821,0.0808,-0.0988
chicken broth + salt + water,12,4.625,4.6,434.17,1,0.0833,4.5442,0.1821,0.0808,-0.0988
cinnamon + egg + sour cream,12,4.625,4.7,309.17,1,0.0833,4.5442,0.1821,0.0808,-0.0988
dried basil + dried thyme + garlic powder,12,4.625,4.65,367.33,1,0.0833,4.5442,0.1821,0.0808,-0.0988
freshly black pepper + olive oil + white wine,12,4.625,4.65,223.92,1,0.0833,4.5442,0.1821,0.0808,-0.0988
lemon zest + milk + white sugar,12,4.625,4.65,242.92,1,0.0833,4.5442,0.1821,0.0808,-0.0988
garlic + olive oil + oregano,24,4.6333,4.7,294.17,2,0.0833,4.5442,0.1821,0.0891,-0.0988
all-purpose flour + ginger + walnut,12,4.6333,4.65,213.0,1,0.0833,4.5442,0.1821,0.0891,-0.0988
all-purpose flour + margarine + pecan,12,4.6333,4.7,331.75,1,0.0833,4.5442,0.1821,0.0891,-0.0988
all-purpose flour + ripe bananas mashed + salt,12,4.6333,4.65,981.33,1,0.0833,4.5442,0.1821,0.0891,-0.0988
baking powder + orange zest + salt,12,4.6333,4.7,242.75,1,0.0833,4.5442,0.1821,0.0891,-0.0988
black pepper + kosher salt + water,12,4.6333,4.65,150.67,1,0.0833,4.5442,0.1821,0.0891,-0.0988
bread flour + water + white sugar,12,4.6333,4.65,206.25,1,0.0833,4.5442,0.1821,0.0891,-0.0988
brown sugar + walnut + white sugar,12,4.6333,4.65,357.08,1,0.0833,4.5442,0.1821,0.0891,-0.0988
chicken broth + garlic + salt and pepper,12,4.6333,4.7,938.5,1,0.0833,4.5442,0.1821,0.0891,-0.0988
cumin + freshly black pepper + salt,12,4.6333,4.75,180.08,1,0.0833,4.5442,0.1821,0.0891,-0.0988
cumin + garlic + worcestershire sauce,12,4.6333,4.7,909.75,1,0.0833,4.5442,0.1821,0.0891,-0.0988
cumin + kosher salt + water,12,4.6333,4.7,70.58,1,0.0833,4.5442,0.1821,0.0891,-0.0988
dried oregano + green bell pepper + red bell pepper,12,4.6333,4.7,261.25,1,0.0833,4.5442,0.1821,0.0891,-0.0988
green onion + sesame seed + white sugar,12,4.6333,4.7,272.92,1,0.0833,4.5442,0.1821,0.0891,-0.0988
heavy cream + olive oil + parmesan cheese,12,4.6333,4.7,259.92,1,0.0833,4.5442,0.1821,0.0891,-0.0988
salt + vegetable oil + walnut,60,4.635,4.7,745.48,5,0.0833,4.5442,0.1821,0.0908,-0.0988
cinnamon + cumin + salt,24,4.6417,4.7,202.58,2,0.0833,4.5442,0.1821,0.0975,-0.0988
8 ounce package cream cheese + baking powder + salt,12,4.6417,4.65,185.92,1,0.0833,4.5442,0.1821,0.0975,-0.0988
all-purpose flour + pumpkin pie spice + vanilla extract,12,4.6417,4.7,107.0,1,0.0833,4.5442,0.1821,0.0975,-0.0988
black pepper + butter + half-and-half,12,4.6417,4.65,394.0,1,0.0833,4.5442,0.1821,0.0975,-0.0988
black pepper + garlic + turkey,12,4.6417,4.65,285.25,1,0.0833,4.5442,0.1821,0.0975,-0.0988
butter + pumpkin puree + white sugar,12,4.6417,4.65,206.67,1,0.0833,4.5442,0.1821,0.0975,-0.0988
cayenne pepper or + large egg + salt,12,4.6417,4.7,181.83,1,0.0833,4.5442,0.1821,0.0975,-0.0988
cumin + kosher salt + onion,12,4.6417,4.8,218.67,1,0.0833,4.5442,0.1821,0.0975,-0.0988
milk + onion powder + salt,12,4.6417,4.7,231.75,1,0.0833,4.5442,0.1821,0.0975,-0.0988
all-purpose flour + chicken broth + salt,36,4.6444,4.7,999.33,3,0.0833,4.5442,0.1821,0.1002,-0.0988
cayenne pepper + kosher salt + unsalted butter,12,4.65,4.7,36.92,1,0.0833,4.5442,0.1821,0.1058,-0.0988
cayenne pepper + lemon juice + olive oil,12,4.65,4.7,422.67,1,0.0833,4.5442,0.1821,0.1058,-0.0988
cinnamon + flaked coconut + white sugar,12,4.65,4.7,546.42,1,0.0833,4.5442,0.1821,0.1058,-0.0988
cinnamon + ginger + walnut,12,4.65,4.7,208.75,1,0.0833,4.5442,0.1821,0.1058,-0.0988
garlic powder + green onion + onion powder,12,4.65,4.7,402.92,1,0.0833,4.5442,0.1821,0.1058,-0.0988
mozzarella cheese + parmesan cheese + water,12,4.65,4.7,2123.25,1,0.0833,4.5442,0.1821,0.1058,-0.0988
all-purpose flour + butter + dried thyme,24,4.6542,4.7,438.46,2,0.0833,4.5442,0.1821,0.11,-0.0988
all-purpose flour + cinnamon + orange juice,12,4.6583,4.7,176.0,1,0.0833,4.5442,0.1821,0.1141,-0.0988
black pepper + cooking spray + olive oil,12,4.6583,4.6,96.0,1,0.0833,4.5442,0.1821,0.1141,-0.0988
brown sugar + cayenne pepper + kosher salt,12,4.6583,4.7,125.25,1,0.0833,4.5442,0.1821,0.1141,-0.0988
chili powder + cumin + medium onion,12,4.6583,4.7,440.0,1,0.0833,4.5442,0.1821,0.1141,-0.0988
cinnamon + nutmeg + sugar,12,4.6583,4.7,99.75,1,0.0833,4.5442,0.1821,0.1141,-0.0988
cinnamon + orange juice + salt,12,4.6583,4.7,179.75,1,0.0833,4.5442,0.1821,0.1141,-0.0988
baking powder + flour + salt,12,4.6667,4.7,119.92,1,0.0833,4.5442,0.1821,0.1225,-0.0988
black pepper + dried thyme + onion powder,12,4.6667,4.7,923.67,1,0.0833,4.5442,0.1821,0.1225,-0.0988
garlic + paprika + soy sauce,12,4.6667,4.7,335.83,1,0.0833,4.5442,0.1821,0.1225,-0.0988
15 ounce can pumpkin puree + salt + vegetable oil,12,4.675,4.75,1335.58,1,0.0833,4.5442,0.1821,0.1308,-0.0988
all-purpose flour + bacon + onion,12,4.675,4.7,677.08,1,0.0833,4.5442,0.1821,0.1308,-0.0988
baking soda + butter + carrot,12,4.675,4.7,879.5,1,0.0833,4.5442,0.1821,0.1308,-0.0988
cayenne pepper or + freshly black pepper + large egg,12,4.675,4.7,206.92,1,0.0833,4.5442,0.1821,0.1308,-0.0988
chicken broth + garlic + water,12,4.675,4.75,745.67,1,0.0833,4.5442,0.1821,0.1308,-0.0988
baking soda + clove + vegetable oil,24,4.6917,4.7,829.5,2,0.0833,4.5442,0.1821,0.1475,-0.0988
beef + cumin + olive oil,12,4.6917,4.7,77.92,1,0.0833,4.5442,0.1821,0.1475,-0.0988
black pepper + chili powder + cilantro,12,4.6917,4.7,416.83,1,0.0833,4.5442,0.1821,0.1475,-0.0988
black pepper + kosher salt + onion powder,12,4.6917,4.7,230.5,1,0.0833,4.5442,0.1821,0.1475,-0.0988
butter + carrot + white sugar,12,4.6917,4.7,888.0,1,0.0833,4.5442,0.1821,0.1475,-0.0988
chicken broth + salt + vegetable oil,12,4.6917,4.7,451.17,1,0.0833,4.5442,0.1821,0.1475,-0.0988
cinnamon + heavy cream + vanilla extract,12,4.6917,4.8,141.33,1,0.0833,4.5442,0.1821,0.1475,-0.0988
garlic + olive oil + unsalted butter,12,4.7,4.7,89.42,1,0.0833,4.5442,0.1821,0.1558,-0.0988
half-and-half + onion + salt,12,4.7083,4.75,664.58,1,0.0833,4.5442,0.1821,0.1641,-0.0988
cumin + olive oil + smoked paprika,12,4.7333,4.8,92.75,1,0.0833,4.5442,0.1821,0.1891,-0.0988
baking soda + cinnamon + white sugar,242,4.6202,4.7,673.41,20,0.0826,4.5442,0.1821,0.076,-0.0995
baking soda + walnut + white sugar,121,4.6223,4.7,963.15,10,0.0826,4.5442,0.1821,0.0781,-0.0995
black pepper + dried oregano + garlic,97,4.6021,4.6,502.69,8,0.0825,4.5442,0.1821,0.0579,-0.0996
cumin + garlic + olive oil,97,4.6237,4.7,248.34,8,0.0825,4.5442,0.1821,0.0795,-0.0996
baking soda + cinnamon + walnut,85,4.6118,4.7,542.6,7,0.0824,4.5442,0.1821,0.0676,-0.0997
black pepper + garlic powder + salt,159,4.5987,4.6,379.11,13,0.0818,4.5442,0.1821,0.0545,-0.1003
garlic + green onion + salt,49,4.6082,4.7,281.78,4,0.0816,4.5442,0.1821,0.064,-0.1005
black pepper + carrot + water,37,4.5892,4.6,328.89,3,0.0811,4.5442,0.1821,0.045,-0.101
garlic + olive oil + soy sauce,37,4.6081,4.7,392.73,3,0.0811,4.5442,0.1821,0.0639,-0.101
baking powder + raisin + white sugar,37,4.6135,4.6,213.19,3,0.0811,4.5442,0.1821,0.0693,-0.101
all-purpose flour + cinnamon + large egg,111,4.6216,4.7,688.52,9,0.0811,4.5442,0.1821,0.0774,-0.101
all-purpose flour + baking soda + pecan,37,4.6378,4.7,498.51,3,0.0811,4.5442,0.1821,0.0936,-0.101
green bell pepper + salt + water,25,4.512,4.5,483.6,2,0.08,4.5442,0.1821,-0.0322,-0.1021
beef + black pepper + garlic powder,25,4.54,4.5,333.0,2,0.08,4.5442,0.1821,-0.0042,-0.1021
cumin + garlic + salt and black pepper,25,4.572,4.6,422.0,2,0.08,4.5442,0.1821,0.0278,-0.1021
black pepper + onion + stalks celery,25,4.584,4.6,334.96,2,0.08,4.5442,0.1821,0.0398,-0.1021
egg + honey + salt,25,4.584,4.6,755.8,2,0.08,4.5442,0.1821,0.0398,-0.1021
dried basil + garlic + salt,50,4.586,4.6,657.72,4,0.08,4.5442,0.1821,0.0418,-0.1021
all-purpose flour + dried thyme + onion,25,4.588,4.6,297.2,2,0.08,4.5442,0.1821,0.0438,-0.1021
black pepper + garlic + tomato paste,25,4.596,4.5,205.76,2,0.08,4.5442,0.1821,0.0518,-0.1021
black pepper + garlic powder + vegetable oil,25,4.604,4.6,565.36,2,0.08,4.5442,0.1821,0.0598,-0.1021
garlic + green bell pepper + red bell pepper,25,4.604,4.6,249.12,2,0.08,4.5442,0.1821,0.0598,-0.1021
brown sugar + garlic + ketchup,25,4.608,4.7,325.12,2,0.08,4.5442,0.1821,0.0638,-0.1021
dried oregano + garlic + parmesan cheese,25,4.608,4.6,600.64,2,0.08,4.5442,0.1821,0.0638,-0.1021
8 ounce package cream cheese + all-purpose flour + butter,25,4.62,4.7,278.48,2,0.08,4.5442,0.1821,0.0758,-0.1021
baking powder + clove + vanilla extract,25,4.62,4.7,322.6,2,0.08,4.5442,0.1821,0.0758,-0.1021
cumin + olive oil + onion,50,4.624,4.7,290.82,4,0.08,4.5442,0.1821,0.0798,-0.1021
black pepper + mozzarella cheese + parmesan cheese,25,4.624,4.7,1244.2,2,0.08,4.5442,0.1821,0.0798,-0.1021
cinnamon + clove + raisin,25,4.624,4.7,278.88,2,0.08,4.5442,0.1821,0.0798,-0.1021
black pepper + butter + worcestershire sauce,25,4.628,4.7,182.16,2,0.08,4.5442,0.1821,0.0838,-0.1021
all-purpose flour + ginger + vegetable oil,25,4.632,4.7,752.08,2,0.08,4.5442,0.1821,0.0878,-0.1021
carrot + egg + white sugar,25,4.632,4.7,548.88,2,0.08,4.5442,0.1821,0.0878,-0.1021
ginger + packed brown sugar + salt,25,4.636,4.7,620.88,2,0.08,4.5442,0.1821,0.0918,-0.1021
baking soda + large egg + nutmeg,25,4.644,4.7,203.6,2,0.08,4.5442,0.1821,0.0998,-0.1021
cayenne pepper + cinnamon + cumin,25,4.644,4.7,397.04,2,0.08,4.5442,0.1821,0.0998,-0.1021
black pepper + chili powder + cumin,50,4.65,4.7,417.26,4,0.08,4.5442,0.1821,0.1058,-0.1021
cayenne pepper + cinnamon + garlic,25,4.668,4.7,493.56,2,0.08,4.5442,0.1821,0.1238,-0.1021
all-purpose flour + baking soda + raisin,63,4.6127,4.7,467.51,5,0.0794,4.5442,0.1821,0.0685,-0.1027
black pepper + cheddar cheese + salt,51,4.5667,4.6,418.65,4,0.0784,4.5442,0.1821,0.0225,-0.1037
garlic + green onion + soy sauce,51,4.6196,4.7,371.9,4,0.0784,4.5442,0.1821,0.0754,-0.1037
all-purpose flour + butter + chicken broth,51,4.6373,4.7,767.08,4,0.0784,4.5442,0.1821,0.0931,-0.1037
dried oregano + garlic + salt,103,4.6039,4.6,531.19,8,0.0777,4.5442,0.1821,0.0597,-0.1044
parmesan cheese + parsley + water,13,4.4769,4.5,1839.54,1,0.0769,4.5442,0.1821,-0.0673,-0.1052
beef + milk + onion,13,4.5077,4.5,1345.54,1,0.0769,4.5442,0.1821,-0.0365,-0.1052
all-purpose flour + black pepper + vegetable oil for frying,13,4.5154,4.6,530.23,1,0.0769,4.5442,0.1821,-0.0288,-0.1052
ketchup + lean beef + onion,13,4.5154,4.6,526.0,1,0.0769,4.5442,0.1821,-0.0288,-0.1052
celery + dried basil + onion,13,4.5308,4.5,622.62,1,0.0769,4.5442,0.1821,-0.0134,-0.1052
bacon + black pepper + onion,13,4.5462,4.5,292.31,1,0.0769,4.5442,0.1821,0.002,-0.1052
black pepper + dried sage + salt,13,4.5462,4.5,248.92,1,0.0769,4.5442,0.1821,0.002,-0.1052
black pepper + milk + olive oil,13,4.5462,4.6,294.23,1,0.0769,4.5442,0.1821,0.002,-0.1052
egg + vanilla extract + whole wheat flour,13,4.5462,4.6,181.15,1,0.0769,4.5442,0.1821,0.002,-0.1052
ketchup + lean beef + salt,13,4.5462,4.6,969.85,1,0.0769,4.5442,0.1821,0.002,-0.1052
all-purpose flour + heavy whipping cream + vanilla extract,13,4.5538,4.5,391.08,1,0.0769,4.5442,0.1821,0.0096,-0.1052
beef + large egg + salt,13,4.5538,4.6,539.31,1,0.0769,4.5442,0.1821,0.0096,-0.1052
dried basil + dried thyme + onion,13,4.5538,4.6,283.92,1,0.0769,4.5442,0.1821,0.0096,-0.1052
freshly black pepper + garlic + parsley,13,4.5538,4.5,250.31,1,0.0769,4.5442,0.1821,0.0096,-0.1052
allspice + baking powder + ginger,13,4.5615,4.6,487.08,1,0.0769,4.5442,0.1821,0.0173,-0.1052
bay leaf + black pepper + dried thyme,13,4.5615,4.6,176.62,1,0.0769,4.5442,0.1821,0.0173,-0.1052
cornstarch + egg + water,13,4.5615,4.6,391.08,1,0.0769,4.5442,0.1821,0.0173,-0.1052
egg + heavy whipping cream + vanilla extract,13,4.5615,4.6,406.69,1,0.0769,4.5442,0.1821,0.0173,-0.1052
active dry yeast + all-purpose flour + water,13,4.5692,4.6,267.77,1,0.0769,4.5442,0.1821,0.025,-0.1052
all-purpose flour + butter + honey,13,4.5692,4.7,1235.0,1,0.0769,4.5442,0.1821,0.025,-0.1052
black pepper + green bell pepper + paprika,13,4.5692,4.5,267.08,1,0.0769,4.5442,0.1821,0.025,-0.1052
garlic powder + ketchup + salt,13,4.5692,4.6,247.08,1,0.0769,4.5442,0.1821,0.025,-0.1052
active dry yeast + all-purpose flour + white sugar,39,4.5718,4.6,285.59,3,0.0769,4.5442,0.1821,0.0276,-0.1052
6 ounce can tomato paste + dried oregano + garlic,13,4.5769,4.6,1394.23,1,0.0769,4.5442,0.1821,0.0327,-0.1052
all-purpose flour + blueberry + large egg,13,4.5769,4.6,421.38,1,0.0769,4.5442,0.1821,0.0327,-0.1052
brown sugar + cumin + salt,13,4.5769,4.6,372.77,1,0.0769,4.5442,0.1821,0.0327,-0.1052
butter + garlic + tomato paste,13,4.5769,4.5,216.54,1,0.0769,4.5442,0.1821,0.0327,-0.1052
carrot + dried basil + onion,13,4.5769,4.6,788.77,1,0.0769,4.5442,0.1821,0.0327,-0.1052
flaked coconut + rolled oat + vanilla extract,13,4.5769,4.6,127.31,1,0.0769,4.5442,0.1821,0.0327,-0.1052
garlic + lean beef + worcestershire sauce,13,4.5769,4.6,200.46,1,0.0769,4.5442,0.1821,0.0327,-0.1052
nutmeg + shortening + white sugar,13,4.5769,4.6,156.38,1,0.0769,4.5442,0.1821,0.0327,-0.1052
semisweet chocolate chip + vegetable oil + white sugar,13,4.5769,4.6,590.77,1,0.0769,4.5442,0.1821,0.0327,-0.1052
beef + garlic + water,26,4.5808,4.6,184.38,2,0.0769,4.5442,0.1821,0.0366,-0.1052
14.5 ounce can tomatoe + onion + salt,13,4.5846,4.6,581.38,1,0.0769,4.5442,0.1821,0.0404,-0.1052
beef + butter + worcestershire sauce,13,4.5846,4.6,123.69,1,0.0769,4.5442,0.1821,0.0404,-0.1052
black pepper + canola oil + salt,13,4.5846,4.6,125.54,1,0.0769,4.5442,0.1821,0.0404,-0.1052
black pepper + chicken stock + garlic,13,4.5846,4.6,159.62,1,0.0769,4.5442,0.1821,0.0404,-0.1052
chicken broth + garlic + parsley,13,4.5846,4.6,491.08,1,0.0769,4.5442,0.1821,0.0404,-0.1052
crumbled feta cheese + olive oil + salt,13,4.5846,4.6,227.69,1,0.0769,4.5442,0.1821,0.0404,-0.1052
dried basil + dried thyme + water,13,4.5846,4.6,443.46,1,0.0769,4.5442,0.1821,0.0404,-0.1052
garlic + honey + onion,13,4.5846,4.6,131.77,1,0.0769,4.5442,0.1821,0.0404,-0.1052
lean beef + mozzarella cheese + parmesan cheese,13,4.5846,4.6,3060.08,1,0.0769,4.5442,0.1821,0.0404,-0.1052
all-purpose flour + light corn syrup + vanilla extract,13,4.5923,4.6,304.23,1,0.0769,4.5442,0.1821,0.0481,-0.1052
bay leaf + carrot + salt,13,4.5923,4.6,387.77,1,0.0769,4.5442,0.1821,0.0481,-0.1052
black pepper + carrot + dried basil,13,4.5923,4.6,464.69,1,0.0769,4.5442,0.1821,0.0481,-0.1052
black pepper + cumin + green bell pepper,13,4.5923,4.7,674.08,1,0.0769,4.5442,0.1821,0.0481,-0.1052
black pepper + paprika + parmesan cheese,13,4.5923,4.6,242.38,1,0.0769,4.5442,0.1821,0.0481,-0.1052
dried thyme + garlic + salt and black pepper,13,4.5923,4.6,106.46,1,0.0769,4.5442,0.1821,0.0481,-0.1052
garlic + lean beef + parmesan cheese,13,4.5923,4.6,2348.15,1,0.0769,4.5442,0.1821,0.0481,-0.1052
lean beef + onion + parmesan cheese,13,4.5923,4.6,3241.0,1,0.0769,4.5442,0.1821,0.0481,-0.1052
butter + ginger + white sugar,26,4.6,4.65,135.46,2,0.0769,4.5442,0.1821,0.0558,-0.1052
15 ounce can tomato sauce + garlic + onion,13,4.6,4.7,666.31,1,0.0769,4.5442,0.1821,0.0558,-0.1052
baking powder + nutmeg + raisin,13,4.6,4.7,69.69,1,0.0769,4.5442,0.1821,0.0558,-0.1052
baking soda + egg + pumpkin pie spice,13,4.6,4.7,198.38,1,0.0769,4.5442,0.1821,0.0558,-0.1052
beef broth + garlic + olive oil,13,4.6,4.6,313.77,1,0.0769,4.5442,0.1821,0.0558,-0.1052
black pepper + dried basil + paprika,13,4.6,4.6,304.38,1,0.0769,4.5442,0.1821,0.0558,-0.1052
black pepper + parsley + white sugar,13,4.6,4.6,1793.08,1,0.0769,4.5442,0.1821,0.0558,-0.1052
butter + dried basil + onion,13,4.6,4.6,719.85,1,0.0769,4.5442,0.1821,0.0558,-0.1052
butter + large onion + milk,13,4.6,4.6,185.15,1,0.0769,4.5442,0.1821,0.0558,-0.1052
butter + light brown sugar + vanilla extract,13,4.6,4.6,347.54,1,0.0769,4.5442,0.1821,0.0558,-0.1052
butter + mozzarella cheese + salt,13,4.6,4.6,408.54,1,0.0769,4.5442,0.1821,0.0558,-0.1052
cornstarch + green onion + soy sauce,13,4.6,4.6,700.15,1,0.0769,4.5442,0.1821,0.0558,-0.1052
dried basil + onion + parmesan cheese,13,4.6,4.6,648.38,1,0.0769,4.5442,0.1821,0.0558,-0.1052
dried rosemary + dried thyme + garlic,13,4.6,4.6,124.46,1,0.0769,4.5442,0.1821,0.0558,-0.1052
green bell pepper + green onion + onion,13,4.6,4.6,194.31,1,0.0769,4.5442,0.1821,0.0558,-0.1052
green bell pepper + parsley + salt,13,4.6,4.6,164.69,1,0.0769,4.5442,0.1821,0.0558,-0.1052
packed brown sugar + quick cooking oat + salt,13,4.6,4.7,937.77,1,0.0769,4.5442,0.1821,0.0558,-0.1052
baking soda + salt + sour cream,39,4.6077,4.6,698.13,3,0.0769,4.5442,0.1821,0.0635,-0.1052
all-purpose flour + packed brown sugar + quick cooking oat,13,4.6077,4.6,732.62,1,0.0769,4.5442,0.1821,0.0635,-0.1052
black pepper + cooking spray + garlic powder,13,4.6077,4.6,204.38,1,0.0769,4.5442,0.1821,0.0635,-0.1052
black pepper + garlic powder + large egg,13,4.6077,4.6,86.85,1,0.0769,4.5442,0.1821,0.0635,-0.1052
blueberry + butter + egg,13,4.6077,4.6,329.38,1,0.0769,4.5442,0.1821,0.0635,-0.1052
butter room temperature + cinnamon + white sugar,13,4.6077,4.7,423.85,1,0.0769,4.5442,0.1821,0.0635,-0.1052
green onion + olive oil + onion,13,4.6077,4.7,116.38,1,0.0769,4.5442,0.1821,0.0635,-0.1052
kosher salt + olive oil + water,13,4.6077,4.7,143.69,1,0.0769,4.5442,0.1821,0.0635,-0.1052
black pepper + garlic powder + worcestershire sauce,26,4.6115,4.6,435.54,2,0.0769,4.5442,0.1821,0.0673,-0.1052
all-purpose flour + butter + heavy cream,26,4.6154,4.7,316.46,2,0.0769,4.5442,0.1821,0.0712,-0.1052
butter + rhubarb + white sugar,26,4.6154,4.7,213.58,2,0.0769,4.5442,0.1821,0.0712,-0.1052
bay leave + carrot + garlic,13,4.6154,4.6,143.46,1,0.0769,4.5442,0.1821,0.0712,-0.1052
butter + cornmeal + salt,13,4.6154,4.6,866.46,1,0.0769,4.5442,0.1821,0.0712,-0.1052
butter + cumin + onion,13,4.6154,4.6,297.77,1,0.0769,4.5442,0.1821,0.0712,-0.1052
butter + lemon juiced + salt,13,4.6154,4.6,366.69,1,0.0769,4.5442,0.1821,0.0712,-0.1052
green bell pepper + red bell pepper + salt,26,4.6192,4.7,412.31,2,0.0769,4.5442,0.1821,0.075,-0.1052
mushroom + onion + salt,26,4.6192,4.6,490.08,2,0.0769,4.5442,0.1821,0.075,-0.1052
all-purpose flour + packed light brown sugar + white sugar,26,4.6231,4.7,797.12,2,0.0769,4.5442,0.1821,0.0789,-0.1052
black pepper + chili powder + paprika,26,4.6231,4.7,361.0,2,0.0769,4.5442,0.1821,0.0789,-0.1052
all-purpose flour + lemon juice + olive oil,13,4.6231,4.6,293.08,1,0.0769,4.5442,0.1821,0.0789,-0.1052
black pepper + cheddar cheese + garlic,13,4.6231,4.7,414.46,1,0.0769,4.5442,0.1821,0.0789,-0.1052
black pepper + chili powder + onion powder,13,4.6231,4.7,178.15,1,0.0769,4.5442,0.1821,0.0789,-0.1052
black pepper + salt + water or as needed,13,4.6231,4.7,88.23,1,0.0769,4.5442,0.1821,0.0789,-0.1052
cheddar cheese + chili powder + garlic,13,4.6231,4.7,699.23,1,0.0769,4.5442,0.1821,0.0789,-0.1052
egg + pumpkin pie spice + vanilla extract,13,4.6231,4.7,98.46,1,0.0769,4.5442,0.1821,0.0789,-0.1052
green onion + rice vinegar + sesame oil,13,4.6231,4.7,245.54,1,0.0769,4.5442,0.1821,0.0789,-0.1052
nutmeg + vegetable oil + walnut,13,4.6231,4.7,203.85,1,0.0769,4.5442,0.1821,0.0789,-0.1052
all-purpose flour + carrot + vanilla extract,26,4.6269,4.7,732.92,2,0.0769,4.5442,0.1821,0.0827,-0.1052
garlic + parmesan cheese + salt and black pepper,26,4.6269,4.7,198.46,2,0.0769,4.5442,0.1821,0.0827,-0.1052
active dry yeast + vegetable oil + warm water 110 degrees f/45 degrees c,13,4.6308,4.6,763.69,1,0.0769,4.5442,0.1821,0.0866,-0.1052
black pepper + stalks celery + vegetable oil,13,4.6308,4.7,214.38,1,0.0769,4.5442,0.1821,0.0866,-0.1052
bread flour + warm water 110 degrees f/45 degrees c + white sugar,13,4.6308,4.7,1365.69,1,0.0769,4.5442,0.1821,0.0866,-0.1052
brown sugar + garlic powder + soy sauce,13,4.6308,4.7,588.62,1,0.0769,4.5442,0.1821,0.0866,-0.1052
butter + carrot + stalks celery,13,4.6308,4.7,389.15,1,0.0769,4.5442,0.1821,0.0866,-0.1052
chicken stock + olive oil + salt,13,4.6308,4.7,197.31,1,0.0769,4.5442,0.1821,0.0866,-0.1052
egg + pecan + vegetable oil,13,4.6308,4.7,787.15,1,0.0769,4.5442,0.1821,0.0866,-0.1052
baking soda + butter + raisin,26,4.6346,4.7,606.69,2,0.0769,4.5442,0.1821,0.0904,-0.1052
cayenne pepper + onion powder + paprika,26,4.6346,4.7,515.27,2,0.0769,4.5442,0.1821,0.0904,-0.1052
bacon + butter + onion,13,4.6385,4.6,639.23,1,0.0769,4.5442,0.1821,0.0943,-0.1052
baking soda + butter + lemon juice,13,4.6385,4.7,151.54,1,0.0769,4.5442,0.1821,0.0943,-0.1052
blueberry + butter + milk,13,4.6385,4.7,413.85,1,0.0769,4.5442,0.1821,0.0943,-0.1052
cayenne pepper + cinnamon + salt,13,4.6385,4.7,231.62,1,0.0769,4.5442,0.1821,0.0943,-0.1052
carrot + vanilla extract + white sugar,26,4.6423,4.7,734.58,2,0.0769,4.5442,0.1821,0.0981,-0.1052
all-purpose flour + confectioners' sugar + pecan,13,4.6462,4.7,778.46,1,0.0769,4.5442,0.1821,0.102,-0.1052
butter + packed brown sugar + raisin,13,4.6462,4.7,382.15,1,0.0769,4.5442,0.1821,0.102,-0.1052
cayenne pepper + garlic + stalks celery,13,4.6462,4.6,851.92,1,0.0769,4.5442,0.1821,0.102,-0.1052
chicken broth + mushroom + salt,13,4.6462,4.7,750.62,1,0.0769,4.5442,0.1821,0.102,-0.1052
garlic + rosemary + salt,13,4.6462,4.7,316.54,1,0.0769,4.5442,0.1821,0.102,-0.1052
raisin + vegetable oil + walnut,13,4.6462,4.7,606.31,1,0.0769,4.5442,0.1821,0.102,-0.1052
baking soda + pecan + salt,39,4.6487,4.7,438.1,3,0.0769,4.5442,0.1821,0.1045,-0.1052
all-purpose flour + cinnamon + pecan,39,4.6538,4.7,492.74,3,0.0769,4.5442,0.1821,0.1096,-0.1052
all-purpose flour + carrot + stalks celery,13,4.6538,4.7,447.38,1,0.0769,4.5442,0.1821,0.1096,-0.1052
all-purpose flour + chicken broth + parsley,13,4.6538,4.7,554.15,1,0.0769,4.5442,0.1821,0.1096,-0.1052
baking soda + cinnamon + sour cream,13,4.6538,4.7,226.92,1,0.0769,4.5442,0.1821,0.1096,-0.1052
butter + freshly black pepper + onion,13,4.6538,4.7,195.15,1,0.0769,4.5442,0.1821,0.1096,-0.1052
butter + lemon juice + nutmeg,13,4.6538,4.7,245.38,1,0.0769,4.5442,0.1821,0.1096,-0.1052
extra-virgin olive oil + garlic + salt,13,4.6538,4.7,124.77,1,0.0769,4.5442,0.1821,0.1096,-0.1052
beef + dried oregano + olive oil,13,4.6615,4.7,91.23,1,0.0769,4.5442,0.1821,0.1173,-0.1052
cinnamon + flaked coconut + salt,13,4.6615,4.7,505.92,1,0.0769,4.5442,0.1821,0.1173,-0.1052
8 ounce can tomato sauce + garlic + water,13,4.6692,4.7,261.69,1,0.0769,4.5442,0.1821,0.125,-0.1052
all-purpose flour + unsalted butter at room temperature + white sugar,13,4.6692,4.7,405.85,1,0.0769,4.5442,0.1821,0.125,-0.1052
butter + carrot + cinnamon,13,4.6692,4.7,849.31,1,0.0769,4.5442,0.1821,0.125,-0.1052
dried oregano + garlic + large egg,13,4.6692,4.7,469.15,1,0.0769,4.5442,0.1821,0.125,-0.1052
freshly black pepper + kosher salt + large egg,13,4.6692,4.7,55.69,1,0.0769,4.5442,0.1821,0.125,-0.1052
all-purpose flour + beef broth + butter,13,4.6769,4.7,689.31,1,0.0769,4.5442,0.1821,0.1327,-0.1052
black pepper + salt + smoked paprika,13,4.6769,4.7,126.85,1,0.0769,4.5442,0.1821,0.1327,-0.1052
chicken broth + onion + stalks celery,13,4.6769,4.7,346.92,1,0.0769,4.5442,0.1821,0.1327,-0.1052
garlic + olive oil + sea salt,13,4.6769,4.7,319.15,1,0.0769,4.5442,0.1821,0.1327,-0.1052
onion + salt + salt and black pepper,13,4.6769,4.7,122.62,1,0.0769,4.5442,0.1821,0.1327,-0.1052
salt + vegetable oil + worcestershire sauce,13,4.6846,4.8,304.85,1,0.0769,4.5442,0.1821,0.1404,-0.1052
8 ounce package cream cheese + cinnamon + confectioners' sugar,13,4.6923,4.7,426.92,1,0.0769,4.5442,0.1821,0.1481,-0.1052
black pepper + lemon juiced + salt,13,4.6923,4.7,273.15,1,0.0769,4.5442,0.1821,0.1481,-0.1052
butter + large egg + onion,13,4.6923,4.7,290.38,1,0.0769,4.5442,0.1821,0.1481,-0.1052
cayenne pepper + freshly black pepper + large egg,13,4.6923,4.7,62.69,1,0.0769,4.5442,0.1821,0.1481,-0.1052
cilantro + cumin + salt and black pepper,13,4.6923,4.7,807.69,1,0.0769,4.5442,0.1821,0.1481,-0.1052
dried thyme + garlic powder + onion powder,13,4.6923,4.7,688.0,1,0.0769,4.5442,0.1821,0.1481,-0.1052
green onion + parmesan cheese + salt,13,4.6923,4.7,704.0,1,0.0769,4.5442,0.1821,0.1481,-0.1052
all-purpose flour + bacon + butter,13,4.7,4.8,630.0,1,0.0769,4.5442,0.1821,0.1558,-0.1052
cayenne pepper or + cumin + garlic,13,4.7,4.7,291.31,1,0.0769,4.5442,0.1821,0.1558,-0.1052
all-purpose flour + bacon + salt,13,4.7077,4.7,605.0,1,0.0769,4.5442,0.1821,0.1635,-0.1052
all-purpose flour + beef broth + garlic,13,4.7077,4.8,634.23,1,0.0769,4.5442,0.1821,0.1635,-0.1052
confectioners' sugar + heavy cream + vanilla extract,13,4.7077,4.7,246.54,1,0.0769,4.5442,0.1821,0.1635,-0.1052
medium onion + olive oil + salt,13,4.7077,4.8,376.38,1,0.0769,4.5442,0.1821,0.1635,-0.1052
italian seasoning + mozzarella cheese + parmesan cheese,13,4.7154,4.7,1718.38,1,0.0769,4.5442,0.1821,0.1712,-0.1052
cayenne pepper + freshly black pepper + smoked paprika,13,4.7385,4.8,34.62,1,0.0769,4.5442,0.1821,0.1943,-0.1052
garlic + olive oil + smoked paprika,13,4.7385,4.8,93.0,1,0.0769,4.5442,0.1821,0.1943,-0.1052
all-purpose flour + ginger + unsalted butter,13,4.7462,4.8,76.77,1,0.0769,4.5442,0.1821,0.202,-0.1052
olive oil + salt + smoked paprika,13,4.7615,4.8,86.92,1,0.0769,4.5442,0.1821,0.2173,-0.1052
rolled oat + vanilla extract + white sugar,40,4.5825,4.6,604.58,3,0.075,4.5442,0.1821,0.0383,-0.1071
all-purpose flour + raisin + white sugar,67,4.6075,4.7,464.37,5,0.0746,4.5442,0.1821,0.0633,-0.1075
all-purpose flour + honey + salt,27,4.563,4.6,678.33,2,0.0741,4.5442,0.1821,0.0188,-0.108
dried basil + dried oregano + onion,27,4.563,4.6,658.56,2,0.0741,4.5442,0.1821,0.0188,-0.108
8 ounce package cream cheese + egg + white sugar,27,4.5741,4.6,332.07,2,0.0741,4.5442,0.1821,0.0299,-0.108
heavy whipping cream + vanilla extract + white sugar,27,4.5889,4.6,338.48,2,0.0741,4.5442,0.1821,0.0447,-0.108
all-purpose flour + rolled oat + white sugar,54,4.5963,4.6,511.7,4,0.0741,4.5442,0.1821,0.0521,-0.108
green onion + soy sauce + white sugar,27,4.5963,4.7,265.81,2,0.0741,4.5442,0.1821,0.0521,-0.108
baking soda + ginger + vanilla extract,27,4.6,4.6,137.81,2,0.0741,4.5442,0.1821,0.0558,-0.108
baking soda + egg + pecan,27,4.6111,4.6,608.11,2,0.0741,4.5442,0.1821,0.0669,-0.108
cayenne pepper + dried oregano + salt,27,4.6148,4.6,731.19,2,0.0741,4.5442,0.1821,0.0706,-0.108
baking soda + carrot + white sugar,27,4.6481,4.7,728.26,2,0.0741,4.5442,0.1821,0.1039,-0.108
black pepper + salt + soy sauce,41,4.5659,4.6,297.49,3,0.0732,4.5442,0.1821,0.0217,-0.1089
all-purpose flour + nutmeg + vegetable oil,41,4.6244,4.7,501.59,3,0.0732,4.5442,0.1821,0.0802,-0.1089
large egg + packed brown sugar + white sugar,41,4.6317,4.7,857.98,3,0.0732,4.5442,0.1821,0.0875,-0.1089
baking soda + cinnamon + zucchini,41,4.639,4.7,632.05,3,0.0732,4.5442,0.1821,0.0948,-0.1089
baking soda + vegetable oil + zucchini,41,4.6415,4.7,701.95,3,0.0732,4.5442,0.1821,0.0973,-0.1089
baking soda + pecan + white sugar,41,4.6488,4.7,477.34,3,0.0732,4.5442,0.1821,0.1046,-0.1089
black pepper + dried oregano + paprika,41,4.6537,4.7,393.2,3,0.0732,4.5442,0.1821,0.1095,-0.1089
baking soda + salt + walnut,124,4.6177,4.7,872.1,9,0.0726,4.5442,0.1821,0.0735,-0.1095
butter + garlic + parmesan cheese,69,4.5971,4.6,281.75,5,0.0725,4.5442,0.1821,0.0529,-0.1096
salt + uncooked white rice + water,14,4.4643,4.5,446.36,1,0.0714,4.5442,0.1821,-0.0799,-0.1107
green bell pepper + red bell pepper + vegetable oil,14,4.4929,4.55,421.64,1,0.0714,4.5442,0.1821,-0.0513,-0.1107
confectioners' sugar + egg + water,14,4.5,4.55,230.64,1,0.0714,4.5442,0.1821,-0.0442,-0.1107
butter + large egg + unsweetened cocoa powder,14,4.5071,4.5,513.86,1,0.0714,4.5442,0.1821,-0.0371,-0.1107
cayenne pepper + cilantro + onion,14,4.55,4.6,1249.14,1,0.0714,4.5442,0.1821,0.0058,-0.1107
egg + lean beef + salt,14,4.55,4.6,662.79,1,0.0714,4.5442,0.1821,0.0058,-0.1107
egg + mozzarella cheese + salt,14,4.55,4.55,644.93,1,0.0714,4.5442,0.1821,0.0058,-0.1107
baking powder + butter + ginger,14,4.5571,4.55,131.29,1,0.0714,4.5442,0.1821,0.0129,-0.1107
all-purpose flour + salt + water or as needed,14,4.5643,4.6,134.0,1,0.0714,4.5442,0.1821,0.0201,-0.1107
black pepper + salt + white wine,14,4.5643,4.6,674.43,1,0.0714,4.5442,0.1821,0.0201,-0.1107
baking powder + blueberry + milk,14,4.5714,4.6,370.86,1,0.0714,4.5442,0.1821,0.0272,-0.1107
black pepper + olive oil + tomato paste,14,4.5714,4.55,412.14,1,0.0714,4.5442,0.1821,0.0272,-0.1107
celery + dried oregano + garlic,14,4.5714,4.5,249.5,1,0.0714,4.5442,0.1821,0.0272,-0.1107
all-purpose flour + butter room temperature + white sugar,14,4.5786,4.65,202.93,1,0.0714,4.5442,0.1821,0.0344,-0.1107
beef + black pepper + butter,14,4.5786,4.65,158.43,1,0.0714,4.5442,0.1821,0.0344,-0.1107
beef + cheddar cheese + salt,14,4.5786,4.6,789.57,1,0.0714,4.5442,0.1821,0.0344,-0.1107
baking powder + baking soda + pumpkin pie spice,14,4.5857,4.65,225.07,1,0.0714,4.5442,0.1821,0.0415,-0.1107
baking soda + packed light brown sugar + vanilla extract,14,4.5857,4.6,1338.29,1,0.0714,4.5442,0.1821,0.0415,-0.1107
garlic + large egg + soy sauce,14,4.5857,4.6,198.29,1,0.0714,4.5442,0.1821,0.0415,-0.1107
garlic + salt and black pepper + soy sauce,14,4.5857,4.65,242.43,1,0.0714,4.5442,0.1821,0.0415,-0.1107
baking soda + cinnamon + shortening,28,4.5893,4.6,478.0,2,0.0714,4.5442,0.1821,0.0451,-0.1107
baking soda + honey + salt,14,4.5929,4.65,213.43,1,0.0714,4.5442,0.1821,0.0487,-0.1107
black pepper + brown sugar + cayenne pepper,14,4.5929,4.6,234.36,1,0.0714,4.5442,0.1821,0.0487,-0.1107
egg + garlic + white sugar,14,4.5929,4.6,1832.21,1,0.0714,4.5442,0.1821,0.0487,-0.1107
garlic powder + salt + soy sauce,14,4.5929,4.6,598.57,1,0.0714,4.5442,0.1821,0.0487,-0.1107
baking soda + egg + walnut,84,4.5976,4.6,951.36,6,0.0714,4.5442,0.1821,0.0534,-0.1107
baking soda + semisweet chocolate chip + vegetable oil,14,4.6,4.65,550.43,1,0.0714,4.5442,0.1821,0.0558,-0.1107
beef + garlic + large onion,14,4.6,4.6,299.57,1,0.0714,4.5442,0.1821,0.0558,-0.1107
butter + cornstarch + lemon juice,14,4.6,4.6,305.86,1,0.0714,4.5442,0.1821,0.0558,-0.1107
butter + packed light brown sugar + vanilla extract,14,4.6,4.6,1288.14,1,0.0714,4.5442,0.1821,0.0558,-0.1107
butter + vegetable oil + water,14,4.6,4.6,494.29,1,0.0714,4.5442,0.1821,0.0558,-0.1107
cayenne pepper + chili powder + onion,14,4.6,4.65,538.07,1,0.0714,4.5442,0.1821,0.0558,-0.1107
clove + egg + walnut,14,4.6,4.6,131.64,1,0.0714,4.5442,0.1821,0.0558,-0.1107
confectioners' sugar + pecan + white sugar,14,4.6,4.7,868.79,1,0.0714,4.5442,0.1821,0.0558,-0.1107
cumin + onion + tomato,14,4.6,4.6,421.86,1,0.0714,4.5442,0.1821,0.0558,-0.1107
distilled white vinegar + vanilla extract + white sugar,14,4.6,4.7,278.29,1,0.0714,4.5442,0.1821,0.0558,-0.1107
baking powder + egg + pecan,28,4.6071,4.6,596.25,2,0.0714,4.5442,0.1821,0.0629,-0.1107
all-purpose flour + butter + pumpkin puree,14,4.6071,4.65,185.5,1,0.0714,4.5442,0.1821,0.0629,-0.1107
brown sugar + chili powder + salt,14,4.6071,4.7,171.36,1,0.0714,4.5442,0.1821,0.0629,-0.1107
blueberry + salt + white sugar,42,4.6143,4.7,725.83,3,0.0714,4.5442,0.1821,0.0701,-0.1107
15 ounce can pumpkin puree + nutmeg + white sugar,14,4.6143,4.7,827.14,1,0.0714,4.5442,0.1821,0.0701,-0.1107
baking soda + packed light brown sugar + white sugar,14,4.6143,4.65,1334.57,1,0.0714,4.5442,0.1821,0.0701,-0.1107
butter + chicken broth + mushroom,14,4.6143,4.7,608.43,1,0.0714,4.5442,0.1821,0.0701,-0.1107
chili powder + dried oregano + paprika,14,4.6143,4.6,412.21,1,0.0714,4.5442,0.1821,0.0701,-0.1107
dried oregano + freshly black pepper + salt,14,4.6143,4.7,138.14,1,0.0714,4.5442,0.1821,0.0701,-0.1107
kosher salt + large egg + unsalted butter,14,4.6143,4.6,42.57,1,0.0714,4.5442,0.1821,0.0701,-0.1107
baking powder + ginger + white sugar,28,4.6179,4.7,102.14,2,0.0714,4.5442,0.1821,0.0737,-0.1107
8 ounce package cream cheese + baking powder + white sugar,14,4.6214,4.65,294.86,1,0.0714,4.5442,0.1821,0.0772,-0.1107
all-purpose flour + black pepper + sour cream,14,4.6214,4.7,663.5,1,0.0714,4.5442,0.1821,0.0772,-0.1107
baking soda + large egg + raisin,14,4.6214,4.7,656.36,1,0.0714,4.5442,0.1821,0.0772,-0.1107
black pepper + garlic powder + mayonnaise,14,4.6214,4.6,376.43,1,0.0714,4.5442,0.1821,0.0772,-0.1107
confectioners' sugar + salt + unsalted butter,14,4.6214,4.75,397.21,1,0.0714,4.5442,0.1821,0.0772,-0.1107
onion + parsley + salt and black pepper,14,4.6214,4.7,227.64,1,0.0714,4.5442,0.1821,0.0772,-0.1107
black pepper + garlic + mozzarella cheese,28,4.625,4.7,1164.25,2,0.0714,4.5442,0.1821,0.0808,-0.1107
orange juice + salt + white sugar,28,4.625,4.7,205.14,2,0.0714,4.5442,0.1821,0.0808,-0.1107
all-purpose flour + cinnamon + orange zest,14,4.6286,4.65,208.5,1,0.0714,4.5442,0.1821,0.0844,-0.1107
all-purpose flour + cornstarch + lemon juice,14,4.6286,4.6,659.64,1,0.0714,4.5442,0.1821,0.0844,-0.1107
baking soda + ginger + packed brown sugar,14,4.6286,4.7,326.79,1,0.0714,4.5442,0.1821,0.0844,-0.1107
baking soda + packed light brown sugar + salt,14,4.6286,4.65,1414.07,1,0.0714,4.5442,0.1821,0.0844,-0.1107
baking soda + walnut + water,14,4.6286,4.65,249.71,1,0.0714,4.5442,0.1821,0.0844,-0.1107
brown sugar + garlic + honey,14,4.6286,4.7,214.14,1,0.0714,4.5442,0.1821,0.0844,-0.1107
brown sugar + green onion + soy sauce,14,4.6286,4.7,289.07,1,0.0714,4.5442,0.1821,0.0844,-0.1107
cinnamon + egg + whole wheat flour,14,4.6286,4.6,173.14,1,0.0714,4.5442,0.1821,0.0844,-0.1107
lime juice + olive oil + salt,14,4.6286,4.7,288.93,1,0.0714,4.5442,0.1821,0.0844,-0.1107
baking powder + baking soda + pecan,28,4.6321,4.6,531.79,2,0.0714,4.5442,0.1821,0.0879,-0.1107
cumin + olive oil + paprika,28,4.6321,4.7,246.79,2,0.0714,4.5442,0.1821,0.0879,-0.1107
black pepper + vegetable oil + worcestershire sauce,14,4.6357,4.6,699.0,1,0.0714,4.5442,0.1821,0.0915,-0.1107
blueberry + egg + salt,14,4.6357,4.7,1345.93,1,0.0714,4.5442,0.1821,0.0915,-0.1107
chicken broth + chili powder + cumin,14,4.6357,4.7,110.86,1,0.0714,4.5442,0.1821,0.0915,-0.1107
garlic powder + kosher salt + pepper,14,4.6357,4.8,35.71,1,0.0714,4.5442,0.1821,0.0915,-0.1107
large egg + rolled oat + salt,14,4.6357,4.7,644.07,1,0.0714,4.5442,0.1821,0.0915,-0.1107
cinnamon + large egg + walnut,28,4.6393,4.7,932.11,2,0.0714,4.5442,0.1821,0.0951,-0.1107
baking soda + carrot + vanilla extract,28,4.6429,4.7,696.82,2,0.0714,4.5442,0.1821,0.0987,-0.1107
carrot + cinnamon + egg,28,4.6429,4.7,499.71,2,0.0714,4.5442,0.1821,0.0987,-0.1107
cumin + dried oregano + onion,28,4.6429,4.7,574.75,2,0.0714,4.5442,0.1821,0.0987,-0.1107
allspice + cinnamon + vegetable oil,14,4.6429,4.7,488.5,1,0.0714,4.5442,0.1821,0.0987,-0.1107
baking powder + confectioners' sugar + vegetable oil,14,4.6429,4.7,1196.64,1,0.0714,4.5442,0.1821,0.0987,-0.1107
black pepper + chicken broth + dried thyme,14,4.6429,4.7,274.71,1,0.0714,4.5442,0.1821,0.0987,-0.1107
butter + chicken stock + onion,14,4.6429,4.7,232.79,1,0.0714,4.5442,0.1821,0.0987,-0.1107
ginger + packed brown sugar + white sugar,14,4.6429,4.7,193.43,1,0.0714,4.5442,0.1821,0.0987,-0.1107
olive oil + onion + oregano,14,4.6429,4.65,319.93,1,0.0714,4.5442,0.1821,0.0987,-0.1107
carrot + salt + vanilla extract,28,4.65,4.7,682.54,2,0.0714,4.5442,0.1821,0.1058,-0.1107
celery + chicken broth + onion,28,4.65,4.7,976.07,2,0.0714,4.5442,0.1821,0.1058,-0.1107
chicken broth + olive oil + onion,28,4.65,4.7,223.25,2,0.0714,4.5442,0.1821,0.1058,-0.1107
8 ounce package cream cheese + all-purpose flour + confectioners' sugar,14,4.65,4.7,263.71,1,0.0714,4.5442,0.1821,0.1058,-0.1107
black pepper + green onion + parmesan cheese,14,4.65,4.7,606.21,1,0.0714,4.5442,0.1821,0.1058,-0.1107
butter + chicken broth + dried thyme,14,4.65,4.7,480.79,1,0.0714,4.5442,0.1821,0.1058,-0.1107
butter + olive oil + white wine,14,4.65,4.7,220.57,1,0.0714,4.5442,0.1821,0.1058,-0.1107
carrot + stalks celery + vegetable oil,14,4.65,4.7,183.71,1,0.0714,4.5442,0.1821,0.1058,-0.1107
celery + salt + white sugar,14,4.65,4.7,382.93,1,0.0714,4.5442,0.1821,0.1058,-0.1107
dried thyme + olive oil + salt,14,4.65,4.7,476.5,1,0.0714,4.5442,0.1821,0.1058,-0.1107
pumpkin pie spice + vanilla extract + white sugar,14,4.65,4.7,101.29,1,0.0714,4.5442,0.1821,0.1058,-0.1107
baking soda + ginger + nutmeg,28,4.6536,4.7,465.36,2,0.0714,4.5442,0.1821,0.1094,-0.1107
carrot + cinnamon + vegetable oil,28,4.6536,4.7,716.36,2,0.0714,4.5442,0.1821,0.1094,-0.1107
all-purpose flour + large egg + onion,14,4.6571,4.7,306.64,1,0.0714,4.5442,0.1821,0.1129,-0.1107
cayenne pepper + garlic + worcestershire sauce,14,4.6571,4.7,937.64,1,0.0714,4.5442,0.1821,0.1129,-0.1107
cinnamon + cumin + dried oregano,14,4.6571,4.7,182.43,1,0.0714,4.5442,0.1821,0.1129,-0.1107
cinnamon + flaked coconut + vanilla extract,14,4.6571,4.7,468.64,1,0.0714,4.5442,0.1821,0.1129,-0.1107
cayenne pepper + cumin + dried oregano,28,4.6607,4.7,868.29,2,0.0714,4.5442,0.1821,0.1165,-0.1107
all-purpose flour + baking soda + sugar,14,4.6643,4.8,430.93,1,0.0714,4.5442,0.1821,0.1201,-0.1107
cayenne pepper or + garlic + onion,14,4.6643,4.7,472.07,1,0.0714,4.5442,0.1821,0.1201,-0.1107
cinnamon + onion + salt,14,4.6643,4.7,104.57,1,0.0714,4.5442,0.1821,0.1201,-0.1107
cumin + dried oregano + vegetable oil,14,4.6643,4.7,449.0,1,0.0714,4.5442,0.1821,0.1201,-0.1107
parmesan cheese + red pepper flake + salt,14,4.6643,4.65,367.43,1,0.0714,4.5442,0.1821,0.1201,-0.1107
freshly black pepper + onion + salt,28,4.6714,4.7,293.75,2,0.0714,4.5442,0.1821,0.1272,-0.1107
all-purpose flour + salt + unsalted butter at room temperature,14,4.6714,4.7,389.29,1,0.0714,4.5442,0.1821,0.1272,-0.1107
chili powder + cilantro + olive oil,14,4.6714,4.7,391.57,1,0.0714,4.5442,0.1821,0.1272,-0.1107
chili powder + cumin + onion powder,14,4.6714,4.7,126.93,1,0.0714,4.5442,0.1821,0.1272,-0.1107
cumin + onion powder + salt,14,4.6786,4.7,203.57,1,0.0714,4.5442,0.1821,0.1344,-0.1107
buttermilk + large egg + vanilla extract,14,4.6857,4.75,719.21,1,0.0714,4.5442,0.1821,0.1415,-0.1107
dijon mustard + garlic + olive oil,14,4.6857,4.75,263.29,1,0.0714,4.5442,0.1821,0.1415,-0.1107
dried oregano + onion powder + paprika,14,4.6857,4.7,457.0,1,0.0714,4.5442,0.1821,0.1415,-0.1107
freshly black pepper + garlic powder + onion powder,14,4.6857,4.75,160.36,1,0.0714,4.5442,0.1821,0.1415,-0.1107
dried oregano + garlic + red pepper flake,14,4.6929,4.7,357.07,1,0.0714,4.5442,0.1821,0.1487,-0.1107
freshly black pepper + garlic + ginger,14,4.6929,4.7,281.79,1,0.0714,4.5442,0.1821,0.1487,-0.1107
garlic + garlic powder + onion powder,14,4.6929,4.7,189.57,1,0.0714,4.5442,0.1821,0.1487,-0.1107
all-purpose flour + carrot + chicken broth,14,4.7,4.8,1351.0,1,0.0714,4.5442,0.1821,0.1558,-0.1107
cayenne pepper + dried oregano + garlic powder,14,4.7,4.7,384.79,1,0.0714,4.5442,0.1821,0.1558,-0.1107
cayenne pepper + garlic + tomato paste,14,4.7,4.75,296.93,1,0.0714,4.5442,0.1821,0.1558,-0.1107
cinnamon + ginger + unsalted butter,14,4.7,4.8,73.79,1,0.0714,4.5442,0.1821,0.1558,-0.1107
garlic + kosher salt + onion,14,4.7,4.8,192.71,1,0.0714,4.5442,0.1821,0.1558,-0.1107
freshly black pepper + large egg + olive oil,14,4.7357,4.8,81.36,1,0.0714,4.5442,0.1821,0.1915,-0.1107
garlic + lemon juice + olive oil,85,4.6,4.6,291.28,6,0.0706,4.5442,0.1821,0.0558,-0.1115
baking soda + nutmeg + salt,100,4.618,4.7,317.89,7,0.07,4.5442,0.1821,0.0738,-0.1121
dried thyme + garlic + onion,43,4.5791,4.6,181.86,3,0.0698,4.5442,0.1821,0.0349,-0.1123
dried basil + dried oregano + salt,43,4.5814,4.6,721.3,3,0.0698,4.5442,0.1821,0.0372,-0.1123
cumin + olive oil + salt,86,4.6419,4.7,250.06,6,0.0698,4.5442,0.1821,0.0977,-0.1123
baking powder + baking soda + walnut,72,4.6153,4.6,493.65,5,0.0694,4.5442,0.1821,0.0711,-0.1127
butter + packed brown sugar + rolled oat,29,4.5621,4.6,509.79,2,0.069,4.5442,0.1821,0.0179,-0.1131
black pepper + dried basil + garlic,58,4.5845,4.6,542.03,4,0.069,4.5442,0.1821,0.0403,-0.1131
egg + rolled oat + salt,29,4.5966,4.6,514.31,2,0.069,4.5442,0.1821,0.0524,-0.1131
chili powder + paprika + salt,29,4.6034,4.7,299.83,2,0.069,4.5442,0.1821,0.0592,-0.1131
baking powder + pecan + vanilla extract,29,4.6103,4.7,537.59,2,0.069,4.5442,0.1821,0.0661,-0.1131
blueberry + butter + white sugar,29,4.6241,4.7,346.52,2,0.069,4.5442,0.1821,0.0799,-0.1131
8 ounce package cream cheese + salt + white sugar,29,4.6345,4.7,348.79,2,0.069,4.5442,0.1821,0.0903,-0.1131
black pepper + garlic powder + parmesan cheese,29,4.6448,4.6,579.17,2,0.069,4.5442,0.1821,0.1006,-0.1131
baking soda + vanilla extract + walnut,102,4.6078,4.6,1051.76,7,0.0686,4.5442,0.1821,0.0636,-0.1135
raisin + salt + white sugar,73,4.6192,4.6,408.36,5,0.0685,4.5442,0.1821,0.075,-0.1136
bread flour + salt + white sugar,44,4.6182,4.65,804.45,3,0.0682,4.5442,0.1821,0.074,-0.1139
cayenne pepper + garlic + paprika,44,4.625,4.65,534.48,3,0.0682,4.5442,0.1821,0.0808,-0.1139
8 ounce package cream cheese + vanilla extract + white sugar,44,4.6386,4.7,373.02,3,0.0682,4.5442,0.1821,0.0944,-0.1139
cornstarch + garlic + onion,15,4.5067,4.5,208.53,1,0.0667,4.5442,0.1821,-0.0375,-0.1154
beef + onion + salt and pepper,15,4.52,4.6,1115.6,1,0.0667,4.5442,0.1821,-0.0242,-0.1154
all-purpose flour + confectioners' sugar + water,15,4.5333,4.6,252.47,1,0.0667,4.5442,0.1821,-0.0109,-0.1154
confectioners' sugar + vanilla extract + water,15,4.5333,4.6,284.0,1,0.0667,4.5442,0.1821,-0.0109,-0.1154
baking powder + cornmeal + milk,15,4.54,4.6,433.73,1,0.0667,4.5442,0.1821,-0.0042,-0.1154
green bell pepper + onion + paprika,15,4.54,4.5,112.6,1,0.0667,4.5442,0.1821,-0.0042,-0.1154
all-purpose flour + baking powder + kosher salt,15,4.5467,4.5,108.4,1,0.0667,4.5442,0.1821,0.0025,-0.1154
black pepper + mushroom + olive oil,15,4.5533,4.5,298.87,1,0.0667,4.5442,0.1821,0.0091,-0.1154
garlic + large onion + salt and pepper,15,4.56,4.6,267.07,1,0.0667,4.5442,0.1821,0.0158,-0.1154
all-purpose flour + dried basil + salt,15,4.5733,4.6,594.33,1,0.0667,4.5442,0.1821,0.0291,-0.1154
celery + dried oregano + onion,15,4.5733,4.5,502.8,1,0.0667,4.5442,0.1821,0.0291,-0.1154
green bell pepper + paprika + salt,15,4.5733,4.5,116.73,1,0.0667,4.5442,0.1821,0.0291,-0.1154
packed brown sugar + shortening + white sugar,15,4.5733,4.6,496.0,1,0.0667,4.5442,0.1821,0.0291,-0.1154
black pepper + salt + vegetable broth,15,4.58,4.6,174.67,1,0.0667,4.5442,0.1821,0.0358,-0.1154
hot water + salt + white sugar,15,4.58,4.6,1558.73,1,0.0667,4.5442,0.1821,0.0358,-0.1154
nutmeg + salt + unsalted butter,15,4.58,4.6,129.33,1,0.0667,4.5442,0.1821,0.0358,-0.1154
all-purpose flour + black pepper + green bell pepper,15,4.5867,4.6,105.8,1,0.0667,4.5442,0.1821,0.0425,-0.1154
allspice + baking powder + nutmeg,15,4.5867,4.6,186.33,1,0.0667,4.5442,0.1821,0.0425,-0.1154
black pepper + dried basil + green bell pepper,15,4.5867,4.6,547.67,1,0.0667,4.5442,0.1821,0.0425,-0.1154
black pepper + garlic powder + sour cream,15,4.5867,4.6,272.47,1,0.0667,4.5442,0.1821,0.0425,-0.1154
dried basil + onion + water,15,4.5867,4.6,540.0,1,0.0667,4.5442,0.1821,0.0425,-0.1154
baking soda + cinnamon + pumpkin puree,15,4.5933,4.6,355.73,1,0.0667,4.5442,0.1821,0.0491,-0.1154
baking soda + orange zest + white sugar,15,4.5933,4.7,314.4,1,0.0667,4.5442,0.1821,0.0491,-0.1154
black pepper + carrot + dried thyme,15,4.5933,4.6,258.87,1,0.0667,4.5442,0.1821,0.0491,-0.1154
baking powder + egg + rolled oat,15,4.6,4.6,493.47,1,0.0667,4.5442,0.1821,0.0558,-0.1154
butter + large onion + salt,15,4.6,4.6,121.4,1,0.0667,4.5442,0.1821,0.0558,-0.1154
egg + heavy whipping cream + salt,15,4.6,4.6,243.87,1,0.0667,4.5442,0.1821,0.0558,-0.1154
black pepper + olive oil + stalks celery,15,4.6067,4.6,491.8,1,0.0667,4.5442,0.1821,0.0625,-0.1154
green bell pepper + onion + parsley,15,4.6067,4.6,182.2,1,0.0667,4.5442,0.1821,0.0625,-0.1154
olive oil + onion + white sugar,15,4.6067,4.6,561.53,1,0.0667,4.5442,0.1821,0.0625,-0.1154
all-purpose flour + baking soda + pumpkin pie spice,15,4.6133,4.7,281.47,1,0.0667,4.5442,0.1821,0.0691,-0.1154
baking soda + nutmeg + packed brown sugar,15,4.6133,4.7,114.27,1,0.0667,4.5442,0.1821,0.0691,-0.1154
butter + heavy cream + olive oil,15,4.6133,4.6,175.67,1,0.0667,4.5442,0.1821,0.0691,-0.1154
cayenne pepper + garlic + white sugar,15,4.6133,4.6,736.67,1,0.0667,4.5442,0.1821,0.0691,-0.1154
chicken broth + dried thyme + onion,15,4.6133,4.6,506.2,1,0.0667,4.5442,0.1821,0.0691,-0.1154
dried basil + green bell pepper + salt,15,4.6133,4.6,547.0,1,0.0667,4.5442,0.1821,0.0691,-0.1154
garlic + lemon juice + soy sauce,15,4.6133,4.6,390.27,1,0.0667,4.5442,0.1821,0.0691,-0.1154
green onion + sesame seed + soy sauce,15,4.6133,4.7,195.0,1,0.0667,4.5442,0.1821,0.0691,-0.1154
large egg + raisin + white sugar,15,4.6133,4.7,775.47,1,0.0667,4.5442,0.1821,0.0691,-0.1154
all-purpose flour + cayenne pepper + garlic,30,4.6167,4.6,137.8,2,0.0667,4.5442,0.1821,0.0725,-0.1154
dried basil + olive oil + salt,30,4.62,4.6,665.9,2,0.0667,4.5442,0.1821,0.0758,-0.1154
all-purpose flour + baking soda + orange zest,15,4.62,4.7,320.33,1,0.0667,4.5442,0.1821,0.0758,-0.1154
chili powder + green bell pepper + salt,15,4.62,4.7,716.13,1,0.0667,4.5442,0.1821,0.0758,-0.1154
egg + ginger + packed brown sugar,15,4.62,4.6,153.2,1,0.0667,4.5442,0.1821,0.0758,-0.1154
active dry yeast + bread flour + salt,30,4.6233,4.65,393.03,2,0.0667,4.5442,0.1821,0.0791,-0.1154
all-purpose flour + garlic + stalks celery,15,4.6267,4.7,384.33,1,0.0667,4.5442,0.1821,0.0825,-0.1154
all-purpose flour + heavy whipping cream + salt,15,4.6267,4.6,256.73,1,0.0667,4.5442,0.1821,0.0825,-0.1154
allspice + cinnamon + raisin,15,4.6267,4.7,80.53,1,0.0667,4.5442,0.1821,0.0825,-0.1154
beef + black pepper + chili powder,15,4.6267,4.7,352.87,1,0.0667,4.5442,0.1821,0.0825,-0.1154
butter room temperature + salt + white sugar,15,4.6267,4.7,145.13,1,0.0667,4.5442,0.1821,0.0825,-0.1154
dried oregano + garlic + red bell pepper,15,4.6267,4.7,313.93,1,0.0667,4.5442,0.1821,0.0825,-0.1154
lemon juice + lemon zest + olive oil,15,4.6267,4.7,110.8,1,0.0667,4.5442,0.1821,0.0825,-0.1154
pecan halve + salt + white sugar,15,4.6267,4.7,338.27,1,0.0667,4.5442,0.1821,0.0825,-0.1154
all-purpose flour + butter + vegetable oil,45,4.6289,4.6,571.89,3,0.0667,4.5442,0.1821,0.0847,-0.1154
baking soda + clove + vanilla extract,30,4.6333,4.7,477.33,2,0.0667,4.5442,0.1821,0.0891,-0.1154
8 ounce package cream cheese + baking soda + vanilla extract,15,4.6333,4.7,414.07,1,0.0667,4.5442,0.1821,0.0891,-0.1154
9 inch unbaked pie crust + butter + white sugar,15,4.6333,4.7,386.87,1,0.0667,4.5442,0.1821,0.0891,-0.1154
black pepper + lamb + salt,15,4.6333,4.6,67.0,1,0.0667,4.5442,0.1821,0.0891,-0.1154
butter + dried oregano + onion,15,4.6333,4.6,657.8,1,0.0667,4.5442,0.1821,0.0891,-0.1154
chicken stock + onion + salt and black pepper,15,4.6333,4.7,314.27,1,0.0667,4.5442,0.1821,0.0891,-0.1154
confectioners' sugar + unsalted butter + vanilla extract,15,4.6333,4.7,385.6,1,0.0667,4.5442,0.1821,0.0891,-0.1154
olive oil + onion + white wine,15,4.6333,4.7,328.53,1,0.0667,4.5442,0.1821,0.0891,-0.1154
olive oil + parmesan cheese + red pepper flake,15,4.6333,4.6,338.13,1,0.0667,4.5442,0.1821,0.0891,-0.1154
black pepper + chili powder + salt,60,4.64,4.7,431.13,4,0.0667,4.5442,0.1821,0.0958,-0.1154
baking soda + packed brown sugar + raisin,15,4.64,4.7,290.6,1,0.0667,4.5442,0.1821,0.0958,-0.1154
bread flour + butter + white sugar,15,4.64,4.7,899.33,1,0.0667,4.5442,0.1821,0.0958,-0.1154
buttermilk + vegetable oil + white sugar,15,4.64,4.7,711.67,1,0.0667,4.5442,0.1821,0.0958,-0.1154
cayenne pepper + dried oregano + onion,15,4.64,4.7,917.67,1,0.0667,4.5442,0.1821,0.0958,-0.1154
large egg + milk + packed brown sugar,15,4.64,4.7,1127.2,1,0.0667,4.5442,0.1821,0.0958,-0.1154
baking powder + carrot + vegetable oil,15,4.6467,4.7,724.47,1,0.0667,4.5442,0.1821,0.1025,-0.1154
baking soda + flaked coconut + walnut,15,4.6467,4.7,484.53,1,0.0667,4.5442,0.1821,0.1025,-0.1154
cinnamon + cornstarch + vanilla extract,15,4.6467,4.7,122.2,1,0.0667,4.5442,0.1821,0.1025,-0.1154
cinnamon + lemon juice + water,15,4.6467,4.7,149.07,1,0.0667,4.5442,0.1821,0.1025,-0.1154
clove + large egg + white sugar,15,4.6467,4.7,751.0,1,0.0667,4.5442,0.1821,0.1025,-0.1154
dried oregano + lemon juice + olive oil,15,4.6467,4.7,339.33,1,0.0667,4.5442,0.1821,0.1025,-0.1154
garlic + salt and black pepper + vegetable oil,15,4.6467,4.6,620.53,1,0.0667,4.5442,0.1821,0.1025,-0.1154
raisin + vegetable oil + white sugar,15,4.6467,4.7,568.27,1,0.0667,4.5442,0.1821,0.1025,-0.1154
all-purpose flour + ginger + milk,15,4.6533,4.7,335.8,1,0.0667,4.5442,0.1821,0.1091,-0.1154
all-purpose flour + nutmeg + unsalted butter,15,4.6533,4.8,91.87,1,0.0667,4.5442,0.1821,0.1091,-0.1154
black pepper + brown sugar + ketchup,15,4.6533,4.7,583.93,1,0.0667,4.5442,0.1821,0.1091,-0.1154
dried oregano + green bell pepper + olive oil,15,4.6533,4.7,290.87,1,0.0667,4.5442,0.1821,0.1091,-0.1154
dried oregano + large egg + salt,15,4.6533,4.7,442.47,1,0.0667,4.5442,0.1821,0.1091,-0.1154
dried oregano + onion + paprika,15,4.6533,4.7,380.87,1,0.0667,4.5442,0.1821,0.1091,-0.1154
large egg + milk + onion,15,4.6533,4.7,354.27,1,0.0667,4.5442,0.1821,0.1091,-0.1154
8 ounce package cream cheese + butter + cinnamon,15,4.6667,4.6,294.53,1,0.0667,4.5442,0.1821,0.1225,-0.1154
apples - peeled cored and + salt + white sugar,15,4.6667,4.8,429.8,1,0.0667,4.5442,0.1821,0.1225,-0.1154
baking powder + carrot + vanilla extract,15,4.6667,4.7,688.53,1,0.0667,4.5442,0.1821,0.1225,-0.1154
all-purpose flour + chicken broth + dried thyme,15,4.6733,4.7,399.67,1,0.0667,4.5442,0.1821,0.1291,-0.1154
cinnamon + rhubarb + white sugar,15,4.6733,4.7,118.67,1,0.0667,4.5442,0.1821,0.1291,-0.1154
cumin + dried oregano + freshly black pepper,15,4.6733,4.8,61.87,1,0.0667,4.5442,0.1821,0.1291,-0.1154
dried oregano + dried thyme + garlic powder,15,4.6733,4.7,424.0,1,0.0667,4.5442,0.1821,0.1291,-0.1154
cayenne pepper + dried oregano + onion powder,15,4.6867,4.7,636.07,1,0.0667,4.5442,0.1821,0.1425,-0.1154
8 ounce package cream cheese + confectioners' sugar + white sugar,15,4.6933,4.7,361.47,1,0.0667,4.5442,0.1821,0.1491,-0.1154
black pepper + cayenne pepper + worcestershire sauce,15,4.6933,4.7,184.67,1,0.0667,4.5442,0.1821,0.1491,-0.1154
freshly black pepper + garlic + kosher salt,30,4.7,4.7,113.67,2,0.0667,4.5442,0.1821,0.1558,-0.1154
garlic + lemon zest + salt,15,4.7067,4.8,188.93,1,0.0667,4.5442,0.1821,0.1625,-0.1154
cayenne pepper + freshly black pepper + garlic powder,15,4.7133,4.7,93.53,1,0.0667,4.5442,0.1821,0.1691,-0.1154
cinnamon + cornstarch + lemon juice,15,4.72,4.7,511.4,1,0.0667,4.5442,0.1821,0.1758,-0.1154
chili powder + garlic powder + olive oil,15,4.7533,4.8,288.8,1,0.0667,4.5442,0.1821,0.2091,-0.1154
all-purpose flour + cinnamon + vegetable oil,121,4.6479,4.7,812.05,8,0.0661,4.5442,0.1821,0.1037,-0.116
black pepper + onion powder + salt,76,4.6158,4.6,359.33,5,0.0658,4.5442,0.1821,0.0716,-0.1163
baking soda + packed brown sugar + white sugar,92,4.6065,4.6,1287.4,6,0.0652,4.5442,0.1821,0.0623,-0.1169
baking powder + baking soda + zucchini,46,4.6283,4.7,525.57,3,0.0652,4.5442,0.1821,0.0841,-0.1169
cinnamon + vegetable oil + walnut,46,4.6696,4.7,780.28,3,0.0652,4.5442,0.1821,0.1254,-0.1169
egg + rolled oat + vanilla extract,31,4.5677,4.6,510.16,2,0.0645,4.5442,0.1821,0.0235,-0.1176
dried basil + dried oregano + garlic,62,4.5758,4.6,630.87,4,0.0645,4.5442,0.1821,0.0316,-0.1176
garlic + ginger + water,31,4.5839,4.6,294.48,2,0.0645,4.5442,0.1821,0.0397,-0.1176
cinnamon + vanilla extract + zucchini,31,4.6032,4.7,747.23,2,0.0645,4.5442,0.1821,0.059,-0.1176
baking soda + nutmeg + white sugar,93,4.6226,4.7,336.3,6,0.0645,4.5442,0.1821,0.0784,-0.1176
baking soda + pecan + vanilla extract,31,4.6419,4.7,537.9,2,0.0645,4.5442,0.1821,0.0977,-0.1176
baking soda + cinnamon + vegetable oil,109,4.655,4.7,727.08,7,0.0642,4.5442,0.1821,0.1108,-0.1179
dried oregano + onion + salt,47,4.6191,4.6,693.38,3,0.0638,4.5442,0.1821,0.0749,-0.1183
dried basil + green bell pepper + onion,16,4.5312,4.5,332.56,1,0.0625,4.5442,0.1821,-0.013,-0.1196
all-purpose flour + almond extract + confectioners' sugar,16,4.5375,4.55,359.62,1,0.0625,4.5442,0.1821,-0.0067,-0.1196
baking powder + white sugar + whole wheat flour,16,4.5438,4.5,149.81,1,0.0625,4.5442,0.1821,-0.0004,-0.1196
cornstarch + onion + water,16,4.5562,4.6,654.0,1,0.0625,4.5442,0.1821,0.012,-0.1196
dried basil + dried oregano + dried parsley,16,4.5625,4.55,620.12,1,0.0625,4.5442,0.1821,0.0183,-0.1196
cornmeal + milk + white sugar,16,4.575,4.6,407.31,1,0.0625,4.5442,0.1821,0.0308,-0.1196
butter + dried basil + salt,16,4.5812,4.6,742.62,1,0.0625,4.5442,0.1821,0.037,-0.1196
butter + dry white wine + garlic,16,4.5812,4.6,292.0,1,0.0625,4.5442,0.1821,0.037,-0.1196
cinnamon + molasse + white sugar,16,4.5812,4.6,607.38,1,0.0625,4.5442,0.1821,0.037,-0.1196
egg + flour + salt,16,4.5812,4.6,156.44,1,0.0625,4.5442,0.1821,0.037,-0.1196
all-purpose flour + heavy whipping cream + white sugar,16,4.5875,4.6,347.81,1,0.0625,4.5442,0.1821,0.0433,-0.1196
egg + heavy whipping cream + white sugar,16,4.5875,4.55,360.44,1,0.0625,4.5442,0.1821,0.0433,-0.1196
egg + orange juice + white sugar,16,4.5875,4.6,154.94,1,0.0625,4.5442,0.1821,0.0433,-0.1196
olive oil + salt + small onion,16,4.5875,4.6,369.12,1,0.0625,4.5442,0.1821,0.0433,-0.1196
baking powder + pumpkin pie spice + salt,16,4.5938,4.65,215.56,1,0.0625,4.5442,0.1821,0.0496,-0.1196
garlic powder + onion + salt,48,4.5958,4.6,342.21,3,0.0625,4.5442,0.1821,0.0516,-0.1196
black pepper + brown sugar + chili powder,16,4.6,4.65,144.88,1,0.0625,4.5442,0.1821,0.0558,-0.1196
sesame oil + soy sauce + white sugar,32,4.6031,4.6,187.5,2,0.0625,4.5442,0.1821,0.0589,-0.1196
black pepper + garlic powder + milk,16,4.6062,4.6,305.12,1,0.0625,4.5442,0.1821,0.062,-0.1196
blueberry + salt + vanilla extract,16,4.6062,4.6,473.56,1,0.0625,4.5442,0.1821,0.062,-0.1196
cayenne pepper + chili powder + paprika,16,4.6062,4.7,302.12,1,0.0625,4.5442,0.1821,0.062,-0.1196
black pepper + garlic + paprika,48,4.6083,4.65,378.38,3,0.0625,4.5442,0.1821,0.0641,-0.1196
all-purpose flour + confectioners' sugar + shortening,16,4.6125,4.6,292.69,1,0.0625,4.5442,0.1821,0.0683,-0.1196
blueberry + cornstarch + white sugar,16,4.6125,4.7,387.31,1,0.0625,4.5442,0.1821,0.0683,-0.1196
vanilla extract + vegetable oil + zucchini,32,4.6188,4.7,820.28,2,0.0625,4.5442,0.1821,0.0746,-0.1196
.25 ounce packages active dry yeast + salt + white sugar,16,4.6188,4.65,216.56,1,0.0625,4.5442,0.1821,0.0746,-0.1196
all-purpose flour + celery + garlic,16,4.6188,4.65,281.81,1,0.0625,4.5442,0.1821,0.0746,-0.1196
egg + packed brown sugar + pecan,16,4.6188,4.6,268.19,1,0.0625,4.5442,0.1821,0.0746,-0.1196
milk + olive oil + onion,16,4.6188,4.65,287.56,1,0.0625,4.5442,0.1821,0.0746,-0.1196
packed brown sugar + water + white sugar,16,4.6188,4.7,1886.75,1,0.0625,4.5442,0.1821,0.0746,-0.1196
clove + salt + vanilla extract,32,4.625,4.7,461.47,2,0.0625,4.5442,0.1821,0.0808,-0.1196
15 ounce can pumpkin puree + nutmeg + salt,16,4.625,4.7,1047.31,1,0.0625,4.5442,0.1821,0.0808,-0.1196
all-purpose flour + garlic + paprika,16,4.625,4.7,509.56,1,0.0625,4.5442,0.1821,0.0808,-0.1196
butter + celery + garlic,16,4.625,4.6,312.31,1,0.0625,4.5442,0.1821,0.0808,-0.1196
cayenne pepper + dried oregano + dried thyme,16,4.625,4.65,506.56,1,0.0625,4.5442,0.1821,0.0808,-0.1196
garlic + heavy cream + salt,16,4.625,4.65,442.38,1,0.0625,4.5442,0.1821,0.0808,-0.1196
clove + vanilla extract + white sugar,32,4.6281,4.7,434.72,2,0.0625,4.5442,0.1821,0.0839,-0.1196
all-purpose flour + black pepper + onion powder,16,4.6312,4.65,475.19,1,0.0625,4.5442,0.1821,0.087,-0.1196
black pepper + olive oil + tomato,16,4.6312,4.6,182.88,1,0.0625,4.5442,0.1821,0.087,-0.1196
green bell pepper + salt + white sugar,16,4.6312,4.65,366.06,1,0.0625,4.5442,0.1821,0.087,-0.1196
all-purpose flour + apples - peeled cored and + white sugar,16,4.6375,4.7,458.62,1,0.0625,4.5442,0.1821,0.0933,-0.1196
all-purpose flour + butter + green onion,16,4.6375,4.7,188.25,1,0.0625,4.5442,0.1821,0.0933,-0.1196
black pepper + mayonnaise + white sugar,16,4.6375,4.65,552.0,1,0.0625,4.5442,0.1821,0.0933,-0.1196
dried oregano + garlic + red wine vinegar,16,4.6375,4.7,357.69,1,0.0625,4.5442,0.1821,0.0933,-0.1196
raisin + vanilla extract + vegetable oil,16,4.6375,4.7,633.25,1,0.0625,4.5442,0.1821,0.0933,-0.1196
baking soda + salt + zucchini,48,4.6396,4.7,611.17,3,0.0625,4.5442,0.1821,0.0954,-0.1196
baking soda + flour + salt,16,4.6438,4.7,341.38,1,0.0625,4.5442,0.1821,0.0996,-0.1196
baking soda + large egg + water,16,4.6438,4.7,1272.19,1,0.0625,4.5442,0.1821,0.0996,-0.1196
black pepper + green onion + white sugar,16,4.6438,4.7,404.94,1,0.0625,4.5442,0.1821,0.0996,-0.1196
garlic + onion + salt or,16,4.6438,4.7,1659.94,1,0.0625,4.5442,0.1821,0.0996,-0.1196
black pepper + green bell pepper + olive oil,16,4.65,4.7,290.81,1,0.0625,4.5442,0.1821,0.1058,-0.1196
black pepper + oregano + salt,16,4.65,4.7,142.31,1,0.0625,4.5442,0.1821,0.1058,-0.1196
cumin + garlic + tomato paste,16,4.65,4.7,161.12,1,0.0625,4.5442,0.1821,0.1058,-0.1196
egg + pumpkin pie spice + salt,16,4.65,4.7,216.0,1,0.0625,4.5442,0.1821,0.1058,-0.1196
garlic powder + onion powder + vegetable oil,16,4.65,4.65,653.69,1,0.0625,4.5442,0.1821,0.1058,-0.1196
cornstarch + vanilla extract + water,16,4.6562,4.65,467.19,1,0.0625,4.5442,0.1821,0.112,-0.1196
lemon zest + olive oil + salt,16,4.6562,4.7,216.06,1,0.0625,4.5442,0.1821,0.112,-0.1196
all-purpose flour + kosher salt + olive oil,16,4.6625,4.65,83.75,1,0.0625,4.5442,0.1821,0.1183,-0.1196
black pepper + dried thyme + olive oil,16,4.6625,4.65,453.75,1,0.0625,4.5442,0.1821,0.1183,-0.1196
black pepper + extra-virgin olive oil + garlic,16,4.6688,4.7,144.94,1,0.0625,4.5442,0.1821,0.1246,-0.1196
black pepper + salt + turkey,16,4.675,4.7,530.56,1,0.0625,4.5442,0.1821,0.1308,-0.1196
garlic + parmesan cheese + red pepper flake,16,4.675,4.7,319.5,1,0.0625,4.5442,0.1821,0.1308,-0.1196
chili powder + cumin + garlic powder,32,4.6781,4.7,198.34,2,0.0625,4.5442,0.1821,0.1339,-0.1196
black pepper + dijon mustard + olive oil,16,4.6875,4.75,223.56,1,0.0625,4.5442,0.1821,0.1433,-0.1196
carrot + celery + chicken broth,16,4.7,4.75,1265.0,1,0.0625,4.5442,0.1821,0.1558,-0.1196
large egg yolk + vanilla extract + white sugar,16,4.7,4.8,386.81,1,0.0625,4.5442,0.1821,0.1558,-0.1196
butter + carrot + vegetable oil,16,4.7062,4.75,971.56,1,0.0625,4.5442,0.1821,0.162,-0.1196
garlic + olive oil + yellow onion,16,4.7062,4.7,148.12,1,0.0625,4.5442,0.1821,0.162,-0.1196
baking soda + butter + packed brown sugar,65,4.5908,4.6,1313.14,4,0.0615,4.5442,0.1821,0.0466,-0.1206
garlic + parmesan cheese + parsley,49,4.598,4.6,804.88,3,0.0612,4.5442,0.1821,0.0538,-0.1209
cinnamon + egg + pecan,33,4.6,4.6,516.76,2,0.0606,4.5442,0.1821,0.0558,-0.1215
baking powder + vegetable oil + walnut,33,4.6364,4.7,771.12,2,0.0606,4.5442,0.1821,0.0922,-0.1215
dried oregano + paprika + salt,33,4.6364,4.7,359.79,2,0.0606,4.5442,0.1821,0.0922,-0.1215
cinnamon + cornstarch + white sugar,33,4.6667,4.7,382.7,2,0.0606,4.5442,0.1821,0.1225,-0.1215
cayenne pepper + freshly black pepper + kosher salt,33,4.7,4.7,56.76,2,0.0606,4.5442,0.1821,0.1558,-0.1215
cornstarch + water + white sugar,50,4.618,4.6,379.3,3,0.06,4.5442,0.1821,0.0738,-0.1221
beef + garlic powder + onion,17,4.5,4.6,188.24,1,0.0588,4.5442,0.1821,-0.0442,-0.1233
bay leaf + dried thyme + garlic,17,4.5588,4.6,198.94,1,0.0588,4.5442,0.1821,0.0146,-0.1233
cornmeal + egg + milk,17,4.5588,4.6,421.24,1,0.0588,4.5442,0.1821,0.0146,-0.1233
butter room temperature + vanilla extract + white sugar,17,4.5647,4.6,190.24,1,0.0588,4.5442,0.1821,0.0205,-0.1233
lean beef + salt + water,17,4.5647,4.6,674.65,1,0.0588,4.5442,0.1821,0.0205,-0.1233
all-purpose flour + cornmeal + milk,17,4.5706,4.6,468.35,1,0.0588,4.5442,0.1821,0.0264,-0.1233
baking soda + egg + whole wheat flour,17,4.5706,4.6,221.59,1,0.0588,4.5442,0.1821,0.0264,-0.1233
butter + rolled oat + salt,34,4.5735,4.6,653.76,2,0.0588,4.5442,0.1821,0.0293,-0.1233
28 ounce can tomatoe + black pepper + garlic,17,4.5765,4.6,1477.41,1,0.0588,4.5442,0.1821,0.0323,-0.1233
garlic + large onion + stalks celery,17,4.5824,4.6,184.88,1,0.0588,4.5442,0.1821,0.0382,-0.1233
all-purpose flour + green bell pepper + onion,17,4.5941,4.6,70.65,1,0.0588,4.5442,0.1821,0.0499,-0.1233
parsley + salt + vegetable oil,17,4.5941,4.6,222.65,1,0.0588,4.5442,0.1821,0.0499,-0.1233
vanilla extract + vegetable oil + water,17,4.5941,4.6,288.29,1,0.0588,4.5442,0.1821,0.0499,-0.1233
baking powder + baking soda + packed brown sugar,51,4.5961,4.6,805.73,3,0.0588,4.5442,0.1821,0.0519,-0.1233
baking soda + pumpkin pie spice + salt,17,4.6,4.7,285.94,1,0.0588,4.5442,0.1821,0.0558,-0.1233
butter + heavy cream + parmesan cheese,17,4.6,4.7,790.65,1,0.0588,4.5442,0.1821,0.0558,-0.1233
cumin + olive oil + salt and black pepper,17,4.6,4.6,129.12,1,0.0588,4.5442,0.1821,0.0558,-0.1233
bacon + onion + salt,17,4.6059,4.6,459.0,1,0.0588,4.5442,0.1821,0.0617,-0.1233
allspice + butter + nutmeg,17,4.6118,4.6,248.0,1,0.0588,4.5442,0.1821,0.0676,-0.1233
black pepper + green onion + olive oil,17,4.6118,4.6,147.0,1,0.0588,4.5442,0.1821,0.0676,-0.1233
black pepper + mozzarella cheese + onion,17,4.6118,4.7,1729.29,1,0.0588,4.5442,0.1821,0.0676,-0.1233
lemon juiced + olive oil + salt,17,4.6118,4.6,419.59,1,0.0588,4.5442,0.1821,0.0676,-0.1233
black pepper + cornstarch + garlic,17,4.6176,4.6,553.0,1,0.0588,4.5442,0.1821,0.0734,-0.1233
carrot + celery + water,17,4.6235,4.7,500.76,1,0.0588,4.5442,0.1821,0.0793,-0.1233
allspice + baking powder + white sugar,17,4.6294,4.7,200.53,1,0.0588,4.5442,0.1821,0.0852,-0.1233
black pepper + large egg + parmesan cheese,17,4.6294,4.6,205.35,1,0.0588,4.5442,0.1821,0.0852,-0.1233
bread flour + salt + water,17,4.6294,4.6,193.53,1,0.0588,4.5442,0.1821,0.0852,-0.1233
all-purpose flour + salt + vegetable shortening,17,4.6353,4.7,141.24,1,0.0588,4.5442,0.1821,0.0911,-0.1233
all-purpose flour + blueberry + egg,17,4.6412,4.7,1120.94,1,0.0588,4.5442,0.1821,0.097,-0.1233
all-purpose flour + butter + half-and-half,17,4.6529,4.7,555.59,1,0.0588,4.5442,0.1821,0.1087,-0.1233
all-purpose flour + cayenne pepper + freshly black pepper,17,4.6588,4.7,104.94,1,0.0588,4.5442,0.1821,0.1146,-0.1233
baking soda + ginger + large egg,17,4.6588,4.7,841.76,1,0.0588,4.5442,0.1821,0.1146,-0.1233
black pepper + brown sugar + onion powder,17,4.6588,4.7,185.47,1,0.0588,4.5442,0.1821,0.1146,-0.1233
cinnamon + cooking spray + white sugar,17,4.6588,4.7,458.29,1,0.0588,4.5442,0.1821,0.1146,-0.1233
cinnamon + dried oregano + garlic,17,4.6588,4.7,169.29,1,0.0588,4.5442,0.1821,0.1146,-0.1233
garlic powder + green onion + salt,17,4.6588,4.7,551.12,1,0.0588,4.5442,0.1821,0.1146,-0.1233
all-purpose flour + egg + pumpkin pie spice,17,4.6647,4.7,183.47,1,0.0588,4.5442,0.1821,0.1205,-0.1233
butter + large onion + salt and black pepper,17,4.6647,4.7,189.47,1,0.0588,4.5442,0.1821,0.1205,-0.1233
garlic + lemon zest + olive oil,17,4.6647,4.7,176.12,1,0.0588,4.5442,0.1821,0.1205,-0.1233
allspice + nutmeg + vanilla extract,17,4.6706,4.8,127.71,1,0.0588,4.5442,0.1821,0.1264,-0.1233
black pepper + salt + salt and black pepper,17,4.6706,4.7,342.18,1,0.0588,4.5442,0.1821,0.1264,-0.1233
butter + garlic + red pepper flake,17,4.6706,4.7,235.76,1,0.0588,4.5442,0.1821,0.1264,-0.1233
olive oil + rosemary + salt,17,4.6706,4.7,515.71,1,0.0588,4.5442,0.1821,0.1264,-0.1233
dried oregano + dried thyme + olive oil,17,4.6824,4.7,394.76,1,0.0588,4.5442,0.1821,0.1382,-0.1233
freshly black pepper + garlic + onion,34,4.6912,4.7,273.88,2,0.0588,4.5442,0.1821,0.147,-0.1233
allspice + baking soda + vanilla extract,17,4.6941,4.8,186.65,1,0.0588,4.5442,0.1821,0.1499,-0.1233
black pepper + dried oregano + onion powder,17,4.7,4.7,633.88,1,0.0588,4.5442,0.1821,0.1558,-0.1233
8 ounce package cream cheese + cinnamon + salt,17,4.7059,4.7,352.94,1,0.0588,4.5442,0.1821,0.1617,-0.1233
garlic powder + kosher salt + paprika,17,4.7118,4.7,233.88,1,0.0588,4.5442,0.1821,0.1676,-0.1233
cumin + kosher salt + olive oil,17,4.7294,4.8,77.35,1,0.0588,4.5442,0.1821,0.1852,-0.1233
dried oregano + freshly black pepper + olive oil,17,4.7294,4.8,117.41,1,0.0588,4.5442,0.1821,0.1852,-0.1233
cayenne pepper + cumin + kosher salt,17,4.7353,4.8,123.94,1,0.0588,4.5442,0.1821,0.1911,-0.1233
dried oregano + garlic + olive oil,103,4.6301,4.7,345.86,6,0.0583,4.5442,0.1821,0.0859,-0.1238
freshly black pepper + garlic + olive oil,52,4.675,4.7,211.79,3,0.0577,4.5442,0.1821,0.1308,-0.1244
baking soda + raisin + vanilla extract,35,4.6171,4.7,653.43,2,0.0571,4.5442,0.1821,0.0729,-0.125
cinnamon + pecan + vanilla extract,35,4.6229,4.7,573.11,2,0.0571,4.5442,0.1821,0.0787,-0.125
large egg + packed brown sugar + salt,53,4.6264,4.7,994.43,3,0.0566,4.5442,0.1821,0.0822,-0.1255
egg + packed brown sugar + rolled oat,18,4.5222,4.6,350.11,1,0.0556,4.5442,0.1821,-0.022,-0.1265
butter + dried basil + garlic,18,4.5444,4.5,426.72,1,0.0556,4.5442,0.1821,0.0002,-0.1265
cornmeal + milk + salt,18,4.5444,4.6,380.44,1,0.0556,4.5442,0.1821,0.0002,-0.1265
buttermilk + salt + vegetable oil,18,4.5722,4.7,697.78,1,0.0556,4.5442,0.1821,0.028,-0.1265
chicken broth + cumin + onion,18,4.5722,4.6,208.78,1,0.0556,4.5442,0.1821,0.028,-0.1265
cornstarch + ginger + water,18,4.5722,4.6,474.67,1,0.0556,4.5442,0.1821,0.028,-0.1265
dried oregano + dried thyme + salt,18,4.5722,4.6,477.06,1,0.0556,4.5442,0.1821,0.028,-0.1265
28 ounce can tomatoe + garlic + salt,18,4.5833,4.6,221.89,1,0.0556,4.5442,0.1821,0.0391,-0.1265
baking powder + cornmeal + white sugar,18,4.5833,4.6,409.0,1,0.0556,4.5442,0.1821,0.0391,-0.1265
black pepper + chili powder + water,18,4.5833,4.6,484.39,1,0.0556,4.5442,0.1821,0.0391,-0.1265
black pepper + soy sauce + worcestershire sauce,18,4.5833,4.6,176.56,1,0.0556,4.5442,0.1821,0.0391,-0.1265
garlic + ginger + white sugar,18,4.5833,4.6,686.67,1,0.0556,4.5442,0.1821,0.0391,-0.1265
all-purpose flour + green onion + salt,18,4.5889,4.65,379.17,1,0.0556,4.5442,0.1821,0.0447,-0.1265
garlic + milk + parmesan cheese,18,4.5889,4.65,589.78,1,0.0556,4.5442,0.1821,0.0447,-0.1265
dried oregano + garlic + vegetable oil,18,4.5944,4.6,505.22,1,0.0556,4.5442,0.1821,0.0502,-0.1265
garlic + ginger + green onion,18,4.5944,4.6,348.17,1,0.0556,4.5442,0.1821,0.0502,-0.1265
butter + pepper + salt,18,4.6,4.6,224.78,1,0.0556,4.5442,0.1821,0.0558,-0.1265
garlic powder + salt + worcestershire sauce,18,4.6,4.6,369.22,1,0.0556,4.5442,0.1821,0.0558,-0.1265
baking powder + vanilla extract + zucchini,36,4.6028,4.65,606.03,2,0.0556,4.5442,0.1821,0.0586,-0.1265
garlic + olive oil + white sugar,36,4.6028,4.6,272.92,2,0.0556,4.5442,0.1821,0.0586,-0.1265
bacon + garlic + onion,18,4.6056,4.65,551.22,1,0.0556,4.5442,0.1821,0.0614,-0.1265
bay leaf + garlic + vegetable oil,18,4.6056,4.6,198.28,1,0.0556,4.5442,0.1821,0.0614,-0.1265
brown sugar + garlic + sesame oil,18,4.6056,4.65,228.11,1,0.0556,4.5442,0.1821,0.0614,-0.1265
coriander + garlic + olive oil,18,4.6056,4.6,169.06,1,0.0556,4.5442,0.1821,0.0614,-0.1265
cornstarch + lemon juice + water,18,4.6111,4.65,316.11,1,0.0556,4.5442,0.1821,0.0669,-0.1265
allspice + baking powder + baking soda,18,4.6167,4.65,424.94,1,0.0556,4.5442,0.1821,0.0725,-0.1265
baking soda + semisweet chocolate chip + walnut,18,4.6167,4.6,2760.39,1,0.0556,4.5442,0.1821,0.0725,-0.1265
black pepper + dried oregano + vegetable oil,18,4.6167,4.65,378.89,1,0.0556,4.5442,0.1821,0.0725,-0.1265
cilantro + cumin + onion,18,4.6167,4.6,786.94,1,0.0556,4.5442,0.1821,0.0725,-0.1265
cumin + green bell pepper + salt,18,4.6167,4.7,508.67,1,0.0556,4.5442,0.1821,0.0725,-0.1265
baking soda + raisin + white sugar,54,4.6185,4.65,481.52,3,0.0556,4.5442,0.1821,0.0743,-0.1265
all-purpose flour + baking soda + packed light brown sugar,18,4.6222,4.65,1158.28,1,0.0556,4.5442,0.1821,0.078,-0.1265
baking soda + packed brown sugar + vegetable oil,18,4.6222,4.7,336.61,1,0.0556,4.5442,0.1821,0.078,-0.1265
black pepper + garlic + sea salt,18,4.6222,4.65,337.94,1,0.0556,4.5442,0.1821,0.078,-0.1265
garlic + olive oil + tomato paste,36,4.6278,4.65,232.08,2,0.0556,4.5442,0.1821,0.0836,-0.1265
butter + freshly black pepper + olive oil,18,4.6278,4.65,194.61,1,0.0556,4.5442,0.1821,0.0836,-0.1265
pumpkin pie spice + salt + white sugar,18,4.6278,4.7,267.33,1,0.0556,4.5442,0.1821,0.0836,-0.1265
packed light brown sugar + vanilla extract + white sugar,18,4.6333,4.7,1043.44,1,0.0556,4.5442,0.1821,0.0891,-0.1265
baking soda + egg + zucchini,36,4.6389,4.7,221.17,2,0.0556,4.5442,0.1821,0.0947,-0.1265
all-purpose flour + raisin + vegetable oil,18,4.6389,4.65,596.83,1,0.0556,4.5442,0.1821,0.0947,-0.1265
black pepper + butter + heavy cream,18,4.6389,4.7,584.83,1,0.0556,4.5442,0.1821,0.0947,-0.1265
black pepper + garlic + lamb,18,4.6389,4.65,103.83,1,0.0556,4.5442,0.1821,0.0947,-0.1265
cinnamon + cooking spray + vanilla extract,18,4.6389,4.7,83.17,1,0.0556,4.5442,0.1821,0.0947,-0.1265
egg + orange zest + white sugar,18,4.6389,4.7,200.89,1,0.0556,4.5442,0.1821,0.0947,-0.1265
8 ounce package cream cheese + butter + milk,18,4.6444,4.7,352.44,1,0.0556,4.5442,0.1821,0.1002,-0.1265
all-purpose flour + quick cooking oat + white sugar,18,4.6444,4.7,687.28,1,0.0556,4.5442,0.1821,0.1002,-0.1265
butter + dried thyme + salt,18,4.65,4.7,382.94,1,0.0556,4.5442,0.1821,0.1058,-0.1265
lemon juice + nutmeg + salt,18,4.65,4.7,426.83,1,0.0556,4.5442,0.1821,0.1058,-0.1265
baking soda + nutmeg + vegetable oil,36,4.6528,4.7,539.31,2,0.0556,4.5442,0.1821,0.1086,-0.1265
all-purpose flour + butter + carrot,36,4.6556,4.7,1068.67,2,0.0556,4.5442,0.1821,0.1114,-0.1265
all-purpose flour + blueberry + vanilla extract,18,4.6556,4.65,432.78,1,0.0556,4.5442,0.1821,0.1114,-0.1265
cumin + garlic + lemon juice,36,4.6583,4.7,308.83,2,0.0556,4.5442,0.1821,0.1141,-0.1265
cinnamon + orange juice + white sugar,18,4.6611,4.7,156.61,1,0.0556,4.5442,0.1821,0.1169,-0.1265
pecan + salt + vegetable oil,18,4.6611,4.7,665.61,1,0.0556,4.5442,0.1821,0.1169,-0.1265
orange juice + orange zest + white sugar,18,4.6667,4.7,224.22,1,0.0556,4.5442,0.1821,0.1225,-0.1265
8 ounce packages cream cheese + butter + white sugar,18,4.6722,4.7,918.94,1,0.0556,4.5442,0.1821,0.128,-0.1265
all-purpose flour + lemon juice + nutmeg,18,4.6778,4.7,439.56,1,0.0556,4.5442,0.1821,0.1336,-0.1265
butter + chicken stock + salt and black pepper,18,4.6778,4.7,337.06,1,0.0556,4.5442,0.1821,0.1336,-0.1265
cinnamon + cornstarch + water,18,4.6778,4.7,183.06,1,0.0556,4.5442,0.1821,0.1336,-0.1265
black pepper + cooking spray + garlic,18,4.6833,4.75,229.72,1,0.0556,4.5442,0.1821,0.1391,-0.1265
dried oregano + onion powder + salt,18,4.6833,4.7,624.11,1,0.0556,4.5442,0.1821,0.1391,-0.1265
dried oregano + garlic powder + paprika,18,4.6944,4.7,381.11,1,0.0556,4.5442,0.1821,0.1502,-0.1265
butter + lemon juice + vanilla extract,18,4.7,4.8,167.67,1,0.0556,4.5442,0.1821,0.1558,-0.1265
8 ounce package cream cheese + all-purpose flour + white sugar,37,4.5946,4.6,283.62,2,0.0541,4.5442,0.1821,0.0504,-0.128
all-purpose flour + blueberry + salt,37,4.6162,4.7,777.43,2,0.0541,4.5442,0.1821,0.072,-0.128
salt + vanilla extract + zucchini,37,4.6162,4.7,723.95,2,0.0541,4.5442,0.1821,0.072,-0.128
cinnamon + white sugar + zucchini,37,4.6514,4.7,682.27,2,0.0541,4.5442,0.1821,0.1072,-0.128
vegetable oil + white sugar + zucchini,37,4.6568,4.7,757.73,2,0.0541,4.5442,0.1821,0.1126,-0.128
cinnamon + packed brown sugar + rolled oat,19,4.5421,4.6,407.84,1,0.0526,4.5442,0.1821,-0.0021,-0.1295
dried basil + garlic + green bell pepper,19,4.5474,4.5,338.68,1,0.0526,4.5442,0.1821,0.0032,-0.1295
large onion + olive oil + salt,19,4.5579,4.5,84.42,1,0.0526,4.5442,0.1821,0.0137,-0.1295
butter + heavy cream + salt and pepper,19,4.5684,4.6,445.42,1,0.0526,4.5442,0.1821,0.0242,-0.1295
blueberry + butter + salt,19,4.5895,4.6,375.05,1,0.0526,4.5442,0.1821,0.0453,-0.1295
black pepper + garlic + ketchup,19,4.5947,4.6,357.47,1,0.0526,4.5442,0.1821,0.0505,-0.1295
confectioners' sugar + water + white sugar,19,4.5947,4.6,215.95,1,0.0526,4.5442,0.1821,0.0505,-0.1295
celery + dried thyme + onion,19,4.6,4.6,224.37,1,0.0526,4.5442,0.1821,0.0558,-0.1295
active dry yeast + water + white sugar,19,4.6053,4.6,223.37,1,0.0526,4.5442,0.1821,0.0611,-0.1295
beef + chili powder + salt,19,4.6053,4.6,373.16,1,0.0526,4.5442,0.1821,0.0611,-0.1295
celery + salt + water,19,4.6053,4.6,390.79,1,0.0526,4.5442,0.1821,0.0611,-0.1295
chili powder + garlic + green bell pepper,19,4.6053,4.6,600.63,1,0.0526,4.5442,0.1821,0.0611,-0.1295
black pepper + cornstarch + water,19,4.6105,4.6,393.16,1,0.0526,4.5442,0.1821,0.0663,-0.1295
salt + vegetable oil + warm water 110 degrees f/45 degrees c,19,4.6105,4.6,931.53,1,0.0526,4.5442,0.1821,0.0663,-0.1295
all-purpose flour + warm water + white sugar,19,4.6158,4.7,96.47,1,0.0526,4.5442,0.1821,0.0716,-0.1295
vanilla extract + white sugar + zucchini,38,4.6211,4.7,699.58,2,0.0526,4.5442,0.1821,0.0769,-0.1295
8 ounce package cream cheese + all-purpose flour + baking soda,19,4.6211,4.7,371.74,1,0.0526,4.5442,0.1821,0.0769,-0.1295
8 ounce package cream cheese + baking soda + salt,19,4.6211,4.7,390.84,1,0.0526,4.5442,0.1821,0.0769,-0.1295
garlic + heavy cream + onion,19,4.6211,4.7,354.79,1,0.0526,4.5442,0.1821,0.0769,-0.1295
8 ounce package cream cheese + baking soda + white sugar,19,4.6263,4.7,357.47,1,0.0526,4.5442,0.1821,0.0821,-0.1295
all-purpose flour + almond + salt,19,4.6263,4.6,112.89,1,0.0526,4.5442,0.1821,0.0821,-0.1295
dried oregano + garlic + lemon juice,19,4.6316,4.7,283.63,1,0.0526,4.5442,0.1821,0.0874,-0.1295
garlic + lemon juiced + salt,19,4.6316,4.6,404.16,1,0.0526,4.5442,0.1821,0.0874,-0.1295
large egg + packed brown sugar + unsalted butter,19,4.6316,4.7,938.47,1,0.0526,4.5442,0.1821,0.0874,-0.1295
black pepper + kosher salt + olive oil,38,4.6474,4.6,162.92,2,0.0526,4.5442,0.1821,0.1032,-0.1295
bay leave + garlic + olive oil,19,4.6474,4.6,498.16,1,0.0526,4.5442,0.1821,0.1032,-0.1295
butter + dried thyme + onion,19,4.6474,4.7,344.89,1,0.0526,4.5442,0.1821,0.1032,-0.1295
quick cooking oat + salt + white sugar,19,4.6474,4.7,791.37,1,0.0526,4.5442,0.1821,0.1032,-0.1295
black pepper + dried thyme + garlic powder,19,4.6526,4.6,610.47,1,0.0526,4.5442,0.1821,0.1084,-0.1295
cinnamon + cumin + onion,19,4.6526,4.7,318.16,1,0.0526,4.5442,0.1821,0.1084,-0.1295
olive oil + onion + paprika,19,4.6526,4.7,391.47,1,0.0526,4.5442,0.1821,0.1084,-0.1295
all-purpose flour + cinnamon + zucchini,38,4.6553,4.7,672.34,2,0.0526,4.5442,0.1821,0.1111,-0.1295
baking soda + cinnamon + large egg,76,4.6632,4.7,867.45,4,0.0526,4.5442,0.1821,0.119,-0.1295
garlic + medium onion + olive oil,19,4.6632,4.7,369.26,1,0.0526,4.5442,0.1821,0.119,-0.1295
8 ounce package cream cheese + butter + confectioners' sugar,19,4.6684,4.7,266.37,1,0.0526,4.5442,0.1821,0.1242,-0.1295
15 ounce can pumpkin puree + all-purpose flour + cinnamon,19,4.6842,4.7,904.47,1,0.0526,4.5442,0.1821,0.14,-0.1295
balsamic vinegar + olive oil + salt,19,4.6842,4.7,444.53,1,0.0526,4.5442,0.1821,0.14,-0.1295
butter + cinnamon + cornstarch,19,4.6895,4.7,368.37,1,0.0526,4.5442,0.1821,0.1453,-0.1295
garlic powder + olive oil + paprika,19,4.6947,4.7,348.0,1,0.0526,4.5442,0.1821,0.1505,-0.1295
chicken broth + olive oil + salt and black pepper,19,4.7,4.7,162.32,1,0.0526,4.5442,0.1821,0.1558,-0.1295
garlic + paprika + salt,58,4.6069,4.6,313.09,3,0.0517,4.5442,0.1821,0.0627,-0.1304
butter + rolled oat + white sugar,39,4.5897,4.6,588.69,2,0.0513,4.5442,0.1821,0.0455,-0.1308
egg + vegetable oil + water,39,4.5949,4.6,501.15,2,0.0513,4.5442,0.1821,0.0507,-0.1308
all-purpose flour + vegetable oil + zucchini,39,4.6667,4.7,795.31,2,0.0513,4.5442,0.1821,0.1225,-0.1308
chili powder + cumin + olive oil,39,4.6846,4.7,336.97,2,0.0513,4.5442,0.1821,0.1404,-0.1308
butter + lemon juice + olive oil,20,4.585,4.6,141.25,1,0.05,4.5442,0.1821,0.0408,-0.1321
celery + green bell pepper + salt,20,4.59,4.6,102.05,1,0.05,4.5442,0.1821,0.0458,-0.1321
clove + raisin + white sugar,20,4.6,4.6,333.1,1,0.05,4.5442,0.1821,0.0558,-0.1321
all-purpose flour + butter + packed light brown sugar,20,4.605,4.6,1043.95,1,0.05,4.5442,0.1821,0.0608,-0.1321
black pepper + ginger + soy sauce,20,4.605,4.6,503.3,1,0.05,4.5442,0.1821,0.0608,-0.1321
black pepper + hot pepper sauce + salt,20,4.61,4.6,555.8,1,0.05,4.5442,0.1821,0.0658,-0.1321
baking soda + egg + raisin,40,4.615,4.6,470.35,2,0.05,4.5442,0.1821,0.0708,-0.1321
dried oregano + dried parsley + garlic,20,4.615,4.6,618.6,1,0.05,4.5442,0.1821,0.0708,-0.1321
black pepper + cinnamon + salt,20,4.62,4.7,158.85,1,0.05,4.5442,0.1821,0.0758,-0.1321
15 ounce can pumpkin puree + cinnamon + nutmeg,20,4.625,4.7,933.2,1,0.05,4.5442,0.1821,0.0808,-0.1321
butter + packed brown sugar + pecan,20,4.625,4.6,238.2,1,0.05,4.5442,0.1821,0.0808,-0.1321
all-purpose flour + cold water + white sugar,20,4.63,4.65,237.55,1,0.05,4.5442,0.1821,0.0858,-0.1321
baking powder + rolled oat + vanilla extract,20,4.63,4.6,377.05,1,0.05,4.5442,0.1821,0.0858,-0.1321
dried thyme + paprika + salt,20,4.63,4.65,531.4,1,0.05,4.5442,0.1821,0.0858,-0.1321
clove + egg + vanilla extract,20,4.635,4.7,577.7,1,0.05,4.5442,0.1821,0.0908,-0.1321
packed brown sugar + pecan + white sugar,20,4.635,4.65,239.35,1,0.05,4.5442,0.1821,0.0908,-0.1321
baking soda + raisin + vegetable oil,20,4.64,4.65,559.9,1,0.05,4.5442,0.1821,0.0958,-0.1321
blueberry + vanilla extract + white sugar,20,4.64,4.6,504.55,1,0.05,4.5442,0.1821,0.0958,-0.1321
dried basil + dried oregano + dried thyme,20,4.64,4.7,508.4,1,0.05,4.5442,0.1821,0.0958,-0.1321
dried oregano + green bell pepper + salt,20,4.64,4.7,648.2,1,0.05,4.5442,0.1821,0.0958,-0.1321
mayonnaise + salt + white sugar,20,4.64,4.65,578.15,1,0.05,4.5442,0.1821,0.0958,-0.1321
blueberry + egg + white sugar,20,4.645,4.7,1076.75,1,0.05,4.5442,0.1821,0.1008,-0.1321
baking soda + large egg + packed brown sugar,40,4.6475,4.7,862.8,2,0.05,4.5442,0.1821,0.1033,-0.1321
all-purpose flour + heavy cream + white sugar,20,4.66,4.65,185.65,1,0.05,4.5442,0.1821,0.1158,-0.1321
bread flour + butter + salt,20,4.66,4.7,919.8,1,0.05,4.5442,0.1821,0.1158,-0.1321
dried oregano + garlic + white sugar,20,4.66,4.6,650.85,1,0.05,4.5442,0.1821,0.1158,-0.1321
apples - peeled cored and + cinnamon + white sugar,20,4.665,4.7,634.5,1,0.05,4.5442,0.1821,0.1208,-0.1321
clove + raisin + salt,20,4.665,4.7,329.4,1,0.05,4.5442,0.1821,0.1208,-0.1321
all-purpose flour + allspice + vanilla extract,20,4.675,4.75,171.9,1,0.05,4.5442,0.1821,0.1308,-0.1321
butter + ginger + nutmeg,20,4.675,4.7,149.8,1,0.05,4.5442,0.1821,0.1308,-0.1321
baking soda + ginger + vegetable oil,20,4.68,4.7,925.55,1,0.05,4.5442,0.1821,0.1358,-0.1321
8 ounce package cream cheese + confectioners' sugar + vanilla extract,20,4.69,4.7,419.15,1,0.05,4.5442,0.1821,0.1458,-0.1321
chili powder + cilantro + cumin,20,4.69,4.7,389.95,1,0.05,4.5442,0.1821,0.1458,-0.1321
8 ounce package cream cheese + cinnamon + white sugar,20,4.695,4.7,383.3,1,0.05,4.5442,0.1821,0.1508,-0.1321
chili powder + garlic powder + paprika,20,4.7,4.7,290.5,1,0.05,4.5442,0.1821,0.1558,-0.1321
butter + half-and-half + salt,20,4.705,4.7,515.75,1,0.05,4.5442,0.1821,0.1608,-0.1321
black pepper + red onion + salt,20,4.72,4.7,93.95,1,0.05,4.5442,0.1821,0.1758,-0.1321
baking soda + raisin + salt,61,4.6393,4.7,468.36,3,0.0492,4.5442,0.1821,0.0951,-0.1329
dried oregano + garlic + water,41,4.6049,4.6,460.15,2,0.0488,4.5442,0.1821,0.0607,-0.1333
baking soda + vanilla extract + zucchini,41,4.6146,4.7,659.54,2,0.0488,4.5442,0.1821,0.0704,-0.1333
black pepper + garlic powder + olive oil,41,4.6512,4.6,317.34,2,0.0488,4.5442,0.1821,0.107,-0.1333
cayenne pepper + olive oil + salt,41,4.6537,4.7,530.76,2,0.0488,4.5442,0.1821,0.1095,-0.1333
cayenne pepper + cumin + paprika,41,4.6634,4.7,567.44,2,0.0488,4.5442,0.1821,0.1192,-0.1333
garlic + ketchup + onion,21,4.6,4.6,291.57,1,0.0476,4.5442,0.1821,0.0558,-0.1345
black pepper + pork + salt,21,4.6048,4.6,339.86,1,0.0476,4.5442,0.1821,0.0606,-0.1345
baking soda + buttermilk + vegetable oil,21,4.6095,4.7,632.0,1,0.0476,4.5442,0.1821,0.0653,-0.1345
all-purpose flour + black pepper + white sugar,21,4.6143,4.6,349.33,1,0.0476,4.5442,0.1821,0.0701,-0.1345
butter + green bell pepper + onion,21,4.619,4.7,184.76,1,0.0476,4.5442,0.1821,0.0748,-0.1345
cilantro + olive oil + salt,21,4.6238,4.7,272.48,1,0.0476,4.5442,0.1821,0.0796,-0.1345
egg + vegetable oil + walnut,42,4.6286,4.7,408.57,2,0.0476,4.5442,0.1821,0.0844,-0.1345
all-purpose flour + pumpkin pie spice + salt,21,4.6381,4.7,255.62,1,0.0476,4.5442,0.1821,0.0939,-0.1345
dried oregano + olive oil + paprika,21,4.6524,4.7,404.14,1,0.0476,4.5442,0.1821,0.1082,-0.1345
baking soda + confectioners' sugar + vegetable oil,21,4.6571,4.7,918.67,1,0.0476,4.5442,0.1821,0.1129,-0.1345
carrot + egg + vanilla extract,21,4.6571,4.7,649.0,1,0.0476,4.5442,0.1821,0.1129,-0.1345
distilled white vinegar + water + white sugar,21,4.6667,4.7,302.48,1,0.0476,4.5442,0.1821,0.1225,-0.1345
brown sugar + garlic powder + onion powder,21,4.6714,4.7,182.67,1,0.0476,4.5442,0.1821,0.1272,-0.1345
15 ounce can pumpkin puree + all-purpose flour + salt,21,4.681,4.7,897.0,1,0.0476,4.5442,0.1821,0.1368,-0.1345
cinnamon + lemon juice + nutmeg,21,4.681,4.7,420.67,1,0.0476,4.5442,0.1821,0.1368,-0.1345
15 ounce can pumpkin puree + all-purpose flour + white sugar,21,4.6857,4.7,774.86,1,0.0476,4.5442,0.1821,0.1415,-0.1345
olive oil + salt + salt and black pepper,21,4.6857,4.7,195.43,1,0.0476,4.5442,0.1821,0.1415,-0.1345
all-purpose flour + butter + celery,21,4.6905,4.7,1050.19,1,0.0476,4.5442,0.1821,0.1463,-0.1345
all-purpose flour + heavy cream + salt,21,4.6905,4.7,333.14,1,0.0476,4.5442,0.1821,0.1463,-0.1345
cayenne pepper + kosher salt + olive oil,21,4.6905,4.7,203.48,1,0.0476,4.5442,0.1821,0.1463,-0.1345
black pepper + garlic powder + kosher salt,21,4.7,4.8,270.29,1,0.0476,4.5442,0.1821,0.1558,-0.1345
dried oregano + freshly black pepper + garlic,21,4.7,4.7,133.24,1,0.0476,4.5442,0.1821,0.1558,-0.1345
cayenne pepper + cumin + freshly black pepper,21,4.7048,4.8,253.86,1,0.0476,4.5442,0.1821,0.1606,-0.1345
garlic + kosher salt + water,21,4.7048,4.8,134.14,1,0.0476,4.5442,0.1821,0.1606,-0.1345
baking powder + white sugar + zucchini,43,4.6419,4.7,552.05,2,0.0465,4.5442,0.1821,0.0977,-0.1356
all-purpose flour + baking powder + zucchini,43,4.6442,4.7,559.14,2,0.0465,4.5442,0.1821,0.1,-0.1356
black pepper + dried oregano + onion,43,4.6442,4.7,688.14,2,0.0465,4.5442,0.1821,0.1,-0.1356
bacon + black pepper + salt,22,4.5955,4.6,485.32,1,0.0455,4.5442,0.1821,0.0513,-0.1366
all-purpose flour + allspice + baking powder,22,4.6,4.6,365.5,1,0.0455,4.5442,0.1821,0.0558,-0.1366
ginger + soy sauce + water,22,4.6,4.6,393.18,1,0.0455,4.5442,0.1821,0.0558,-0.1366
onion + salt + tomato paste,22,4.6091,4.6,221.95,1,0.0455,4.5442,0.1821,0.0649,-0.1366
black pepper + celery + water,22,4.6136,4.6,304.95,1,0.0455,4.5442,0.1821,0.0694,-0.1366
butter + garlic + vegetable oil,22,4.6136,4.6,523.18,1,0.0455,4.5442,0.1821,0.0694,-0.1366
cinnamon + cumin + olive oil,22,4.6273,4.65,113.82,1,0.0455,4.5442,0.1821,0.0831,-0.1366
baking soda + vegetable oil + water,22,4.6364,4.7,907.5,1,0.0455,4.5442,0.1821,0.0922,-0.1366
black pepper + chili powder + dried oregano,22,4.6364,4.7,787.36,1,0.0455,4.5442,0.1821,0.0922,-0.1366
garlic + heavy cream + olive oil,22,4.6364,4.7,201.91,1,0.0455,4.5442,0.1821,0.0922,-0.1366
all-purpose flour + chicken broth + milk,22,4.6636,4.7,1284.27,1,0.0455,4.5442,0.1821,0.1194,-0.1366
allspice + baking soda + nutmeg,22,4.6636,4.7,163.82,1,0.0455,4.5442,0.1821,0.1194,-0.1366
cinnamon + garlic + onion,22,4.6636,4.7,300.09,1,0.0455,4.5442,0.1821,0.1194,-0.1366
8 ounce package cream cheese + butter + vanilla extract,22,4.6818,4.7,334.09,1,0.0455,4.5442,0.1821,0.1376,-0.1366
cumin + freshly black pepper + garlic,22,4.7045,4.8,221.41,1,0.0455,4.5442,0.1821,0.1603,-0.1366
freshly black pepper + kosher salt + olive oil,22,4.7273,4.8,89.77,1,0.0455,4.5442,0.1821,0.1831,-0.1366
salt + white sugar + zucchini,45,4.6489,4.7,635.8,2,0.0444,4.5442,0.1821,0.1047,-0.1377
baking powder + baking soda + shortening,23,4.5696,4.6,218.26,1,0.0435,4.5442,0.1821,0.0254,-0.1386
green onion + olive oil + salt,23,4.587,4.6,237.61,1,0.0435,4.5442,0.1821,0.0428,-0.1386
black pepper + butter + cheddar cheese,23,4.5913,4.6,357.3,1,0.0435,4.5442,0.1821,0.0471,-0.1386
onion + parmesan cheese + parsley,23,4.5913,4.6,1431.83,1,0.0435,4.5442,0.1821,0.0471,-0.1386
beef + garlic + worcestershire sauce,23,4.5957,4.6,169.22,1,0.0435,4.5442,0.1821,0.0515,-0.1386
black pepper + salt + tomato paste,23,4.5957,4.6,350.52,1,0.0435,4.5442,0.1821,0.0515,-0.1386
green onion + salt + soy sauce,23,4.5957,4.6,365.87,1,0.0435,4.5442,0.1821,0.0515,-0.1386
active dry yeast + salt + water,23,4.6217,4.6,251.26,1,0.0435,4.5442,0.1821,0.0775,-0.1386
black pepper + carrot + stalks celery,23,4.6304,4.7,481.17,1,0.0435,4.5442,0.1821,0.0862,-0.1386
butter + freshly black pepper + garlic,23,4.6304,4.7,368.83,1,0.0435,4.5442,0.1821,0.0862,-0.1386
dried oregano + olive oil + water,23,4.6348,4.7,418.26,1,0.0435,4.5442,0.1821,0.0906,-0.1386
black pepper + dried thyme + paprika,23,4.6391,4.7,495.61,1,0.0435,4.5442,0.1821,0.0949,-0.1386
cayenne pepper + chili powder + salt,23,4.6391,4.7,436.26,1,0.0435,4.5442,0.1821,0.0949,-0.1386
all-purpose flour + salt + zucchini,46,4.6609,4.7,689.67,2,0.0435,4.5442,0.1821,0.1167,-0.1386
cayenne pepper + dried thyme + paprika,23,4.6609,4.7,502.57,1,0.0435,4.5442,0.1821,0.1167,-0.1386
cumin + lemon juice + salt,23,4.6696,4.7,281.91,1,0.0435,4.5442,0.1821,0.1254,-0.1386
garlic + olive oil + rosemary,23,4.687,4.8,248.43,1,0.0435,4.5442,0.1821,0.1428,-0.1386
cayenne pepper + olive oil + paprika,23,4.6957,4.7,436.61,1,0.0435,4.5442,0.1821,0.1515,-0.1386
packed brown sugar + rolled oat + vanilla extract,24,4.6125,4.6,452.33,1,0.0417,4.5442,0.1821,0.0683,-0.1404
black pepper + dried oregano + dried thyme,24,4.6208,4.6,436.67,1,0.0417,4.5442,0.1821,0.0766,-0.1404
raisin + salt + vegetable oil,24,4.6417,4.7,478.71,1,0.0417,4.5442,0.1821,0.0975,-0.1404
baking soda + white sugar + zucchini,48,4.65,4.7,606.58,2,0.0417,4.5442,0.1821,0.1058,-0.1404
lemon juice + nutmeg + white sugar,24,4.6792,4.7,377.33,1,0.0417,4.5442,0.1821,0.135,-0.1404
all-purpose flour + baking soda + zucchini,49,4.651,4.7,601.82,2,0.0408,4.5442,0.1821,0.1068,-0.1413
lemon juice + olive oil + parsley,25,4.572,4.6,469.44,1,0.04,4.5442,0.1821,0.0278,-0.1421
cinnamon + confectioners' sugar + milk,25,4.58,4.7,461.44,1,0.04,4.5442,0.1821,0.0358,-0.1421
baking powder + blueberry + white sugar,25,4.632,4.7,1043.76,1,0.04,4.5442,0.1821,0.0878,-0.1421
cinnamon + garlic + olive oil,25,4.636,4.6,170.48,1,0.04,4.5442,0.1821,0.0918,-0.1421
allspice + baking soda + white sugar,25,4.664,4.7,197.32,1,0.04,4.5442,0.1821,0.1198,-0.1421
cayenne pepper + chili powder + cumin,25,4.664,4.7,425.6,1,0.04,4.5442,0.1821,0.1198,-0.1421
black pepper + garlic + garlic powder,25,4.688,4.7,417.56,1,0.04,4.5442,0.1821,0.1438,-0.1421
egg + rolled oat + white sugar,26,4.6154,4.6,540.85,1,0.0385,4.5442,0.1821,0.0712,-0.1436
packed brown sugar + rolled oat + white sugar,26,4.6154,4.6,544.46,1,0.0385,4.5442,0.1821,0.0712,-0.1436
all-purpose flour + baking powder + blueberry,26,4.6231,4.65,1026.77,1,0.0385,4.5442,0.1821,0.0789,-0.1436
allspice + clove + nutmeg,26,4.65,4.7,173.19,1,0.0385,4.5442,0.1821,0.1058,-0.1436
green bell pepper + olive oil + salt,26,4.6538,4.7,194.35,1,0.0385,4.5442,0.1821,0.1096,-0.1436
baking soda + carrot + egg,26,4.6615,4.7,560.0,1,0.0385,4.5442,0.1821,0.1173,-0.1436
baking soda + cinnamon + pecan,26,4.6731,4.7,558.92,1,0.0385,4.5442,0.1821,0.1289,-0.1436
cumin + dried oregano + paprika,26,4.6846,4.7,584.54,1,0.0385,4.5442,0.1821,0.1404,-0.1436
black pepper + chili powder + garlic powder,26,4.6962,4.7,218.85,1,0.0385,4.5442,0.1821,0.152,-0.1436
dried oregano + garlic powder + onion powder,26,4.7,4.7,320.69,1,0.0385,4.5442,0.1821,0.1558,-0.1436
freshly black pepper + olive oil + onion,26,4.7462,4.8,212.65,1,0.0385,4.5442,0.1821,0.202,-0.1436
dried oregano + garlic + salt and black pepper,27,4.6259,4.6,224.96,1,0.037,4.5442,0.1821,0.0817,-0.1451
baking soda + carrot + vegetable oil,27,4.6667,4.7,740.96,1,0.037,4.5442,0.1821,0.1225,-0.1451
cayenne pepper + freshly black pepper + garlic,27,4.7037,4.8,313.0,1,0.037,4.5442,0.1821,0.1595,-0.1451
cilantro + cumin + olive oil,27,4.7259,4.7,246.81,1,0.037,4.5442,0.1821,0.1817,-0.1451
egg + vanilla extract + zucchini,28,4.6143,4.6,203.61,1,0.0357,4.5442,0.1821,0.0701,-0.1464
freshly black pepper + olive oil + salt,28,4.7107,4.7,297.32,1,0.0357,4.5442,0.1821,0.1665,-0.1464
dried thyme + garlic + olive oil,29,4.6172,4.6,336.03,1,0.0345,4.5442,0.1821,0.073,-0.1476
black pepper + dried oregano + olive oil,58,4.6534,4.7,513.78,2,0.0345,4.5442,0.1821,0.1092,-0.1476
brown sugar + water + white sugar,29,4.6621,4.7,197.21,1,0.0345,4.5442,0.1821,0.1179,-0.1476
cinnamon + large egg + vegetable oil,29,4.6793,4.7,1120.9,1,0.0345,4.5442,0.1821,0.1351,-0.1476
cumin + garlic powder + salt,29,4.7138,4.7,263.41,1,0.0345,4.5442,0.1821,0.1696,-0.1476
garlic + green onion + olive oil,30,4.5867,4.6,224.93,1,0.0333,4.5442,0.1821,0.0425,-0.1488
cayenne pepper + dried oregano + paprika,30,4.6767,4.7,674.03,1,0.0333,4.5442,0.1821,0.1325,-0.1488
baking soda + butter + vegetable oil,31,4.6516,4.7,555.87,1,0.0323,4.5442,0.1821,0.1074,-0.1498
egg + white sugar + zucchini,31,4.6581,4.7,230.65,1,0.0323,4.5442,0.1821,0.1139,-0.1498
black pepper + garlic + kosher salt,31,4.7129,4.8,141.77,1,0.0323,4.5442,0.1821,0.1687,-0.1498
nutmeg + water + white sugar,33,4.6303,4.7,534.73,1,0.0303,4.5442,0.1821,0.0861,-0.1518
all-purpose flour + egg + zucchini,33,4.6606,4.7,307.61,1,0.0303,4.5442,0.1821,0.1164,-0.1518
garlic + salt + tomato paste,34,4.6324,4.65,225.12,1,0.0294,4.5442,0.1821,0.0882,-0.1527
allspice + nutmeg + white sugar,34,4.6353,4.65,204.21,1,0.0294,4.5442,0.1821,0.0911,-0.1527
baking powder + baking soda + raisin,35,4.6514,4.7,301.97,1,0.0286,4.5442,0.1821,0.1072,-0.1535
cornstarch + vanilla extract + white sugar,36,4.6528,4.7,317.69,1,0.0278,4.5442,0.1821,0.1086,-0.1543
cumin + dried oregano + olive oil,36,4.6944,4.7,310.83,1,0.0278,4.5442,0.1821,0.1502,-0.1543
all-purpose flour + vanilla extract + zucchini,39,4.6385,4.7,691.18,1,0.0256,4.5442,0.1821,0.0943,-0.1565
garlic + kosher salt + olive oil,39,4.7154,4.8,123.49,1,0.0256,4.5442,0.1821,0.1712,-0.1565
freshly black pepper + garlic + salt,42,4.6857,4.7,299.79,1,0.0238,4.5442,0.1821,0.1415,-0.1583
all-purpose flour + white sugar + zucchini,45,4.6667,4.7,644.07,1,0.0222,4.5442,0.1821,0.1225,-0.1599
dried oregano + olive oil + salt,63,4.6556,4.7,480.87,1,0.0159,4.5442,0.1821,0.1114,-0.1662
dried basil + dried oregano + salt and pepper,10,4.51,4.5,336.7,0,0.0,4.5442,0.1821,-0.0342,-0.1821
active dry yeast + all-purpose flour + egg,10,4.52,4.5,127.8,0,0.0,4.5442,0.1821,-0.0242,-0.1821
garlic + green bell pepper + hot pepper sauce,10,4.52,4.5,415.8,0,0.0,4.5442,0.1821,-0.0242,-0.1821
celery + hot pepper sauce + onion,11,4.5273,4.5,271.18,0,0.0,4.5442,0.1821,-0.0169,-0.1821
celery + garlic + hot pepper sauce,10,4.53,4.5,280.6,0,0.0,4.5442,0.1821,-0.0142,-0.1821
beef + black pepper + pork,11,4.5364,4.5,399.64,0,0.0,4.5442,0.1821,-0.0078,-0.1821
green bell pepper + hot pepper sauce + onion,11,4.5364,4.5,281.91,0,0.0,4.5442,0.1821,-0.0078,-0.1821
salt + sesame oil + soy sauce,18,4.5389,4.5,220.72,0,0.0,4.5442,0.1821,-0.0053,-0.1821
baking powder + kosher salt + large egg,11,4.5455,4.5,50.18,0,0.0,4.5442,0.1821,0.0013,-0.1821
dried basil + garlic + mushroom,14,4.55,4.5,339.71,0,0.0,4.5442,0.1821,0.0058,-0.1821
semisweet chocolate chip + unsweetened cocoa powder + vanilla extract,11,4.5545,4.6,857.45,0,0.0,4.5442,0.1821,0.0103,-0.1821
almond extract + butter + confectioners' sugar,14,4.5571,4.6,390.0,0,0.0,4.5442,0.1821,0.0129,-0.1821
cheddar cheese + green onion + milk,10,4.56,4.6,936.0,0,0.0,4.5442,0.1821,0.0158,-0.1821
green onion + salt + sesame oil,10,4.56,4.55,294.4,0,0.0,4.5442,0.1821,0.0158,-0.1821
all-purpose flour + salt + soy sauce,11,4.5636,4.6,674.09,0,0.0,4.5442,0.1821,0.0194,-0.1821
chicken broth + dried oregano + onion,11,4.5636,4.6,525.73,0,0.0,4.5442,0.1821,0.0194,-0.1821
egg + light corn syrup + salt,15,4.5667,4.6,302.0,0,0.0,4.5442,0.1821,0.0225,-0.1821
dried oregano + garlic + mushroom,13,4.5692,4.5,264.46,0,0.0,4.5442,0.1821,0.025,-0.1821
butter + dry white wine + onion,10,4.57,4.6,206.9,0,0.0,4.5442,0.1821,0.0258,-0.1821
cinnamon + quick cooking oat + salt,10,4.57,4.6,672.3,0,0.0,4.5442,0.1821,0.0258,-0.1821
all-purpose flour + dried basil + onion,11,4.5727,4.5,448.27,0,0.0,4.5442,0.1821,0.0285,-0.1821
carrot + dried oregano + water,11,4.5727,4.6,740.55,0,0.0,4.5442,0.1821,0.0285,-0.1821
dried oregano + green bell pepper + water,11,4.5727,4.5,571.45,0,0.0,4.5442,0.1821,0.0285,-0.1821
butter + mushroom + parsley,12,4.575,4.55,273.33,0,0.0,4.5442,0.1821,0.0308,-0.1821
active dry yeast + egg + white sugar,17,4.5765,4.6,119.53,0,0.0,4.5442,0.1821,0.0323,-0.1821
egg + packed brown sugar + water,13,4.5769,4.6,337.69,0,0.0,4.5442,0.1821,0.0327,-0.1821
black pepper + egg + lean beef,14,4.5786,4.6,2160.93,0,0.0,4.5442,0.1821,0.0344,-0.1821
garlic + hot pepper sauce + onion,14,4.5786,4.6,404.64,0,0.0,4.5442,0.1821,0.0344,-0.1821
6 ounce can tomato paste + dried basil + dried oregano,10,4.58,4.6,1406.6,0,0.0,4.5442,0.1821,0.0358,-0.1821
all-purpose flour + salt + white wine,10,4.58,4.6,572.4,0,0.0,4.5442,0.1821,0.0358,-0.1821
butter + onion + tomato paste,10,4.58,4.6,127.7,0,0.0,4.5442,0.1821,0.0358,-0.1821
cornstarch + vegetable oil + white sugar,10,4.58,4.6,500.1,0,0.0,4.5442,0.1821,0.0358,-0.1821
garlic + lemon juice + white wine,10,4.58,4.6,167.5,0,0.0,4.5442,0.1821,0.0358,-0.1821
bread flour + salt + whole wheat flour,16,4.5812,4.55,257.06,0,0.0,4.5442,0.1821,0.037,-0.1821
baking soda + canola oil + nutmeg,11,4.5818,4.5,164.55,0,0.0,4.5442,0.1821,0.0376,-0.1821
bay leave + green bell pepper + onion,11,4.5818,4.6,148.36,0,0.0,4.5442,0.1821,0.0376,-0.1821
butter + cumin + olive oil,11,4.5818,4.6,44.45,0,0.0,4.5442,0.1821,0.0376,-0.1821
garlic powder + lean beef + salt,11,4.5818,4.6,737.18,0,0.0,4.5442,0.1821,0.0376,-0.1821
garlic + onion + red wine vinegar,12,4.5833,4.55,236.83,0,0.0,4.5442,0.1821,0.0391,-0.1821
cornstarch + salt + vegetable oil,13,4.5846,4.6,514.23,0,0.0,4.5442,0.1821,0.0404,-0.1821
hot pepper sauce + onion + salt,13,4.5846,4.6,335.38,0,0.0,4.5442,0.1821,0.0404,-0.1821
cheddar cheese + green bell pepper + onion,17,4.5882,4.6,650.35,0,0.0,4.5442,0.1821,0.044,-0.1821
all-purpose flour + cinnamon + quick cooking oat,10,4.59,4.6,682.0,0,0.0,4.5442,0.1821,0.0458,-0.1821
almond extract + baking soda + butter,10,4.59,4.6,276.3,0,0.0,4.5442,0.1821,0.0458,-0.1821
black pepper + dried oregano + mushroom,10,4.59,4.6,398.8,0,0.0,4.5442,0.1821,0.0458,-0.1821
black pepper + large egg + white sugar,10,4.59,4.6,142.2,0,0.0,4.5442,0.1821,0.0458,-0.1821
bread flour + salt + warm water,10,4.59,4.6,440.8,0,0.0,4.5442,0.1821,0.0458,-0.1821
brown sugar + chili powder + worcestershire sauce,10,4.59,4.55,159.0,0,0.0,4.5442,0.1821,0.0458,-0.1821
bay leaf + black pepper + dried basil,11,4.5909,4.6,1080.18,0,0.0,4.5442,0.1821,0.0467,-0.1821
bay leave + cayenne pepper + onion,11,4.5909,4.6,160.64,0,0.0,4.5442,0.1821,0.0467,-0.1821
black pepper + chili powder + worcestershire sauce,11,4.5909,4.6,241.0,0,0.0,4.5442,0.1821,0.0467,-0.1821
bread flour + honey + salt,11,4.5909,4.5,527.55,0,0.0,4.5442,0.1821,0.0467,-0.1821
butter + milk + mushroom,11,4.5909,4.6,228.73,0,0.0,4.5442,0.1821,0.0467,-0.1821
black pepper + crumbled feta cheese + olive oil,12,4.5917,4.6,340.58,0,0.0,4.5442,0.1821,0.0475,-0.1821
canola oil + cinnamon + nutmeg,12,4.5917,4.6,159.83,0,0.0,4.5442,0.1821,0.0475,-0.1821
canola oil + nutmeg + salt,12,4.5917,4.6,159.83,0,0.0,4.5442,0.1821,0.0475,-0.1821
active dry yeast + all-purpose flour + olive oil,13,4.5923,4.6,689.54,0,0.0,4.5442,0.1821,0.0481,-0.1821
all-purpose flour + egg + parmesan cheese,15,4.5933,4.6,328.53,0,0.0,4.5442,0.1821,0.0491,-0.1821
bread flour + salt + vegetable oil,15,4.5933,4.6,883.07,0,0.0,4.5442,0.1821,0.0491,-0.1821
butter + confectioners' sugar + water,16,4.6,4.6,317.94,0,0.0,4.5442,0.1821,0.0558,-0.1821
green onion + sesame oil + white sugar,15,4.6,4.6,299.53,0,0.0,4.5442,0.1821,0.0558,-0.1821
dried basil + dried oregano + parsley,13,4.6,4.6,537.46,0,0.0,4.5442,0.1821,0.0558,-0.1821
dried oregano + garlic + lean beef,13,4.6,4.6,567.08,0,0.0,4.5442,0.1821,0.0558,-0.1821
dried oregano + mushroom + olive oil,13,4.6,4.6,335.46,0,0.0,4.5442,0.1821,0.0558,-0.1821
bacon + onion + parsley,12,4.6,4.6,339.83,0,0.0,4.5442,0.1821,0.0558,-0.1821
bay leaf + celery + dried thyme,12,4.6,4.6,135.67,0,0.0,4.5442,0.1821,0.0558,-0.1821
canned pumpkin + cinnamon + white sugar,12,4.6,4.6,440.58,0,0.0,4.5442,0.1821,0.0558,-0.1821
carrot + dried basil + dried oregano,12,4.6,4.6,900.75,0,0.0,4.5442,0.1821,0.0558,-0.1821
honey + water + white sugar,12,4.6,4.6,406.25,0,0.0,4.5442,0.1821,0.0558,-0.1821
all-purpose flour + honey + vegetable oil,11,4.6,4.6,340.64,0,0.0,4.5442,0.1821,0.0558,-0.1821
baking powder + baking soda + canned pumpkin,11,4.6,4.6,423.09,0,0.0,4.5442,0.1821,0.0558,-0.1821
black pepper + egg + mozzarella cheese,11,4.6,4.6,2372.0,0,0.0,4.5442,0.1821,0.0558,-0.1821
black pepper + tomato paste + worcestershire sauce,11,4.6,4.6,409.55,0,0.0,4.5442,0.1821,0.0558,-0.1821
cornstarch + garlic + white sugar,11,4.6,4.6,925.64,0,0.0,4.5442,0.1821,0.0558,-0.1821
lemon juice + olive oil + white wine,11,4.6,4.6,281.64,0,0.0,4.5442,0.1821,0.0558,-0.1821
allspice + black pepper + cumin,10,4.6,4.6,276.4,0,0.0,4.5442,0.1821,0.0558,-0.1821
baking soda + nutmeg + pumpkin puree,10,4.6,4.6,115.3,0,0.0,4.5442,0.1821,0.0558,-0.1821
carrot + parsley + water,10,4.6,4.6,385.3,0,0.0,4.5442,0.1821,0.0558,-0.1821
cinnamon + heavy whipping cream + vanilla extract,10,4.6,4.6,82.8,0,0.0,4.5442,0.1821,0.0558,-0.1821
egg + parmesan cheese + water,10,4.6,4.6,2431.8,0,0.0,4.5442,0.1821,0.0558,-0.1821
carrot + dried basil + garlic,15,4.6067,4.6,519.0,0,0.0,4.5442,0.1821,0.0625,-0.1821
bay leave + cayenne pepper + garlic,14,4.6071,4.6,238.86,0,0.0,4.5442,0.1821,0.0629,-0.1821
bay leave + garlic + green bell pepper,14,4.6071,4.65,402.21,0,0.0,4.5442,0.1821,0.0629,-0.1821
allspice + cumin + salt,13,4.6077,4.5,192.54,0,0.0,4.5442,0.1821,0.0635,-0.1821
dried basil + dried oregano + green bell pepper,13,4.6077,4.6,364.62,0,0.0,4.5442,0.1821,0.0635,-0.1821
baking powder + canned pumpkin + cinnamon,12,4.6083,4.6,414.0,0,0.0,4.5442,0.1821,0.0641,-0.1821
coriander + olive oil + salt,12,4.6083,4.6,183.42,0,0.0,4.5442,0.1821,0.0641,-0.1821
dried oregano + dried rosemary + garlic,12,4.6083,4.6,293.67,0,0.0,4.5442,0.1821,0.0641,-0.1821
onion powder + salt + worcestershire sauce,12,4.6083,4.6,344.75,0,0.0,4.5442,0.1821,0.0641,-0.1821
vegetable oil + white sugar + whole wheat flour,12,4.6083,4.6,180.42,0,0.0,4.5442,0.1821,0.0641,-0.1821
baking soda + milk + semisweet chocolate chip,11,4.6091,4.6,573.55,0,0.0,4.5442,0.1821,0.0649,-0.1821
black pepper + garlic powder + medium onion,11,4.6091,4.5,211.36,0,0.0,4.5442,0.1821,0.0649,-0.1821
dried oregano + green bell pepper + vegetable oil,11,4.6091,4.6,275.45,0,0.0,4.5442,0.1821,0.0649,-0.1821
egg + white sugar + whole wheat flour,11,4.6091,4.6,198.27,0,0.0,4.5442,0.1821,0.0649,-0.1821
active dry yeast + olive oil + white sugar,20,4.61,4.6,263.2,0,0.0,4.5442,0.1821,0.0658,-0.1821
baking powder + raisin + zucchini,10,4.61,4.6,105.6,0,0.0,4.5442,0.1821,0.0658,-0.1821
baking soda + canned pumpkin + salt,10,4.61,4.6,458.3,0,0.0,4.5442,0.1821,0.0658,-0.1821
baking soda + canned pumpkin + white sugar,10,4.61,4.6,461.5,0,0.0,4.5442,0.1821,0.0658,-0.1821
bay leaf + butter + onion,10,4.61,4.6,289.7,0,0.0,4.5442,0.1821,0.0658,-0.1821
black pepper + green onion + sesame oil,10,4.61,4.65,282.5,0,0.0,4.5442,0.1821,0.0658,-0.1821
brown sugar + red pepper flake + soy sauce,10,4.61,4.6,338.7,0,0.0,4.5442,0.1821,0.0658,-0.1821
butter + dry white wine + salt,10,4.61,4.65,65.4,0,0.0,4.5442,0.1821,0.0658,-0.1821
butter + rhubarb + salt,10,4.61,4.65,137.1,0,0.0,4.5442,0.1821,0.0658,-0.1821
buttermilk + cinnamon + vegetable oil,10,4.61,4.65,586.5,0,0.0,4.5442,0.1821,0.0658,-0.1821
carrot + dried basil + water,10,4.61,4.6,636.3,0,0.0,4.5442,0.1821,0.0658,-0.1821
chili powder + garlic powder + vegetable oil,10,4.61,4.65,322.9,0,0.0,4.5442,0.1821,0.0658,-0.1821
cinnamon + kosher salt + vanilla extract,10,4.61,4.6,88.6,0,0.0,4.5442,0.1821,0.0658,-0.1821
dried thyme + onion + stalks celery,10,4.61,4.6,289.6,0,0.0,4.5442,0.1821,0.0658,-0.1821
garlic powder + soy sauce + worcestershire sauce,10,4.61,4.65,185.1,0,0.0,4.5442,0.1821,0.0658,-0.1821
lemon juice + olive oil + red pepper flake,10,4.61,4.6,482.4,0,0.0,4.5442,0.1821,0.0658,-0.1821
sesame oil + water + white sugar,10,4.61,4.65,266.7,0,0.0,4.5442,0.1821,0.0658,-0.1821
dried basil + dried oregano + white sugar,15,4.6133,4.6,891.47,0,0.0,4.5442,0.1821,0.0691,-0.1821
egg + orange zest + salt,14,4.6143,4.65,197.29,0,0.0,4.5442,0.1821,0.0701,-0.1821
garlic + green onion + salt and black pepper,14,4.6143,4.65,71.29,0,0.0,4.5442,0.1821,0.0701,-0.1821
garlic + heavy cream + salt and pepper,14,4.6143,4.65,416.79,0,0.0,4.5442,0.1821,0.0701,-0.1821
active dry yeast + egg + salt,20,4.615,4.6,149.4,0,0.0,4.5442,0.1821,0.0708,-0.1821
bacon + salt + water,13,4.6154,4.6,554.69,0,0.0,4.5442,0.1821,0.0712,-0.1821
baking powder + canned pumpkin + salt,13,4.6154,4.6,398.62,0,0.0,4.5442,0.1821,0.0712,-0.1821
baking powder + canned pumpkin + white sugar,13,4.6154,4.6,401.08,0,0.0,4.5442,0.1821,0.0712,-0.1821
baking soda + vegetable oil + whole wheat flour,13,4.6154,4.6,229.85,0,0.0,4.5442,0.1821,0.0712,-0.1821
active dry yeast + olive oil + salt,25,4.616,4.6,405.16,0,0.0,4.5442,0.1821,0.0718,-0.1821
all-purpose flour + dried oregano + olive oil,12,4.6167,4.6,298.75,0,0.0,4.5442,0.1821,0.0725,-0.1821
beef + garlic powder + worcestershire sauce,12,4.6167,4.6,679.67,0,0.0,4.5442,0.1821,0.0725,-0.1821
black pepper + cayenne pepper + dried basil,12,4.6167,4.6,549.42,0,0.0,4.5442,0.1821,0.0725,-0.1821
black pepper + cornstarch + soy sauce,12,4.6167,4.65,785.0,0,0.0,4.5442,0.1821,0.0725,-0.1821
carrot + dried thyme + onion,12,4.6167,4.6,366.75,0,0.0,4.5442,0.1821,0.0725,-0.1821
chili powder + garlic + worcestershire sauce,12,4.6167,4.6,326.17,0,0.0,4.5442,0.1821,0.0725,-0.1821
ginger + green onion + soy sauce,12,4.6167,4.7,598.67,0,0.0,4.5442,0.1821,0.0725,-0.1821
chicken broth + dried oregano + garlic,17,4.6176,4.6,380.06,0,0.0,4.5442,0.1821,0.0734,-0.1821
dried basil + dried thyme + garlic,17,4.6176,4.6,345.88,0,0.0,4.5442,0.1821,0.0734,-0.1821
garlic + green onion + white sugar,22,4.6182,4.6,313.0,0,0.0,4.5442,0.1821,0.074,-0.1821
olive oil + red bell pepper + salt,22,4.6182,4.65,230.68,0,0.0,4.5442,0.1821,0.074,-0.1821
all-purpose flour + canned pumpkin + cinnamon,11,4.6182,4.6,445.18,0,0.0,4.5442,0.1821,0.074,-0.1821
all-purpose flour + light corn syrup + salt,11,4.6182,4.7,395.27,0,0.0,4.5442,0.1821,0.074,-0.1821
all-purpose flour + raisin + zucchini,11,4.6182,4.6,116.18,0,0.0,4.5442,0.1821,0.074,-0.1821
baking soda + quick cooking oat + vanilla extract,11,4.6182,4.7,917.55,0,0.0,4.5442,0.1821,0.074,-0.1821
baking soda + raisin + zucchini,11,4.6182,4.6,116.18,0,0.0,4.5442,0.1821,0.074,-0.1821
black pepper + cumin + worcestershire sauce,11,4.6182,4.6,318.82,0,0.0,4.5442,0.1821,0.074,-0.1821
black pepper + garlic + red wine,11,4.6182,4.6,138.55,0,0.0,4.5442,0.1821,0.074,-0.1821
brown sugar + cinnamon + cornstarch,11,4.6182,4.6,629.64,0,0.0,4.5442,0.1821,0.074,-0.1821
butter + salt + tomato paste,11,4.6182,4.6,107.64,0,0.0,4.5442,0.1821,0.074,-0.1821
butter + sour cream + water,11,4.6182,4.7,459.09,0,0.0,4.5442,0.1821,0.074,-0.1821
confectioners' sugar + milk + water,11,4.6182,4.6,299.73,0,0.0,4.5442,0.1821,0.074,-0.1821
green onion + water + white sugar,11,4.6182,4.6,370.36,0,0.0,4.5442,0.1821,0.074,-0.1821
raisin + salt + zucchini,11,4.6182,4.6,116.18,0,0.0,4.5442,0.1821,0.074,-0.1821
garlic + parsley + white sugar,16,4.6187,4.6,1450.38,0,0.0,4.5442,0.1821,0.0745,-0.1821
black pepper + garlic powder + italian seasoning,15,4.62,4.6,262.8,0,0.0,4.5442,0.1821,0.0758,-0.1821
dried basil + dried thyme + salt,15,4.62,4.6,571.6,0,0.0,4.5442,0.1821,0.0758,-0.1821
active dry yeast + warm water + white sugar,10,4.62,4.6,105.0,0,0.0,4.5442,0.1821,0.0758,-0.1821
baking soda + light brown sugar + salt,10,4.62,4.65,238.2,0,0.0,4.5442,0.1821,0.0758,-0.1821
bay leaf + garlic + stalks celery,10,4.62,4.6,494.2,0,0.0,4.5442,0.1821,0.0758,-0.1821
black pepper + butter + garlic salt,10,4.62,4.5,213.0,0,0.0,4.5442,0.1821,0.0758,-0.1821
brown sugar + butter + maple syrup,10,4.62,4.6,141.1,0,0.0,4.5442,0.1821,0.0758,-0.1821
butter + cumin + salt and black pepper,10,4.62,4.65,377.5,0,0.0,4.5442,0.1821,0.0758,-0.1821
butter + orange juice + white sugar,10,4.62,4.6,161.0,0,0.0,4.5442,0.1821,0.0758,-0.1821
cayenne pepper + dried basil + dried oregano,10,4.62,4.6,1426.8,0,0.0,4.5442,0.1821,0.0758,-0.1821
garlic + green onion + large egg,10,4.62,4.65,268.7,0,0.0,4.5442,0.1821,0.0758,-0.1821
heavy cream + salt + water,10,4.62,4.6,198.5,0,0.0,4.5442,0.1821,0.0758,-0.1821
unbleached all-purpose flour + vanilla extract + white sugar,10,4.62,4.65,376.0,0,0.0,4.5442,0.1821,0.0758,-0.1821
packed brown sugar + rolled oat + salt,24,4.6208,4.6,445.96,0,0.0,4.5442,0.1821,0.0766,-0.1821
black pepper + dried basil + dried thyme,19,4.6211,4.6,434.26,0,0.0,4.5442,0.1821,0.0769,-0.1821
garlic + ketchup + worcestershire sauce,23,4.6217,4.7,395.22,0,0.0,4.5442,0.1821,0.0775,-0.1821
butter + heavy cream + onion,18,4.6222,4.6,345.06,0,0.0,4.5442,0.1821,0.078,-0.1821
dried oregano + dried thyme + garlic,22,4.6227,4.6,284.73,0,0.0,4.5442,0.1821,0.0785,-0.1821
baking soda + large egg + shortening,13,4.6231,4.6,1101.23,0,0.0,4.5442,0.1821,0.0789,-0.1821
black pepper + mayonnaise + onion,13,4.6231,4.6,439.31,0,0.0,4.5442,0.1821,0.0789,-0.1821
freshly black pepper + parsley + salt,13,4.6231,4.6,292.0,0,0.0,4.5442,0.1821,0.0789,-0.1821
active dry yeast + honey + whole wheat flour,12,4.625,4.55,217.25,0,0.0,4.5442,0.1821,0.0808,-0.1821
all-purpose flour + baking powder + canned pumpkin,12,4.625,4.6,412.25,0,0.0,4.5442,0.1821,0.0808,-0.1821
all-purpose flour + canned pumpkin + salt,12,4.625,4.6,412.25,0,0.0,4.5442,0.1821,0.0808,-0.1821
allspice + water + white sugar,12,4.625,4.65,139.42,0,0.0,4.5442,0.1821,0.0808,-0.1821
baking soda + packed brown sugar + quick cooking oat,12,4.625,4.65,753.92,0,0.0,4.5442,0.1821,0.0808,-0.1821
black pepper + dried parsley + water,12,4.625,4.65,1175.25,0,0.0,4.5442,0.1821,0.0808,-0.1821
black pepper + onion + pork,12,4.625,4.6,371.17,0,0.0,4.5442,0.1821,0.0808,-0.1821
canned pumpkin + salt + white sugar,12,4.625,4.6,428.58,0,0.0,4.5442,0.1821,0.0808,-0.1821
chicken broth + cumin + dried oregano,12,4.625,4.6,260.25,0,0.0,4.5442,0.1821,0.0808,-0.1821
mushroom + olive oil + parmesan cheese,12,4.625,4.65,299.08,0,0.0,4.5442,0.1821,0.0808,-0.1821
active dry yeast + honey + salt,15,4.6267,4.6,267.73,0,0.0,4.5442,0.1821,0.0825,-0.1821
cumin + garlic + green onion,15,4.6267,4.7,323.93,0,0.0,4.5442,0.1821,0.0825,-0.1821
garlic + red pepper flake + soy sauce,15,4.6267,4.6,411.6,0,0.0,4.5442,0.1821,0.0825,-0.1821
quick cooking oat + salt + vanilla extract,15,4.6267,4.7,872.6,0,0.0,4.5442,0.1821,0.0825,-0.1821
9 inch unbaked pie crust + butter + salt,11,4.6273,4.7,1464.36,0,0.0,4.5442,0.1821,0.0831,-0.1821
all-purpose flour + cinnamon + kosher salt,11,4.6273,4.7,106.82,0,0.0,4.5442,0.1821,0.0831,-0.1821
bay leave + dried thyme + onion,11,4.6273,4.6,161.45,0,0.0,4.5442,0.1821,0.0831,-0.1821
brown sugar + cayenne pepper + salt,11,4.6273,4.6,291.45,0,0.0,4.5442,0.1821,0.0831,-0.1821
dried basil + egg + garlic,11,4.6273,4.6,572.36,0,0.0,4.5442,0.1821,0.0831,-0.1821
dried oregano + garlic + tomato sauce,11,4.6273,4.6,273.55,0,0.0,4.5442,0.1821,0.0831,-0.1821
garlic + onion + white pepper,11,4.6273,4.6,340.55,0,0.0,4.5442,0.1821,0.0831,-0.1821
active dry yeast + salt + whole wheat flour,18,4.6278,4.6,219.5,0,0.0,4.5442,0.1821,0.0836,-0.1821
salt + warm water + white sugar,25,4.628,4.6,280.36,0,0.0,4.5442,0.1821,0.0838,-0.1821
8 ounce package cream cheese + lemon juice + white sugar,10,4.63,4.6,146.6,0,0.0,4.5442,0.1821,0.0858,-0.1821
9 inch unbaked pie crust + egg + salt,10,4.63,4.65,91.4,0,0.0,4.5442,0.1821,0.0858,-0.1821
all-purpose flour + butter + quick-cooking oat,10,4.63,4.6,1434.8,0,0.0,4.5442,0.1821,0.0858,-0.1821
baking soda + egg + orange zest,10,4.63,4.65,255.8,0,0.0,4.5442,0.1821,0.0858,-0.1821
bay leaf + carrot + stalks celery,10,4.63,4.6,457.8,0,0.0,4.5442,0.1821,0.0858,-0.1821
black pepper + crumbled feta cheese + salt,10,4.63,4.6,250.9,0,0.0,4.5442,0.1821,0.0858,-0.1821
black pepper + green onion + large egg,10,4.63,4.6,171.3,0,0.0,4.5442,0.1821,0.0858,-0.1821
butter + dried basil + parmesan cheese,10,4.63,4.6,952.2,0,0.0,4.5442,0.1821,0.0858,-0.1821
butter + dry white wine + parsley,10,4.63,4.65,205.3,0,0.0,4.5442,0.1821,0.0858,-0.1821
cayenne pepper + chili powder + dried oregano,10,4.63,4.65,674.8,0,0.0,4.5442,0.1821,0.0858,-0.1821
cayenne pepper + dried basil + paprika,10,4.63,4.65,1152.6,0,0.0,4.5442,0.1821,0.0858,-0.1821
cilantro + salt + tomato,10,4.63,4.6,365.4,0,0.0,4.5442,0.1821,0.0858,-0.1821
cinnamon + quick cooking oat + white sugar,10,4.63,4.65,690.5,0,0.0,4.5442,0.1821,0.0858,-0.1821
cumin + dried oregano + salt and black pepper,10,4.63,4.6,250.9,0,0.0,4.5442,0.1821,0.0858,-0.1821
dried basil + dried rosemary + garlic,10,4.63,4.55,221.4,0,0.0,4.5442,0.1821,0.0858,-0.1821
dried oregano + garlic + lamb,10,4.63,4.6,89.5,0,0.0,4.5442,0.1821,0.0858,-0.1821
garlic + honey + ketchup,10,4.63,4.65,565.1,0,0.0,4.5442,0.1821,0.0858,-0.1821
onion + parmesan cheese + water,10,4.63,4.6,2568.1,0,0.0,4.5442,0.1821,0.0858,-0.1821
raisin + white sugar + zucchini,10,4.63,4.6,103.1,0,0.0,4.5442,0.1821,0.0858,-0.1821
baking soda + packed brown sugar + walnut,26,4.6308,4.6,1524.88,0,0.0,4.5442,0.1821,0.0866,-0.1821
balsamic vinegar + black pepper + olive oil,13,4.6308,4.6,375.15,0,0.0,4.5442,0.1821,0.0866,-0.1821
cinnamon + large egg + raisin,13,4.6308,4.7,839.46,0,0.0,4.5442,0.1821,0.0866,-0.1821
dried oregano + garlic powder + water,13,4.6308,4.6,623.54,0,0.0,4.5442,0.1821,0.0866,-0.1821
cornstarch + soy sauce + white sugar,16,4.6312,4.6,864.75,0,0.0,4.5442,0.1821,0.087,-0.1821
dried basil + garlic + parsley,21,4.6333,4.6,613.76,0,0.0,4.5442,0.1821,0.0891,-0.1821
baking soda + quick cooking oat + salt,15,4.6333,4.7,761.87,0,0.0,4.5442,0.1821,0.0891,-0.1821
dried thyme + olive oil + onion,15,4.6333,4.6,222.4,0,0.0,4.5442,0.1821,0.0891,-0.1821
blueberry + large egg + salt,12,4.6333,4.65,421.08,0,0.0,4.5442,0.1821,0.0891,-0.1821
butter + heavy cream + water,12,4.6333,4.65,305.83,0,0.0,4.5442,0.1821,0.0891,-0.1821
butter + warm water + white sugar,12,4.6333,4.7,338.67,0,0.0,4.5442,0.1821,0.0891,-0.1821
cayenne pepper + cumin + white sugar,12,4.6333,4.6,1179.58,0,0.0,4.5442,0.1821,0.0891,-0.1821
dried basil + parsley + salt,12,4.6333,4.6,697.67,0,0.0,4.5442,0.1821,0.0891,-0.1821
black pepper + olive oil + red bell pepper,20,4.635,4.7,242.55,0,0.0,4.5442,0.1821,0.0908,-0.1821
black pepper + olive oil + soy sauce,17,4.6353,4.7,376.65,0,0.0,4.5442,0.1821,0.0911,-0.1821
8 ounce package cream cheese + vegetable oil + white sugar,14,4.6357,4.7,374.14,0,0.0,4.5442,0.1821,0.0915,-0.1821
all-purpose flour + baking soda + light brown sugar,14,4.6357,4.65,227.14,0,0.0,4.5442,0.1821,0.0915,-0.1821
baking soda + light brown sugar + vanilla extract,14,4.6357,4.65,227.14,0,0.0,4.5442,0.1821,0.0915,-0.1821
butter + quick cooking oat + white sugar,14,4.6357,4.65,327.5,0,0.0,4.5442,0.1821,0.0915,-0.1821
6 ounce can tomato paste + dried basil + garlic,11,4.6364,4.6,1612.09,0,0.0,4.5442,0.1821,0.0922,-0.1821
9 inch unbaked pie crust + butter + vanilla extract,11,4.6364,4.6,440.82,0,0.0,4.5442,0.1821,0.0922,-0.1821
9 inch unbaked pie crust + egg + vanilla extract,11,4.6364,4.6,136.09,0,0.0,4.5442,0.1821,0.0922,-0.1821
all-purpose flour + canned pumpkin + white sugar,11,4.6364,4.6,446.18,0,0.0,4.5442,0.1821,0.0922,-0.1821
beef + black pepper + cheddar cheese,11,4.6364,4.7,417.18,0,0.0,4.5442,0.1821,0.0922,-0.1821
green bell pepper + onion + white sugar,11,4.6364,4.6,487.36,0,0.0,4.5442,0.1821,0.0922,-0.1821
onion + pork + salt,11,4.6364,4.6,391.09,0,0.0,4.5442,0.1821,0.0922,-0.1821
butter + dried oregano + olive oil,16,4.6375,4.6,231.38,0,0.0,4.5442,0.1821,0.0933,-0.1821
cinnamon + cornstarch + nutmeg,16,4.6375,4.65,444.5,0,0.0,4.5442,0.1821,0.0933,-0.1821
dried oregano + dried parsley + salt,16,4.6375,4.65,934.56,0,0.0,4.5442,0.1821,0.0933,-0.1821
green bell pepper + onion + salt and black pepper,16,4.6375,4.6,741.69,0,0.0,4.5442,0.1821,0.0933,-0.1821
8 ounce package cream cheese + large egg + white sugar,13,4.6385,4.7,294.08,0,0.0,4.5442,0.1821,0.0943,-0.1821
black pepper + cinnamon + onion,13,4.6385,4.7,137.85,0,0.0,4.5442,0.1821,0.0943,-0.1821
black pepper + large onion + olive oil,13,4.6385,4.6,158.38,0,0.0,4.5442,0.1821,0.0943,-0.1821
butter + salt + salt and black pepper,13,4.6385,4.7,408.69,0,0.0,4.5442,0.1821,0.0943,-0.1821
egg + packed brown sugar + raisin,13,4.6385,4.6,261.46,0,0.0,4.5442,0.1821,0.0943,-0.1821
all-purpose flour + blueberry + cinnamon,18,4.6389,4.65,1398.44,0,0.0,4.5442,0.1821,0.0947,-0.1821
almond + butter + salt,15,4.64,4.6,107.73,0,0.0,4.5442,0.1821,0.0958,-0.1821
garlic + italian seasoning + water,15,4.64,4.6,1524.4,0,0.0,4.5442,0.1821,0.0958,-0.1821
9 inch unbaked pie crust + all-purpose flour + egg,10,4.64,4.65,191.1,0,0.0,4.5442,0.1821,0.0958,-0.1821
allspice + raisin + white sugar,10,4.64,4.7,92.6,0,0.0,4.5442,0.1821,0.0958,-0.1821
beef + beef broth + black pepper,10,4.64,4.6,521.8,0,0.0,4.5442,0.1821,0.0958,-0.1821
beef + black pepper + cooking spray,10,4.64,4.6,144.0,0,0.0,4.5442,0.1821,0.0958,-0.1821
black pepper + chicken stock + olive oil,10,4.64,4.6,173.1,0,0.0,4.5442,0.1821,0.0958,-0.1821
cinnamon + kosher salt + large egg,10,4.64,4.7,76.7,0,0.0,4.5442,0.1821,0.0958,-0.1821
cumin + garlic + monterey jack cheese,10,4.64,4.7,642.2,0,0.0,4.5442,0.1821,0.0958,-0.1821
pecan + sour cream + white sugar,10,4.64,4.7,437.3,0,0.0,4.5442,0.1821,0.0958,-0.1821
rolled oat + salt + semisweet chocolate chip,10,4.64,4.6,621.7,0,0.0,4.5442,0.1821,0.0958,-0.1821
all-purpose flour + quick-cooking oat + white sugar,12,4.6417,4.65,1469.0,0,0.0,4.5442,0.1821,0.0975,-0.1821
black pepper + paprika + white pepper,12,4.6417,4.65,800.0,0,0.0,4.5442,0.1821,0.0975,-0.1821
butter + quick cooking oat + salt,12,4.6417,4.7,338.25,0,0.0,4.5442,0.1821,0.0975,-0.1821
freshly black pepper + kosher salt + unsalted butter,12,4.6417,4.65,301.08,0,0.0,4.5442,0.1821,0.0975,-0.1821
cornstarch + nutmeg + salt,14,4.6429,4.65,505.14,0,0.0,4.5442,0.1821,0.0987,-0.1821
large onion + olive oil + water,14,4.6429,4.7,202.0,0,0.0,4.5442,0.1821,0.0987,-0.1821
black pepper + dried oregano + dried parsley,16,4.6438,4.65,618.06,0,0.0,4.5442,0.1821,0.0996,-0.1821
butter + garlic + heavy cream,33,4.6455,4.7,626.33,0,0.0,4.5442,0.1821,0.1013,-0.1821
all-purpose flour + butter + whole milk,11,4.6455,4.6,378.36,0,0.0,4.5442,0.1821,0.1013,-0.1821
all-purpose flour + kosher salt + milk,11,4.6455,4.7,61.27,0,0.0,4.5442,0.1821,0.1013,-0.1821
all-purpose flour + quick cooking oat + vanilla extract,11,4.6455,4.7,906.27,0,0.0,4.5442,0.1821,0.1013,-0.1821
bacon + milk + salt,11,4.6455,4.7,622.45,0,0.0,4.5442,0.1821,0.1013,-0.1821
bay leaf + carrot + water,11,4.6455,4.7,587.27,0,0.0,4.5442,0.1821,0.1013,-0.1821
black pepper + celery + mayonnaise,11,4.6455,4.6,536.0,0,0.0,4.5442,0.1821,0.1013,-0.1821
black pepper + clove + salt,11,4.6455,4.7,209.36,0,0.0,4.5442,0.1821,0.1013,-0.1821
butter + cayenne pepper + salt and black pepper,11,4.6455,4.7,230.18,0,0.0,4.5442,0.1821,0.1013,-0.1821
cayenne pepper + cumin + salt and black pepper,11,4.6455,4.6,766.18,0,0.0,4.5442,0.1821,0.1013,-0.1821
chili powder + cumin + salt and black pepper,11,4.6455,4.6,381.0,0,0.0,4.5442,0.1821,0.1013,-0.1821
garlic + lamb + olive oil,11,4.6455,4.6,66.27,0,0.0,4.5442,0.1821,0.1013,-0.1821
garlic + lemon juice + salt and black pepper,11,4.6455,4.7,114.73,0,0.0,4.5442,0.1821,0.1013,-0.1821
garlic + pork + soy sauce,11,4.6455,4.7,193.18,0,0.0,4.5442,0.1821,0.1013,-0.1821
onion + red wine vinegar + salt,11,4.6455,4.6,285.82,0,0.0,4.5442,0.1821,0.1013,-0.1821
9 inch unbaked pie crust + vanilla extract + white sugar,13,4.6462,4.7,457.85,0,0.0,4.5442,0.1821,0.102,-0.1821
all-purpose flour + butter + cold water,13,4.6462,4.6,265.54,0,0.0,4.5442,0.1821,0.102,-0.1821
baking powder + blueberry + butter,13,4.6462,4.6,257.77,0,0.0,4.5442,0.1821,0.102,-0.1821
basil leave + garlic + olive oil,13,4.6462,4.7,161.77,0,0.0,4.5442,0.1821,0.102,-0.1821
dried rosemary + garlic + salt,13,4.6462,4.6,111.69,0,0.0,4.5442,0.1821,0.102,-0.1821
ginger + soy sauce + vegetable oil,13,4.6462,4.6,599.31,0,0.0,4.5442,0.1821,0.102,-0.1821
green onion + red bell pepper + salt,13,4.6462,4.6,666.08,0,0.0,4.5442,0.1821,0.102,-0.1821
garlic + green onion + sesame oil,30,4.6467,4.7,224.5,0,0.0,4.5442,0.1821,0.1025,-0.1821
9 inch unbaked pie crust + butter + egg,15,4.6467,4.7,124.6,0,0.0,4.5442,0.1821,0.1025,-0.1821
all-purpose flour + baking soda + quick cooking oat,15,4.6467,4.7,754.47,0,0.0,4.5442,0.1821,0.1025,-0.1821
baking powder + raisin + vegetable oil,15,4.6467,4.6,301.13,0,0.0,4.5442,0.1821,0.1025,-0.1821
black pepper + celery + dried thyme,15,4.6467,4.6,137.07,0,0.0,4.5442,0.1821,0.1025,-0.1821
butter + cayenne pepper + olive oil,15,4.6467,4.6,195.73,0,0.0,4.5442,0.1821,0.1025,-0.1821
dried oregano + olive oil + white sugar,15,4.6467,4.6,269.33,0,0.0,4.5442,0.1821,0.1025,-0.1821
sesame oil + soy sauce + vegetable oil,17,4.6471,4.6,280.29,0,0.0,4.5442,0.1821,0.1029,-0.1821
black pepper + onion powder + worcestershire sauce,19,4.6474,4.7,472.58,0,0.0,4.5442,0.1821,0.1032,-0.1821
baking powder + blueberry + salt,22,4.65,4.65,1186.05,0,0.0,4.5442,0.1821,0.1058,-0.1821
all-purpose flour + butter + quick cooking oat,16,4.65,4.65,319.94,0,0.0,4.5442,0.1821,0.1058,-0.1821
butter + dry white wine + olive oil,14,4.65,4.7,357.93,0,0.0,4.5442,0.1821,0.1058,-0.1821
all-purpose flour + bay leaf + garlic,12,4.65,4.65,204.17,0,0.0,4.5442,0.1821,0.1058,-0.1821
bacon + butter + garlic,12,4.65,4.65,454.25,0,0.0,4.5442,0.1821,0.1058,-0.1821
butter + mushroom + salt and pepper,12,4.65,4.65,374.5,0,0.0,4.5442,0.1821,0.1058,-0.1821
cilantro + lime juiced + salt,12,4.65,4.7,950.42,0,0.0,4.5442,0.1821,0.1058,-0.1821
dried thyme + garlic powder + salt,12,4.65,4.65,699.0,0,0.0,4.5442,0.1821,0.1058,-0.1821
garlic + green onion + sesame seed,12,4.65,4.7,148.33,0,0.0,4.5442,0.1821,0.1058,-0.1821
green bell pepper + red bell pepper + white sugar,12,4.65,4.65,111.33,0,0.0,4.5442,0.1821,0.1058,-0.1821
all-purpose flour + butter + warm water,10,4.65,4.7,237.2,0,0.0,4.5442,0.1821,0.1058,-0.1821
almond + baking powder + salt,10,4.65,4.6,117.6,0,0.0,4.5442,0.1821,0.1058,-0.1821
brown sugar + rhubarb + white sugar,10,4.65,4.7,137.1,0,0.0,4.5442,0.1821,0.1058,-0.1821
butter + green onion + soy sauce,10,4.65,4.6,306.7,0,0.0,4.5442,0.1821,0.1058,-0.1821
butter + heavy cream + mushroom,10,4.65,4.7,752.4,0,0.0,4.5442,0.1821,0.1058,-0.1821
chicken broth + dried oregano + salt,10,4.65,4.6,348.7,0,0.0,4.5442,0.1821,0.1058,-0.1821
cilantro + cumin + paprika,10,4.65,4.65,576.2,0,0.0,4.5442,0.1821,0.1058,-0.1821
cilantro + garlic + lemon juice,10,4.65,4.7,574.0,0,0.0,4.5442,0.1821,0.1058,-0.1821
crumbled feta cheese + lemon juice + olive oil,10,4.65,4.7,484.7,0,0.0,4.5442,0.1821,0.1058,-0.1821
freshly black pepper + salt + white sugar,10,4.65,4.7,253.4,0,0.0,4.5442,0.1821,0.1058,-0.1821
garlic + pork + sesame oil,10,4.65,4.7,176.8,0,0.0,4.5442,0.1821,0.1058,-0.1821
garlic + red pepper flake + salt and pepper,10,4.65,4.7,165.1,0,0.0,4.5442,0.1821,0.1058,-0.1821
green onion + large egg + salt,10,4.65,4.65,332.5,0,0.0,4.5442,0.1821,0.1058,-0.1821
garlic + lemon juiced + olive oil,19,4.6526,4.6,321.42,0,0.0,4.5442,0.1821,0.1084,-0.1821
bay leave + dried thyme + garlic,17,4.6529,4.7,248.47,0,0.0,4.5442,0.1821,0.1087,-0.1821
blueberry + cinnamon + salt,15,4.6533,4.7,1692.93,0,0.0,4.5442,0.1821,0.1091,-0.1821
butter + clove + vanilla extract,15,4.6533,4.7,799.07,0,0.0,4.5442,0.1821,0.1091,-0.1821
cinnamon + raisin + vegetable oil,15,4.6533,4.7,556.27,0,0.0,4.5442,0.1821,0.1091,-0.1821
all-purpose flour + freshly black pepper + olive oil,13,4.6538,4.7,102.69,0,0.0,4.5442,0.1821,0.1096,-0.1821
all-purpose flour + rhubarb + salt,13,4.6538,4.7,67.31,0,0.0,4.5442,0.1821,0.1096,-0.1821
baking powder + pumpkin pie spice + white sugar,13,4.6538,4.7,222.08,0,0.0,4.5442,0.1821,0.1096,-0.1821
baking soda + pecan + vegetable oil,13,4.6538,4.7,744.31,0,0.0,4.5442,0.1821,0.1096,-0.1821
butter + cinnamon + orange zest,13,4.6538,4.7,193.08,0,0.0,4.5442,0.1821,0.1096,-0.1821
confectioners' sugar + cream of tartar + vanilla extract,13,4.6538,4.7,84.92,0,0.0,4.5442,0.1821,0.1096,-0.1821
baking soda + buttermilk + pecan,11,4.6545,4.7,127.0,0,0.0,4.5442,0.1821,0.1103,-0.1821
black pepper + dried basil + parsley,11,4.6545,4.6,800.73,0,0.0,4.5442,0.1821,0.1103,-0.1821
brown sugar + chili powder + garlic powder,11,4.6545,4.7,120.91,0,0.0,4.5442,0.1821,0.1103,-0.1821
packed brown sugar + raisin + vanilla extract,11,4.6545,4.7,361.64,0,0.0,4.5442,0.1821,0.1103,-0.1821
baking soda + milk + packed brown sugar,18,4.6556,4.7,454.11,0,0.0,4.5442,0.1821,0.1114,-0.1821
black pepper + butter + green bell pepper,16,4.6562,4.7,521.44,0,0.0,4.5442,0.1821,0.112,-0.1821
packed brown sugar + pecan + vanilla extract,16,4.6562,4.65,247.0,0,0.0,4.5442,0.1821,0.112,-0.1821
all-purpose flour + cayenne pepper + onion,14,4.6571,4.65,85.71,0,0.0,4.5442,0.1821,0.1129,-0.1821
canned pumpkin + cinnamon + salt,14,4.6571,4.65,452.07,0,0.0,4.5442,0.1821,0.1129,-0.1821
15 ounce can pumpkin puree + cinnamon + vanilla extract,12,4.6583,4.7,303.0,0,0.0,4.5442,0.1821,0.1141,-0.1821
8 ounce package cream cheese + salt + vegetable oil,12,4.6583,4.7,348.58,0,0.0,4.5442,0.1821,0.1141,-0.1821
baking soda + light brown sugar + white sugar,12,4.6583,4.7,216.42,0,0.0,4.5442,0.1821,0.1141,-0.1821
balsamic vinegar + black pepper + salt,12,4.6583,4.65,388.58,0,0.0,4.5442,0.1821,0.1141,-0.1821
black pepper + chicken broth + dried oregano,12,4.6583,4.6,369.67,0,0.0,4.5442,0.1821,0.1141,-0.1821
egg yolk + nutmeg + white sugar,12,4.6583,4.7,164.17,0,0.0,4.5442,0.1821,0.1141,-0.1821
garlic + onion + red wine,12,4.6583,4.6,447.83,0,0.0,4.5442,0.1821,0.1141,-0.1821
garlic powder + medium onion + salt,12,4.6583,4.65,221.67,0,0.0,4.5442,0.1821,0.1141,-0.1821
green bell pepper + olive oil + salt and black pepper,12,4.6583,4.7,231.83,0,0.0,4.5442,0.1821,0.1141,-0.1821
green bell pepper + red bell pepper + salt and black pepper,12,4.6583,4.65,120.33,0,0.0,4.5442,0.1821,0.1141,-0.1821
balsamic vinegar + garlic + olive oil,17,4.6588,4.7,557.35,0,0.0,4.5442,0.1821,0.1146,-0.1821
butter + cayenne pepper + paprika,17,4.6588,4.7,635.18,0,0.0,4.5442,0.1821,0.1146,-0.1821
blueberry + cinnamon + white sugar,22,4.6591,4.7,1272.73,0,0.0,4.5442,0.1821,0.1149,-0.1821
butter + cold water + white sugar,15,4.66,4.7,627.87,0,0.0,4.5442,0.1821,0.1158,-0.1821
cayenne pepper + salt + white pepper,15,4.66,4.6,760.4,0,0.0,4.5442,0.1821,0.1158,-0.1821
cornstarch + nutmeg + white sugar,15,4.66,4.7,510.07,0,0.0,4.5442,0.1821,0.1158,-0.1821
8 ounce package cream cheese + all-purpose flour + vegetable oil,10,4.66,4.7,413.2,0,0.0,4.5442,0.1821,0.1158,-0.1821
all-purpose flour + beef broth + onion,10,4.66,4.6,524.3,0,0.0,4.5442,0.1821,0.1158,-0.1821
all-purpose flour + cayenne pepper + unsalted butter,10,4.66,4.7,66.7,0,0.0,4.5442,0.1821,0.1158,-0.1821
baking soda + egg + flour,10,4.66,4.7,159.4,0,0.0,4.5442,0.1821,0.1158,-0.1821
bay leaf + garlic + tomato paste,10,4.66,4.65,288.1,0,0.0,4.5442,0.1821,0.1158,-0.1821
black pepper + parmesan cheese + red pepper flake,10,4.66,4.65,468.2,0,0.0,4.5442,0.1821,0.1158,-0.1821
brown sugar + olive oil + soy sauce,10,4.66,4.7,129.7,0,0.0,4.5442,0.1821,0.1158,-0.1821
celery + chicken broth + dried thyme,10,4.66,4.7,573.3,0,0.0,4.5442,0.1821,0.1158,-0.1821
cheddar cheese + green onion + salt,10,4.66,4.65,432.0,0,0.0,4.5442,0.1821,0.1158,-0.1821
dried basil + dried oregano + paprika,10,4.66,4.7,1169.1,0,0.0,4.5442,0.1821,0.1158,-0.1821
dried basil + dried thyme + paprika,10,4.66,4.7,333.6,0,0.0,4.5442,0.1821,0.1158,-0.1821
garlic + parmesan cheese + tomato paste,10,4.66,4.7,135.4,0,0.0,4.5442,0.1821,0.1158,-0.1821
mozzarella cheese + olive oil + salt and black pepper,10,4.66,4.7,129.1,0,0.0,4.5442,0.1821,0.1158,-0.1821
baking soda + orange zest + salt,13,4.6615,4.7,358.46,0,0.0,4.5442,0.1821,0.1173,-0.1821
dried oregano + garlic + tomato paste,13,4.6615,4.7,227.31,0,0.0,4.5442,0.1821,0.1173,-0.1821
vanilla extract + walnut + zucchini,24,4.6625,4.7,885.17,0,0.0,4.5442,0.1821,0.1183,-0.1821
butter + cayenne pepper + cumin,16,4.6625,4.65,384.81,0,0.0,4.5442,0.1821,0.1183,-0.1821
cilantro + garlic + ginger,16,4.6625,4.6,266.94,0,0.0,4.5442,0.1821,0.1183,-0.1821
cumin + large onion + olive oil,16,4.6625,4.7,148.62,0,0.0,4.5442,0.1821,0.1183,-0.1821
15 ounce can pumpkin puree + all-purpose flour + nutmeg,11,4.6636,4.7,1141.27,0,0.0,4.5442,0.1821,0.1194,-0.1821
8 ounce package cream cheese + large egg + vanilla extract,11,4.6636,4.7,315.18,0,0.0,4.5442,0.1821,0.1194,-0.1821
all-purpose flour + black pepper + garlic salt,11,4.6636,4.7,314.91,0,0.0,4.5442,0.1821,0.1194,-0.1821
butter + cayenne pepper + water,11,4.6636,4.6,222.73,0,0.0,4.5442,0.1821,0.1194,-0.1821
cayenne pepper + garam masala + garlic,11,4.6636,4.7,453.18,0,0.0,4.5442,0.1821,0.1194,-0.1821
cayenne pepper + paprika + white pepper,11,4.6636,4.6,843.91,0,0.0,4.5442,0.1821,0.1194,-0.1821
cinnamon + cumin + ginger,11,4.6636,4.7,603.27,0,0.0,4.5442,0.1821,0.1194,-0.1821
dried thyme + garlic + large onion,11,4.6636,4.6,335.82,0,0.0,4.5442,0.1821,0.1194,-0.1821
freshly black pepper + garlic + white wine,11,4.6636,4.6,255.82,0,0.0,4.5442,0.1821,0.1194,-0.1821
garlic + ginger + kosher salt,11,4.6636,4.7,114.73,0,0.0,4.5442,0.1821,0.1194,-0.1821
garlic powder + onion + parmesan cheese,11,4.6636,4.6,614.82,0,0.0,4.5442,0.1821,0.1194,-0.1821
green onion + milk + salt,11,4.6636,4.7,380.18,0,0.0,4.5442,0.1821,0.1194,-0.1821
pumpkin pie spice + vegetable oil + white sugar,11,4.6636,4.7,349.73,0,0.0,4.5442,0.1821,0.1194,-0.1821
9 inch unbaked pie crust + egg + white sugar,14,4.6643,4.7,143.43,0,0.0,4.5442,0.1821,0.1201,-0.1821
butter + green bell pepper + salt,17,4.6647,4.7,469.41,0,0.0,4.5442,0.1821,0.1205,-0.1821
olive oil + salt + tomato paste,18,4.6667,4.65,400.5,0,0.0,4.5442,0.1821,0.1225,-0.1821
all-purpose flour + freshly black pepper + garlic,15,4.6667,4.7,172.27,0,0.0,4.5442,0.1821,0.1225,-0.1821
celery + milk + salt,15,4.6667,4.7,1440.6,0,0.0,4.5442,0.1821,0.1225,-0.1821
cornstarch + large egg + white sugar,15,4.6667,4.7,581.87,0,0.0,4.5442,0.1821,0.1225,-0.1821
dried oregano + large onion + olive oil,15,4.6667,4.7,105.93,0,0.0,4.5442,0.1821,0.1225,-0.1821
all-purpose flour + butter + chicken stock,12,4.6667,4.7,219.92,0,0.0,4.5442,0.1821,0.1225,-0.1821
all-purpose flour + cinnamon + rhubarb,12,4.6667,4.7,67.17,0,0.0,4.5442,0.1821,0.1225,-0.1821
garlic + green onion + rice vinegar,12,4.6667,4.65,416.75,0,0.0,4.5442,0.1821,0.1225,-0.1821
black pepper + brown sugar + garlic powder,22,4.6682,4.7,233.27,0,0.0,4.5442,0.1821,0.124,-0.1821
egg + walnut + zucchini,19,4.6684,4.7,300.0,0,0.0,4.5442,0.1821,0.1242,-0.1821
green bell pepper + olive oil + red bell pepper,16,4.6688,4.7,115.81,0,0.0,4.5442,0.1821,0.1246,-0.1821
all-purpose flour + allspice + vegetable oil,13,4.6692,4.7,498.15,0,0.0,4.5442,0.1821,0.125,-0.1821
black pepper + green bell pepper + green onion,13,4.6692,4.7,723.0,0,0.0,4.5442,0.1821,0.125,-0.1821
black pepper + lemon juice + soy sauce,13,4.6692,4.7,476.46,0,0.0,4.5442,0.1821,0.125,-0.1821
cayenne pepper + cinnamon + olive oil,13,4.6692,4.7,265.31,0,0.0,4.5442,0.1821,0.125,-0.1821
chicken broth + salt + stalks celery,13,4.6692,4.7,218.85,0,0.0,4.5442,0.1821,0.125,-0.1821
cumin + garlic + lamb,13,4.6692,4.7,118.85,0,0.0,4.5442,0.1821,0.125,-0.1821
pumpkin pie spice + salt + vegetable oil,13,4.6692,4.7,351.0,0,0.0,4.5442,0.1821,0.125,-0.1821
baking powder + walnut + zucchini,23,4.6696,4.7,797.48,0,0.0,4.5442,0.1821,0.1254,-0.1821
15 ounce can pumpkin puree + salt + vanilla extract,10,4.67,4.7,356.5,0,0.0,4.5442,0.1821,0.1258,-0.1821
all-purpose flour + cinnamon + pumpkin pie spice,10,4.67,4.7,265.4,0,0.0,4.5442,0.1821,0.1258,-0.1821
all-purpose flour + cinnamon + quick-cooking oat,10,4.67,4.7,876.2,0,0.0,4.5442,0.1821,0.1258,-0.1821
all-purpose flour + orange juice + vanilla extract,10,4.67,4.75,105.6,0,0.0,4.5442,0.1821,0.1258,-0.1821
baking powder + orange juice + vanilla extract,10,4.67,4.75,107.0,0,0.0,4.5442,0.1821,0.1258,-0.1821
baking soda + butter + quick cooking oat,10,4.67,4.65,391.2,0,0.0,4.5442,0.1821,0.1258,-0.1821
bay leaf + garlic + large onion,10,4.67,4.65,177.3,0,0.0,4.5442,0.1821,0.1258,-0.1821
beef + garlic + salt and pepper,10,4.67,4.65,161.5,0,0.0,4.5442,0.1821,0.1258,-0.1821
butter + egg + orange zest,10,4.67,4.65,149.2,0,0.0,4.5442,0.1821,0.1258,-0.1821
cayenne pepper + garlic + white pepper,10,4.67,4.65,200.4,0,0.0,4.5442,0.1821,0.1258,-0.1821
confectioners' sugar + large egg + vegetable oil,10,4.67,4.7,815.2,0,0.0,4.5442,0.1821,0.1258,-0.1821
cumin + salt + white pepper,10,4.67,4.7,333.2,0,0.0,4.5442,0.1821,0.1258,-0.1821
dried basil + dried oregano + onion powder,10,4.67,4.7,868.7,0,0.0,4.5442,0.1821,0.1258,-0.1821
dried thyme + freshly black pepper + garlic,10,4.67,4.65,194.9,0,0.0,4.5442,0.1821,0.1258,-0.1821
egg + pork + salt,10,4.67,4.7,411.3,0,0.0,4.5442,0.1821,0.1258,-0.1821
parsley + salt + tomato paste,10,4.67,4.7,328.6,0,0.0,4.5442,0.1821,0.1258,-0.1821
rhubarb + strawberry + white sugar,10,4.67,4.7,202.2,0,0.0,4.5442,0.1821,0.1258,-0.1821
salt + sugar + vegetable oil,10,4.67,4.7,229.4,0,0.0,4.5442,0.1821,0.1258,-0.1821
all-purpose flour + butter + cayenne pepper,24,4.6708,4.7,393.25,0,0.0,4.5442,0.1821,0.1266,-0.1821
all-purpose flour + parsley + salt and black pepper,14,4.6714,4.7,219.43,0,0.0,4.5442,0.1821,0.1272,-0.1821
allspice + baking powder + clove,14,4.6714,4.7,297.5,0,0.0,4.5442,0.1821,0.1272,-0.1821
baking soda + pumpkin pie spice + white sugar,14,4.6714,4.7,290.43,0,0.0,4.5442,0.1821,0.1272,-0.1821
all-purpose flour + pumpkin pie spice + vegetable oil,11,4.6727,4.7,339.0,0,0.0,4.5442,0.1821,0.1285,-0.1821
baking soda + flaked coconut + packed brown sugar,11,4.6727,4.7,126.73,0,0.0,4.5442,0.1821,0.1285,-0.1821
baking soda + packed brown sugar + pecan,11,4.6727,4.7,314.0,0,0.0,4.5442,0.1821,0.1285,-0.1821
butter + cinnamon + rhubarb,11,4.6727,4.7,127.45,0,0.0,4.5442,0.1821,0.1285,-0.1821
butter + parmesan cheese + white wine,11,4.6727,4.6,127.64,0,0.0,4.5442,0.1821,0.1285,-0.1821
chicken broth + dried oregano + olive oil,11,4.6727,4.6,106.0,0,0.0,4.5442,0.1821,0.1285,-0.1821
cumin + olive oil + red bell pepper,11,4.6727,4.7,181.18,0,0.0,4.5442,0.1821,0.1285,-0.1821
dried oregano + dried thyme + water,11,4.6727,4.6,400.55,0,0.0,4.5442,0.1821,0.1285,-0.1821
extra-virgin olive oil + onion + salt,11,4.6727,4.7,80.0,0,0.0,4.5442,0.1821,0.1285,-0.1821
garlic + mozzarella cheese + salt and black pepper,11,4.6727,4.7,125.0,0,0.0,4.5442,0.1821,0.1285,-0.1821
garlic + paprika + white sugar,11,4.6727,4.7,982.64,0,0.0,4.5442,0.1821,0.1285,-0.1821
all-purpose flour + walnut + zucchini,26,4.6731,4.7,861.42,0,0.0,4.5442,0.1821,0.1289,-0.1821
baking soda + walnut + zucchini,26,4.6731,4.7,861.42,0,0.0,4.5442,0.1821,0.1289,-0.1821
paprika + salt + white pepper,15,4.6733,4.7,750.0,0,0.0,4.5442,0.1821,0.1291,-0.1821
butter + celery + salt,23,4.6739,4.7,1079.35,0,0.0,4.5442,0.1821,0.1297,-0.1821
butter + cayenne pepper + garlic,36,4.675,4.7,277.19,0,0.0,4.5442,0.1821,0.1308,-0.1821
cinnamon + walnut + zucchini,20,4.675,4.7,942.55,0,0.0,4.5442,0.1821,0.1308,-0.1821
butter + orange zest + white sugar,16,4.675,4.7,179.69,0,0.0,4.5442,0.1821,0.1308,-0.1821
baking powder + blueberry + egg,12,4.675,4.7,1478.17,0,0.0,4.5442,0.1821,0.1308,-0.1821
black pepper + dried rosemary + garlic,12,4.675,4.6,198.17,0,0.0,4.5442,0.1821,0.1308,-0.1821
black pepper + onion + onion powder,12,4.675,4.7,432.67,0,0.0,4.5442,0.1821,0.1308,-0.1821
black pepper + onion powder + water,12,4.675,4.7,271.25,0,0.0,4.5442,0.1821,0.1308,-0.1821
buttermilk + vanilla extract + vegetable oil,12,4.675,4.7,972.25,0,0.0,4.5442,0.1821,0.1308,-0.1821
garlic powder + italian seasoning + salt,12,4.675,4.65,250.75,0,0.0,4.5442,0.1821,0.1308,-0.1821
pork + sesame oil + soy sauce,12,4.675,4.7,163.25,0,0.0,4.5442,0.1821,0.1308,-0.1821
chicken broth + cumin + garlic,25,4.676,4.7,226.56,0,0.0,4.5442,0.1821,0.1318,-0.1821
cayenne pepper + garlic + ginger,21,4.6762,4.7,413.14,0,0.0,4.5442,0.1821,0.132,-0.1821
all-purpose flour + sugar + vanilla extract,13,4.6769,4.7,225.31,0,0.0,4.5442,0.1821,0.1327,-0.1821
cinnamon + garlic + paprika,13,4.6769,4.7,650.85,0,0.0,4.5442,0.1821,0.1327,-0.1821
dried oregano + olive oil + red bell pepper,13,4.6769,4.7,291.62,0,0.0,4.5442,0.1821,0.1327,-0.1821
packed brown sugar + raisin + white sugar,13,4.6769,4.7,541.08,0,0.0,4.5442,0.1821,0.1327,-0.1821
brown sugar + garlic powder + salt,22,4.6773,4.7,509.59,0,0.0,4.5442,0.1821,0.1331,-0.1821
black pepper + salt + white pepper,18,4.6778,4.7,637.44,0,0.0,4.5442,0.1821,0.1336,-0.1821
all-purpose flour + butter + orange zest,14,4.6786,4.7,172.64,0,0.0,4.5442,0.1821,0.1344,-0.1821
butter + cayenne pepper + freshly black pepper,14,4.6786,4.7,325.0,0,0.0,4.5442,0.1821,0.1344,-0.1821
dried oregano + olive oil + red wine vinegar,14,4.6786,4.7,336.21,0,0.0,4.5442,0.1821,0.1344,-0.1821
ginger + soy sauce + white sugar,14,4.6786,4.7,838.5,0,0.0,4.5442,0.1821,0.1344,-0.1821
black pepper + dried oregano + green bell pepper,19,4.6789,4.7,667.05,0,0.0,4.5442,0.1821,0.1347,-0.1821
all-purpose flour + celery + onion,29,4.6793,4.7,821.97,0,0.0,4.5442,0.1821,0.1351,-0.1821
black pepper + celery + milk,15,4.68,4.7,1413.33,0,0.0,4.5442,0.1821,0.1358,-0.1821
egg + raisin + vegetable oil,15,4.68,4.7,405.93,0,0.0,4.5442,0.1821,0.1358,-0.1821
15 ounce can pumpkin puree + egg + nutmeg,10,4.68,4.7,1155.7,0,0.0,4.5442,0.1821,0.1358,-0.1821
8 ounce package cream cheese + milk + vanilla extract,10,4.68,4.7,366.6,0,0.0,4.5442,0.1821,0.1358,-0.1821
8 ounce package cream cheese + milk + white sugar,10,4.68,4.7,380.1,0,0.0,4.5442,0.1821,0.1358,-0.1821
8 ounce package cream cheese + vanilla extract + vegetable oil,10,4.68,4.7,395.2,0,0.0,4.5442,0.1821,0.1358,-0.1821
8 ounce packages cream cheese + butter + vanilla extract,10,4.68,4.7,1290.3,0,0.0,4.5442,0.1821,0.1358,-0.1821
baking soda + flour + vanilla extract,10,4.68,4.7,162.0,0,0.0,4.5442,0.1821,0.1358,-0.1821
baking soda + pumpkin pie spice + vegetable oil,10,4.68,4.7,391.1,0,0.0,4.5442,0.1821,0.1358,-0.1821
black pepper + lemon juice + mayonnaise,10,4.68,4.7,624.7,0,0.0,4.5442,0.1821,0.1358,-0.1821
butter + cinnamon + sugar,10,4.68,4.7,126.1,0,0.0,4.5442,0.1821,0.1358,-0.1821
chili powder + garlic powder + medium onion,10,4.68,4.6,300.9,0,0.0,4.5442,0.1821,0.1358,-0.1821
dried parsley + salt + water,10,4.68,4.7,1120.9,0,0.0,4.5442,0.1821,0.1358,-0.1821
baking powder + sugar + vanilla extract,16,4.6812,4.6,210.5,0,0.0,4.5442,0.1821,0.137,-0.1821
egg + pumpkin pie spice + white sugar,16,4.6812,4.7,141.81,0,0.0,4.5442,0.1821,0.137,-0.1821
8 ounce package cream cheese + baking soda + vegetable oil,11,4.6818,4.7,379.55,0,0.0,4.5442,0.1821,0.1376,-0.1821
allspice + cumin + garlic,11,4.6818,4.7,124.27,0,0.0,4.5442,0.1821,0.1376,-0.1821
bacon + butter + salt,11,4.6818,4.7,443.64,0,0.0,4.5442,0.1821,0.1376,-0.1821
bay leaf + garlic + salt and black pepper,11,4.6818,4.7,292.0,0,0.0,4.5442,0.1821,0.1376,-0.1821
black pepper + cinnamon + ginger,11,4.6818,4.7,130.09,0,0.0,4.5442,0.1821,0.1376,-0.1821
butter + cayenne pepper + egg,11,4.6818,4.7,236.82,0,0.0,4.5442,0.1821,0.1376,-0.1821
cayenne pepper + cinnamon + onion,11,4.6818,4.7,534.18,0,0.0,4.5442,0.1821,0.1376,-0.1821
garlic + paprika + worcestershire sauce,11,4.6818,4.7,1343.91,0,0.0,4.5442,0.1821,0.1376,-0.1821
lemon juice + mayonnaise + salt,11,4.6818,4.7,773.64,0,0.0,4.5442,0.1821,0.1376,-0.1821
salt + walnut + zucchini,24,4.6833,4.7,929.29,0,0.0,4.5442,0.1821,0.1391,-0.1821
dried oregano + dried thyme + paprika,18,4.6833,4.7,334.06,0,0.0,4.5442,0.1821,0.1391,-0.1821
all-purpose flour + garlic + heavy cream,12,4.6833,4.7,554.08,0,0.0,4.5442,0.1821,0.1391,-0.1821
black pepper + olive oil + oregano,12,4.6833,4.75,170.5,0,0.0,4.5442,0.1821,0.1391,-0.1821
cinnamon + cumin + paprika,12,4.6833,4.7,543.42,0,0.0,4.5442,0.1821,0.1391,-0.1821
flour + salt + vanilla extract,12,4.6833,4.7,163.67,0,0.0,4.5442,0.1821,0.1391,-0.1821
baking soda + quick cooking oat + white sugar,13,4.6846,4.7,835.23,0,0.0,4.5442,0.1821,0.1404,-0.1821
black pepper + onion powder + vegetable oil,13,4.6846,4.7,975.85,0,0.0,4.5442,0.1821,0.1404,-0.1821
chili powder + cumin + green bell pepper,13,4.6846,4.7,646.0,0,0.0,4.5442,0.1821,0.1404,-0.1821
cinnamon + olive oil + onion,13,4.6846,4.8,98.0,0,0.0,4.5442,0.1821,0.1404,-0.1821
freshly black pepper + garlic powder + paprika,13,4.6846,4.7,158.38,0,0.0,4.5442,0.1821,0.1404,-0.1821
orange juice + vanilla extract + white sugar,13,4.6846,4.7,145.38,0,0.0,4.5442,0.1821,0.1404,-0.1821
pecan + vanilla extract + vegetable oil,13,4.6846,4.7,821.38,0,0.0,4.5442,0.1821,0.1404,-0.1821
pecan + vegetable oil + white sugar,13,4.6846,4.7,747.23,0,0.0,4.5442,0.1821,0.1404,-0.1821
all-purpose flour + freshly black pepper + large egg,14,4.6857,4.65,112.93,0,0.0,4.5442,0.1821,0.1415,-0.1821
black pepper + dried marjoram + salt,14,4.6857,4.7,503.93,0,0.0,4.5442,0.1821,0.1415,-0.1821
cayenne pepper + salt + worcestershire sauce,14,4.6857,4.7,384.07,0,0.0,4.5442,0.1821,0.1415,-0.1821
rhubarb + salt + white sugar,14,4.6857,4.7,112.79,0,0.0,4.5442,0.1821,0.1415,-0.1821
brown sugar + onion powder + salt,15,4.6867,4.7,210.87,0,0.0,4.5442,0.1821,0.1425,-0.1821
egg + sugar + vanilla extract,15,4.6867,4.7,218.47,0,0.0,4.5442,0.1821,0.1425,-0.1821
dried oregano + olive oil + salt and black pepper,23,4.687,4.7,194.17,0,0.0,4.5442,0.1821,0.1428,-0.1821
black pepper + garlic powder + green onion,16,4.6875,4.7,618.94,0,0.0,4.5442,0.1821,0.1433,-0.1821
all-purpose flour + egg + orange zest,17,4.6882,4.7,187.35,0,0.0,4.5442,0.1821,0.144,-0.1821
all-purpose flour + celery + salt,26,4.6885,4.7,966.5,0,0.0,4.5442,0.1821,0.1443,-0.1821
allspice + clove + raisin,10,4.69,4.75,63.5,0,0.0,4.5442,0.1821,0.1458,-0.1821
butter + celery + milk,10,4.69,4.7,1730.4,0,0.0,4.5442,0.1821,0.1458,-0.1821
cinnamon + pumpkin pie spice + white sugar,10,4.69,4.7,257.7,0,0.0,4.5442,0.1821,0.1458,-0.1821
dried basil + onion powder + salt,10,4.69,4.7,899.1,0,0.0,4.5442,0.1821,0.1458,-0.1821
eggs lightly + salt + vanilla extract,10,4.69,4.75,220.4,0,0.0,4.5442,0.1821,0.1458,-0.1821
freshly black pepper + garlic + lemon juice,10,4.69,4.75,423.3,0,0.0,4.5442,0.1821,0.1458,-0.1821
black pepper + butter + celery,21,4.6905,4.7,1172.38,0,0.0,4.5442,0.1821,0.1463,-0.1821
carrot + vanilla extract + vegetable oil,21,4.6905,4.7,891.81,0,0.0,4.5442,0.1821,0.1463,-0.1821
all-purpose flour + black pepper + green onion,11,4.6909,4.7,312.64,0,0.0,4.5442,0.1821,0.1467,-0.1821
all-purpose flour + cinnamon + flaked coconut,11,4.6909,4.7,594.27,0,0.0,4.5442,0.1821,0.1467,-0.1821
baking powder + blueberry + vanilla extract,11,4.6909,4.6,628.09,0,0.0,4.5442,0.1821,0.1467,-0.1821
baking soda + cinnamon + flaked coconut,11,4.6909,4.7,594.27,0,0.0,4.5442,0.1821,0.1467,-0.1821
baking soda + orange juice + white sugar,11,4.6909,4.7,306.64,0,0.0,4.5442,0.1821,0.1467,-0.1821
black pepper + cumin + smoked paprika,11,4.6909,4.7,199.64,0,0.0,4.5442,0.1821,0.1467,-0.1821
brown sugar + onion powder + worcestershire sauce,11,4.6909,4.7,309.09,0,0.0,4.5442,0.1821,0.1467,-0.1821
cinnamon + dried oregano + olive oil,11,4.6909,4.7,51.64,0,0.0,4.5442,0.1821,0.1467,-0.1821
cumin + onion powder + paprika,11,4.6909,4.7,191.45,0,0.0,4.5442,0.1821,0.1467,-0.1821
garlic powder + water + worcestershire sauce,11,4.6909,4.7,243.45,0,0.0,4.5442,0.1821,0.1467,-0.1821
olive oil + salt and black pepper + tomato paste,11,4.6909,4.7,147.82,0,0.0,4.5442,0.1821,0.1467,-0.1821
onion + salt + unsalted butter,11,4.6909,4.7,338.0,0,0.0,4.5442,0.1821,0.1467,-0.1821
walnut + white sugar + zucchini,23,4.6913,4.7,953.91,0,0.0,4.5442,0.1821,0.1471,-0.1821
15 ounce can pumpkin puree + all-purpose flour + vanilla extract,12,4.6917,4.7,304.75,0,0.0,4.5442,0.1821,0.1475,-0.1821
15 ounce can pumpkin puree + vanilla extract + white sugar,12,4.6917,4.7,304.75,0,0.0,4.5442,0.1821,0.1475,-0.1821
all-purpose flour + cayenne pepper + kosher salt,12,4.6917,4.75,57.83,0,0.0,4.5442,0.1821,0.1475,-0.1821
all-purpose flour + cayenne pepper + large egg,12,4.6917,4.7,81.83,0,0.0,4.5442,0.1821,0.1475,-0.1821
allspice + baking soda + vegetable oil,12,4.6917,4.7,538.75,0,0.0,4.5442,0.1821,0.1475,-0.1821
balsamic vinegar + garlic + salt,12,4.6917,4.8,594.58,0,0.0,4.5442,0.1821,0.1475,-0.1821
black pepper + cayenne pepper + white pepper,12,4.6917,4.7,708.42,0,0.0,4.5442,0.1821,0.1475,-0.1821
butter + kosher salt + olive oil,12,4.6917,4.6,163.42,0,0.0,4.5442,0.1821,0.1475,-0.1821
cayenne pepper + cumin + ginger,12,4.6917,4.7,604.67,0,0.0,4.5442,0.1821,0.1475,-0.1821
freshly black pepper + kosher salt + water,12,4.6917,4.7,60.83,0,0.0,4.5442,0.1821,0.1475,-0.1821
large egg + mozzarella cheese + salt,12,4.6917,4.65,361.5,0,0.0,4.5442,0.1821,0.1475,-0.1821
salt + sour cream + unsalted butter,12,4.6917,4.7,459.08,0,0.0,4.5442,0.1821,0.1475,-0.1821
dried oregano + garlic + worcestershire sauce,13,4.6923,4.7,862.08,0,0.0,4.5442,0.1821,0.1481,-0.1821
garlic + lemon juice + parmesan cheese,13,4.6923,4.7,524.15,0,0.0,4.5442,0.1821,0.1481,-0.1821
garlic powder + large egg + salt,14,4.6929,4.65,136.21,0,0.0,4.5442,0.1821,0.1487,-0.1821
black pepper + olive oil + onion powder,15,4.6933,4.6,230.93,0,0.0,4.5442,0.1821,0.1491,-0.1821
chicken broth + cumin + olive oil,16,4.6938,4.7,123.56,0,0.0,4.5442,0.1821,0.1496,-0.1821
butter + celery + onion,33,4.7,4.7,911.3,0,0.0,4.5442,0.1821,0.1558,-0.1821
vegetable oil + walnut + zucchini,21,4.7,4.7,1041.57,0,0.0,4.5442,0.1821,0.1558,-0.1821
all-purpose flour + black pepper + celery,20,4.7,4.7,1156.1,0,0.0,4.5442,0.1821,0.1558,-0.1821
cayenne pepper + freshly black pepper + olive oil,18,4.7,4.75,229.33,0,0.0,4.5442,0.1821,0.1558,-0.1821
8 ounce package cream cheese + all-purpose flour + cinnamon,17,4.7,4.7,323.24,0,0.0,4.5442,0.1821,0.1558,-0.1821
all-purpose flour + butter + freshly black pepper,16,4.7,4.7,143.44,0,0.0,4.5442,0.1821,0.1558,-0.1821
all-purpose flour + pumpkin pie spice + white sugar,16,4.7,4.7,263.62,0,0.0,4.5442,0.1821,0.1558,-0.1821
black pepper + garlic + onion powder,16,4.7,4.7,595.12,0,0.0,4.5442,0.1821,0.1558,-0.1821
celery + milk + onion,16,4.7,4.7,1307.0,0,0.0,4.5442,0.1821,0.1558,-0.1821
chicken broth + onion + salt and black pepper,14,4.7,4.7,278.29,0,0.0,4.5442,0.1821,0.1558,-0.1821
garlic + sesame oil + vegetable oil,14,4.7,4.75,261.21,0,0.0,4.5442,0.1821,0.1558,-0.1821
large egg + mozzarella cheese + parmesan cheese,14,4.7,4.7,485.64,0,0.0,4.5442,0.1821,0.1558,-0.1821
cayenne pepper + garlic + soy sauce,13,4.7,4.7,260.31,0,0.0,4.5442,0.1821,0.1558,-0.1821
green bell pepper + green onion + salt,13,4.7,4.7,618.0,0,0.0,4.5442,0.1821,0.1558,-0.1821
cornstarch + strawberry + white sugar,12,4.7,4.7,113.58,0,0.0,4.5442,0.1821,0.1558,-0.1821
salt + vegetable oil + white vinegar,12,4.7,4.7,527.17,0,0.0,4.5442,0.1821,0.1558,-0.1821
active dry yeast + bread flour + water,11,4.7,4.7,124.91,0,0.0,4.5442,0.1821,0.1558,-0.1821
bacon + brown sugar + ketchup,11,4.7,4.7,140.36,0,0.0,4.5442,0.1821,0.1558,-0.1821
black pepper + chili powder + medium onion,11,4.7,4.7,505.82,0,0.0,4.5442,0.1821,0.1558,-0.1821
cayenne pepper + cinnamon + ginger,11,4.7,4.7,680.91,0,0.0,4.5442,0.1821,0.1558,-0.1821
cayenne pepper + cinnamon + paprika,11,4.7,4.7,771.09,0,0.0,4.5442,0.1821,0.1558,-0.1821
cold water + cornstarch + white sugar,11,4.7,4.7,977.45,0,0.0,4.5442,0.1821,0.1558,-0.1821
dried oregano + garlic + garlic powder,11,4.7,4.7,327.73,0,0.0,4.5442,0.1821,0.1558,-0.1821
dried oregano + garlic + medium onion,11,4.7,4.7,709.36,0,0.0,4.5442,0.1821,0.1558,-0.1821
garlic powder + red pepper flake + salt,11,4.7,4.7,364.64,0,0.0,4.5442,0.1821,0.1558,-0.1821
baking powder + baking soda + flour,10,4.7,4.7,143.0,0,0.0,4.5442,0.1821,0.1558,-0.1821
baking soda + orange juice + salt,10,4.7,4.75,361.6,0,0.0,4.5442,0.1821,0.1558,-0.1821
baking soda + ripe bananas mashed + salt,10,4.7,4.7,900.7,0,0.0,4.5442,0.1821,0.1558,-0.1821
brown sugar + garlic + ginger root,10,4.7,4.7,286.2,0,0.0,4.5442,0.1821,0.1558,-0.1821
carrot + celery + milk,10,4.7,4.7,1609.5,0,0.0,4.5442,0.1821,0.1558,-0.1821
cayenne pepper or + olive oil + salt,10,4.7,4.7,128.3,0,0.0,4.5442,0.1821,0.1558,-0.1821
cornstarch + ginger + white sugar,10,4.7,4.7,1144.6,0,0.0,4.5442,0.1821,0.1558,-0.1821
flaked coconut + pecan + vanilla extract,10,4.7,4.7,130.1,0,0.0,4.5442,0.1821,0.1558,-0.1821
quick cooking oat + vanilla extract + white sugar,10,4.7,4.7,1242.9,0,0.0,4.5442,0.1821,0.1558,-0.1821
salt + unsweetened applesauce + vanilla extract,10,4.7,4.7,222.2,0,0.0,4.5442,0.1821,0.1558,-0.1821
8 ounce package cream cheese + cinnamon + vanilla extract,17,4.7059,4.7,409.88,0,0.0,4.5442,0.1821,0.1617,-0.1821
black pepper + chicken broth + milk,17,4.7059,4.7,1538.0,0,0.0,4.5442,0.1821,0.1617,-0.1821
salt + vinegar + white sugar,16,4.7062,4.7,390.12,0,0.0,4.5442,0.1821,0.162,-0.1821
15 ounce can pumpkin puree + cinnamon + egg,15,4.7067,4.7,901.67,0,0.0,4.5442,0.1821,0.1625,-0.1821
15 ounce can pumpkin puree + egg + salt,15,4.7067,4.7,937.67,0,0.0,4.5442,0.1821,0.1625,-0.1821
dried thyme + garlic powder + paprika,15,4.7067,4.7,610.13,0,0.0,4.5442,0.1821,0.1625,-0.1821
black pepper + butter + dried thyme,14,4.7071,4.7,284.0,0,0.0,4.5442,0.1821,0.1629,-0.1821
chili powder + dried oregano + olive oil,14,4.7071,4.7,591.86,0,0.0,4.5442,0.1821,0.1629,-0.1821
12 fluid ounce can evaporated milk + butter + white sugar,13,4.7077,4.7,287.0,0,0.0,4.5442,0.1821,0.1635,-0.1821
all-purpose flour + butter + stalks celery,13,4.7077,4.7,633.08,0,0.0,4.5442,0.1821,0.1635,-0.1821
carrot + vegetable oil + walnut,13,4.7077,4.7,780.62,0,0.0,4.5442,0.1821,0.1635,-0.1821
cinnamon + ginger + kosher salt,13,4.7077,4.8,139.15,0,0.0,4.5442,0.1821,0.1635,-0.1821
cinnamon + pecan + vegetable oil,13,4.7077,4.7,835.62,0,0.0,4.5442,0.1821,0.1635,-0.1821
dried thyme + onion powder + paprika,13,4.7077,4.7,850.15,0,0.0,4.5442,0.1821,0.1635,-0.1821
cayenne pepper + garlic + yellow onion,12,4.7083,4.75,107.58,0,0.0,4.5442,0.1821,0.1641,-0.1821
garlic + medium onion + salt and black pepper,12,4.7083,4.8,156.83,0,0.0,4.5442,0.1821,0.1641,-0.1821
all-purpose flour + confectioners' sugar + unsalted butter,11,4.7091,4.8,321.09,0,0.0,4.5442,0.1821,0.1649,-0.1821
black pepper + salt + unsalted butter,11,4.7091,4.7,440.91,0,0.0,4.5442,0.1821,0.1649,-0.1821
cayenne pepper + celery + dried thyme,11,4.7091,4.7,316.45,0,0.0,4.5442,0.1821,0.1649,-0.1821
cayenne pepper + dried oregano + vegetable oil,11,4.7091,4.7,401.73,0,0.0,4.5442,0.1821,0.1649,-0.1821
cinnamon + garlic + ginger,11,4.7091,4.7,655.91,0,0.0,4.5442,0.1821,0.1649,-0.1821
garlic + water + yellow onion,11,4.7091,4.7,141.82,0,0.0,4.5442,0.1821,0.1649,-0.1821
all-purpose flour + garlic + kosher salt,10,4.71,4.75,69.0,0,0.0,4.5442,0.1821,0.1658,-0.1821
black pepper + garlic powder + red pepper flake,10,4.71,4.75,371.7,0,0.0,4.5442,0.1821,0.1658,-0.1821
butter + clove + raisin,10,4.71,4.7,603.4,0,0.0,4.5442,0.1821,0.1658,-0.1821
cumin + curry powder + turmeric,10,4.71,4.75,535.0,0,0.0,4.5442,0.1821,0.1658,-0.1821
dried oregano + salt + salt and black pepper,10,4.71,4.7,240.5,0,0.0,4.5442,0.1821,0.1658,-0.1821
garlic + low-sodium chicken broth + olive oil,10,4.71,4.7,185.6,0,0.0,4.5442,0.1821,0.1658,-0.1821
garlic + onion powder + salt,10,4.71,4.7,380.2,0,0.0,4.5442,0.1821,0.1658,-0.1821
heavy cream + large egg + white sugar,10,4.71,4.75,272.0,0,0.0,4.5442,0.1821,0.1658,-0.1821
chicken broth + milk + salt,18,4.7111,4.75,1376.72,0,0.0,4.5442,0.1821,0.1669,-0.1821
all-purpose flour + carrot + celery,17,4.7118,4.8,1122.0,0,0.0,4.5442,0.1821,0.1676,-0.1821
butter + carrot + celery,17,4.7118,4.7,1450.12,0,0.0,4.5442,0.1821,0.1676,-0.1821
chicken broth + cumin + salt,16,4.7125,4.7,279.69,0,0.0,4.5442,0.1821,0.1683,-0.1821
chili powder + onion powder + salt,15,4.7133,4.7,187.93,0,0.0,4.5442,0.1821,0.1691,-0.1821
cilantro + garlic + soy sauce,15,4.7133,4.7,317.87,0,0.0,4.5442,0.1821,0.1691,-0.1821
butter + cayenne pepper + garlic powder,14,4.7143,4.7,585.71,0,0.0,4.5442,0.1821,0.1701,-0.1821
butter + cayenne pepper + salt,43,4.7163,4.7,381.79,0,0.0,4.5442,0.1821,0.1721,-0.1821
ginger + large egg + white sugar,18,4.7167,4.7,708.06,0,0.0,4.5442,0.1821,0.1725,-0.1821
8 ounce package cream cheese + baking soda + cinnamon,12,4.7167,4.7,401.42,0,0.0,4.5442,0.1821,0.1725,-0.1821
black pepper + olive oil + sea salt,12,4.7167,4.7,474.92,0,0.0,4.5442,0.1821,0.1725,-0.1821
baking soda + sugar + vanilla extract,11,4.7182,4.7,116.55,0,0.0,4.5442,0.1821,0.174,-0.1821
black pepper + salt or + water,11,4.7182,4.7,2191.64,0,0.0,4.5442,0.1821,0.174,-0.1821
cayenne pepper + dried thyme + onion powder,11,4.7182,4.7,940.73,0,0.0,4.5442,0.1821,0.174,-0.1821
cayenne pepper or + onion + salt,11,4.7182,4.7,269.64,0,0.0,4.5442,0.1821,0.174,-0.1821
cumin + dried oregano + garlic powder,11,4.7182,4.7,220.82,0,0.0,4.5442,0.1821,0.174,-0.1821
dried oregano + dried thyme + onion powder,11,4.7182,4.7,563.18,0,0.0,4.5442,0.1821,0.174,-0.1821
garlic + kosher salt + unsalted butter,11,4.7182,4.7,86.0,0,0.0,4.5442,0.1821,0.174,-0.1821
8 ounce can tomato sauce + black pepper + garlic,16,4.7188,4.7,329.94,0,0.0,4.5442,0.1821,0.1746,-0.1821
all-purpose flour + freshly black pepper + kosher salt,16,4.7188,4.75,70.88,0,0.0,4.5442,0.1821,0.1746,-0.1821
cayenne pepper or + garlic + olive oil,15,4.72,4.7,124.27,0,0.0,4.5442,0.1821,0.1758,-0.1821
cayenne pepper or + garlic + salt,15,4.72,4.7,208.0,0,0.0,4.5442,0.1821,0.1758,-0.1821
all-purpose flour + baking powder + heavy cream,10,4.72,4.75,185.3,0,0.0,4.5442,0.1821,0.1758,-0.1821
black pepper + celery + dried oregano,10,4.72,4.8,255.0,0,0.0,4.5442,0.1821,0.1758,-0.1821
cayenne pepper + garlic + ketchup,10,4.72,4.75,269.7,0,0.0,4.5442,0.1821,0.1758,-0.1821
cayenne pepper + kosher salt + large egg,10,4.72,4.75,68.1,0,0.0,4.5442,0.1821,0.1758,-0.1821
cayenne pepper or + cumin + salt,10,4.72,4.75,117.1,0,0.0,4.5442,0.1821,0.1758,-0.1821
cinnamon + freshly black pepper + garlic,10,4.72,4.8,351.5,0,0.0,4.5442,0.1821,0.1758,-0.1821
freshly black pepper + kosher salt + yellow onion,10,4.72,4.7,39.7,0,0.0,4.5442,0.1821,0.1758,-0.1821
garlic + jalapeno pepper + salt,10,4.72,4.7,694.0,0,0.0,4.5442,0.1821,0.1758,-0.1821
lemon juice + strawberry + white sugar,10,4.72,4.7,135.3,0,0.0,4.5442,0.1821,0.1758,-0.1821
onion + onion powder + salt,10,4.72,4.7,517.0,0,0.0,4.5442,0.1821,0.1758,-0.1821
orange juice + salt + vanilla extract,10,4.72,4.75,133.7,0,0.0,4.5442,0.1821,0.1758,-0.1821
15 ounce can pumpkin puree + all-purpose flour + egg,14,4.7214,4.7,986.86,0,0.0,4.5442,0.1821,0.1772,-0.1821
15 ounce can pumpkin puree + baking soda + cinnamon,14,4.7214,4.8,1126.43,0,0.0,4.5442,0.1821,0.1772,-0.1821
all-purpose flour + freshly black pepper + garlic powder,14,4.7214,4.7,116.64,0,0.0,4.5442,0.1821,0.1772,-0.1821
baking soda + clove + large egg,13,4.7231,4.7,856.77,0,0.0,4.5442,0.1821,0.1789,-0.1821
all-purpose flour + butter + kosher salt,17,4.7235,4.7,124.0,0,0.0,4.5442,0.1821,0.1793,-0.1821
15 ounce can pumpkin puree + baking soda + salt,16,4.725,4.8,1077.94,0,0.0,4.5442,0.1821,0.1808,-0.1821
baking powder + heavy cream + white sugar,12,4.725,4.75,157.5,0,0.0,4.5442,0.1821,0.1808,-0.1821
cayenne pepper + chili powder + garlic powder,12,4.725,4.75,212.67,0,0.0,4.5442,0.1821,0.1808,-0.1821
chili powder + garlic powder + salt,31,4.7258,4.7,205.16,0,0.0,4.5442,0.1821,0.1816,-0.1821
butter + cayenne pepper + onion,19,4.7263,4.7,219.95,0,0.0,4.5442,0.1821,0.1821,-0.1821
salt + sugar + vanilla extract,19,4.7263,4.7,258.47,0,0.0,4.5442,0.1821,0.1821,-0.1821
black pepper + extra-virgin olive oil + salt,15,4.7267,4.7,104.0,0,0.0,4.5442,0.1821,0.1825,-0.1821
butter + celery + chicken broth,15,4.7267,4.7,1343.27,0,0.0,4.5442,0.1821,0.1825,-0.1821
freshly black pepper + garlic + unsalted butter,11,4.7273,4.7,55.09,0,0.0,4.5442,0.1821,0.1831,-0.1821
garlic + salt + turkey,11,4.7273,4.7,302.82,0,0.0,4.5442,0.1821,0.1831,-0.1821
onion powder + salt + water,11,4.7273,4.7,474.45,0,0.0,4.5442,0.1821,0.1831,-0.1821
15 ounce can pumpkin puree + egg + white sugar,14,4.7286,4.7,878.36,0,0.0,4.5442,0.1821,0.1844,-0.1821
allspice + clove + vanilla extract,14,4.7286,4.8,189.36,0,0.0,4.5442,0.1821,0.1844,-0.1821
all-purpose flour + celery + chicken broth,17,4.7294,4.8,1118.82,0,0.0,4.5442,0.1821,0.1852,-0.1821
15 ounce can pumpkin puree + vegetable oil + white sugar,10,4.73,4.75,1444.2,0,0.0,4.5442,0.1821,0.1858,-0.1821
8 ounce package cream cheese + confectioners' sugar + vegetable oil,10,4.73,4.7,312.6,0,0.0,4.5442,0.1821,0.1858,-0.1821
all-purpose flour + large egg yolk + vanilla extract,10,4.73,4.8,329.7,0,0.0,4.5442,0.1821,0.1858,-0.1821
baking soda + carrot + confectioners' sugar,10,4.73,4.8,1088.3,0,0.0,4.5442,0.1821,0.1858,-0.1821
brown sugar + onion powder + soy sauce,10,4.73,4.7,142.3,0,0.0,4.5442,0.1821,0.1858,-0.1821
butter + carrot + vanilla extract,10,4.73,4.75,1042.8,0,0.0,4.5442,0.1821,0.1858,-0.1821
butter + cayenne pepper + milk,10,4.73,4.8,365.0,0,0.0,4.5442,0.1821,0.1858,-0.1821
butter + onion + stalks celery,10,4.73,4.8,610.5,0,0.0,4.5442,0.1821,0.1858,-0.1821
carrot + confectioners' sugar + vegetable oil,10,4.73,4.8,1088.3,0,0.0,4.5442,0.1821,0.1858,-0.1821
cayenne pepper + parmesan cheese + salt,10,4.73,4.7,380.3,0,0.0,4.5442,0.1821,0.1858,-0.1821
lemon juice + olive oil + parmesan cheese,10,4.73,4.8,520.4,0,0.0,4.5442,0.1821,0.1858,-0.1821
black pepper + butter + cayenne pepper,26,4.7308,4.7,316.65,0,0.0,4.5442,0.1821,0.1866,-0.1821
15 ounce can pumpkin puree + baking soda + white sugar,16,4.7312,4.8,983.88,0,0.0,4.5442,0.1821,0.187,-0.1821
black pepper + cumin + onion powder,12,4.7333,4.7,136.75,0,0.0,4.5442,0.1821,0.1891,-0.1821
cayenne pepper + dried thyme + garlic powder,12,4.7333,4.7,686.0,0,0.0,4.5442,0.1821,0.1891,-0.1821
rhubarb + water + white sugar,12,4.7333,4.7,99.92,0,0.0,4.5442,0.1821,0.1891,-0.1821
cumin + garlic powder + paprika,20,4.735,4.7,182.0,0,0.0,4.5442,0.1821,0.1908,-0.1821
15 ounce can pumpkin puree + all-purpose flour + vegetable oil,11,4.7364,4.8,1453.55,0,0.0,4.5442,0.1821,0.1922,-0.1821
cornstarch + lemon juice + vanilla extract,11,4.7364,4.8,200.55,0,0.0,4.5442,0.1821,0.1922,-0.1821
15 ounce can pumpkin puree + all-purpose flour + baking soda,16,4.7375,4.8,1079.5,0,0.0,4.5442,0.1821,0.1933,-0.1821
chili powder + olive oil + salt,29,4.7379,4.7,316.76,0,0.0,4.5442,0.1821,0.1937,-0.1821
kosher salt + olive oil + onion,13,4.7385,4.8,105.0,0,0.0,4.5442,0.1821,0.1943,-0.1821
cumin + freshly black pepper + olive oil,18,4.7389,4.8,81.11,0,0.0,4.5442,0.1821,0.1947,-0.1821
all-purpose flour + baking soda + dried cranberry,10,4.74,4.75,378.3,0,0.0,4.5442,0.1821,0.1958,-0.1821
all-purpose flour + dried cranberry + salt,10,4.74,4.8,430.8,0,0.0,4.5442,0.1821,0.1958,-0.1821
all-purpose flour + dried cranberry + white sugar,10,4.74,4.75,552.9,0,0.0,4.5442,0.1821,0.1958,-0.1821
butter + cayenne pepper + kosher salt,10,4.74,4.75,159.1,0,0.0,4.5442,0.1821,0.1958,-0.1821
butter + garlic + kosher salt,10,4.74,4.75,86.2,0,0.0,4.5442,0.1821,0.1958,-0.1821
extra-virgin olive oil + garlic + kosher salt,10,4.74,4.8,187.4,0,0.0,4.5442,0.1821,0.1958,-0.1821
black pepper + garlic + salt or,12,4.7417,4.7,2144.58,0,0.0,4.5442,0.1821,0.1975,-0.1821
mozzarella cheese + parmesan cheese + parsley,12,4.7417,4.7,2123.33,0,0.0,4.5442,0.1821,0.1975,-0.1821
olive oil + red onion + salt,12,4.7417,4.75,100.17,0,0.0,4.5442,0.1821,0.1975,-0.1821
black pepper + cayenne pepper + kosher salt,14,4.7429,4.8,272.36,0,0.0,4.5442,0.1821,0.1987,-0.1821
dried oregano + garlic + kosher salt,14,4.7429,4.8,152.14,0,0.0,4.5442,0.1821,0.1987,-0.1821
dried oregano + garlic powder + olive oil,16,4.7438,4.7,548.31,0,0.0,4.5442,0.1821,0.1996,-0.1821
all-purpose flour + half-and-half + salt,18,4.7444,4.75,627.0,0,0.0,4.5442,0.1821,0.2002,-0.1821
15 ounce can pumpkin puree + baking soda + egg,11,4.7455,4.8,1241.45,0,0.0,4.5442,0.1821,0.2013,-0.1821
black pepper + cayenne pepper + parmesan cheese,11,4.7455,4.7,732.45,0,0.0,4.5442,0.1821,0.2013,-0.1821
black pepper + olive oil + rosemary,11,4.7455,4.8,210.18,0,0.0,4.5442,0.1821,0.2013,-0.1821
freshly black pepper + garlic powder + salt,11,4.7455,4.8,145.09,0,0.0,4.5442,0.1821,0.2013,-0.1821
all-purpose flour + celery + milk,13,4.7462,4.8,1469.77,0,0.0,4.5442,0.1821,0.202,-0.1821
black pepper + olive oil + red onion,13,4.7462,4.7,149.31,0,0.0,4.5442,0.1821,0.202,-0.1821
cayenne pepper or + freshly black pepper + garlic,13,4.7462,4.8,110.08,0,0.0,4.5442,0.1821,0.202,-0.1821
celery + onion + salt and black pepper,13,4.7462,4.8,421.62,0,0.0,4.5442,0.1821,0.202,-0.1821
black pepper + cumin + kosher salt,15,4.7467,4.8,177.67,0,0.0,4.5442,0.1821,0.2025,-0.1821
garlic + kosher salt + soy sauce,16,4.75,4.8,100.38,0,0.0,4.5442,0.1821,0.2058,-0.1821
cayenne pepper + freshly black pepper + water,14,4.75,4.8,269.21,0,0.0,4.5442,0.1821,0.2058,-0.1821
all-purpose flour + dried currant + salt,10,4.75,4.8,191.1,0,0.0,4.5442,0.1821,0.2058,-0.1821
kosher salt + lemon juice + olive oil,10,4.75,4.8,131.7,0,0.0,4.5442,0.1821,0.2058,-0.1821
cilantro + cumin + dried oregano,11,4.7545,4.8,383.91,0,0.0,4.5442,0.1821,0.2103,-0.1821
freshly black pepper + olive oil + smoked paprika,11,4.7545,4.8,60.55,0,0.0,4.5442,0.1821,0.2103,-0.1821
cayenne pepper + kosher salt + paprika,14,4.7571,4.7,226.0,0,0.0,4.5442,0.1821,0.2129,-0.1821
garlic + kosher salt + lemon juice,12,4.7583,4.8,123.0,0,0.0,4.5442,0.1821,0.2141,-0.1821
all-purpose flour + chicken broth + salt and black pepper,10,4.76,4.8,299.9,0,0.0,4.5442,0.1821,0.2158,-0.1821
chicken broth + kosher salt + olive oil,10,4.76,4.8,90.2,0,0.0,4.5442,0.1821,0.2158,-0.1821
cumin + salt + smoked paprika,10,4.76,4.75,139.6,0,0.0,4.5442,0.1821,0.2158,-0.1821
lemon juice + vanilla extract + water,10,4.76,4.8,138.8,0,0.0,4.5442,0.1821,0.2158,-0.1821
cayenne pepper + garlic + kosher salt,22,4.7636,4.8,112.77,0,0.0,4.5442,0.1821,0.2194,-0.1821
freshly black pepper + garlic + tomato paste,15,4.7667,4.8,230.07,0,0.0,4.5442,0.1821,0.2225,-0.1821
butter + cayenne pepper + chicken broth,12,4.7667,4.75,223.75,0,0.0,4.5442,0.1821,0.2225,-0.1821
dried oregano + kosher salt + olive oil,12,4.7667,4.8,278.42,0,0.0,4.5442,0.1821,0.2225,-0.1821
garlic + kosher salt + white sugar,15,4.7733,4.8,80.47,0,0.0,4.5442,0.1821,0.2291,-0.1821
freshly black pepper + kosher salt + onion,12,4.775,4.8,47.83,0,0.0,4.5442,0.1821,0.2308,-0.1821
butter + freshly black pepper + kosher salt,13,4.7769,4.8,87.0,0,0.0,4.5442,0.1821,0.2327,-0.1821
garlic + kosher salt + yellow onion,14,4.7786,4.8,48.86,0,0.0,4.5442,0.1821,0.2344,-0.1821
dried cranberry + salt + white sugar,10,4.78,4.8,486.8,0,0.0,4.5442,0.1821,0.2358,-0.1821
freshly black pepper + garlic + white sugar,10,4.78,4.75,236.1,0,0.0,4.5442,0.1821,0.2358,-0.1821
italian seasoning + mozzarella cheese + salt,10,4.78,4.8,127.0,0,0.0,4.5442,0.1821,0.2358,-0.1821
black pepper + cumin + garlic powder,24,4.7833,4.8,209.08,0,0.0,4.5442,0.1821,0.2391,-0.1821
butter + garlic + lemon zest,12,4.7833,4.8,204.75,0,0.0,4.5442,0.1821,0.2391,-0.1821
baking soda + dried cranberry + salt,10,4.79,4.8,232.1,0,0.0,4.5442,0.1821,0.2458,-0.1821
cinnamon + cumin + kosher salt,10,4.79,4.8,141.4,0,0.0,4.5442,0.1821,0.2458,-0.1821
cayenne pepper + chicken broth + cumin,11,4.7909,4.8,214.09,0,0.0,4.5442,0.1821,0.2467,-0.1821
chicken broth + freshly black pepper + olive oil,12,4.8,4.8,225.83,0,0.0,4.5442,0.1821,0.2558,-0.1821
cayenne pepper + chicken broth + freshly black pepper,11,4.8,4.8,82.09,0,0.0,4.5442,0.1821,0.2558,-0.1821
cumin + garlic + smoked paprika,10,4.81,4.8,168.3,0,0.0,4.5442,0.1821,0.2658,-0.1821
freshly black pepper + garlic + yellow onion,13,4.8231,4.8,46.23,0,0.0,4.5442,0.1821,0.2789,-0.1821
chicken broth + freshly black pepper + garlic,14,4.8357,4.85,272.21,0,0.0,4.5442,0.1821,0.2915,-0.1821
chicken broth + garlic + kosher salt,10,4.85,4.9,101.2,0,0.0,4.5442,0.1821,0.3058,-0.1821
