ingredient_combo,recipe_count,avg_rating,median_rating,avg_rating_count,lower_rated_count,lower_rated_share,overall_avg_rating,overall_lower_rated_share,rating_difference_from_overall,lower_rated_share_difference_from_overall
applesauce + cinnamon,21,4.3238,4.4,113.52,9,0.4286,4.5442,0.1821,-0.2204,0.2465
milk + self-rising flour,21,4.381,4.4,233.95,9,0.4286,4.5442,0.1821,-0.1632,0.2465
rolled oat + water,21,4.4143,4.5,146.71,9,0.4286,4.5442,0.1821,-0.1299,0.2465
paprika + salt and pepper,26,4.3885,4.4,513.5,11,0.4231,4.5442,0.1821,-0.1557,0.241
egg + unsweetened cocoa powder,54,4.3815,4.5,692.35,22,0.4074,4.5442,0.1821,-0.1627,0.2253
milk + unsweetened cocoa powder,55,4.3673,4.5,579.24,22,0.4,4.5442,0.1821,-0.1769,0.2179
salt and pepper + water,78,4.4064,4.4,311.33,31,0.3974,4.5442,0.1821,-0.1378,0.2153
egg + onion powder,23,4.3609,4.4,306.43,9,0.3913,4.5442,0.1821,-0.1833,0.2092
paprika + parsley,21,4.4524,4.4,296.14,8,0.381,4.5442,0.1821,-0.0918,0.1989
tomato + water,29,4.4345,4.4,163.38,11,0.3793,4.5442,0.1821,-0.1097,0.1972
milk + shortening,48,4.4146,4.5,372.92,18,0.375,4.5442,0.1821,-0.1296,0.1929
egg + paprika,27,4.4407,4.5,473.56,10,0.3704,4.5442,0.1821,-0.1035,0.1883
salt and pepper + stalks celery,27,4.4444,4.5,214.89,10,0.3704,4.5442,0.1821,-0.0998,0.1883
uncooked white rice + water,38,4.2974,4.4,278.24,14,0.3684,4.5442,0.1821,-0.2468,0.1863
water + whole wheat flour,22,4.3955,4.45,139.55,8,0.3636,4.5442,0.1821,-0.1487,0.1815
mozzarella cheese + salt and pepper,22,4.4091,4.45,336.32,8,0.3636,4.5442,0.1821,-0.1351,0.1815
cream cheese + egg,22,4.4818,4.5,388.77,8,0.3636,4.5442,0.1821,-0.0624,0.1815
lemon juice + milk,36,4.4222,4.6,318.53,13,0.3611,4.5442,0.1821,-0.122,0.179
10.75 ounce can condensed cream of mushroom soup + onion,28,4.4,4.4,410.5,10,0.3571,4.5442,0.1821,-0.1442,0.175
cheddar cheese + vegetable oil,31,4.3968,4.4,344.0,11,0.3548,4.5442,0.1821,-0.1474,0.1727
egg + salt and pepper,65,4.4446,4.5,451.66,23,0.3538,4.5442,0.1821,-0.0996,0.1717
cheddar cheese + cumin,23,4.4261,4.6,313.7,8,0.3478,4.5442,0.1821,-0.1181,0.1657
baking powder + unsweetened cocoa powder,49,4.4429,4.5,819.35,17,0.3469,4.5442,0.1821,-0.1013,0.1648
salt and pepper + vegetable oil,52,4.375,4.45,380.54,18,0.3462,4.5442,0.1821,-0.1692,0.1641
boiling water + vanilla extract,26,4.4615,4.6,435.38,9,0.3462,4.5442,0.1821,-0.0827,0.1641
olive oil + vegetable broth,29,4.4103,4.4,76.03,10,0.3448,4.5442,0.1821,-0.1339,0.1627
shortening + water,35,4.4429,4.5,198.86,12,0.3429,4.5442,0.1821,-0.1013,0.1608
cheddar cheese + salt and pepper,39,4.3897,4.4,463.95,13,0.3333,4.5442,0.1821,-0.1545,0.1512
egg + peanut butter,36,4.3972,4.4,539.72,12,0.3333,4.5442,0.1821,-0.147,0.1512
butter + unsweetened cocoa powder,63,4.4063,4.5,585.83,21,0.3333,4.5442,0.1821,-0.1379,0.1512
all-purpose flour + unsweetened cocoa powder,90,4.4078,4.5,701.27,30,0.3333,4.5442,0.1821,-0.1364,0.1512
baking powder + egg yolk,24,4.4167,4.5,131.17,8,0.3333,4.5442,0.1821,-0.1275,0.1512
cream of tartar + egg,24,4.4375,4.45,361.96,8,0.3333,4.5442,0.1821,-0.1067,0.1512
14 ounce can sweetened condensed milk + egg,21,4.4571,4.6,189.86,7,0.3333,4.5442,0.1821,-0.0871,0.1512
garlic powder + parsley,30,4.4633,4.55,168.9,10,0.3333,4.5442,0.1821,-0.0809,0.1512
bread crumb + salt,30,4.47,4.55,402.23,10,0.3333,4.5442,0.1821,-0.0742,0.1512
egg lightly + salt,21,4.481,4.6,991.67,7,0.3333,4.5442,0.1821,-0.0632,0.1512
confectioners' sugar + unsweetened cocoa powder,34,4.4882,4.6,963.03,11,0.3235,4.5442,0.1821,-0.056,0.1414
cream of tartar + egg white,28,4.4714,4.6,148.11,9,0.3214,4.5442,0.1821,-0.0728,0.1393
onion + potatoes peeled and cubed,22,4.45,4.45,367.5,7,0.3182,4.5442,0.1821,-0.0942,0.1361
confectioners' sugar + nutmeg,22,4.5273,4.55,320.68,7,0.3182,4.5442,0.1821,-0.0169,0.1361
all-purpose flour + salt and pepper,76,4.45,4.5,382.68,24,0.3158,4.5442,0.1821,-0.0942,0.1337
milk + parsley,32,4.4812,4.5,413.81,10,0.3125,4.5442,0.1821,-0.063,0.1304
egg white + water,29,4.4552,4.6,333.79,9,0.3103,4.5442,0.1821,-0.089,0.1282
baking powder + water,71,4.4352,4.5,319.55,22,0.3099,4.5442,0.1821,-0.109,0.1278
small onion + vegetable oil,26,4.4346,4.5,217.23,8,0.3077,4.5442,0.1821,-0.1096,0.1256
salt and black pepper + small onion,26,4.4731,4.45,240.27,8,0.3077,4.5442,0.1821,-0.0711,0.1256
baking powder + margarine,36,4.4694,4.6,491.11,11,0.3056,4.5442,0.1821,-0.0748,0.1235
8 ounce package mushroom + garlic,23,4.4652,4.6,220.74,7,0.3043,4.5442,0.1821,-0.079,0.1222
green bell pepper + tomato,23,4.4913,4.5,177.61,7,0.3043,4.5442,0.1821,-0.0529,0.1222
egg + unsalted butter,46,4.4935,4.6,454.78,14,0.3043,4.5442,0.1821,-0.0507,0.1222
unsweetened cocoa powder + white sugar,122,4.4459,4.5,623.83,37,0.3033,4.5442,0.1821,-0.0983,0.1212
garlic powder + lemon juice,33,4.4697,4.6,159.88,10,0.303,4.5442,0.1821,-0.0745,0.1209
salt + stalk celery,20,4.425,4.45,451.4,6,0.3,4.5442,0.1821,-0.1192,0.1179
baking powder + pumpkin puree,20,4.445,4.5,289.2,6,0.3,4.5442,0.1821,-0.0992,0.1179
all-purpose flour + molasse,30,4.4567,4.5,399.9,9,0.3,4.5442,0.1821,-0.0875,0.1179
onion + prepared mustard,20,4.47,4.5,834.35,6,0.3,4.5442,0.1821,-0.0742,0.1179
honey + vanilla extract,50,4.484,4.6,478.34,15,0.3,4.5442,0.1821,-0.0602,0.1179
ginger + pumpkin puree,20,4.485,4.6,263.45,6,0.3,4.5442,0.1821,-0.0592,0.1179
garlic powder + mushroom,20,4.495,4.5,440.4,6,0.3,4.5442,0.1821,-0.0492,0.1179
chocolate chip + vanilla extract,20,4.52,4.6,72.55,6,0.3,4.5442,0.1821,-0.0242,0.1179
cheddar cheese + parmesan cheese,20,4.535,4.6,184.75,6,0.3,4.5442,0.1821,-0.0092,0.1179
cake flour + salt,27,4.4481,4.6,109.63,8,0.2963,4.5442,0.1821,-0.0961,0.1142
evaporated milk + salt,27,4.4519,4.6,203.89,8,0.2963,4.5442,0.1821,-0.0923,0.1142
butter + egg white,27,4.5111,4.6,247.44,8,0.2963,4.5442,0.1821,-0.0331,0.1142
egg + pumpkin puree,27,4.5111,4.5,104.37,8,0.2963,4.5442,0.1821,-0.0331,0.1142
boiling water + salt,44,4.4659,4.5,393.11,13,0.2955,4.5442,0.1821,-0.0783,0.1134
cheddar cheese + water,44,4.5045,4.5,544.91,13,0.2955,4.5442,0.1821,-0.0397,0.1134
almond extract + baking powder,34,4.4824,4.5,181.15,10,0.2941,4.5442,0.1821,-0.0618,0.112
salt + salt and pepper,34,4.4971,4.55,305.76,10,0.2941,4.5442,0.1821,-0.0471,0.112
margarine + water,24,4.4458,4.55,622.25,7,0.2917,4.5442,0.1821,-0.0984,0.1096
butter + self-rising flour,24,4.4583,4.45,152.46,7,0.2917,4.5442,0.1821,-0.0859,0.1096
milk + pecan,24,4.475,4.5,385.92,7,0.2917,4.5442,0.1821,-0.0692,0.1096
bread crumb + onion,24,4.5292,4.6,382.25,7,0.2917,4.5442,0.1821,-0.015,0.1096
margarine + salt,86,4.4779,4.6,665.64,25,0.2907,4.5442,0.1821,-0.0663,0.1086
egg + ketchup,31,4.4452,4.5,731.16,9,0.2903,4.5442,0.1821,-0.099,0.1082
baking powder + shortening,62,4.4629,4.5,361.98,18,0.2903,4.5442,0.1821,-0.0813,0.1082
mayonnaise + salt and pepper,31,4.4839,4.5,521.74,9,0.2903,4.5442,0.1821,-0.0603,0.1082
egg + margarine,52,4.4404,4.6,379.02,15,0.2885,4.5442,0.1821,-0.1038,0.1064
garlic + vegetable broth,42,4.431,4.5,262.62,12,0.2857,4.5442,0.1821,-0.1132,0.1036
ginger root + water,28,4.4357,4.55,354.57,8,0.2857,4.5442,0.1821,-0.1085,0.1036
cake flour + vanilla extract,21,4.4381,4.6,148.19,6,0.2857,4.5442,0.1821,-0.1061,0.1036
dried parsley + egg,21,4.4476,4.5,407.62,6,0.2857,4.5442,0.1821,-0.0966,0.1036
cheddar cheese + lean beef,21,4.4524,4.6,729.14,6,0.2857,4.5442,0.1821,-0.0918,0.1036
nutmeg + onion,28,4.4607,4.45,91.36,8,0.2857,4.5442,0.1821,-0.0835,0.1036
.25 ounce package active dry yeast + warm water 110 degrees f/45 degrees c,21,4.4619,4.5,672.81,6,0.2857,4.5442,0.1821,-0.0823,0.1036
baking powder + canola oil,28,4.4714,4.5,183.36,8,0.2857,4.5442,0.1821,-0.0728,0.1036
salt and pepper + small onion,21,4.4714,4.5,415.67,6,0.2857,4.5442,0.1821,-0.0728,0.1036
all-purpose flour + egg white,49,4.4755,4.6,212.71,14,0.2857,4.5442,0.1821,-0.0687,0.1036
ketchup + white sugar,21,4.4762,4.6,208.71,6,0.2857,4.5442,0.1821,-0.068,0.1036
ginger + rice vinegar,21,4.4857,4.6,180.19,6,0.2857,4.5442,0.1821,-0.0585,0.1036
peanut butter + semisweet chocolate chip,21,4.4857,4.6,433.76,6,0.2857,4.5442,0.1821,-0.0585,0.1036
pumpkin puree + vanilla extract,21,4.4905,4.5,335.95,6,0.2857,4.5442,0.1821,-0.0537,0.1036
cooking spray + water,35,4.52,4.6,237.14,10,0.2857,4.5442,0.1821,-0.0242,0.1036
evaporated milk + white sugar,39,4.459,4.5,202.13,11,0.2821,4.5442,0.1821,-0.0852,0.1
garlic powder + white sugar,39,4.5103,4.6,357.9,11,0.2821,4.5442,0.1821,-0.0339,0.1
shortening + vanilla extract,71,4.4408,4.5,377.58,20,0.2817,4.5442,0.1821,-0.1034,0.0996
egg + evaporated milk,25,4.404,4.5,164.32,7,0.28,4.5442,0.1821,-0.1402,0.0979
salt + unsweetened cocoa powder,100,4.466,4.6,666.39,28,0.28,4.5442,0.1821,-0.0782,0.0979
egg + mayonnaise,50,4.48,4.5,384.32,14,0.28,4.5442,0.1821,-0.0642,0.0979
milk + peanut butter,25,4.5,4.6,656.88,7,0.28,4.5442,0.1821,-0.0442,0.0979
cream cheese + vanilla extract,25,4.536,4.7,508.88,7,0.28,4.5442,0.1821,-0.0082,0.0979
cumin + medium onion,25,4.544,4.6,277.04,7,0.28,4.5442,0.1821,-0.0002,0.0979
packed brown sugar + water,43,4.4791,4.6,871.56,12,0.2791,4.5442,0.1821,-0.0651,0.097
cake flour + white sugar,29,4.4414,4.5,140.34,8,0.2759,4.5442,0.1821,-0.1028,0.0938
cornstarch + olive oil,29,4.469,4.5,209.03,8,0.2759,4.5442,0.1821,-0.0752,0.0938
lime juice + white sugar,29,4.5276,4.6,93.55,8,0.2759,4.5442,0.1821,-0.0166,0.0938
8 ounce can tomato sauce + salt,29,4.5379,4.6,306.52,8,0.2759,4.5442,0.1821,-0.0063,0.0938
baking powder + honey,22,4.4182,4.6,854.64,6,0.2727,4.5442,0.1821,-0.126,0.0906
raisin + water,33,4.4545,4.5,168.45,9,0.2727,4.5442,0.1821,-0.0897,0.0906
all-purpose flour + whole wheat flour,44,4.4568,4.5,149.73,12,0.2727,4.5442,0.1821,-0.0874,0.0906
6 ounce can tomato paste + onion,22,4.4864,4.45,450.59,6,0.2727,4.5442,0.1821,-0.0578,0.0906
egg + molasse,22,4.4909,4.55,175.64,6,0.2727,4.5442,0.1821,-0.0533,0.0906
all-purpose flour + eggs lightly,22,4.4955,4.65,257.82,6,0.2727,4.5442,0.1821,-0.0487,0.0906
parmesan cheese + ricotta cheese,22,4.5045,4.55,1339.18,6,0.2727,4.5442,0.1821,-0.0397,0.0906
small onion + water,33,4.5061,4.5,371.06,9,0.2727,4.5442,0.1821,-0.0381,0.0906
cheddar cheese + olive oil,33,4.5091,4.6,188.52,9,0.2727,4.5442,0.1821,-0.0351,0.0906
all-purpose flour + margarine,85,4.4635,4.6,537.76,23,0.2706,4.5442,0.1821,-0.0807,0.0885
honey + soy sauce,37,4.4622,4.5,310.43,10,0.2703,4.5442,0.1821,-0.082,0.0882
garlic powder + salt and pepper,37,4.4784,4.5,282.46,10,0.2703,4.5442,0.1821,-0.0658,0.0882
lemon juice + vegetable oil,37,4.4946,4.6,293.11,10,0.2703,4.5442,0.1821,-0.0496,0.0882
carrot + soy sauce,26,4.4462,4.5,181.73,7,0.2692,4.5442,0.1821,-0.098,0.0871
beef + sour cream,26,4.4615,4.5,207.81,7,0.2692,4.5442,0.1821,-0.0827,0.0871
mushroom + water,26,4.4615,4.5,169.77,7,0.2692,4.5442,0.1821,-0.0827,0.0871
all-purpose flour + shortening,130,4.4885,4.6,372.25,35,0.2692,4.5442,0.1821,-0.0557,0.0871
egg + green onion,52,4.5019,4.55,189.15,14,0.2692,4.5442,0.1821,-0.0423,0.0871
peanut butter + vanilla extract,52,4.5058,4.5,533.27,14,0.2692,4.5442,0.1821,-0.0384,0.0871
molasse + salt,41,4.478,4.5,358.32,11,0.2683,4.5442,0.1821,-0.0662,0.0862
egg white + vanilla extract,56,4.4643,4.6,139.86,15,0.2679,4.5442,0.1821,-0.0799,0.0858
onion + vegetable broth,30,4.4033,4.5,360.23,8,0.2667,4.5442,0.1821,-0.1409,0.0846
onion + uncooked white rice,30,4.4133,4.5,605.63,8,0.2667,4.5442,0.1821,-0.1309,0.0846
all-purpose flour + peanut butter,30,4.4367,4.55,722.93,8,0.2667,4.5442,0.1821,-0.1075,0.0846
cinnamon + egg white,30,4.5033,4.6,244.87,8,0.2667,4.5442,0.1821,-0.0409,0.0846
mayonnaise + sour cream,30,4.5033,4.5,234.73,8,0.2667,4.5442,0.1821,-0.0409,0.0846
butter + cream cheese,45,4.5289,4.6,384.87,12,0.2667,4.5442,0.1821,-0.0153,0.0846
ketchup + salt,79,4.4924,4.6,495.75,21,0.2658,4.5442,0.1821,-0.0518,0.0837
confectioners' sugar + egg,98,4.4806,4.5,475.97,26,0.2653,4.5442,0.1821,-0.0636,0.0832
butter + peanut butter,34,4.4265,4.6,599.18,9,0.2647,4.5442,0.1821,-0.1177,0.0826
egg + egg yolk,34,4.4441,4.5,541.94,9,0.2647,4.5442,0.1821,-0.1001,0.0826
all-purpose flour + boiling water,34,4.4824,4.5,563.91,9,0.2647,4.5442,0.1821,-0.0618,0.0826
carrot + parsley,34,4.4853,4.5,195.35,9,0.2647,4.5442,0.1821,-0.0589,0.0826
egg white + egg yolk,34,4.4912,4.6,233.53,9,0.2647,4.5442,0.1821,-0.053,0.0826
unsalted butter + water,34,4.5235,4.6,673.32,9,0.2647,4.5442,0.1821,-0.0207,0.0826
baking powder + lemon juice,53,4.5132,4.6,207.91,14,0.2642,4.5442,0.1821,-0.031,0.0821
egg + soy sauce,38,4.4395,4.5,209.13,10,0.2632,4.5442,0.1821,-0.1047,0.0811
brown sugar + lemon juice,38,4.5158,4.6,341.18,10,0.2632,4.5442,0.1821,-0.0284,0.0811
all-purpose flour + worcestershire sauce,57,4.5228,4.5,516.04,15,0.2632,4.5442,0.1821,-0.0214,0.0811
green onion + sour cream,38,4.5395,4.6,517.61,10,0.2632,4.5442,0.1821,-0.0047,0.0811
baking soda + margarine,42,4.4952,4.6,806.57,11,0.2619,4.5442,0.1821,-0.049,0.0798
ginger root + vegetable oil,23,4.4739,4.5,450.43,6,0.2609,4.5442,0.1821,-0.0703,0.0788
nutmeg + olive oil,23,4.4739,4.5,107.52,6,0.2609,4.5442,0.1821,-0.0703,0.0788
egg white + white sugar,92,4.4902,4.6,198.51,24,0.2609,4.5442,0.1821,-0.054,0.0788
buttermilk + egg,50,4.474,4.5,295.28,13,0.26,4.5442,0.1821,-0.0702,0.0779
ginger + olive oil,27,4.4926,4.5,132.04,7,0.2593,4.5442,0.1821,-0.0516,0.0772
unsweetened cocoa powder + vanilla extract,116,4.4707,4.6,669.88,30,0.2586,4.5442,0.1821,-0.0735,0.0765
salt + vegetable oil for frying,58,4.519,4.6,203.79,15,0.2586,4.5442,0.1821,-0.0252,0.0765
egg + garlic powder,62,4.4645,4.5,432.39,16,0.2581,4.5442,0.1821,-0.0797,0.076
tomato paste + water,31,4.4839,4.5,230.29,8,0.2581,4.5442,0.1821,-0.0603,0.076
14 ounce can sweetened condensed milk + white sugar,31,4.5,4.6,237.32,8,0.2581,4.5442,0.1821,-0.0442,0.076
milk + walnut,31,4.5452,4.7,386.87,8,0.2581,4.5442,0.1821,0.001,0.076
all-purpose flour + egg yolk,66,4.4864,4.6,497.47,17,0.2576,4.5442,0.1821,-0.0578,0.0755
onion + water,272,4.4886,4.5,460.94,70,0.2574,4.5442,0.1821,-0.0556,0.0753
self-rising flour + white sugar,35,4.4714,4.5,195.63,9,0.2571,4.5442,0.1821,-0.0728,0.075
butter + evaporated milk,35,4.4743,4.5,216.17,9,0.2571,4.5442,0.1821,-0.0699,0.075
garlic powder + mayonnaise,35,4.5314,4.6,276.17,9,0.2571,4.5442,0.1821,-0.0128,0.075
egg white + salt,70,4.5371,4.6,230.49,18,0.2571,4.5442,0.1821,-0.0071,0.075
semisweet chocolate chip + vanilla extract,90,4.4833,4.6,1037.57,23,0.2556,4.5442,0.1821,-0.0609,0.0735
cream of tartar + vanilla extract,47,4.4957,4.6,339.62,12,0.2553,4.5442,0.1821,-0.0485,0.0732
margarine + vanilla extract,55,4.4836,4.5,613.07,14,0.2545,4.5442,0.1821,-0.0606,0.0724
egg + parsley,55,4.4964,4.5,594.47,14,0.2545,4.5442,0.1821,-0.0478,0.0724
lemon juice + onion,59,4.5203,4.6,316.24,15,0.2542,4.5442,0.1821,-0.0239,0.0721
all-purpose flour + water,303,4.5076,4.6,443.43,77,0.2541,4.5442,0.1821,-0.0366,0.072
baking powder + milk,276,4.4877,4.5,555.9,70,0.2536,4.5442,0.1821,-0.0565,0.0715
curry powder + olive oil,20,4.425,4.5,178.25,5,0.25,4.5442,0.1821,-0.1192,0.0679
beef + salt and pepper,28,4.4464,4.5,662.64,7,0.25,4.5442,0.1821,-0.0978,0.0679
garlic + stalk celery,28,4.4536,4.5,403.5,7,0.25,4.5442,0.1821,-0.0906,0.0679
egg + shortening,76,4.4671,4.6,233.72,19,0.25,4.5442,0.1821,-0.0771,0.0679
green onion + salt and pepper,32,4.4688,4.5,238.84,8,0.25,4.5442,0.1821,-0.0754,0.0679
egg + lemon juice,76,4.4789,4.6,238.45,19,0.25,4.5442,0.1821,-0.0653,0.0679
all-purpose flour + pumpkin puree,28,4.4893,4.5,252.75,7,0.25,4.5442,0.1821,-0.0549,0.0679
milk + raisin,20,4.49,4.6,233.2,5,0.25,4.5442,0.1821,-0.0542,0.0679
confectioners' sugar for dusting + egg,20,4.495,4.55,219.85,5,0.25,4.5442,0.1821,-0.0492,0.0679
salt and pepper + worcestershire sauce,20,4.495,4.5,558.4,5,0.25,4.5442,0.1821,-0.0492,0.0679
brown sugar + milk,84,4.4952,4.5,433.25,21,0.25,4.5442,0.1821,-0.049,0.0679
black pepper + sesame seed,20,4.5,4.55,178.25,5,0.25,4.5442,0.1821,-0.0442,0.0679
milk + nutmeg,84,4.5036,4.55,277.43,21,0.25,4.5442,0.1821,-0.0406,0.0679
all-purpose flour + cream of tartar,44,4.5045,4.6,480.27,11,0.25,4.5442,0.1821,-0.0397,0.0679
carrot + mushroom,20,4.505,4.55,228.85,5,0.25,4.5442,0.1821,-0.0392,0.0679
chicken broth + parmesan cheese,20,4.505,4.5,352.8,5,0.25,4.5442,0.1821,-0.0392,0.0679
salt + sharp cheddar cheese,24,4.5083,4.55,289.46,6,0.25,4.5442,0.1821,-0.0359,0.0679
egg + worcestershire sauce,44,4.5091,4.5,469.57,11,0.25,4.5442,0.1821,-0.0351,0.0679
onion + white vinegar,24,4.5125,4.6,389.83,6,0.25,4.5442,0.1821,-0.0317,0.0679
cayenne pepper + tomato,20,4.515,4.6,348.8,5,0.25,4.5442,0.1821,-0.0292,0.0679
milk + sharp cheddar cheese,20,4.515,4.6,264.7,5,0.25,4.5442,0.1821,-0.0292,0.0679
butter + raisin,56,4.5196,4.6,346.91,14,0.25,4.5442,0.1821,-0.0246,0.0679
mayonnaise + water,20,4.52,4.6,118.35,5,0.25,4.5442,0.1821,-0.0242,0.0679
turmeric + water,28,4.5286,4.6,138.86,7,0.25,4.5442,0.1821,-0.0156,0.0679
.25 ounce package active dry yeast + all-purpose flour,20,4.53,4.6,440.1,5,0.25,4.5442,0.1821,-0.0142,0.0679
baking powder + onion,20,4.55,4.6,299.9,5,0.25,4.5442,0.1821,0.0058,0.0679
cream cheese + white sugar,24,4.5542,4.7,476.96,6,0.25,4.5442,0.1821,0.01,0.0679
8 ounce can tomato sauce + onion,28,4.5571,4.55,201.32,7,0.25,4.5442,0.1821,0.0129,0.0679
honey + rolled oat,28,4.6036,4.7,180.32,7,0.25,4.5442,0.1821,0.0594,0.0679
salt + shortening,137,4.4993,4.6,387.91,34,0.2482,4.5442,0.1821,-0.0449,0.0661
egg + milk,392,4.4689,4.5,478.81,97,0.2474,4.5442,0.1821,-0.0753,0.0653
green onion + water,69,4.5174,4.6,321.74,17,0.2464,4.5442,0.1821,-0.0268,0.0643
onion + red bell pepper,65,4.5169,4.6,142.57,16,0.2462,4.5442,0.1821,-0.0273,0.0641
egg yolk + vanilla extract,61,4.4852,4.5,439.31,15,0.2459,4.5442,0.1821,-0.059,0.0638
cinnamon + milk,171,4.4901,4.6,348.33,42,0.2456,4.5442,0.1821,-0.0541,0.0635
pumpkin puree + salt,37,4.4919,4.5,208.95,9,0.2432,4.5442,0.1821,-0.0523,0.0611
bay leaf + water,37,4.4973,4.6,371.84,9,0.2432,4.5442,0.1821,-0.0469,0.0611
brown sugar + honey,37,4.5514,4.6,201.49,9,0.2432,4.5442,0.1821,0.0072,0.0611
milk + water,107,4.5019,4.6,369.88,26,0.243,4.5442,0.1821,-0.0423,0.0609
all-purpose flour + dried oregano,33,4.497,4.5,388.61,8,0.2424,4.5442,0.1821,-0.0472,0.0603
baking powder + cornstarch,33,4.5,4.6,366.79,8,0.2424,4.5442,0.1821,-0.0442,0.0603
all-purpose flour + cornstarch,66,4.5106,4.6,494.17,16,0.2424,4.5442,0.1821,-0.0336,0.0603
garlic + nutmeg,33,4.5121,4.5,151.73,8,0.2424,4.5442,0.1821,-0.0321,0.0603
cream cheese + salt,33,4.5606,4.7,352.39,8,0.2424,4.5442,0.1821,0.0164,0.0603
egg + olive oil,95,4.5316,4.6,305.61,23,0.2421,4.5442,0.1821,-0.0126,0.06
all-purpose flour + lemon juice,124,4.5234,4.6,254.48,30,0.2419,4.5442,0.1821,-0.0208,0.0598
milk + white sugar,497,4.4857,4.6,481.62,120,0.2414,4.5442,0.1821,-0.0585,0.0593
baking soda + molasse,29,4.4966,4.6,429.55,7,0.2414,4.5442,0.1821,-0.0476,0.0593
chicken broth + salt and pepper,29,4.5069,4.5,530.93,7,0.2414,4.5442,0.1821,-0.0373,0.0593
mayonnaise + paprika,29,4.5138,4.6,289.93,7,0.2414,4.5442,0.1821,-0.0304,0.0593
nutmeg + pumpkin puree,25,4.48,4.5,117.68,6,0.24,4.5442,0.1821,-0.0642,0.0579
butter + semisweet chocolate chip,75,4.4973,4.6,1031.45,18,0.24,4.5442,0.1821,-0.0469,0.0579
coriander + water,25,4.5,4.5,140.36,6,0.24,4.5442,0.1821,-0.0442,0.0579
milk + worcestershire sauce,25,4.52,4.5,343.16,6,0.24,4.5442,0.1821,-0.0242,0.0579
extra virgin olive oil + garlic,25,4.528,4.6,211.64,6,0.24,4.5442,0.1821,-0.0162,0.0579
all-purpose flour + medium onion,25,4.54,4.6,484.76,6,0.24,4.5442,0.1821,-0.0042,0.0579
cumin + red pepper flake,25,4.544,4.6,234.6,6,0.24,4.5442,0.1821,-0.0002,0.0579
vegetable oil for frying + white sugar,25,4.552,4.7,295.4,6,0.24,4.5442,0.1821,0.0078,0.0579
brown sugar + raisin,25,4.556,4.7,266.36,6,0.24,4.5442,0.1821,0.0118,0.0579
unsalted butter + walnut,25,4.584,4.7,312.32,6,0.24,4.5442,0.1821,0.0398,0.0579
baking powder + brown sugar,92,4.5076,4.6,284.48,22,0.2391,4.5442,0.1821,-0.0366,0.057
milk + semisweet chocolate chip,21,4.4238,4.6,380.14,5,0.2381,4.5442,0.1821,-0.1204,0.056
cilantro + salt and pepper,21,4.481,4.6,159.52,5,0.2381,4.5442,0.1821,-0.0632,0.056
cheddar cheese + sour cream,42,4.4905,4.5,584.43,10,0.2381,4.5442,0.1821,-0.0537,0.056
ketchup + water,42,4.4952,4.5,414.19,10,0.2381,4.5442,0.1821,-0.049,0.056
black pepper + bread crumb,21,4.4952,4.6,651.0,5,0.2381,4.5442,0.1821,-0.049,0.056
baking powder + semisweet chocolate chip,42,4.5024,4.6,403.4,10,0.2381,4.5442,0.1821,-0.0418,0.056
dried basil + vegetable oil,21,4.5048,4.5,291.29,5,0.2381,4.5442,0.1821,-0.0394,0.056
cardamom + salt,21,4.519,4.6,80.48,5,0.2381,4.5442,0.1821,-0.0252,0.056
black pepper or + salt or,21,4.5429,4.6,205.29,5,0.2381,4.5442,0.1821,-0.0013,0.056
large egg + pecan,21,4.619,4.8,225.95,5,0.2381,4.5442,0.1821,0.0748,0.056
brown sugar + cornstarch,38,4.5237,4.6,307.97,9,0.2368,4.5442,0.1821,-0.0205,0.0547
onion + worcestershire sauce,127,4.5307,4.6,313.5,30,0.2362,4.5442,0.1821,-0.0135,0.0541
packed brown sugar + semisweet chocolate chip,34,4.4882,4.6,1712.38,8,0.2353,4.5442,0.1821,-0.056,0.0532
cayenne pepper + egg,34,4.5206,4.6,289.94,8,0.2353,4.5442,0.1821,-0.0236,0.0532
unsweetened cocoa powder + vegetable oil,34,4.5265,4.65,869.53,8,0.2353,4.5442,0.1821,-0.0177,0.0532
dried parsley + garlic powder,34,4.5324,4.6,464.65,8,0.2353,4.5442,0.1821,-0.0118,0.0532
egg + nutmeg,149,4.496,4.5,258.64,35,0.2349,4.5442,0.1821,-0.0482,0.0528
egg + onion,145,4.4938,4.5,534.65,34,0.2345,4.5442,0.1821,-0.0504,0.0524
salt + small onion,64,4.5172,4.55,453.06,15,0.2344,4.5442,0.1821,-0.027,0.0523
cooking spray + egg,64,4.5266,4.6,428.97,15,0.2344,4.5442,0.1821,-0.0176,0.0523
all-purpose flour + parmesan cheese,47,4.4596,4.5,423.19,11,0.234,4.5442,0.1821,-0.0846,0.0519
vanilla extract + water,124,4.4815,4.6,346.85,29,0.2339,4.5442,0.1821,-0.0627,0.0518
all-purpose flour + almond,30,4.4667,4.6,100.7,7,0.2333,4.5442,0.1821,-0.0775,0.0512
olive oil + thyme,30,4.52,4.6,154.8,7,0.2333,4.5442,0.1821,-0.0242,0.0512
allspice + egg,30,4.5567,4.6,222.53,7,0.2333,4.5442,0.1821,0.0125,0.0512
onion + salt and pepper,133,4.4744,4.5,422.99,31,0.2331,4.5442,0.1821,-0.0698,0.051
egg + vanilla extract,545,4.4927,4.6,515.36,127,0.233,4.5442,0.1821,-0.0515,0.0509
baking powder + unsalted butter,73,4.4932,4.6,274.23,17,0.2329,4.5442,0.1821,-0.051,0.0508
all-purpose flour + canola oil,43,4.4512,4.5,263.14,10,0.2326,4.5442,0.1821,-0.093,0.0505
garlic + turmeric,43,4.5349,4.6,248.37,10,0.2326,4.5442,0.1821,-0.0093,0.0505
allspice + ginger,43,4.5419,4.6,248.02,10,0.2326,4.5442,0.1821,-0.0023,0.0505
milk + vanilla extract,310,4.4761,4.6,442.29,72,0.2323,4.5442,0.1821,-0.0681,0.0502
garlic + mushroom,82,4.4805,4.5,225.87,19,0.2317,4.5442,0.1821,-0.0637,0.0496
baking powder + confectioners' sugar,82,4.5195,4.6,566.7,19,0.2317,4.5442,0.1821,-0.0247,0.0496
milk + vegetable oil,95,4.4811,4.5,615.09,22,0.2316,4.5442,0.1821,-0.0631,0.0495
egg yolk + white sugar,108,4.5037,4.6,323.41,25,0.2315,4.5442,0.1821,-0.0405,0.0494
parsley + salt and pepper,52,4.4712,4.5,261.44,12,0.2308,4.5442,0.1821,-0.073,0.0487
cinnamon + whole wheat flour,26,4.4731,4.55,166.62,6,0.2308,4.5442,0.1821,-0.0711,0.0487
mushroom + vegetable oil,26,4.4808,4.5,235.92,6,0.2308,4.5442,0.1821,-0.0634,0.0487
lemon extract + white sugar,26,4.4923,4.6,141.12,6,0.2308,4.5442,0.1821,-0.0519,0.0487
canola oil + cinnamon,26,4.4962,4.55,126.08,6,0.2308,4.5442,0.1821,-0.048,0.0487
ginger + molasse,26,4.5,4.55,453.77,6,0.2308,4.5442,0.1821,-0.0442,0.0487
cheddar cheese + garlic powder,39,4.5051,4.6,385.59,9,0.2308,4.5442,0.1821,-0.0391,0.0487
lime juice + salt,52,4.5538,4.65,146.81,12,0.2308,4.5442,0.1821,0.0096,0.0487
butter + milk,504,4.4962,4.6,485.76,116,0.2302,4.5442,0.1821,-0.048,0.0481
all-purpose flour + semisweet chocolate chip,83,4.4976,4.6,1106.4,19,0.2289,4.5442,0.1821,-0.0466,0.0468
freshly parmesan cheese + garlic,35,4.4686,4.5,303.34,8,0.2286,4.5442,0.1821,-0.0756,0.0465
black pepper + small onion,35,4.5457,4.6,524.69,8,0.2286,4.5442,0.1821,0.0015,0.0465
14 ounce can sweetened condensed milk + vanilla extract,35,4.5514,4.6,416.43,8,0.2286,4.5442,0.1821,0.0072,0.0465
flaked coconut + salt,35,4.56,4.7,309.86,8,0.2286,4.5442,0.1821,0.0158,0.0465
garlic + ginger root,57,4.5088,4.6,328.05,13,0.2281,4.5442,0.1821,-0.0354,0.046
all-purpose flour + milk,518,4.5006,4.6,561.41,118,0.2278,4.5442,0.1821,-0.0436,0.0457
garlic + uncooked white rice,22,4.4045,4.5,313.55,5,0.2273,4.5442,0.1821,-0.1397,0.0452
milk + salt and pepper,66,4.4394,4.5,486.44,15,0.2273,4.5442,0.1821,-0.1048,0.0452
unsweetened cocoa powder + water,22,4.4409,4.5,457.59,5,0.2273,4.5442,0.1821,-0.1033,0.0452
baking powder + egg white,22,4.4773,4.6,164.64,5,0.2273,4.5442,0.1821,-0.0669,0.0452
eggs lightly + white sugar,22,4.5136,4.6,268.45,5,0.2273,4.5442,0.1821,-0.0306,0.0452
garlic + milk,88,4.517,4.5,380.31,20,0.2273,4.5442,0.1821,-0.0272,0.0452
dry bread crumb + salt,22,4.5182,4.6,485.41,5,0.2273,4.5442,0.1821,-0.026,0.0452
confectioners' sugar + lemon juice,22,4.5227,4.6,322.55,5,0.2273,4.5442,0.1821,-0.0215,0.0452
honey + onion,22,4.5318,4.6,263.41,5,0.2273,4.5442,0.1821,-0.0124,0.0452
butter + thyme,22,4.5409,4.6,182.68,5,0.2273,4.5442,0.1821,-0.0033,0.0452
butter + sifted all-purpose flour,22,4.5545,4.6,334.09,5,0.2273,4.5442,0.1821,0.0103,0.0452
bread crumb + garlic,22,4.5591,4.6,505.36,5,0.2273,4.5442,0.1821,0.0149,0.0452
all-purpose flour + bay leave,22,4.5818,4.65,159.55,5,0.2273,4.5442,0.1821,0.0376,0.0452
cheddar cheese + egg,75,4.476,4.5,275.32,17,0.2267,4.5442,0.1821,-0.0682,0.0446
milk + parmesan cheese,53,4.4925,4.5,383.51,12,0.2264,4.5442,0.1821,-0.0517,0.0443
baking powder + salt,751,4.516,4.6,479.97,170,0.2264,4.5442,0.1821,-0.0282,0.0443
salt + whole milk,31,4.4806,4.6,123.87,7,0.2258,4.5442,0.1821,-0.0636,0.0437
cumin + sour cream,31,4.5258,4.6,205.06,7,0.2258,4.5442,0.1821,-0.0184,0.0437
almond + vanilla extract,31,4.5484,4.6,159.0,7,0.2258,4.5442,0.1821,0.0042,0.0437
walnut + water,31,4.5548,4.6,246.94,7,0.2258,4.5442,0.1821,0.0106,0.0437
baking powder + egg,466,4.5116,4.6,509.72,105,0.2253,4.5442,0.1821,-0.0326,0.0432
almond + white sugar,40,4.51,4.6,206.1,9,0.225,4.5442,0.1821,-0.0342,0.0429
.25 ounce package active dry yeast + salt,40,4.5325,4.6,561.35,9,0.225,4.5442,0.1821,-0.0117,0.0429
all-purpose flour + cheddar cheese,49,4.4857,4.6,382.71,11,0.2245,4.5442,0.1821,-0.0585,0.0424
coriander + salt,49,4.5184,4.5,194.9,11,0.2245,4.5442,0.1821,-0.0258,0.0424
baking soda + milk,116,4.5121,4.6,664.34,26,0.2241,4.5442,0.1821,-0.0321,0.042
cream of tartar + salt,58,4.5379,4.6,370.91,13,0.2241,4.5442,0.1821,-0.0063,0.042
boiling water + white sugar,58,4.5448,4.6,379.95,13,0.2241,4.5442,0.1821,0.0006,0.042
unsalted butter + vanilla extract,125,4.5248,4.6,428.58,28,0.224,4.5442,0.1821,-0.0194,0.0419
green onion + vegetable oil,67,4.494,4.6,280.42,15,0.2239,4.5442,0.1821,-0.0502,0.0418
confectioners' sugar + salt,143,4.5259,4.6,512.6,32,0.2238,4.5442,0.1821,-0.0183,0.0417
cheddar cheese + milk,99,4.4818,4.5,389.67,22,0.2222,4.5442,0.1821,-0.0624,0.0401
salt + semisweet chocolate chip,81,4.5025,4.6,1032.48,18,0.2222,4.5442,0.1821,-0.0417,0.0401
ginger root + salt,27,4.5148,4.6,416.78,6,0.2222,4.5442,0.1821,-0.0294,0.0401
all-purpose flour + mushroom,45,4.5244,4.6,371.73,10,0.2222,4.5442,0.1821,-0.0198,0.0401
all-purpose flour + onion powder,27,4.5259,4.6,337.48,6,0.2222,4.5442,0.1821,-0.0183,0.0401
garlic + thyme,45,4.5333,4.6,167.0,10,0.2222,4.5442,0.1821,-0.0109,0.0401
large egg + shortening,27,4.537,4.6,791.52,6,0.2222,4.5442,0.1821,-0.0072,0.0401
brown sugar + water,108,4.5454,4.6,279.44,24,0.2222,4.5442,0.1821,0.0012,0.0401
packed brown sugar + unsalted butter,36,4.55,4.6,1291.28,8,0.2222,4.5442,0.1821,0.0058,0.0401
garlic powder + mozzarella cheese,27,4.5519,4.6,202.56,6,0.2222,4.5442,0.1821,0.0077,0.0401
salt + thyme,27,4.5667,4.6,190.04,6,0.2222,4.5442,0.1821,0.0225,0.0401
plain yogurt + salt,27,4.5704,4.6,309.67,6,0.2222,4.5442,0.1821,0.0262,0.0401
honey + olive oil,45,4.5867,4.6,194.24,10,0.2222,4.5442,0.1821,0.0425,0.0401
salt + water,579,4.5228,4.6,352.89,128,0.2211,4.5442,0.1821,-0.0214,0.039
baking soda + unsweetened cocoa powder,50,4.508,4.6,703.18,11,0.22,4.5442,0.1821,-0.0362,0.0379
butter + small onion,50,4.532,4.6,386.54,11,0.22,4.5442,0.1821,-0.0122,0.0379
all-purpose flour + vegetable oil for frying,41,4.5073,4.6,292.8,9,0.2195,4.5442,0.1821,-0.0369,0.0374
paprika + vegetable oil,41,4.5098,4.6,407.44,9,0.2195,4.5442,0.1821,-0.0344,0.0374
egg + garlic,114,4.5307,4.6,419.19,25,0.2193,4.5442,0.1821,-0.0135,0.0372
brown sugar + onion,73,4.5123,4.6,443.78,16,0.2192,4.5442,0.1821,-0.0319,0.0371
garlic + water,356,4.5205,4.6,353.8,78,0.2191,4.5442,0.1821,-0.0237,0.037
milk + salt,603,4.5051,4.6,500.72,132,0.2189,4.5442,0.1821,-0.0391,0.0368
egg yolk + milk,32,4.4781,4.55,207.31,7,0.2188,4.5442,0.1821,-0.0661,0.0367
eggs lightly + salt,32,4.4875,4.6,255.53,7,0.2188,4.5442,0.1821,-0.0567,0.0367
ginger + honey,32,4.4875,4.6,223.75,7,0.2188,4.5442,0.1821,-0.0567,0.0367
semisweet chocolate chip + white sugar,96,4.4885,4.6,1007.17,21,0.2188,4.5442,0.1821,-0.0557,0.0367
lemon juice + salt and pepper,32,4.4969,4.6,370.22,7,0.2188,4.5442,0.1821,-0.0473,0.0367
garlic + mayonnaise,32,4.5312,4.6,248.16,7,0.2188,4.5442,0.1821,-0.013,0.0367
egg + semisweet chocolate chip,55,4.5291,4.6,1461.42,12,0.2182,4.5442,0.1821,-0.0151,0.0361
cumin + salt and pepper,23,4.4826,4.5,275.78,5,0.2174,4.5442,0.1821,-0.0616,0.0353
packed brown sugar + peanut butter,23,4.4957,4.5,836.87,5,0.2174,4.5442,0.1821,-0.0485,0.0353
egg + sifted all-purpose flour,23,4.5,4.6,186.65,5,0.2174,4.5442,0.1821,-0.0442,0.0353
pepper + water,23,4.5,4.6,195.39,5,0.2174,4.5442,0.1821,-0.0442,0.0353
cinnamon + margarine,46,4.5065,4.6,631.43,10,0.2174,4.5442,0.1821,-0.0377,0.0353
basil + onion,23,4.513,4.5,573.39,5,0.2174,4.5442,0.1821,-0.0312,0.0353
cream of tartar + white sugar,69,4.5246,4.6,365.67,15,0.2174,4.5442,0.1821,-0.0196,0.0353
baking powder + cooking spray,46,4.5261,4.6,588.93,10,0.2174,4.5442,0.1821,-0.0181,0.0353
14.5 ounce can tomatoe + salt,23,4.5304,4.6,364.78,5,0.2174,4.5442,0.1821,-0.0138,0.0353
14.5 ounce can tomatoe + black pepper,23,4.5348,4.6,373.13,5,0.2174,4.5442,0.1821,-0.0094,0.0353
butter + maple syrup,23,4.5391,4.6,235.43,5,0.2174,4.5442,0.1821,-0.0051,0.0353
onion + turkey,23,4.5478,4.6,447.04,5,0.2174,4.5442,0.1821,0.0036,0.0353
large egg + margarine,23,4.5522,4.6,940.52,5,0.2174,4.5442,0.1821,0.008,0.0353
cumin + parsley,23,4.5739,4.6,288.7,5,0.2174,4.5442,0.1821,0.0297,0.0353
cheddar cheese + onion,106,4.484,4.5,440.73,23,0.217,4.5442,0.1821,-0.0602,0.0349
shortening + white sugar,106,4.5085,4.6,417.58,23,0.217,4.5442,0.1821,-0.0357,0.0349
egg yolk + salt,83,4.5096,4.6,376.49,18,0.2169,4.5442,0.1821,-0.0346,0.0348
olive oil + salt and pepper,143,4.5049,4.5,325.1,31,0.2168,4.5442,0.1821,-0.0393,0.0347
lemon zest + salt,60,4.56,4.6,159.63,13,0.2167,4.5442,0.1821,0.0158,0.0346
parmesan cheese + salt and pepper,37,4.4757,4.5,539.11,8,0.2162,4.5442,0.1821,-0.0685,0.0341
baking powder + whole wheat flour,37,4.4838,4.5,154.46,8,0.2162,4.5442,0.1821,-0.0604,0.0341
lean beef + water,37,4.4892,4.5,1148.89,8,0.2162,4.5442,0.1821,-0.055,0.0341
bay leave + salt,37,4.5027,4.6,280.14,8,0.2162,4.5442,0.1821,-0.0415,0.0341
cornstarch + milk,37,4.5216,4.6,306.89,8,0.2162,4.5442,0.1821,-0.0226,0.0341
all-purpose flour + garlic powder,74,4.5257,4.6,369.69,16,0.2162,4.5442,0.1821,-0.0185,0.0341
cinnamon + pumpkin puree,37,4.5351,4.6,311.89,8,0.2162,4.5442,0.1821,-0.0091,0.0341
margarine + milk,37,4.5405,4.6,524.32,8,0.2162,4.5442,0.1821,-0.0037,0.0341
garlic + red onion,37,4.5676,4.6,142.97,8,0.2162,4.5442,0.1821,0.0234,0.0341
olive oil + tomato,51,4.502,4.5,229.37,11,0.2157,4.5442,0.1821,-0.0422,0.0336
flaked coconut + white sugar,51,4.5412,4.6,232.12,11,0.2157,4.5442,0.1821,-0.003,0.0336
all-purpose flour + baking powder,793,4.5116,4.6,505.18,171,0.2156,4.5442,0.1821,-0.0326,0.0335
baking soda + brown sugar,107,4.5374,4.6,443.69,23,0.215,4.5442,0.1821,-0.0068,0.0329
all-purpose flour + egg,838,4.5063,4.6,568.71,180,0.2148,4.5442,0.1821,-0.0379,0.0327
olive oil + water,191,4.5241,4.6,283.4,41,0.2147,4.5442,0.1821,-0.0201,0.0326
vanilla extract + whole milk,28,4.4571,4.6,192.68,6,0.2143,4.5442,0.1821,-0.0871,0.0322
cheddar cheese + worcestershire sauce,28,4.475,4.55,259.39,6,0.2143,4.5442,0.1821,-0.0692,0.0322
egg + rolled oat,42,4.4952,4.6,429.93,9,0.2143,4.5442,0.1821,-0.049,0.0322
cilantro + water,42,4.5095,4.6,284.57,9,0.2143,4.5442,0.1821,-0.0347,0.0322
medium onion + vegetable oil,28,4.5107,4.55,405.79,6,0.2143,4.5442,0.1821,-0.0335,0.0322
baking soda + peanut butter,28,4.5143,4.6,743.36,6,0.2143,4.5442,0.1821,-0.0299,0.0322
garlic + water or as needed,28,4.525,4.6,144.93,6,0.2143,4.5442,0.1821,-0.0192,0.0322
parsley + salt,168,4.5321,4.6,336.39,36,0.2143,4.5442,0.1821,-0.0121,0.0322
brown sugar + pecan,42,4.5381,4.6,324.98,9,0.2143,4.5442,0.1821,-0.0061,0.0322
all-purpose flour + flaked coconut,42,4.5452,4.6,297.29,9,0.2143,4.5442,0.1821,0.001,0.0322
black pepper + coriander,28,4.5464,4.6,119.82,6,0.2143,4.5442,0.1821,0.0022,0.0322
onion powder + water,28,4.5571,4.7,366.39,6,0.2143,4.5442,0.1821,0.0129,0.0322
packed light brown sugar + salt,28,4.5643,4.6,774.14,6,0.2143,4.5442,0.1821,0.0201,0.0322
brown sugar + egg,150,4.526,4.6,423.95,32,0.2133,4.5442,0.1821,-0.0182,0.0312
butter + cornstarch,75,4.5453,4.6,514.32,16,0.2133,4.5442,0.1821,0.0011,0.0312
parsley + water,61,4.4885,4.6,612.89,13,0.2131,4.5442,0.1821,-0.0557,0.031
all-purpose flour + cooking spray,61,4.5148,4.6,551.39,13,0.2131,4.5442,0.1821,-0.0294,0.031
butter + cheddar cheese,108,4.5204,4.6,364.96,23,0.213,4.5442,0.1821,-0.0238,0.0309
egg + mozzarella cheese,47,4.5085,4.5,860.17,10,0.2128,4.5442,0.1821,-0.0357,0.0307
pumpkin puree + white sugar,33,4.5424,4.5,265.82,7,0.2121,4.5442,0.1821,-0.0018,0.03
garlic powder + large egg,33,4.5576,4.6,166.52,7,0.2121,4.5442,0.1821,0.0134,0.03
butter + water,283,4.542,4.6,346.26,60,0.212,4.5442,0.1821,-0.0022,0.0299
peanut butter + white sugar,52,4.4788,4.55,651.48,11,0.2115,4.5442,0.1821,-0.0654,0.0294
milk + olive oil,52,4.4962,4.6,334.65,11,0.2115,4.5442,0.1821,-0.048,0.0294
vanilla extract + white sugar,940,4.522,4.6,513.22,198,0.2106,4.5442,0.1821,-0.0222,0.0285
almond extract + vanilla extract,57,4.5211,4.6,232.4,12,0.2105,4.5442,0.1821,-0.0231,0.0284
egg + lemon zest,38,4.5237,4.6,139.63,8,0.2105,4.5442,0.1821,-0.0205,0.0284
all-purpose flour + confectioners' sugar,152,4.5329,4.6,466.75,32,0.2105,4.5442,0.1821,-0.0113,0.0284
butter + mozzarella cheese,38,4.5368,4.55,314.08,8,0.2105,4.5442,0.1821,-0.0074,0.0284
garlic powder + salt and black pepper,38,4.5447,4.6,445.79,8,0.2105,4.5442,0.1821,0.0005,0.0284
black pepper + nutmeg,38,4.55,4.6,128.66,8,0.2105,4.5442,0.1821,0.0058,0.0284
white sugar + white vinegar,57,4.5561,4.6,543.33,12,0.2105,4.5442,0.1821,0.0119,0.0284
vegetable oil + worcestershire sauce,38,4.5658,4.6,563.08,8,0.2105,4.5442,0.1821,0.0216,0.0284
garlic + salt and freshly black pepper,38,4.5763,4.65,173.55,8,0.2105,4.5442,0.1821,0.0321,0.0284
lemon juice + worcestershire sauce,38,4.6105,4.6,435.58,8,0.2105,4.5442,0.1821,0.0663,0.0284
butter + confectioners' sugar,157,4.5274,4.6,499.2,33,0.2102,4.5442,0.1821,-0.0168,0.0281
margarine + white sugar,100,4.532,4.6,634.27,21,0.21,4.5442,0.1821,-0.0122,0.0279
baking powder + butter,396,4.525,4.6,544.74,83,0.2096,4.5442,0.1821,-0.0192,0.0275
baking powder + sour cream,43,4.5047,4.6,402.3,9,0.2093,4.5442,0.1821,-0.0395,0.0272
butter + honey,43,4.5651,4.6,746.07,9,0.2093,4.5442,0.1821,0.0209,0.0272
beef + vegetable oil,24,4.4167,4.5,332.0,5,0.2083,4.5442,0.1821,-0.1275,0.0262
soy sauce + water,96,4.4917,4.55,433.34,20,0.2083,4.5442,0.1821,-0.0525,0.0262
paprika + water,48,4.5083,4.55,246.42,10,0.2083,4.5442,0.1821,-0.0359,0.0262
mushroom + salt and black pepper,24,4.5208,4.5,248.42,5,0.2083,4.5442,0.1821,-0.0234,0.0262
cinnamon + honey,48,4.5292,4.6,245.56,10,0.2083,4.5442,0.1821,-0.015,0.0262
confectioners' sugar for dusting + white sugar,24,4.5292,4.6,236.12,5,0.2083,4.5442,0.1821,-0.015,0.0262
butter + swiss cheese,24,4.5375,4.6,518.21,5,0.2083,4.5442,0.1821,-0.0067,0.0262
boiling water + butter,24,4.5417,4.6,368.54,5,0.2083,4.5442,0.1821,-0.0025,0.0262
onion powder + salt and black pepper,24,4.5417,4.6,213.79,5,0.2083,4.5442,0.1821,-0.0025,0.0262
butter + sharp cheddar cheese,24,4.5458,4.6,282.42,5,0.2083,4.5442,0.1821,0.0016,0.0262
green onion + sesame seed,24,4.5458,4.7,167.17,5,0.2083,4.5442,0.1821,0.0016,0.0262
parmesan cheese + pepper,24,4.55,4.6,200.67,5,0.2083,4.5442,0.1821,0.0058,0.0262
coriander + onion,24,4.5625,4.55,247.92,5,0.2083,4.5442,0.1821,0.0183,0.0262
salt + strawberry,24,4.575,4.6,146.46,5,0.2083,4.5442,0.1821,0.0308,0.0262
beef + water,77,4.5039,4.5,280.71,16,0.2078,4.5442,0.1821,-0.0403,0.0257
salt + vanilla extract,805,4.5214,4.6,504.88,167,0.2075,4.5442,0.1821,-0.0228,0.0254
lean beef + onion,82,4.4805,4.5,960.21,17,0.2073,4.5442,0.1821,-0.0637,0.0252
egg + salt,942,4.5215,4.6,470.67,195,0.207,4.5442,0.1821,-0.0227,0.0249
sesame oil + water,29,4.4931,4.5,215.1,6,0.2069,4.5442,0.1821,-0.0511,0.0248
semisweet chocolate chip + walnut,29,4.5138,4.6,1849.07,6,0.2069,4.5442,0.1821,-0.0304,0.0248
brown sugar + paprika,29,4.5207,4.6,282.66,6,0.2069,4.5442,0.1821,-0.0235,0.0248
butter + walnut,116,4.5353,4.6,746.63,24,0.2069,4.5442,0.1821,-0.0089,0.0248
garlic + lime juice,58,4.5741,4.6,201.38,12,0.2069,4.5442,0.1821,0.0299,0.0248
eggs separated + white sugar,29,4.5931,4.7,88.97,6,0.2069,4.5442,0.1821,0.0489,0.0248
green onion + worcestershire sauce,29,4.5966,4.7,173.97,6,0.2069,4.5442,0.1821,0.0524,0.0248
black pepper + parsley,121,4.5223,4.6,503.25,25,0.2066,4.5442,0.1821,-0.0219,0.0245
butter + nutmeg,155,4.5335,4.6,223.86,32,0.2065,4.5442,0.1821,-0.0107,0.0244
cayenne pepper + green bell pepper,34,4.5647,4.6,284.0,7,0.2059,4.5442,0.1821,0.0205,0.0238
egg + white sugar,813,4.5141,4.6,569.34,167,0.2054,4.5442,0.1821,-0.0301,0.0233
brown sugar + rolled oat,39,4.5564,4.6,238.21,8,0.2051,4.5442,0.1821,0.0122,0.023
egg + water,200,4.525,4.6,400.96,41,0.205,4.5442,0.1821,-0.0192,0.0229
all-purpose flour + garlic,200,4.5465,4.6,295.68,41,0.205,4.5442,0.1821,0.0023,0.0229
black pepper + egg,166,4.5127,4.6,483.7,34,0.2048,4.5442,0.1821,-0.0315,0.0227
distilled white vinegar + water,44,4.5477,4.6,263.7,9,0.2045,4.5442,0.1821,0.0035,0.0224
cumin + water,93,4.5204,4.6,291.58,19,0.2043,4.5442,0.1821,-0.0238,0.0222
nutmeg + walnut,49,4.5102,4.6,174.78,10,0.2041,4.5442,0.1821,-0.034,0.022
all-purpose flour + brown sugar,196,4.5301,4.6,355.57,40,0.2041,4.5442,0.1821,-0.0141,0.022
baking powder + vanilla extract,446,4.5157,4.6,428.37,91,0.204,4.5442,0.1821,-0.0285,0.0219
lemon juice + salt,211,4.5393,4.6,298.73,43,0.2038,4.5442,0.1821,-0.0049,0.0217
baking soda + rolled oat,54,4.5185,4.6,512.94,11,0.2037,4.5442,0.1821,-0.0257,0.0216
all-purpose flour + lemon zest,54,4.5389,4.6,167.17,11,0.2037,4.5442,0.1821,-0.0053,0.0216
unsalted butter + white sugar,162,4.5451,4.6,459.33,33,0.2037,4.5442,0.1821,0.0009,0.0216
coriander + garlic,54,4.5833,4.6,158.63,11,0.2037,4.5442,0.1821,0.0391,0.0216
baking powder + white sugar,698,4.5261,4.6,532.13,142,0.2034,4.5442,0.1821,-0.0181,0.0213
brown sugar + vegetable oil,69,4.5667,4.6,462.65,14,0.2029,4.5442,0.1821,0.0225,0.0208
onion + paprika,74,4.5514,4.6,407.97,15,0.2027,4.5442,0.1821,0.0072,0.0206
baking powder + packed brown sugar,89,4.5,4.6,585.53,18,0.2022,4.5442,0.1821,-0.0442,0.0201
carrot + garlic,129,4.5357,4.6,215.67,26,0.2016,4.5442,0.1821,-0.0085,0.0195
salt + worcestershire sauce,134,4.5619,4.6,457.32,27,0.2015,4.5442,0.1821,0.0177,0.0194
all-purpose flour + salt,1471,4.5298,4.6,531.27,296,0.2012,4.5442,0.1821,-0.0144,0.0191
all-purpose flour + vanilla extract,741,4.5185,4.6,541.56,149,0.2011,4.5442,0.1821,-0.0257,0.019
brown sugar + vanilla extract,174,4.5414,4.6,236.2,35,0.2011,4.5442,0.1821,-0.0028,0.019
onion + soy sauce,50,4.48,4.5,404.9,10,0.2,4.5442,0.1821,-0.0642,0.0179
oil for frying + salt,20,4.48,4.6,380.65,4,0.2,4.5442,0.1821,-0.0642,0.0179
onion + stalk celery,30,4.4867,4.5,429.17,6,0.2,4.5442,0.1821,-0.0575,0.0179
butter + salt and pepper,130,4.4946,4.5,457.82,26,0.2,4.5442,0.1821,-0.0496,0.0179
sour cream + worcestershire sauce,20,4.495,4.6,313.95,4,0.2,4.5442,0.1821,-0.0492,0.0179
buttermilk + cinnamon,25,4.496,4.5,283.8,5,0.2,4.5442,0.1821,-0.0482,0.0179
baking soda + cooking spray,35,4.5,4.6,704.86,7,0.2,4.5442,0.1821,-0.0442,0.0179
egg + packed brown sugar,115,4.5009,4.6,654.93,23,0.2,4.5442,0.1821,-0.0433,0.0179
parsley + red pepper flake,20,4.505,4.6,365.15,4,0.2,4.5442,0.1821,-0.0392,0.0179
ketchup + vegetable oil,20,4.51,4.6,700.55,4,0.2,4.5442,0.1821,-0.0342,0.0179
all-purpose flour + strawberry,30,4.5133,4.5,194.63,6,0.2,4.5442,0.1821,-0.0309,0.0179
rice vinegar + sesame oil,30,4.5133,4.55,162.57,6,0.2,4.5442,0.1821,-0.0309,0.0179
butter + cream of tartar,25,4.52,4.6,685.0,5,0.2,4.5442,0.1821,-0.0242,0.0179
turmeric + vegetable oil,20,4.52,4.5,318.25,4,0.2,4.5442,0.1821,-0.0242,0.0179
onion + vegetable oil,180,4.5206,4.6,410.48,36,0.2,4.5442,0.1821,-0.0236,0.0179
cinnamon + molasse,30,4.5233,4.6,405.43,6,0.2,4.5442,0.1821,-0.0209,0.0179
onion + white pepper,20,4.525,4.5,267.95,4,0.2,4.5442,0.1821,-0.0192,0.0179
egg + vegetable oil for frying,30,4.5267,4.55,292.93,6,0.2,4.5442,0.1821,-0.0175,0.0179
rice vinegar + soy sauce,30,4.53,4.6,233.3,6,0.2,4.5442,0.1821,-0.0142,0.0179
allspice + brown sugar,20,4.53,4.6,317.85,4,0.2,4.5442,0.1821,-0.0142,0.0179
onion + stalks celery,65,4.5308,4.6,350.92,13,0.2,4.5442,0.1821,-0.0134,0.0179
cilantro + vegetable oil,35,4.5314,4.6,443.03,7,0.2,4.5442,0.1821,-0.0128,0.0179
dried basil + water,40,4.535,4.6,443.12,8,0.2,4.5442,0.1821,-0.0092,0.0179
egg + flaked coconut,30,4.54,4.6,179.53,6,0.2,4.5442,0.1821,-0.0042,0.0179
garlic + turkey,30,4.54,4.55,276.7,6,0.2,4.5442,0.1821,-0.0042,0.0179
garlic + zucchini,20,4.54,4.6,190.2,4,0.2,4.5442,0.1821,-0.0042,0.0179
brown sugar + large egg,40,4.5425,4.6,446.75,8,0.2,4.5442,0.1821,-0.0017,0.0179
dried parsley + olive oil,35,4.5486,4.6,480.66,7,0.2,4.5442,0.1821,0.0044,0.0179
red pepper flake + water,35,4.5486,4.6,308.6,7,0.2,4.5442,0.1821,0.0044,0.0179
garlic + white vinegar,20,4.55,4.65,180.05,4,0.2,4.5442,0.1821,0.0058,0.0179
black pepper + white vinegar,30,4.5533,4.6,306.03,6,0.2,4.5442,0.1821,0.0091,0.0179
8 ounce can tomato sauce + garlic,35,4.5543,4.6,308.0,7,0.2,4.5442,0.1821,0.0101,0.0179
apple cider vinegar + black pepper,20,4.555,4.6,125.95,4,0.2,4.5442,0.1821,0.0108,0.0179
garlic powder + parmesan cheese,70,4.56,4.6,307.47,14,0.2,4.5442,0.1821,0.0158,0.0179
all-purpose flour + ice water,20,4.56,4.6,233.7,4,0.2,4.5442,0.1821,0.0158,0.0179
celery + green onion,25,4.564,4.6,194.64,5,0.2,4.5442,0.1821,0.0198,0.0179
bacon + salt and black pepper,25,4.568,4.6,200.72,5,0.2,4.5442,0.1821,0.0238,0.0179
salt or + water,30,4.57,4.65,968.73,6,0.2,4.5442,0.1821,0.0258,0.0179
dijon mustard + garlic powder,20,4.57,4.6,124.25,4,0.2,4.5442,0.1821,0.0258,0.0179
black pepper + cilantro,55,4.5782,4.7,226.07,11,0.2,4.5442,0.1821,0.034,0.0179
all-purpose flour + salt and black pepper,90,4.5889,4.7,255.83,18,0.2,4.5442,0.1821,0.0447,0.0179
cumin + lime juice,30,4.6133,4.7,177.03,6,0.2,4.5442,0.1821,0.0691,0.0179
all-purpose flour + onion,186,4.5382,4.6,453.34,37,0.1989,4.5442,0.1821,-0.006,0.0168
butter + egg,614,4.5194,4.6,573.36,122,0.1987,4.5442,0.1821,-0.0248,0.0166
all-purpose flour + buttermilk,101,4.5248,4.6,405.18,20,0.198,4.5442,0.1821,-0.0194,0.0159
garlic + salt and pepper,167,4.5054,4.5,369.73,33,0.1976,4.5442,0.1821,-0.0388,0.0155
butter + vanilla extract,582,4.5278,4.6,544.41,115,0.1976,4.5442,0.1821,-0.0164,0.0155
confectioners' sugar + white sugar,157,4.5471,4.6,505.86,31,0.1975,4.5442,0.1821,0.0029,0.0154
packed brown sugar + vanilla extract,152,4.5125,4.6,663.01,30,0.1974,4.5442,0.1821,-0.0317,0.0153
cinnamon + confectioners' sugar,71,4.5451,4.6,463.79,14,0.1972,4.5442,0.1821,0.0009,0.0151
coriander + cumin,71,4.5592,4.6,177.13,14,0.1972,4.5442,0.1821,0.015,0.0151
water + worcestershire sauce,71,4.5718,4.6,466.46,14,0.1972,4.5442,0.1821,0.0276,0.0151
canola oil + salt,66,4.5015,4.6,199.89,13,0.197,4.5442,0.1821,-0.0427,0.0149
brown sugar + nutmeg,66,4.5136,4.6,181.32,13,0.197,4.5442,0.1821,-0.0306,0.0149
black pepper + dried parsley,66,4.5227,4.6,486.21,13,0.197,4.5442,0.1821,-0.0215,0.0149
mushroom + olive oil,61,4.5082,4.5,239.57,12,0.1967,4.5442,0.1821,-0.036,0.0146
all-purpose flour + paprika,61,4.5197,4.6,591.1,12,0.1967,4.5442,0.1821,-0.0245,0.0146
bay leaf + salt,51,4.5373,4.6,415.75,10,0.1961,4.5442,0.1821,-0.0069,0.014
egg + salt and black pepper,51,4.5431,4.6,119.47,10,0.1961,4.5442,0.1821,-0.0011,0.014
brown sugar + olive oil,46,4.4913,4.5,326.76,9,0.1957,4.5442,0.1821,-0.0529,0.0136
salt + turmeric,46,4.5239,4.6,174.59,9,0.1957,4.5442,0.1821,-0.0203,0.0136
cinnamon + shortening,46,4.5261,4.6,399.83,9,0.1957,4.5442,0.1821,-0.0181,0.0136
stalks celery + water,46,4.5609,4.6,317.91,9,0.1957,4.5442,0.1821,0.0167,0.0136
flaked coconut + vanilla extract,46,4.5783,4.65,268.48,9,0.1957,4.5442,0.1821,0.0341,0.0136
cornmeal + salt,41,4.4951,4.5,457.93,8,0.1951,4.5442,0.1821,-0.0491,0.013
butter + shortening,41,4.5415,4.6,455.85,8,0.1951,4.5442,0.1821,-0.0027,0.013
all-purpose flour + large onion,41,4.5732,4.7,202.1,8,0.1951,4.5442,0.1821,0.029,0.013
evaporated milk + vanilla extract,36,4.5056,4.55,279.69,7,0.1944,4.5442,0.1821,-0.0386,0.0123
bay leave + water,36,4.5306,4.6,278.19,7,0.1944,4.5442,0.1821,-0.0136,0.0123
all-purpose flour + cumin,36,4.5417,4.6,195.89,7,0.1944,4.5442,0.1821,-0.0025,0.0123
black pepper + honey,36,4.55,4.6,295.94,7,0.1944,4.5442,0.1821,0.0058,0.0123
garlic + tomato,67,4.491,4.5,314.13,13,0.194,4.5442,0.1821,-0.0532,0.0119
buttermilk + salt,98,4.5378,4.6,434.33,19,0.1939,4.5442,0.1821,-0.0064,0.0118
cinnamon + water,165,4.5521,4.6,417.92,32,0.1939,4.5442,0.1821,0.0079,0.0118
nutmeg + salt,253,4.5399,4.6,262.13,49,0.1937,4.5442,0.1821,-0.0043,0.0116
green onion + lemon juice,31,4.4935,4.5,285.61,6,0.1935,4.5442,0.1821,-0.0507,0.0114
all-purpose flour + olive oil,124,4.5177,4.6,289.9,24,0.1935,4.5442,0.1821,-0.0265,0.0114
almond + butter,31,4.5258,4.6,146.23,6,0.1935,4.5442,0.1821,-0.0184,0.0114
lemon juice + paprika,31,4.5613,4.6,505.77,6,0.1935,4.5442,0.1821,0.0171,0.0114
salt + whole wheat flour,88,4.517,4.55,191.3,17,0.1932,4.5442,0.1821,-0.0272,0.0111
brown sugar + salt,290,4.5493,4.6,371.49,56,0.1931,4.5442,0.1821,0.0051,0.011
cheddar cheese + salt,109,4.5119,4.6,372.16,21,0.1927,4.5442,0.1821,-0.0323,0.0106
lean beef + worcestershire sauce,26,4.4692,4.5,286.42,5,0.1923,4.5442,0.1821,-0.075,0.0102
all-purpose flour + beef,26,4.4923,4.5,559.31,5,0.1923,4.5442,0.1821,-0.0519,0.0102
packed brown sugar + shortening,26,4.4962,4.6,369.73,5,0.1923,4.5442,0.1821,-0.048,0.0102
freshly parmesan cheese + olive oil,26,4.5,4.5,295.12,5,0.1923,4.5442,0.1821,-0.0442,0.0102
green bell pepper + water,52,4.5058,4.6,376.58,10,0.1923,4.5442,0.1821,-0.0384,0.0102
butter + white pepper,26,4.5077,4.6,280.96,5,0.1923,4.5442,0.1821,-0.0365,0.0102
butter + half-and-half cream,26,4.5154,4.6,537.77,5,0.1923,4.5442,0.1821,-0.0288,0.0102
almond extract + white sugar,78,4.5372,4.6,212.82,15,0.1923,4.5442,0.1821,-0.007,0.0102
bacon + milk,26,4.5538,4.6,378.5,5,0.1923,4.5442,0.1821,0.0096,0.0102
all-purpose flour + small onion,26,4.5615,4.6,228.96,5,0.1923,4.5442,0.1821,0.0173,0.0102
maple syrup + salt,26,4.5615,4.6,152.04,5,0.1923,4.5442,0.1821,0.0173,0.0102
8 ounce can tomato sauce + black pepper,26,4.5808,4.7,312.54,5,0.1923,4.5442,0.1821,0.0366,0.0102
butter + white sugar,918,4.5394,4.6,535.9,176,0.1917,4.5442,0.1821,-0.0048,0.0096
honey + white sugar,47,4.5234,4.6,572.91,9,0.1915,4.5442,0.1821,-0.0208,0.0094
brown sugar + butter,220,4.5532,4.6,270.85,42,0.1909,4.5442,0.1821,0.009,0.0088
light corn syrup + pecan,21,4.4714,4.6,183.62,4,0.1905,4.5442,0.1821,-0.0728,0.0084
large onion + white sugar,21,4.4905,4.6,391.33,4,0.1905,4.5442,0.1821,-0.0537,0.0084
baking soda + whole wheat flour,42,4.4952,4.5,143.64,8,0.1905,4.5442,0.1821,-0.049,0.0084
butter + cilantro,21,4.4952,4.5,430.24,4,0.1905,4.5442,0.1821,-0.049,0.0084
confectioners' sugar for dusting + salt,21,4.5095,4.5,260.33,4,0.1905,4.5442,0.1821,-0.0347,0.0084
milk + sour cream,42,4.5143,4.6,675.52,8,0.1905,4.5442,0.1821,-0.0299,0.0084
6 ounce can tomato paste + salt,21,4.5143,4.6,693.52,4,0.1905,4.5442,0.1821,-0.0299,0.0084
beef + parsley,21,4.5143,4.6,377.48,4,0.1905,4.5442,0.1821,-0.0299,0.0084
cheddar cheese + monterey jack cheese,21,4.5143,4.6,388.71,4,0.1905,4.5442,0.1821,-0.0299,0.0084
quinoa + water,21,4.5238,4.6,404.57,4,0.1905,4.5442,0.1821,-0.0204,0.0084
clove + packed brown sugar,21,4.5286,4.7,218.33,4,0.1905,4.5442,0.1821,-0.0156,0.0084
prepared mustard + salt,21,4.5333,4.5,584.0,4,0.1905,4.5442,0.1821,-0.0109,0.0084
coriander + turmeric,21,4.5381,4.6,230.24,4,0.1905,4.5442,0.1821,-0.0061,0.0084
chili powder + large onion,21,4.5524,4.6,265.19,4,0.1905,4.5442,0.1821,0.0082,0.0084
prepared yellow mustard + salt,21,4.5571,4.6,453.95,4,0.1905,4.5442,0.1821,0.0129,0.0084
green onion + monterey jack cheese,21,4.5619,4.6,504.05,4,0.1905,4.5442,0.1821,0.0177,0.0084
baking soda + boiling water,21,4.5667,4.7,571.52,4,0.1905,4.5442,0.1821,0.0225,0.0084
salt and black pepper + vegetable oil,42,4.569,4.6,320.93,8,0.1905,4.5442,0.1821,0.0248,0.0084
eggs separated + salt,21,4.5952,4.7,115.86,4,0.1905,4.5442,0.1821,0.051,0.0084
distilled white vinegar + salt,58,4.55,4.6,304.72,11,0.1897,4.5442,0.1821,0.0058,0.0076
all-purpose flour + honey,37,4.4622,4.6,533.95,7,0.1892,4.5442,0.1821,-0.082,0.0071
light corn syrup + vanilla extract,37,4.4892,4.6,297.7,7,0.1892,4.5442,0.1821,-0.055,0.0071
14.5 ounce can tomatoe + garlic,37,4.5081,4.5,286.14,7,0.1892,4.5442,0.1821,-0.0361,0.0071
nutmeg + packed brown sugar,37,4.5162,4.7,243.68,7,0.1892,4.5442,0.1821,-0.028,0.0071
dried basil + garlic powder,37,4.5378,4.6,654.46,7,0.1892,4.5442,0.1821,-0.0064,0.0071
salt + sifted all-purpose flour,37,4.5378,4.6,363.27,7,0.1892,4.5442,0.1821,-0.0064,0.0071
carrot + onion,148,4.5446,4.6,400.55,28,0.1892,4.5442,0.1821,0.0004,0.0071
nutmeg + water,53,4.534,4.6,362.66,10,0.1887,4.5442,0.1821,-0.0102,0.0066
cayenne pepper + vegetable oil,53,4.5943,4.6,507.28,10,0.1887,4.5442,0.1821,0.0501,0.0066
baking powder + cinnamon,276,4.5362,4.6,499.63,52,0.1884,4.5442,0.1821,-0.008,0.0063
cooking spray + garlic powder,32,4.5281,4.6,166.31,6,0.1875,4.5442,0.1821,-0.0161,0.0054
butter + parmesan cheese,160,4.5306,4.6,325.16,30,0.1875,4.5442,0.1821,-0.0136,0.0054
medium onion + water,32,4.5469,4.6,197.16,6,0.1875,4.5442,0.1821,0.0027,0.0054
salt + vegetable broth,32,4.5469,4.55,161.25,6,0.1875,4.5442,0.1821,0.0027,0.0054
carrot + milk,32,4.55,4.65,676.31,6,0.1875,4.5442,0.1821,0.0058,0.0054
lemon juice + white sugar,208,4.5587,4.6,215.32,39,0.1875,4.5442,0.1821,0.0145,0.0054
8 ounce package cream cheese + salt,48,4.5938,4.7,278.9,9,0.1875,4.5442,0.1821,0.0496,0.0054
cayenne pepper + coriander,32,4.6156,4.7,226.84,6,0.1875,4.5442,0.1821,0.0714,0.0054
nutmeg + vanilla extract,139,4.5424,4.6,180.09,26,0.1871,4.5442,0.1821,-0.0018,0.005
baking powder + buttermilk,75,4.5213,4.6,334.15,14,0.1867,4.5442,0.1821,-0.0229,0.0046
black pepper + milk,150,4.5307,4.6,559.25,28,0.1867,4.5442,0.1821,-0.0135,0.0046
all-purpose flour + parsley,75,4.5347,4.6,257.68,14,0.1867,4.5442,0.1821,-0.0095,0.0046
parmesan cheese + water,43,4.493,4.5,722.7,8,0.186,4.5442,0.1821,-0.0512,0.0039
cheddar cheese + green onion,43,4.5558,4.6,500.07,8,0.186,4.5442,0.1821,0.0116,0.0039
onion + red pepper flake,43,4.5581,4.6,357.49,8,0.186,4.5442,0.1821,0.0139,0.0039
brown sugar + worcestershire sauce,70,4.5529,4.6,366.06,13,0.1857,4.5442,0.1821,0.0087,0.0036
butter + pecan,97,4.5392,4.6,276.34,18,0.1856,4.5442,0.1821,-0.005,0.0035
carrot + green bell pepper,27,4.4963,4.5,224.74,5,0.1852,4.5442,0.1821,-0.0479,0.0031
salt + sesame seed,27,4.5111,4.5,93.96,5,0.1852,4.5442,0.1821,-0.0331,0.0031
honey + whole wheat flour,27,4.5296,4.6,258.48,5,0.1852,4.5442,0.1821,-0.0146,0.0031
all-purpose flour + white sugar,1285,4.5357,4.6,564.42,238,0.1852,4.5442,0.1821,-0.0085,0.0031
large egg + parsley,27,4.5444,4.5,291.93,5,0.1852,4.5442,0.1821,0.0002,0.0031
brown sugar + clove,27,4.5519,4.6,106.15,5,0.1852,4.5442,0.1821,0.0077,0.0031
all-purpose flour + cream cheese,27,4.5778,4.6,473.04,5,0.1852,4.5442,0.1821,0.0336,0.0031
nutmeg + raisin,38,4.5053,4.6,107.13,7,0.1842,4.5442,0.1821,-0.0389,0.0021
white sugar + whole milk,38,4.5342,4.6,177.16,7,0.1842,4.5442,0.1821,-0.01,0.0021
beef + cumin,38,4.5474,4.6,204.55,7,0.1842,4.5442,0.1821,0.0032,0.0021
cayenne pepper + salt and black pepper,38,4.5632,4.6,353.05,7,0.1842,4.5442,0.1821,0.019,0.0021
salt + vinegar,38,4.5711,4.6,390.18,7,0.1842,4.5442,0.1821,0.0269,0.0021
garlic powder + water,87,4.546,4.6,377.39,16,0.1839,4.5442,0.1821,0.0018,0.0018
light corn syrup + white sugar,49,4.4918,4.6,193.22,9,0.1837,4.5442,0.1821,-0.0524,0.0016
honey + salt,109,4.5505,4.6,394.91,20,0.1835,4.5442,0.1821,0.0063,0.0014
beef + salt,120,4.52,4.6,386.81,22,0.1833,4.5442,0.1821,-0.0242,0.0012
vegetable oil + water,191,4.5209,4.6,452.79,35,0.1832,4.5442,0.1821,-0.0233,0.0011
all-purpose flour + packed brown sugar,191,4.5241,4.6,843.22,35,0.1832,4.5442,0.1821,-0.0201,0.0011
cinnamon + egg,333,4.5312,4.6,367.52,61,0.1832,4.5442,0.1821,-0.013,0.0011
baking soda + buttermilk,93,4.5387,4.6,447.68,17,0.1828,4.5442,0.1821,-0.0055,0.0007
onion + white sugar,93,4.5538,4.6,612.95,17,0.1828,4.5442,0.1821,0.0096,0.0007
dried basil + salt and pepper,33,4.4606,4.5,446.09,6,0.1818,4.5442,0.1821,-0.0836,-0.0003
butter + freshly parmesan cheese,22,4.4773,4.5,484.36,4,0.1818,4.5442,0.1821,-0.0669,-0.0003
black pepper + stalk celery,22,4.4864,4.55,631.41,4,0.1818,4.5442,0.1821,-0.0578,-0.0003
onion + sharp cheddar cheese,22,4.5136,4.55,217.45,4,0.1818,4.5442,0.1821,-0.0306,-0.0003
carrot + water,88,4.517,4.6,337.78,16,0.1818,4.5442,0.1821,-0.0272,-0.0003
cheddar cheese + garlic,55,4.5255,4.6,315.73,10,0.1818,4.5442,0.1821,-0.0187,-0.0003
mushroom + salt and pepper,33,4.5273,4.5,265.88,6,0.1818,4.5442,0.1821,-0.0169,-0.0003
salt + skinless boneless chicken breast halve,22,4.5273,4.6,815.95,4,0.1818,4.5442,0.1821,-0.0169,-0.0003
black pepper + water,264,4.5318,4.6,430.41,48,0.1818,4.5442,0.1821,-0.0124,-0.0003
mozzarella cheese + ricotta cheese,22,4.5318,4.5,1334.27,4,0.1818,4.5442,0.1821,-0.0124,-0.0003
carrot + salt and pepper,33,4.5333,4.6,489.36,6,0.1818,4.5442,0.1821,-0.0109,-0.0003
dijon mustard + onion,22,4.5364,4.6,170.18,4,0.1818,4.5442,0.1821,-0.0078,-0.0003
all-purpose flour + green bell pepper,33,4.5424,4.6,92.27,6,0.1818,4.5442,0.1821,-0.0018,-0.0003
almond extract + salt,66,4.5439,4.6,186.5,12,0.1818,4.5442,0.1821,-0.0003,-0.0003
ketchup + soy sauce,33,4.5485,4.6,512.94,6,0.1818,4.5442,0.1821,0.0043,-0.0003
green bell pepper + parmesan cheese,22,4.55,4.6,519.09,4,0.1818,4.5442,0.1821,0.0058,-0.0003
baking powder + lemon zest,33,4.5606,4.6,127.36,6,0.1818,4.5442,0.1821,0.0164,-0.0003
milk + salt and black pepper,44,4.5614,4.6,132.32,8,0.1818,4.5442,0.1821,0.0172,-0.0003
cubes chicken bouillon + water,22,4.5864,4.65,452.23,4,0.1818,4.5442,0.1821,0.0422,-0.0003
red pepper flake + salt and black pepper,22,4.5864,4.6,125.55,4,0.1818,4.5442,0.1821,0.0422,-0.0003
all-purpose flour + nutmeg,221,4.5448,4.6,269.08,40,0.181,4.5442,0.1821,0.0006,-0.0011
salt + white sugar,1442,4.5472,4.6,507.81,261,0.181,4.5442,0.1821,0.003,-0.0011
butter + salt,1045,4.5497,4.6,509.2,189,0.1809,4.5442,0.1821,0.0055,-0.0012
cilantro + garlic,144,4.5674,4.6,348.78,26,0.1806,4.5442,0.1821,0.0232,-0.0015
cinnamon + rolled oat,61,4.5164,4.6,397.59,11,0.1803,4.5442,0.1821,-0.0278,-0.0018
all-purpose flour + unsalted butter,172,4.5471,4.6,410.94,31,0.1802,4.5442,0.1821,0.0029,-0.0019
baking soda + water,89,4.5528,4.6,648.89,16,0.1798,4.5442,0.1821,0.0086,-0.0023
bay leave + onion,39,4.5026,4.5,162.03,7,0.1795,4.5442,0.1821,-0.0416,-0.0026
butter + parsley,117,4.5265,4.6,289.25,21,0.1795,4.5442,0.1821,-0.0177,-0.0026
lemon zest + white sugar,67,4.5552,4.6,162.76,12,0.1791,4.5442,0.1821,0.011,-0.003
baking soda + unsalted butter,67,4.5701,4.7,505.21,12,0.1791,4.5442,0.1821,0.0259,-0.003
egg + mushroom,28,4.5107,4.5,297.96,5,0.1786,4.5442,0.1821,-0.0335,-0.0035
cooking spray + salt and black pepper,28,4.525,4.6,129.64,5,0.1786,4.5442,0.1821,-0.0192,-0.0035
canola oil + egg,28,4.5286,4.6,205.21,5,0.1786,4.5442,0.1821,-0.0156,-0.0035
parsley + vegetable oil,28,4.5321,4.55,157.79,5,0.1786,4.5442,0.1821,-0.0121,-0.0035
butter + buttermilk,56,4.55,4.6,460.43,10,0.1786,4.5442,0.1821,0.0058,-0.0035
celery + parsley,28,4.5607,4.6,159.18,5,0.1786,4.5442,0.1821,0.0165,-0.0035
parsley + worcestershire sauce,28,4.6,4.6,209.61,5,0.1786,4.5442,0.1821,0.0558,-0.0035
freshly black pepper + vegetable oil,28,4.6536,4.7,117.18,5,0.1786,4.5442,0.1821,0.1094,-0.0035
olive oil + worcestershire sauce,45,4.5667,4.6,394.04,8,0.1778,4.5442,0.1821,0.0225,-0.0043
baking powder + nutmeg,107,4.5327,4.6,252.13,19,0.1776,4.5442,0.1821,-0.0115,-0.0045
garlic + sour cream,62,4.5435,4.6,334.13,11,0.1774,4.5442,0.1821,-0.0007,-0.0047
large egg + nutmeg,62,4.5629,4.7,323.13,11,0.1774,4.5442,0.1821,0.0187,-0.0047
cornstarch + garlic,79,4.5165,4.6,349.33,14,0.1772,4.5442,0.1821,-0.0277,-0.0049
rolled oat + salt,79,4.5443,4.6,395.61,14,0.1772,4.5442,0.1821,0.0001,-0.0049
garlic + onion,531,4.5388,4.6,385.47,94,0.177,4.5442,0.1821,-0.0054,-0.0051
beef + onion,130,4.5062,4.5,404.4,23,0.1769,4.5442,0.1821,-0.038,-0.0052
milk + unsalted butter,51,4.5098,4.6,325.47,9,0.1765,4.5442,0.1821,-0.0344,-0.0056
sour cream + water,34,4.5206,4.5,336.94,6,0.1765,4.5442,0.1821,-0.0236,-0.0056
lime juice + olive oil,34,4.5912,4.6,179.47,6,0.1765,4.5442,0.1821,0.047,-0.0056
large onion + salt,74,4.5459,4.6,234.45,13,0.1757,4.5442,0.1821,0.0017,-0.0064
cayenne pepper + water,74,4.573,4.6,344.35,13,0.1757,4.5442,0.1821,0.0288,-0.0064
chili powder + water,57,4.5298,4.6,391.02,10,0.1754,4.5442,0.1821,-0.0144,-0.0067
raisin + vanilla extract,57,4.5298,4.6,441.61,10,0.1754,4.5442,0.1821,-0.0144,-0.0067
onion + parmesan cheese,97,4.5546,4.6,764.12,17,0.1753,4.5442,0.1821,0.0104,-0.0068
all-purpose flour + warm water 110 degrees f/45 degrees c,40,4.5075,4.5,456.98,7,0.175,4.5442,0.1821,-0.0367,-0.0071
salt + warm water 110 degrees f/45 degrees c,63,4.5429,4.6,673.7,11,0.1746,4.5442,0.1821,-0.0013,-0.0075
lemon juice + lemon zest,63,4.5619,4.6,173.84,11,0.1746,4.5442,0.1821,0.0177,-0.0075
buttermilk + white sugar,86,4.5477,4.6,430.33,15,0.1744,4.5442,0.1821,0.0035,-0.0077
garlic powder + onion powder,172,4.5674,4.6,278.37,30,0.1744,4.5442,0.1821,0.0232,-0.0077
all-purpose flour + butter,994,4.5452,4.6,572.56,173,0.174,4.5442,0.1821,0.001,-0.0081
black pepper + skinless boneless chicken breast halve,23,4.4696,4.5,911.43,4,0.1739,4.5442,0.1821,-0.0746,-0.0082
garlic + hot pepper sauce,23,4.5043,4.6,419.22,4,0.1739,4.5442,0.1821,-0.0399,-0.0082
chili powder + white sugar,23,4.5174,4.6,325.04,4,0.1739,4.5442,0.1821,-0.0268,-0.0082
medium onion + salt and pepper,23,4.5174,4.5,394.57,4,0.1739,4.5442,0.1821,-0.0268,-0.0082
garlic + parsley,207,4.5309,4.6,422.51,36,0.1739,4.5442,0.1821,-0.0133,-0.0082
black pepper + dry bread crumb,23,4.5348,4.6,524.17,4,0.1739,4.5442,0.1821,-0.0094,-0.0082
clove + walnut,23,4.5435,4.6,117.87,4,0.1739,4.5442,0.1821,-0.0007,-0.0082
butter or margarine + salt,23,4.5609,4.7,388.91,4,0.1739,4.5442,0.1821,0.0167,-0.0082
buttermilk + vanilla extract,46,4.5652,4.6,369.87,8,0.1739,4.5442,0.1821,0.021,-0.0082
parmesan cheese + white sugar,23,4.6,4.6,1306.35,4,0.1739,4.5442,0.1821,0.0558,-0.0082
salt + sugar,69,4.6043,4.7,264.19,12,0.1739,4.5442,0.1821,0.0601,-0.0082
brown sugar + ketchup,75,4.5667,4.6,443.43,13,0.1733,4.5442,0.1821,0.0225,-0.0088
milk + onion,127,4.5496,4.6,617.65,22,0.1732,4.5442,0.1821,0.0054,-0.0089
onion + tomato paste,52,4.525,4.5,211.71,9,0.1731,4.5442,0.1821,-0.0192,-0.009
olive oil + onion,283,4.5435,4.6,285.26,49,0.1731,4.5442,0.1821,-0.0007,-0.009
olive oil + parsley,133,4.5271,4.5,272.52,23,0.1729,4.5442,0.1821,-0.0171,-0.0092
dried oregano + egg,29,4.5069,4.6,359.38,5,0.1724,4.5442,0.1821,-0.0373,-0.0097
bacon + egg,29,4.5103,4.5,115.07,5,0.1724,4.5442,0.1821,-0.0339,-0.0097
black pepper + ketchup,58,4.5224,4.6,541.31,10,0.1724,4.5442,0.1821,-0.0218,-0.0097
sesame seed + white sugar,29,4.5379,4.6,321.55,5,0.1724,4.5442,0.1821,-0.0063,-0.0097
cold water + salt,58,4.5431,4.6,287.79,10,0.1724,4.5442,0.1821,-0.0011,-0.0097
cumin + green onion,29,4.5483,4.7,303.69,5,0.1724,4.5442,0.1821,0.0041,-0.0097
mozzarella cheese + olive oil,58,4.5517,4.5,205.81,10,0.1724,4.5442,0.1821,0.0075,-0.0097
baking powder + rolled oat,29,4.5517,4.6,320.41,5,0.1724,4.5442,0.1821,0.0075,-0.0097
butter + cooking spray,58,4.5603,4.6,458.14,10,0.1724,4.5442,0.1821,0.0161,-0.0097
onion + white wine,29,4.5724,4.6,335.48,5,0.1724,4.5442,0.1821,0.0282,-0.0097
stalks celery + vegetable oil,29,4.6,4.7,175.34,5,0.1724,4.5442,0.1821,0.0558,-0.0097
cooking spray + salt,122,4.5443,4.6,427.97,21,0.1721,4.5442,0.1821,0.0001,-0.01
onion + sour cream,64,4.5078,4.55,518.05,11,0.1719,4.5442,0.1821,-0.0364,-0.0102
all-purpose flour + clove,99,4.5677,4.6,464.09,17,0.1717,4.5442,0.1821,0.0235,-0.0104
brown sugar + white sugar,204,4.5495,4.6,226.06,35,0.1716,4.5442,0.1821,0.0053,-0.0105
all-purpose flour + vegetable oil,338,4.5497,4.6,594.95,58,0.1716,4.5442,0.1821,0.0055,-0.0105
ginger root + soy sauce,35,4.4914,4.6,364.51,6,0.1714,4.5442,0.1821,-0.0528,-0.0107
peanut butter + salt,35,4.52,4.6,768.4,6,0.1714,4.5442,0.1821,-0.0242,-0.0107
6 ounce can tomato paste + garlic,35,4.5314,4.6,723.06,6,0.1714,4.5442,0.1821,-0.0128,-0.0107
brown sugar + cooking spray,35,4.5714,4.6,188.29,6,0.1714,4.5442,0.1821,0.0272,-0.0107
cider vinegar + salt,35,4.5743,4.6,185.83,6,0.1714,4.5442,0.1821,0.0301,-0.0107
cornstarch + salt,111,4.545,4.6,330.16,19,0.1712,4.5442,0.1821,0.0008,-0.0109
all-purpose flour + cold water,41,4.561,4.6,215.66,7,0.1707,4.5442,0.1821,0.0168,-0.0114
clove + salt,129,4.5729,4.6,410.23,22,0.1705,4.5442,0.1821,0.0287,-0.0116
garlic + salt,675,4.5643,4.6,325.64,115,0.1704,4.5442,0.1821,0.0201,-0.0117
all-purpose flour + walnut,194,4.5387,4.6,674.56,33,0.1701,4.5442,0.1821,-0.0055,-0.012
garlic + vegetable oil,224,4.5384,4.6,375.55,38,0.1696,4.5442,0.1821,-0.0058,-0.0125
beef + egg,59,4.4983,4.5,622.95,10,0.1695,4.5442,0.1821,-0.0459,-0.0126
baking soda + shortening,65,4.5215,4.6,400.28,11,0.1692,4.5442,0.1821,-0.0227,-0.0129
baking powder + large egg,207,4.5348,4.6,494.4,35,0.1691,4.5442,0.1821,-0.0094,-0.013
baking soda + confectioners' sugar,71,4.5577,4.6,480.13,12,0.169,4.5442,0.1821,0.0135,-0.0131
garlic + small onion,77,4.5377,4.6,277.81,13,0.1688,4.5442,0.1821,-0.0065,-0.0133
soy sauce + vegetable oil,89,4.5101,4.6,471.03,15,0.1685,4.5442,0.1821,-0.0341,-0.0136
chili powder + onion,89,4.5146,4.6,367.0,15,0.1685,4.5442,0.1821,-0.0296,-0.0136
cinnamon + nutmeg,291,4.5436,4.6,255.47,49,0.1684,4.5442,0.1821,-0.0006,-0.0137
cinnamon + salt,576,4.5634,4.6,467.68,97,0.1684,4.5442,0.1821,0.0192,-0.0137
baking powder + walnut,107,4.5542,4.6,409.45,18,0.1682,4.5442,0.1821,0.01,-0.0139
onion + salt,524,4.5527,4.6,399.19,88,0.1679,4.5442,0.1821,0.0085,-0.0142
black pepper + parmesan cheese,155,4.5516,4.6,538.99,26,0.1677,4.5442,0.1821,0.0074,-0.0144
vanilla extract + walnut,161,4.5584,4.6,757.43,27,0.1677,4.5442,0.1821,0.0142,-0.0144
baking soda + egg,394,4.5462,4.6,683.27,66,0.1675,4.5442,0.1821,0.002,-0.0146
vanilla extract + whole wheat flour,24,4.4625,4.6,120.29,4,0.1667,4.5442,0.1821,-0.0817,-0.0154
14.5 ounce can tomatoe + onion,36,4.475,4.5,349.56,6,0.1667,4.5442,0.1821,-0.0692,-0.0154
garlic salt + salt,24,4.4875,4.5,335.12,4,0.1667,4.5442,0.1821,-0.0567,-0.0154
sesame oil + sesame seed,24,4.4875,4.5,147.58,4,0.1667,4.5442,0.1821,-0.0567,-0.0154
beef + garlic powder,48,4.4917,4.5,323.79,8,0.1667,4.5442,0.1821,-0.0525,-0.0154
honey + water,48,4.4917,4.5,283.42,8,0.1667,4.5442,0.1821,-0.0525,-0.0154
green bell pepper + salt and pepper,24,4.4917,4.5,304.92,4,0.1667,4.5442,0.1821,-0.0525,-0.0154
beef + cheddar cheese,42,4.4929,4.5,443.05,7,0.1667,4.5442,0.1821,-0.0513,-0.0154
baking powder + cornmeal,24,4.5083,4.6,346.46,4,0.1667,4.5442,0.1821,-0.0359,-0.0154
brown sugar + cumin,24,4.5167,4.6,238.08,4,0.1667,4.5442,0.1821,-0.0275,-0.0154
egg + honey,36,4.5194,4.6,570.78,6,0.1667,4.5442,0.1821,-0.0248,-0.0154
black pepper + vegetable broth,24,4.5208,4.55,142.12,4,0.1667,4.5442,0.1821,-0.0234,-0.0154
sesame seed + soy sauce,36,4.5222,4.6,143.94,6,0.1667,4.5442,0.1821,-0.022,-0.0154
curry powder + garlic,36,4.525,4.5,363.33,6,0.1667,4.5442,0.1821,-0.0192,-0.0154
almond extract + milk,24,4.5292,4.5,358.42,4,0.1667,4.5442,0.1821,-0.015,-0.0154
butter + italian seasoning,24,4.5292,4.6,314.75,4,0.1667,4.5442,0.1821,-0.015,-0.0154
cinnamon + olive oil,42,4.5357,4.6,158.57,7,0.1667,4.5442,0.1821,-0.0085,-0.0154
ketchup + onion,66,4.5424,4.6,447.18,11,0.1667,4.5442,0.1821,-0.0018,-0.0154
onion + parsley,120,4.5433,4.6,480.29,20,0.1667,4.5442,0.1821,-0.0009,-0.0154
egg + walnut,126,4.5468,4.6,696.89,21,0.1667,4.5442,0.1821,0.0026,-0.0154
bay leave + black pepper,36,4.5472,4.6,189.78,6,0.1667,4.5442,0.1821,0.003,-0.0154
dry mustard + salt,36,4.5472,4.6,378.42,6,0.1667,4.5442,0.1821,0.003,-0.0154
baking powder + vegetable oil,168,4.5518,4.6,737.15,28,0.1667,4.5442,0.1821,0.0076,-0.0154
brown sugar + unsalted butter,30,4.5533,4.7,308.53,5,0.1667,4.5442,0.1821,0.0091,-0.0154
butter + egg yolk,54,4.5611,4.6,336.72,9,0.1667,4.5442,0.1821,0.0169,-0.0154
garlic + white wine,60,4.5617,4.6,358.7,10,0.1667,4.5442,0.1821,0.0175,-0.0154
celery + garlic powder,24,4.5625,4.6,177.88,4,0.1667,4.5442,0.1821,0.0183,-0.0154
egg + heavy cream,24,4.5625,4.55,124.88,4,0.1667,4.5442,0.1821,0.0183,-0.0154
almond extract + egg,36,4.5639,4.6,172.64,6,0.1667,4.5442,0.1821,0.0197,-0.0154
brown sugar + kosher salt,36,4.5639,4.6,90.81,6,0.1667,4.5442,0.1821,0.0197,-0.0154
cumin + red bell pepper,24,4.5667,4.6,304.83,4,0.1667,4.5442,0.1821,0.0225,-0.0154
milk + small onion,24,4.5667,4.6,735.71,4,0.1667,4.5442,0.1821,0.0225,-0.0154
.25 ounce package active dry yeast + white sugar,30,4.57,4.6,646.23,5,0.1667,4.5442,0.1821,0.0258,-0.0154
baking powder + pecan,48,4.575,4.6,389.96,8,0.1667,4.5442,0.1821,0.0308,-0.0154
olive oil + sour cream,30,4.5767,4.6,246.63,5,0.1667,4.5442,0.1821,0.0325,-0.0154
chicken stock + garlic,54,4.5778,4.65,200.72,9,0.1667,4.5442,0.1821,0.0336,-0.0154
cayenne pepper + parsley,30,4.5833,4.65,249.27,5,0.1667,4.5442,0.1821,0.0391,-0.0154
butter + lemon zest,66,4.5848,4.6,158.39,11,0.1667,4.5442,0.1821,0.0406,-0.0154
buttermilk + large egg,30,4.5867,4.65,735.47,5,0.1667,4.5442,0.1821,0.0425,-0.0154
mayonnaise + worcestershire sauce,24,4.5875,4.6,276.67,4,0.1667,4.5442,0.1821,0.0433,-0.0154
nutmeg + pecan,24,4.5875,4.65,143.08,4,0.1667,4.5442,0.1821,0.0433,-0.0154
all-purpose flour + stalks celery,36,4.5972,4.65,340.89,6,0.1667,4.5442,0.1821,0.053,-0.0154
cumin + turmeric,30,4.6,4.6,347.8,5,0.1667,4.5442,0.1821,0.0558,-0.0154
brown sugar + cayenne pepper,36,4.6028,4.7,218.11,6,0.1667,4.5442,0.1821,0.0586,-0.0154
cilantro + lime juice,60,4.6083,4.7,202.72,10,0.1667,4.5442,0.1821,0.0641,-0.0154
walnut + white sugar,194,4.5727,4.6,694.38,32,0.1649,4.5442,0.1821,0.0285,-0.0172
all-purpose flour + carrot,91,4.5857,4.7,578.68,15,0.1648,4.5442,0.1821,0.0415,-0.0173
ketchup + worcestershire sauce,79,4.5747,4.6,399.25,13,0.1646,4.5442,0.1821,0.0305,-0.0175
ginger + salt,146,4.5603,4.6,427.21,24,0.1644,4.5442,0.1821,0.0161,-0.0177
basil + garlic,67,4.5403,4.6,380.36,11,0.1642,4.5442,0.1821,-0.0039,-0.0179
butter + onion,274,4.5562,4.6,425.49,45,0.1642,4.5442,0.1821,0.012,-0.0179
cooking spray + white sugar,67,4.5597,4.6,483.69,11,0.1642,4.5442,0.1821,0.0155,-0.0179
black pepper + worcestershire sauce,134,4.5657,4.6,376.92,22,0.1642,4.5442,0.1821,0.0215,-0.0179
garlic + honey,61,4.5475,4.6,295.38,10,0.1639,4.5442,0.1821,0.0033,-0.0182
cornstarch + soy sauce,55,4.5218,4.6,513.29,9,0.1636,4.5442,0.1821,-0.0224,-0.0185
salt + unsalted butter,165,4.5582,4.7,367.53,27,0.1636,4.5442,0.1821,0.014,-0.0185
basil + olive oil,49,4.5102,4.5,446.02,8,0.1633,4.5442,0.1821,-0.034,-0.0188
butter + dried parsley,49,4.5327,4.5,298.78,8,0.1633,4.5442,0.1821,-0.0115,-0.0188
almond extract + butter,49,4.5449,4.6,258.12,8,0.1633,4.5442,0.1821,0.0007,-0.0188
pecan + vanilla extract,98,4.5684,4.6,358.64,16,0.1633,4.5442,0.1821,0.0242,-0.0188
all-purpose flour + baking soda,639,4.5621,4.6,714.18,104,0.1628,4.5442,0.1821,0.0179,-0.0193
carrot + vegetable oil,80,4.575,4.6,399.39,13,0.1625,4.5442,0.1821,0.0308,-0.0196
butter + light corn syrup,37,4.4892,4.6,250.46,6,0.1622,4.5442,0.1821,-0.055,-0.0199
confectioners' sugar + milk,74,4.5149,4.6,500.57,12,0.1622,4.5442,0.1821,-0.0293,-0.0199
pepper + salt,74,4.5581,4.6,294.49,12,0.1622,4.5442,0.1821,0.0139,-0.0199
garlic + rice vinegar,37,4.573,4.6,219.27,6,0.1622,4.5442,0.1821,0.0288,-0.0199
lean beef + salt,68,4.5235,4.6,610.01,11,0.1618,4.5442,0.1821,-0.0207,-0.0203
cinnamon + vanilla extract,396,4.5573,4.6,420.18,64,0.1616,4.5442,0.1821,0.0131,-0.0205
cinnamon + clove,161,4.5609,4.6,349.93,26,0.1615,4.5442,0.1821,0.0167,-0.0206
olive oil + parmesan cheese,161,4.5627,4.6,336.65,26,0.1615,4.5442,0.1821,0.0185,-0.0206
beef + milk,31,4.4935,4.5,788.35,5,0.1613,4.5442,0.1821,-0.0507,-0.0208
canola oil + garlic,31,4.5129,4.6,160.61,5,0.1613,4.5442,0.1821,-0.0313,-0.0208
large onion + vegetable oil,31,4.5226,4.6,344.77,5,0.1613,4.5442,0.1821,-0.0216,-0.0208
large egg + semisweet chocolate chip,31,4.5355,4.6,693.77,5,0.1613,4.5442,0.1821,-0.0087,-0.0208
black pepper + large onion,62,4.5613,4.6,308.32,10,0.1613,4.5442,0.1821,0.0171,-0.0208
beef + brown sugar,31,4.5613,4.6,536.0,5,0.1613,4.5442,0.1821,0.0171,-0.0208
brown sugar + walnut,31,4.5806,4.6,249.32,5,0.1613,4.5442,0.1821,0.0364,-0.0208
all-purpose flour + bacon,31,4.629,4.7,452.29,5,0.1613,4.5442,0.1821,0.0848,-0.0208
baking soda + vanilla extract,447,4.555,4.6,627.53,72,0.1611,4.5442,0.1821,0.0108,-0.021
butter + cinnamon,360,4.5661,4.6,418.06,58,0.1611,4.5442,0.1821,0.0219,-0.021
cornstarch + water,118,4.5373,4.6,401.28,19,0.161,4.5442,0.1821,-0.0069,-0.0211
garlic + garlic powder,56,4.6125,4.7,323.16,9,0.1607,4.5442,0.1821,0.0683,-0.0214
clove + ginger,81,4.584,4.6,384.43,13,0.1605,4.5442,0.1821,0.0398,-0.0216
garlic powder + onion,106,4.5274,4.6,344.03,17,0.1604,4.5442,0.1821,-0.0168,-0.0217
large egg + mayonnaise,25,4.5,4.6,300.08,4,0.16,4.5442,0.1821,-0.0442,-0.0221
parsley + white sugar,25,4.524,4.6,971.92,4,0.16,4.5442,0.1821,-0.0202,-0.0221
dried oregano + milk,25,4.528,4.6,318.12,4,0.16,4.5442,0.1821,-0.0162,-0.0221
beef + onion powder,25,4.548,4.6,389.36,4,0.16,4.5442,0.1821,0.0038,-0.0221
cooking spray + vanilla extract,50,4.554,4.6,100.08,8,0.16,4.5442,0.1821,0.0098,-0.0221
allspice + black pepper,25,4.56,4.5,196.28,4,0.16,4.5442,0.1821,0.0158,-0.0221
egg yolk + heavy cream,25,4.564,4.6,158.56,4,0.16,4.5442,0.1821,0.0198,-0.0221
kosher salt + vanilla extract,25,4.568,4.6,67.4,4,0.16,4.5442,0.1821,0.0238,-0.0221
packed light brown sugar + vanilla extract,25,4.568,4.6,767.2,4,0.16,4.5442,0.1821,0.0238,-0.0221
cumin + onion powder,25,4.608,4.7,141.64,4,0.16,4.5442,0.1821,0.0638,-0.0221
egg + vegetable oil,232,4.5526,4.6,526.47,37,0.1595,4.5442,0.1821,0.0084,-0.0226
black pepper + onion,408,4.5463,4.6,422.12,65,0.1593,4.5442,0.1821,0.0021,-0.0228
dried parsley + onion,44,4.5341,4.6,513.07,7,0.1591,4.5442,0.1821,-0.0101,-0.023
cheddar cheese + large egg,44,4.5409,4.6,343.75,7,0.1591,4.5442,0.1821,-0.0033,-0.023
egg + parmesan cheese,88,4.5523,4.6,624.44,14,0.1591,4.5442,0.1821,0.0081,-0.023
olive oil + paprika,88,4.5795,4.6,301.88,14,0.1591,4.5442,0.1821,0.0353,-0.023
brown sugar + cinnamon,195,4.5569,4.6,249.22,31,0.159,4.5442,0.1821,0.0127,-0.0231
salt + sour cream,145,4.5559,4.6,466.08,23,0.1586,4.5442,0.1821,0.0117,-0.0235
all-purpose flour + large egg,373,4.5536,4.6,545.01,59,0.1582,4.5442,0.1821,0.0094,-0.0239
dried oregano + salt and pepper,38,4.4763,4.5,380.0,6,0.1579,4.5442,0.1821,-0.0679,-0.0242
mushroom + onion,76,4.5329,4.55,324.71,12,0.1579,4.5442,0.1821,-0.0113,-0.0242
carrot + egg,57,4.5474,4.6,302.07,9,0.1579,4.5442,0.1821,0.0032,-0.0242
dried thyme + vegetable oil,38,4.5474,4.6,235.76,6,0.1579,4.5442,0.1821,0.0032,-0.0242
butter + flaked coconut,38,4.5605,4.6,216.89,6,0.1579,4.5442,0.1821,0.0163,-0.0242
large egg + walnut,57,4.5684,4.6,713.35,9,0.1579,4.5442,0.1821,0.0242,-0.0242
baking powder + clove,57,4.5702,4.7,295.72,9,0.1579,4.5442,0.1821,0.026,-0.0242
cayenne pepper + green onion,38,4.6105,4.7,163.0,6,0.1579,4.5442,0.1821,0.0663,-0.0242
milk + packed brown sugar,51,4.5412,4.6,558.37,8,0.1569,4.5442,0.1821,-0.003,-0.0252
warm water 110 degrees f/45 degrees c + white sugar,51,4.5412,4.6,611.8,8,0.1569,4.5442,0.1821,-0.003,-0.0252
nutmeg + vegetable oil,51,4.5608,4.7,412.04,8,0.1569,4.5442,0.1821,0.0166,-0.0252
garlic + large onion,115,4.5609,4.6,289.41,18,0.1565,4.5442,0.1821,0.0167,-0.0256
green bell pepper + worcestershire sauce,32,4.5188,4.5,337.19,5,0.1562,4.5442,0.1821,-0.0254,-0.0259
sesame oil + soy sauce,96,4.5385,4.6,199.1,15,0.1562,4.5442,0.1821,-0.0057,-0.0259
allspice + butter,32,4.5594,4.6,198.62,5,0.1562,4.5442,0.1821,0.0152,-0.0259
dried parsley + salt,64,4.5641,4.6,522.58,10,0.1562,4.5442,0.1821,0.0199,-0.0259
ginger + sesame oil,32,4.5688,4.65,224.0,5,0.1562,4.5442,0.1821,0.0246,-0.0259
dried parsley + parmesan cheese,32,4.5781,4.65,561.12,5,0.1562,4.5442,0.1821,0.0339,-0.0259
apple cider vinegar + salt,32,4.6219,4.6,136.34,5,0.1562,4.5442,0.1821,0.0777,-0.0259
parmesan cheese + parsley,77,4.539,4.6,581.65,12,0.1558,4.5442,0.1821,-0.0052,-0.0263
allspice + salt,77,4.5857,4.6,222.91,12,0.1558,4.5442,0.1821,0.0415,-0.0263
cumin + garlic,244,4.5783,4.6,341.83,38,0.1557,4.5442,0.1821,0.0341,-0.0264
honey + vegetable oil,45,4.5444,4.6,422.8,7,0.1556,4.5442,0.1821,0.0002,-0.0265
salt + vegetable oil,514,4.5554,4.6,505.95,80,0.1556,4.5442,0.1821,0.0112,-0.0265
cooking spray + milk,58,4.5121,4.6,736.1,9,0.1552,4.5442,0.1821,-0.0321,-0.0269
butter + olive oil,174,4.5575,4.6,209.53,27,0.1552,4.5442,0.1821,0.0133,-0.0269
egg + sour cream,58,4.5621,4.6,728.36,9,0.1552,4.5442,0.1821,0.0179,-0.0269
garlic + soy sauce,213,4.5484,4.6,378.9,33,0.1549,4.5442,0.1821,0.0042,-0.0272
salt + soy sauce,84,4.5226,4.6,337.68,13,0.1548,4.5442,0.1821,-0.0216,-0.0273
brown sugar + soy sauce,84,4.5595,4.6,334.65,13,0.1548,4.5442,0.1821,0.0153,-0.0273
lemon juice + water,97,4.5536,4.6,206.87,15,0.1546,4.5442,0.1821,0.0094,-0.0275
all-purpose flour + pecan,97,4.601,4.7,326.84,15,0.1546,4.5442,0.1821,0.0568,-0.0275
curry powder + salt,26,4.5231,4.6,517.0,4,0.1538,4.5442,0.1821,-0.0211,-0.0283
sour cream + vegetable oil,26,4.5269,4.5,482.96,4,0.1538,4.5442,0.1821,-0.0173,-0.0283
salt and black pepper + white sugar,26,4.5308,4.6,84.27,4,0.1538,4.5442,0.1821,-0.0134,-0.0283
black pepper + tomato,39,4.5333,4.6,229.44,6,0.1538,4.5442,0.1821,-0.0109,-0.0283
all-purpose flour + warm water,26,4.5462,4.6,137.35,4,0.1538,4.5442,0.1821,0.002,-0.0283
all-purpose flour + whole milk,26,4.5462,4.6,274.88,4,0.1538,4.5442,0.1821,0.002,-0.0283
cooking spray + large egg,65,4.5523,4.6,419.08,10,0.1538,4.5442,0.1821,0.0081,-0.0283
egg + ginger,78,4.5551,4.6,293.71,12,0.1538,4.5442,0.1821,0.0109,-0.0283
all-purpose flour + sour cream,104,4.5635,4.7,559.62,16,0.1538,4.5442,0.1821,0.0193,-0.0283
cornstarch + large egg,26,4.5692,4.6,409.04,4,0.1538,4.5442,0.1821,0.025,-0.0283
black pepper + garlic,520,4.57,4.6,380.12,80,0.1538,4.5442,0.1821,0.0258,-0.0283
butter + white wine,39,4.5718,4.6,307.33,6,0.1538,4.5442,0.1821,0.0276,-0.0283
all-purpose flour + allspice,52,4.5769,4.6,246.15,8,0.1538,4.5442,0.1821,0.0327,-0.0283
salt + white vinegar,65,4.58,4.6,617.26,10,0.1538,4.5442,0.1821,0.0358,-0.0283
cooking spray + parmesan cheese,26,4.5808,4.6,220.46,4,0.1538,4.5442,0.1821,0.0366,-0.0283
clove + water,39,4.5923,4.6,660.05,6,0.1538,4.5442,0.1821,0.0481,-0.0283
light brown sugar + white sugar,26,4.6077,4.7,340.12,4,0.1538,4.5442,0.1821,0.0635,-0.0283
lemon zest + vanilla extract,26,4.6231,4.7,208.15,4,0.1538,4.5442,0.1821,0.0789,-0.0283
black pepper + butter,255,4.5604,4.6,415.57,39,0.1529,4.5442,0.1821,0.0162,-0.0292
baking soda + clove,85,4.5835,4.7,527.33,13,0.1529,4.5442,0.1821,0.0393,-0.0292
butter + large egg,216,4.5815,4.6,473.16,33,0.1528,4.5442,0.1821,0.0373,-0.0293
large egg + vanilla extract,262,4.5645,4.6,546.57,40,0.1527,4.5442,0.1821,0.0203,-0.0294
parmesan cheese + salt,177,4.5616,4.6,373.11,27,0.1525,4.5442,0.1821,0.0174,-0.0296
large onion + water,59,4.5678,4.6,303.46,9,0.1525,4.5442,0.1821,0.0236,-0.0296
garlic + green bell pepper,138,4.5355,4.6,265.09,21,0.1522,4.5442,0.1821,-0.0087,-0.0299
salt + warm water,46,4.5391,4.6,198.65,7,0.1522,4.5442,0.1821,-0.0051,-0.0299
soy sauce + worcestershire sauce,46,4.5435,4.5,283.3,7,0.1522,4.5442,0.1821,-0.0007,-0.0299
canola oil + white sugar,46,4.5457,4.6,225.61,7,0.1522,4.5442,0.1821,0.0015,-0.0299
butter + lemon juice,138,4.55,4.6,271.01,21,0.1522,4.5442,0.1821,0.0058,-0.0299
ginger + vanilla extract,46,4.5565,4.6,108.54,7,0.1522,4.5442,0.1821,0.0123,-0.0299
salt and black pepper + water,92,4.5652,4.6,225.16,14,0.1522,4.5442,0.1821,0.021,-0.0299
raisin + walnut,46,4.5804,4.65,312.91,7,0.1522,4.5442,0.1821,0.0362,-0.0299
carrot + olive oil,79,4.5646,4.6,256.66,12,0.1519,4.5442,0.1821,0.0204,-0.0302
celery + garlic,79,4.5772,4.6,241.9,12,0.1519,4.5442,0.1821,0.033,-0.0302
egg + lean beef,33,4.5061,4.6,1092.3,5,0.1515,4.5442,0.1821,-0.0381,-0.0306
basil + black pepper,33,4.5394,4.6,161.52,5,0.1515,4.5442,0.1821,-0.0048,-0.0306
salt and black pepper + sour cream,33,4.5455,4.5,242.52,5,0.1515,4.5442,0.1821,0.0013,-0.0306
italian seasoning + onion,33,4.5485,4.6,885.7,5,0.1515,4.5442,0.1821,0.0043,-0.0306
baking soda + cream of tartar,33,4.5515,4.6,575.36,5,0.1515,4.5442,0.1821,0.0073,-0.0306
vegetable oil + white sugar,330,4.5527,4.6,633.08,50,0.1515,4.5442,0.1821,0.0085,-0.0306
chicken stock + onion,33,4.5667,4.6,194.91,5,0.1515,4.5442,0.1821,0.0225,-0.0306
baking powder + sugar,33,4.597,4.6,321.73,5,0.1515,4.5442,0.1821,0.0528,-0.0306
clove + vegetable oil,33,4.6182,4.7,629.3,5,0.1515,4.5442,0.1821,0.074,-0.0306
allspice + cinnamon,86,4.5837,4.6,198.51,13,0.1512,4.5442,0.1821,0.0395,-0.0309
onion + tomato,53,4.5472,4.6,303.3,8,0.1509,4.5442,0.1821,0.003,-0.0312
pecan + white sugar,126,4.5889,4.7,306.74,19,0.1508,4.5442,0.1821,0.0447,-0.0313
butter + worcestershire sauce,73,4.5795,4.6,276.32,11,0.1507,4.5442,0.1821,0.0353,-0.0314
all-purpose flour + black pepper,213,4.5638,4.6,467.23,32,0.1502,4.5442,0.1821,0.0196,-0.0319
baking soda + honey,20,4.495,4.6,230.3,3,0.15,4.5442,0.1821,-0.0492,-0.0321
garlic salt + onion,20,4.52,4.5,238.75,3,0.15,4.5442,0.1821,-0.0242,-0.0321
28 ounce can tomatoe + black pepper,20,4.53,4.6,1264.85,3,0.15,4.5442,0.1821,-0.0142,-0.0321
all-purpose flour + almond extract,60,4.5383,4.6,238.77,9,0.15,4.5442,0.1821,-0.0059,-0.0321
canola oil + vanilla extract,20,4.54,4.6,350.15,3,0.15,4.5442,0.1821,-0.0042,-0.0321
beef + small onion,20,4.545,4.6,199.1,3,0.15,4.5442,0.1821,0.0008,-0.0321
garlic + red pepper,20,4.545,4.55,253.95,3,0.15,4.5442,0.1821,0.0008,-0.0321
carrot + cayenne pepper,20,4.55,4.6,203.35,3,0.15,4.5442,0.1821,0.0058,-0.0321
beef + mozzarella cheese,20,4.555,4.55,383.75,3,0.15,4.5442,0.1821,0.0108,-0.0321
fish sauce + garlic,20,4.555,4.7,167.5,3,0.15,4.5442,0.1821,0.0108,-0.0321
cilantro + lemon juice,20,4.56,4.6,348.1,3,0.15,4.5442,0.1821,0.0158,-0.0321
mayonnaise + parsley,20,4.56,4.6,220.8,3,0.15,4.5442,0.1821,0.0158,-0.0321
salt + unbleached all-purpose flour,20,4.56,4.7,309.55,3,0.15,4.5442,0.1821,0.0158,-0.0321
packed brown sugar + white sugar,160,4.5619,4.6,950.12,24,0.15,4.5442,0.1821,0.0177,-0.0321
garlic powder + milk,40,4.565,4.6,546.4,6,0.15,4.5442,0.1821,0.0208,-0.0321
bay leaf + dried oregano,20,4.565,4.55,417.45,3,0.15,4.5442,0.1821,0.0208,-0.0321
cocoa powder + vanilla extract,20,4.565,4.7,518.95,3,0.15,4.5442,0.1821,0.0208,-0.0321
caper + garlic,20,4.57,4.6,123.35,3,0.15,4.5442,0.1821,0.0258,-0.0321
all-purpose flour + ginger,100,4.571,4.6,363.73,15,0.15,4.5442,0.1821,0.0268,-0.0321
black pepper + prepared yellow mustard,20,4.575,4.6,341.0,3,0.15,4.5442,0.1821,0.0308,-0.0321
dry white wine + salt,20,4.575,4.6,128.85,3,0.15,4.5442,0.1821,0.0308,-0.0321
pecan halve + salt,20,4.575,4.65,275.8,3,0.15,4.5442,0.1821,0.0308,-0.0321
pumpkin pie spice + vanilla extract,20,4.575,4.7,90.35,3,0.15,4.5442,0.1821,0.0308,-0.0321
rice vinegar + white sugar,20,4.58,4.65,222.15,3,0.15,4.5442,0.1821,0.0358,-0.0321
olive oil + water or as needed,20,4.585,4.65,159.65,3,0.15,4.5442,0.1821,0.0408,-0.0321
garlic + ricotta cheese,20,4.59,4.6,1500.7,3,0.15,4.5442,0.1821,0.0458,-0.0321
flaked coconut + walnut,20,4.595,4.6,374.4,3,0.15,4.5442,0.1821,0.0508,-0.0321
cinnamon + light brown sugar,20,4.61,4.7,110.8,3,0.15,4.5442,0.1821,0.0658,-0.0321
all-purpose flour + chicken stock,20,4.615,4.7,165.25,3,0.15,4.5442,0.1821,0.0708,-0.0321
coriander + vegetable oil,20,4.62,4.6,143.55,3,0.15,4.5442,0.1821,0.0758,-0.0321
cayenne pepper or + cumin,20,4.625,4.7,291.05,3,0.15,4.5442,0.1821,0.0808,-0.0321
baking powder + baking soda,367,4.5725,4.6,557.35,55,0.1499,4.5442,0.1821,0.0283,-0.0322
salt + walnut,187,4.5663,4.6,653.43,28,0.1497,4.5442,0.1821,0.0221,-0.0324
butter + packed brown sugar,154,4.5494,4.6,699.74,23,0.1494,4.5442,0.1821,0.0052,-0.0327
rolled oat + vanilla extract,67,4.5627,4.6,445.58,10,0.1493,4.5442,0.1821,0.0185,-0.0328
cinnamon + white sugar,637,4.5692,4.6,469.01,95,0.1491,4.5442,0.1821,0.025,-0.033
onion + salt and black pepper,141,4.5667,4.6,324.55,21,0.1489,4.5442,0.1821,0.0225,-0.0332
packed brown sugar + salt,195,4.5497,4.6,717.03,29,0.1487,4.5442,0.1821,0.0055,-0.0334
garlic + red bell pepper,74,4.5676,4.6,225.38,11,0.1486,4.5442,0.1821,0.0234,-0.0335
large egg + salt and pepper,27,4.5,4.5,305.52,4,0.1481,4.5442,0.1821,-0.0442,-0.034
large onion + salt and pepper,27,4.5074,4.6,236.41,4,0.1481,4.5442,0.1821,-0.0368,-0.034
garlic powder + ketchup,27,4.5222,4.6,157.37,4,0.1481,4.5442,0.1821,-0.022,-0.034
black pepper + hot pepper sauce,27,4.5333,4.6,432.44,4,0.1481,4.5442,0.1821,-0.0109,-0.034
all-purpose flour + distilled white vinegar,27,4.5519,4.7,366.85,4,0.1481,4.5442,0.1821,0.0077,-0.034
bay leaf + onion,54,4.5556,4.6,308.65,8,0.1481,4.5442,0.1821,0.0114,-0.034
garlic + tomato sauce,27,4.5556,4.5,412.0,4,0.1481,4.5442,0.1821,0.0114,-0.034
large egg + salt and black pepper,27,4.563,4.6,210.44,4,0.1481,4.5442,0.1821,0.0188,-0.034
garlic powder + vegetable oil,54,4.5667,4.6,462.61,8,0.1481,4.5442,0.1821,0.0225,-0.034
blueberry + lemon juice,27,4.5667,4.6,98.15,4,0.1481,4.5442,0.1821,0.0225,-0.034
dried thyme + green bell pepper,27,4.5667,4.6,138.33,4,0.1481,4.5442,0.1821,0.0225,-0.034
black pepper + dry mustard,27,4.5778,4.6,403.96,4,0.1481,4.5442,0.1821,0.0336,-0.034
cumin + salt,216,4.5917,4.6,308.87,32,0.1481,4.5442,0.1821,0.0475,-0.034
garlic + worcestershire sauce,135,4.5948,4.6,366.07,20,0.1481,4.5442,0.1821,0.0506,-0.034
black pepper + lime juice,27,4.6,4.7,181.41,4,0.1481,4.5442,0.1821,0.0558,-0.034
packed brown sugar + vegetable oil,27,4.6,4.7,261.41,4,0.1481,4.5442,0.1821,0.0558,-0.034
chicken broth + garlic,135,4.6007,4.7,345.75,20,0.1481,4.5442,0.1821,0.0565,-0.034
red pepper flake + salt,81,4.6037,4.6,306.32,12,0.1481,4.5442,0.1821,0.0595,-0.034
allspice + vanilla extract,27,4.6148,4.7,151.56,4,0.1481,4.5442,0.1821,0.0706,-0.034
black pepper + salt,906,4.5599,4.6,372.68,134,0.1479,4.5442,0.1821,0.0157,-0.0342
vanilla extract + vegetable oil,169,4.5728,4.6,577.81,25,0.1479,4.5442,0.1821,0.0286,-0.0342
cinnamon + packed brown sugar,115,4.5443,4.6,528.1,17,0.1478,4.5442,0.1821,0.0001,-0.0343
butter + vegetable oil,115,4.587,4.6,452.72,17,0.1478,4.5442,0.1821,0.0428,-0.0343
large egg + salt,447,4.5631,4.6,588.96,66,0.1477,4.5442,0.1821,0.0189,-0.0344
bay leave + garlic,61,4.5705,4.6,277.54,9,0.1475,4.5442,0.1821,0.0263,-0.0346
chili powder + olive oil,61,4.6098,4.7,292.79,9,0.1475,4.5442,0.1821,0.0656,-0.0346
confectioners' sugar + vanilla extract,163,4.5706,4.6,534.98,24,0.1472,4.5442,0.1821,0.0264,-0.0349
clove + egg,68,4.5368,4.6,475.43,10,0.1471,4.5442,0.1821,-0.0074,-0.035
butter + medium onion,34,4.5382,4.5,589.03,5,0.1471,4.5442,0.1821,-0.006,-0.035
dried oregano + mozzarella cheese,34,4.5412,4.55,465.24,5,0.1471,4.5442,0.1821,-0.003,-0.035
dried oregano + parsley,34,4.5441,4.6,449.53,5,0.1471,4.5442,0.1821,-0.0001,-0.035
butter + paprika,68,4.55,4.6,521.07,10,0.1471,4.5442,0.1821,0.0058,-0.035
beef broth + salt,34,4.5529,4.6,401.79,5,0.1471,4.5442,0.1821,0.0087,-0.035
medium onion + salt,68,4.5544,4.6,417.91,10,0.1471,4.5442,0.1821,0.0102,-0.035
cumin + large onion,34,4.5706,4.6,197.79,5,0.1471,4.5442,0.1821,0.0264,-0.035
beef + dried oregano,34,4.5765,4.6,294.0,5,0.1471,4.5442,0.1821,0.0323,-0.035
butter + garlic powder,102,4.5853,4.6,402.59,15,0.1471,4.5442,0.1821,0.0411,-0.035
celery seed + salt,34,4.6559,4.7,692.03,5,0.1471,4.5442,0.1821,0.1117,-0.035
beef + black pepper,109,4.5495,4.6,360.83,16,0.1468,4.5442,0.1821,0.0053,-0.0353
black pepper + lemon juice,109,4.567,4.6,317.58,16,0.1468,4.5442,0.1821,0.0228,-0.0353
black pepper + carrot,109,4.5862,4.6,410.42,16,0.1468,4.5442,0.1821,0.042,-0.0353
large egg + vegetable oil,116,4.5603,4.6,725.87,17,0.1466,4.5442,0.1821,0.0161,-0.0355
baking soda + salt,641,4.578,4.6,670.59,94,0.1466,4.5442,0.1821,0.0338,-0.0355
all-purpose flour + rolled oat,82,4.5451,4.6,427.67,12,0.1463,4.5442,0.1821,0.0009,-0.0358
salt and black pepper + worcestershire sauce,41,4.5488,4.6,239.34,6,0.1463,4.5442,0.1821,0.0046,-0.0358
cayenne pepper + white sugar,41,4.5634,4.6,471.78,6,0.1463,4.5442,0.1821,0.0192,-0.0358
butter + garlic,363,4.5598,4.6,316.54,53,0.146,4.5442,0.1821,0.0156,-0.0361
mozzarella cheese + onion,48,4.5625,4.6,1163.79,7,0.1458,4.5442,0.1821,0.0183,-0.0363
cayenne pepper + onion,103,4.6029,4.7,534.57,15,0.1456,4.5442,0.1821,0.0587,-0.0365
salt + tomato,62,4.5419,4.6,310.98,9,0.1452,4.5442,0.1821,-0.0023,-0.0369
butter + mushroom,76,4.5553,4.6,362.58,11,0.1447,4.5442,0.1821,0.0111,-0.0374
cinnamon + unsalted butter,76,4.5908,4.7,260.79,11,0.1447,4.5442,0.1821,0.0466,-0.0374
large egg + white sugar,346,4.5792,4.6,613.3,50,0.1445,4.5442,0.1821,0.035,-0.0376
large egg + unsalted butter,90,4.5711,4.65,357.46,13,0.1444,4.5442,0.1821,0.0269,-0.0377
cilantro + salt,104,4.5923,4.7,314.9,15,0.1442,4.5442,0.1821,0.0481,-0.0379
water + white sugar,410,4.5649,4.6,423.1,59,0.1439,4.5442,0.1821,0.0207,-0.0382
black pepper + vegetable oil,153,4.5379,4.6,356.96,22,0.1438,4.5442,0.1821,-0.0063,-0.0383
all-purpose flour + cinnamon,516,4.5682,4.6,483.8,74,0.1434,4.5442,0.1821,0.024,-0.0387
large egg + unsweetened cocoa powder,28,4.4714,4.5,741.14,4,0.1429,4.5442,0.1821,-0.0728,-0.0392
ketchup + lean beef,28,4.4893,4.6,760.68,4,0.1429,4.5442,0.1821,-0.0549,-0.0392
hot pepper sauce + onion,21,4.5,4.5,316.33,3,0.1429,4.5442,0.1821,-0.0442,-0.0392
green onion + milk,28,4.5143,4.55,402.07,4,0.1429,4.5442,0.1821,-0.0299,-0.0392
baking powder + black pepper,21,4.519,4.6,244.95,3,0.1429,4.5442,0.1821,-0.0252,-0.0392
green onion + tomato,28,4.5357,4.6,366.07,4,0.1429,4.5442,0.1821,-0.0085,-0.0392
green onion + parsley,35,4.5429,4.6,248.14,5,0.1429,4.5442,0.1821,-0.0013,-0.0392
salt and black pepper + tomato,21,4.5429,4.6,175.33,3,0.1429,4.5442,0.1821,-0.0013,-0.0392
all-purpose flour + cornmeal,35,4.5457,4.6,520.0,5,0.1429,4.5442,0.1821,0.0015,-0.0392
dried basil + dried parsley,35,4.5457,4.5,534.86,5,0.1429,4.5442,0.1821,0.0015,-0.0392
butter + soy sauce,28,4.5464,4.6,310.75,4,0.1429,4.5442,0.1821,0.0022,-0.0392
butter + cumin,42,4.5524,4.6,288.4,6,0.1429,4.5442,0.1821,0.0082,-0.0392
brown sugar + ginger,63,4.5556,4.6,243.27,9,0.1429,4.5442,0.1821,0.0114,-0.0392
garlic + stalks celery,77,4.5571,4.6,425.99,11,0.1429,4.5442,0.1821,0.0129,-0.0392
dried oregano + large onion,28,4.5607,4.6,223.64,4,0.1429,4.5442,0.1821,0.0165,-0.0392
mayonnaise + parmesan cheese,28,4.5643,4.6,529.57,4,0.1429,4.5442,0.1821,0.0201,-0.0392
olive oil + white wine,49,4.5653,4.6,470.61,7,0.1429,4.5442,0.1821,0.0211,-0.0392
dijon mustard + worcestershire sauce,35,4.5657,4.6,351.23,5,0.1429,4.5442,0.1821,0.0215,-0.0392
sifted all-purpose flour + white sugar,35,4.5657,4.6,319.09,5,0.1429,4.5442,0.1821,0.0215,-0.0392
dried basil + white sugar,28,4.5679,4.6,701.18,4,0.1429,4.5442,0.1821,0.0237,-0.0392
garlic + lemon juiced,35,4.5686,4.6,332.69,5,0.1429,4.5442,0.1821,0.0244,-0.0392
butter + cold water,28,4.5714,4.6,485.43,4,0.1429,4.5442,0.1821,0.0272,-0.0392
egg + small onion,21,4.5714,4.6,474.1,3,0.1429,4.5442,0.1821,0.0272,-0.0392
garlic + large egg,70,4.5743,4.6,333.76,10,0.1429,4.5442,0.1821,0.0301,-0.0392
garlic + red wine,35,4.5771,4.6,354.43,5,0.1429,4.5442,0.1821,0.0329,-0.0392
mozzarella cheese + water,28,4.5786,4.6,1035.29,4,0.1429,4.5442,0.1821,0.0344,-0.0392
butter + green onion,77,4.5792,4.6,388.99,11,0.1429,4.5442,0.1821,0.035,-0.0392
brown sugar + salt and black pepper,21,4.581,4.6,103.43,3,0.1429,4.5442,0.1821,0.0368,-0.0392
large egg + sugar,21,4.581,4.6,326.81,3,0.1429,4.5442,0.1821,0.0368,-0.0392
chicken stock + salt,28,4.5821,4.6,158.43,4,0.1429,4.5442,0.1821,0.0379,-0.0392
ginger + milk,28,4.5821,4.6,573.54,4,0.1429,4.5442,0.1821,0.0379,-0.0392
bay leaf + celery,21,4.5905,4.6,177.9,3,0.1429,4.5442,0.1821,0.0463,-0.0392
cilantro + white sugar,21,4.5905,4.7,158.0,3,0.1429,4.5442,0.1821,0.0463,-0.0392
cilantro + green onion,35,4.5914,4.7,209.71,5,0.1429,4.5442,0.1821,0.0472,-0.0392
cumin + white sugar,28,4.5929,4.6,624.82,4,0.1429,4.5442,0.1821,0.0487,-0.0392
garlic powder + paprika,105,4.5933,4.7,321.79,15,0.1429,4.5442,0.1821,0.0491,-0.0392
carrot + walnut,21,4.5952,4.7,494.43,3,0.1429,4.5442,0.1821,0.051,-0.0392
cinnamon + egg yolk,21,4.5952,4.7,234.29,3,0.1429,4.5442,0.1821,0.051,-0.0392
olive oil + zucchini,21,4.5952,4.7,186.29,3,0.1429,4.5442,0.1821,0.051,-0.0392
red pepper flake + white sugar,21,4.5952,4.6,114.48,3,0.1429,4.5442,0.1821,0.051,-0.0392
allspice + garlic,28,4.5964,4.6,152.71,4,0.1429,4.5442,0.1821,0.0522,-0.0392
cinnamon + lemon juice,63,4.5968,4.7,284.63,9,0.1429,4.5442,0.1821,0.0526,-0.0392
cayenne pepper + large onion,21,4.6,4.6,332.52,3,0.1429,4.5442,0.1821,0.0558,-0.0392
beef broth + butter,28,4.6071,4.6,377.39,4,0.1429,4.5442,0.1821,0.0629,-0.0392
paprika + white sugar,28,4.6071,4.65,764.54,4,0.1429,4.5442,0.1821,0.0629,-0.0392
onion + turmeric,21,4.6143,4.6,294.48,3,0.1429,4.5442,0.1821,0.0701,-0.0392
celery seed + white sugar,28,4.6179,4.7,216.07,4,0.1429,4.5442,0.1821,0.0737,-0.0392
cumin + curry powder,21,4.619,4.7,335.57,3,0.1429,4.5442,0.1821,0.0748,-0.0392
large egg + lemon juice,28,4.625,4.7,184.43,4,0.1429,4.5442,0.1821,0.0808,-0.0392
all-purpose flour + beef broth,28,4.6357,4.6,754.64,4,0.1429,4.5442,0.1821,0.0915,-0.0392
cayenne pepper + parmesan cheese,21,4.6381,4.7,483.38,3,0.1429,4.5442,0.1821,0.0939,-0.0392
nutmeg + white sugar,246,4.5675,4.65,262.34,35,0.1423,4.5442,0.1821,0.0233,-0.0398
black pepper + cayenne pepper,148,4.5912,4.7,359.53,21,0.1419,4.5442,0.1821,0.047,-0.0402
baking soda + white sugar,601,4.576,4.6,708.66,85,0.1414,4.5442,0.1821,0.0318,-0.0407
large egg + water,99,4.5859,4.6,532.35,14,0.1414,4.5442,0.1821,0.0417,-0.0407
garlic powder + olive oil,99,4.6182,4.6,315.98,14,0.1414,4.5442,0.1821,0.074,-0.0407
garlic + olive oil,640,4.5714,4.6,268.22,90,0.1406,4.5442,0.1821,0.0272,-0.0415
black pepper + red pepper flake,64,4.5953,4.7,262.09,9,0.1406,4.5442,0.1821,0.0511,-0.0415
cilantro + onion,57,4.5281,4.6,543.0,8,0.1404,4.5442,0.1821,-0.0161,-0.0417
salt + stalks celery,57,4.5877,4.6,369.02,8,0.1404,4.5442,0.1821,0.0435,-0.0417
green bell pepper + vegetable oil,50,4.516,4.5,288.64,7,0.14,4.5442,0.1821,-0.0282,-0.0421
packed brown sugar + walnut,50,4.548,4.6,957.02,7,0.14,4.5442,0.1821,0.0038,-0.0421
pecan + salt,100,4.6,4.7,327.48,14,0.14,4.5442,0.1821,0.0558,-0.0421
kosher salt + white sugar,50,4.624,4.7,81.08,7,0.14,4.5442,0.1821,0.0798,-0.0421
olive oil + white sugar,93,4.5441,4.6,307.95,13,0.1398,4.5442,0.1821,-0.0001,-0.0423
bay leaf + black pepper,43,4.5279,4.6,411.21,6,0.1395,4.5442,0.1821,-0.0163,-0.0426
chili powder + garlic,115,4.5635,4.6,352.08,16,0.1391,4.5442,0.1821,0.0193,-0.043
black pepper + white sugar,144,4.5813,4.6,511.28,20,0.1389,4.5442,0.1821,0.0371,-0.0432
cinnamon + ginger,152,4.5822,4.65,370.26,21,0.1382,4.5442,0.1821,0.038,-0.0439
garlic + red pepper flake,123,4.5967,4.6,299.98,17,0.1382,4.5442,0.1821,0.0525,-0.0439
dry bread crumb + egg,29,4.5414,4.6,535.1,4,0.1379,4.5442,0.1821,-0.0028,-0.0442
onion + pepper,29,4.5517,4.6,342.07,4,0.1379,4.5442,0.1821,0.0075,-0.0442
garlic powder + worcestershire sauce,58,4.5569,4.6,309.79,8,0.1379,4.5442,0.1821,0.0127,-0.0442
garlic + sesame seed,29,4.5586,4.6,124.83,4,0.1379,4.5442,0.1821,0.0144,-0.0442
cumin + tomato,29,4.5655,4.6,277.55,4,0.1379,4.5442,0.1821,0.0213,-0.0442
dried parsley + garlic,58,4.5724,4.6,432.45,8,0.1379,4.5442,0.1821,0.0282,-0.0442
lemon juiced + olive oil,29,4.5724,4.6,287.79,4,0.1379,4.5442,0.1821,0.0282,-0.0442
baking soda + lemon juice,29,4.5828,4.7,174.79,4,0.1379,4.5442,0.1821,0.0386,-0.0442
dried rosemary + dried thyme,29,4.6172,4.6,219.76,4,0.1379,4.5442,0.1821,0.073,-0.0442
oregano + salt,29,4.6172,4.7,127.28,4,0.1379,4.5442,0.1821,0.073,-0.0442
paprika + salt and black pepper,29,4.631,4.7,272.31,4,0.1379,4.5442,0.1821,0.0868,-0.0442
cooking spray + olive oil,29,4.6483,4.7,109.83,4,0.1379,4.5442,0.1821,0.1041,-0.0442
black pepper + paprika,160,4.5825,4.6,371.42,22,0.1375,4.5442,0.1821,0.0383,-0.0446
large egg + milk,182,4.5593,4.6,557.54,25,0.1374,4.5442,0.1821,0.0151,-0.0447
ginger + soy sauce,73,4.5493,4.6,380.41,10,0.137,4.5442,0.1821,0.0051,-0.0451
clove + nutmeg,95,4.5621,4.6,314.45,13,0.1368,4.5442,0.1821,0.0179,-0.0453
dried oregano + lean beef,22,4.5045,4.55,627.68,3,0.1364,4.5442,0.1821,-0.0397,-0.0457
green bell pepper + mushroom,22,4.5091,4.5,439.86,3,0.1364,4.5442,0.1821,-0.0351,-0.0457
pork + water,22,4.5091,4.5,163.68,3,0.1364,4.5442,0.1821,-0.0351,-0.0457
garam masala + salt,22,4.5136,4.6,247.64,3,0.1364,4.5442,0.1821,-0.0306,-0.0457
cooking spray + cumin,22,4.5409,4.6,404.45,3,0.1364,4.5442,0.1821,-0.0033,-0.0457
blueberry + milk,22,4.55,4.6,373.95,3,0.1364,4.5442,0.1821,0.0058,-0.0457
onion + potato,22,4.5545,4.6,232.64,3,0.1364,4.5442,0.1821,0.0103,-0.0457
egg + warm water,22,4.5591,4.6,428.95,3,0.1364,4.5442,0.1821,0.0149,-0.0457
large egg + raisin,22,4.5591,4.6,553.95,3,0.1364,4.5442,0.1821,0.0149,-0.0457
mayonnaise + onion,44,4.5636,4.6,316.93,6,0.1364,4.5442,0.1821,0.0194,-0.0457
milk + sugar,22,4.5682,4.6,293.36,3,0.1364,4.5442,0.1821,0.024,-0.0457
olive oil + red wine,22,4.5682,4.6,354.0,3,0.1364,4.5442,0.1821,0.024,-0.0457
8 ounce package cream cheese + sour cream,22,4.5773,4.6,199.23,3,0.1364,4.5442,0.1821,0.0331,-0.0457
olive oil + quinoa,22,4.5773,4.6,374.45,3,0.1364,4.5442,0.1821,0.0331,-0.0457
ginger + nutmeg,88,4.5784,4.65,294.19,12,0.1364,4.5442,0.1821,0.0342,-0.0457
butter + lemon juiced,22,4.5818,4.6,343.27,3,0.1364,4.5442,0.1821,0.0376,-0.0457
8 ounce can tomato sauce + water,22,4.5909,4.6,195.5,3,0.1364,4.5442,0.1821,0.0467,-0.0457
butter + red bell pepper,22,4.5909,4.65,386.05,3,0.1364,4.5442,0.1821,0.0467,-0.0457
confectioners' sugar + pecan,22,4.5909,4.7,644.0,3,0.1364,4.5442,0.1821,0.0467,-0.0457
carrot + cinnamon,44,4.6023,4.7,480.98,6,0.1364,4.5442,0.1821,0.0581,-0.0457
active dry yeast + butter,22,4.6045,4.6,148.95,3,0.1364,4.5442,0.1821,0.0603,-0.0457
dijon mustard + salt and black pepper,22,4.6182,4.65,197.05,3,0.1364,4.5442,0.1821,0.074,-0.0457
mushroom + salt,59,4.5712,4.6,457.56,8,0.1356,4.5442,0.1821,0.027,-0.0465
butter + freshly black pepper,59,4.6085,4.7,207.78,8,0.1356,4.5442,0.1821,0.0643,-0.0465
cumin + onion,133,4.5812,4.6,411.41,18,0.1353,4.5442,0.1821,0.037,-0.0468
olive oil + salt,473,4.5839,4.6,301.5,64,0.1353,4.5442,0.1821,0.0397,-0.0468
soy sauce + white sugar,74,4.5635,4.6,300.16,10,0.1351,4.5442,0.1821,0.0193,-0.047
egg + whole wheat flour,37,4.5838,4.6,172.78,5,0.1351,4.5442,0.1821,0.0396,-0.047
allspice + baking soda,37,4.5973,4.7,280.49,5,0.1351,4.5442,0.1821,0.0531,-0.047
confectioners' sugar + large egg,37,4.6081,4.7,405.86,5,0.1351,4.5442,0.1821,0.0639,-0.047
celery + olive oil,37,4.6486,4.7,230.92,5,0.1351,4.5442,0.1821,0.1044,-0.047
baking powder + ginger,52,4.5577,4.6,182.62,7,0.1346,4.5442,0.1821,0.0135,-0.0475
salt + white pepper,52,4.5654,4.6,411.31,7,0.1346,4.5442,0.1821,0.0212,-0.0475
cayenne pepper + olive oil,104,4.6077,4.65,345.62,14,0.1346,4.5442,0.1821,0.0635,-0.0475
allspice + clove,52,4.625,4.7,170.94,7,0.1346,4.5442,0.1821,0.0808,-0.0475
dried basil + onion,67,4.5358,4.5,419.51,9,0.1343,4.5442,0.1821,-0.0084,-0.0478
cinnamon + raisin,82,4.5524,4.6,364.06,11,0.1341,4.5442,0.1821,0.0082,-0.048
light corn syrup + salt,30,4.51,4.6,273.5,4,0.1333,4.5442,0.1821,-0.0342,-0.0488
butter + skinless boneless chicken breast halve,30,4.5167,4.5,1097.33,4,0.1333,4.5442,0.1821,-0.0275,-0.0488
cheddar cheese + chili powder,30,4.5233,4.6,517.13,4,0.1333,4.5442,0.1821,-0.0209,-0.0488
black pepper + garlic salt,45,4.5356,4.5,466.04,6,0.1333,4.5442,0.1821,-0.0086,-0.0488
hot water + salt,30,4.54,4.6,878.03,4,0.1333,4.5442,0.1821,-0.0042,-0.0488
celery + mayonnaise,30,4.5567,4.6,353.8,4,0.1333,4.5442,0.1821,0.0125,-0.0488
dried rosemary + salt,30,4.5667,4.6,195.1,4,0.1333,4.5442,0.1821,0.0225,-0.0488
green onion + onion,45,4.5689,4.7,185.73,6,0.1333,4.5442,0.1821,0.0247,-0.0488
orange zest + salt,30,4.57,4.65,269.67,4,0.1333,4.5442,0.1821,0.0258,-0.0488
raisin + salt,105,4.579,4.6,333.36,14,0.1333,4.5442,0.1821,0.0348,-0.0488
cumin + green bell pepper,30,4.5867,4.65,426.3,4,0.1333,4.5442,0.1821,0.0425,-0.0488
butter + flour,30,4.5967,4.6,250.87,4,0.1333,4.5442,0.1821,0.0525,-0.0488
italian seasoning + salt,45,4.6022,4.6,248.42,6,0.1333,4.5442,0.1821,0.058,-0.0488
15 ounce can pumpkin puree + salt,30,4.6233,4.7,774.87,4,0.1333,4.5442,0.1821,0.0791,-0.0488
butter + onion powder,30,4.6267,4.65,375.63,4,0.1333,4.5442,0.1821,0.0825,-0.0488
olive oil + pepper,30,4.64,4.6,292.1,4,0.1333,4.5442,0.1821,0.0958,-0.0488
baking soda + butter,317,4.5785,4.6,882.53,42,0.1325,4.5442,0.1821,0.0343,-0.0496
mozzarella cheese + salt,68,4.5735,4.6,394.46,9,0.1324,4.5442,0.1821,0.0293,-0.0497
cooking spray + garlic,53,4.6038,4.6,230.25,7,0.1321,4.5442,0.1821,0.0596,-0.05
cornstarch + vegetable oil,38,4.5158,4.5,500.32,5,0.1316,4.5442,0.1821,-0.0284,-0.0505
olive oil + stalks celery,38,4.5421,4.6,379.13,5,0.1316,4.5442,0.1821,-0.0021,-0.0505
butter + dried oregano,38,4.5842,4.6,442.0,5,0.1316,4.5442,0.1821,0.04,-0.0505
orange juice + salt,38,4.6105,4.7,247.76,5,0.1316,4.5442,0.1821,0.0663,-0.0505
egg + raisin,61,4.5508,4.6,340.34,8,0.1311,4.5442,0.1821,0.0066,-0.051
baking soda + semisweet chocolate chip,61,4.5803,4.6,1394.82,8,0.1311,4.5442,0.1821,0.0361,-0.051
onion powder + paprika,61,4.6066,4.7,382.39,8,0.1311,4.5442,0.1821,0.0624,-0.051
sour cream + white sugar,84,4.5702,4.7,514.43,11,0.131,4.5442,0.1821,0.026,-0.0511
salt and pepper + white sugar,23,4.4913,4.6,178.87,3,0.1304,4.5442,0.1821,-0.0529,-0.0517
celery + green bell pepper,46,4.5478,4.6,171.67,6,0.1304,4.5442,0.1821,0.0036,-0.0517
garlic powder + ginger,23,4.5478,4.6,199.04,3,0.1304,4.5442,0.1821,0.0036,-0.0517
black pepper + cider vinegar,23,4.5652,4.6,460.17,3,0.1304,4.5442,0.1821,0.021,-0.0517
dried basil + olive oil,69,4.5667,4.6,436.32,9,0.1304,4.5442,0.1821,0.0225,-0.0517
dried oregano + red bell pepper,23,4.587,4.6,279.48,3,0.1304,4.5442,0.1821,0.0428,-0.0517
beef broth + olive oil,23,4.5913,4.6,323.7,3,0.1304,4.5442,0.1821,0.0471,-0.0517
lemon juice + vanilla extract,46,4.6,4.7,204.52,6,0.1304,4.5442,0.1821,0.0558,-0.0517
vinegar + white sugar,23,4.6,4.6,315.83,3,0.1304,4.5442,0.1821,0.0558,-0.0517
large egg + parmesan cheese,46,4.6065,4.6,536.67,6,0.1304,4.5442,0.1821,0.0623,-0.0517
kosher salt + salt,23,4.613,4.7,43.09,3,0.1304,4.5442,0.1821,0.0688,-0.0517
garlic + half-and-half,23,4.6217,4.7,328.3,3,0.1304,4.5442,0.1821,0.0775,-0.0517
black pepper + celery seed,23,4.6522,4.7,910.87,3,0.1304,4.5442,0.1821,0.108,-0.0517
cinnamon + vegetable oil,154,4.6097,4.7,684.23,20,0.1299,4.5442,0.1821,0.0655,-0.0522
cayenne pepper + garlic powder,77,4.6312,4.7,308.42,10,0.1299,4.5442,0.1821,0.087,-0.0522
black pepper + lean beef,54,4.5222,4.6,974.2,7,0.1296,4.5442,0.1821,-0.022,-0.0525
green bell pepper + onion,162,4.5451,4.6,343.04,21,0.1296,4.5442,0.1821,0.0009,-0.0525
olive oil + red bell pepper,54,4.5944,4.6,191.8,7,0.1296,4.5442,0.1821,0.0502,-0.0525
black pepper + cumin,139,4.6022,4.7,278.29,18,0.1295,4.5442,0.1821,0.058,-0.0526
carrot + salt,147,4.5912,4.6,429.95,19,0.1293,4.5442,0.1821,0.047,-0.0528
dry white wine + garlic,31,4.529,4.5,267.26,4,0.129,4.5442,0.1821,-0.0152,-0.0531
garlic + lean beef,62,4.5355,4.6,780.03,8,0.129,4.5442,0.1821,-0.0087,-0.0531
green onion + olive oil,62,4.5387,4.6,191.39,8,0.129,4.5442,0.1821,-0.0055,-0.0531
green onion + soy sauce,93,4.5677,4.6,291.97,12,0.129,4.5442,0.1821,0.0235,-0.0531
garlic + sea salt,31,4.5871,4.6,215.23,4,0.129,4.5442,0.1821,0.0429,-0.0531
cold water + cornstarch,31,4.5903,4.6,641.71,4,0.129,4.5442,0.1821,0.0461,-0.0531
green onion + parmesan cheese,31,4.5935,4.6,374.35,4,0.129,4.5442,0.1821,0.0493,-0.0531
large egg + sour cream,31,4.5935,4.6,305.26,4,0.129,4.5442,0.1821,0.0493,-0.0531
cayenne pepper + salt,186,4.6,4.6,447.53,24,0.129,4.5442,0.1821,0.0558,-0.0531
cilantro + red onion,31,4.6,4.6,124.61,4,0.129,4.5442,0.1821,0.0558,-0.0531
cinnamon + walnut,132,4.5879,4.6,442.08,17,0.1288,4.5442,0.1821,0.0437,-0.0533
baking soda + ginger,70,4.5829,4.6,482.46,9,0.1286,4.5442,0.1821,0.0387,-0.0535
chicken broth + onion,109,4.5945,4.6,550.53,14,0.1284,4.5442,0.1821,0.0503,-0.0537
chili powder + vegetable oil,39,4.5179,4.5,471.28,5,0.1282,4.5442,0.1821,-0.0263,-0.0539
dried oregano + white sugar,39,4.5667,4.6,585.15,5,0.1282,4.5442,0.1821,0.0225,-0.0539
garlic + paprika,117,4.5821,4.6,373.79,15,0.1282,4.5442,0.1821,0.0379,-0.0539
cayenne pepper + cilantro,39,4.5821,4.6,642.92,5,0.1282,4.5442,0.1821,0.0379,-0.0539
garlic + white sugar,156,4.591,4.6,492.04,20,0.1282,4.5442,0.1821,0.0468,-0.0539
italian seasoning + parmesan cheese,39,4.5974,4.6,709.41,5,0.1282,4.5442,0.1821,0.0532,-0.0539
olive oil + red pepper flake,78,4.6026,4.6,299.88,10,0.1282,4.5442,0.1821,0.0584,-0.0539
garlic + lemon juice,164,4.5701,4.6,337.77,21,0.128,4.5442,0.1821,0.0259,-0.0541
paprika + salt,172,4.5663,4.6,367.04,22,0.1279,4.5442,0.1821,0.0221,-0.0542
butter + clove,47,4.5681,4.6,315.51,6,0.1277,4.5442,0.1821,0.0239,-0.0544
italian seasoning + olive oil,47,4.5723,4.6,223.49,6,0.1277,4.5442,0.1821,0.0281,-0.0544
baking soda + large egg,188,4.592,4.7,752.12,24,0.1277,4.5442,0.1821,0.0478,-0.0544
garlic + pepper,47,4.6191,4.6,360.49,6,0.1277,4.5442,0.1821,0.0749,-0.0544
garlic + parmesan cheese,212,4.5792,4.6,458.69,27,0.1274,4.5442,0.1821,0.035,-0.0547
beef + worcestershire sauce,55,4.56,4.6,425.95,7,0.1273,4.5442,0.1821,0.0158,-0.0548
ginger + water,63,4.5603,4.6,497.48,8,0.127,4.5442,0.1821,0.0161,-0.0551
heavy cream + white sugar,71,4.6239,4.6,197.93,9,0.1268,4.5442,0.1821,0.0797,-0.0553
garlic + skinless boneless chicken breast halve,24,4.4917,4.5,782.25,3,0.125,4.5442,0.1821,-0.0525,-0.0571
black pepper + vegetable oil for frying,24,4.5333,4.6,330.0,3,0.125,4.5442,0.1821,-0.0109,-0.0571
baking soda + canola oil,24,4.55,4.55,292.67,3,0.125,4.5442,0.1821,0.0058,-0.0571
garam masala + garlic,24,4.55,4.55,272.17,3,0.125,4.5442,0.1821,0.0058,-0.0571
mushroom + parsley,24,4.55,4.55,305.42,3,0.125,4.5442,0.1821,0.0058,-0.0571
cheddar cheese + salt and black pepper,40,4.5525,4.5,121.5,5,0.125,4.5442,0.1821,0.0083,-0.0571
black pepper + chicken stock,24,4.5625,4.6,126.21,3,0.125,4.5442,0.1821,0.0183,-0.0571
red bell pepper + water,24,4.5667,4.6,190.67,3,0.125,4.5442,0.1821,0.0225,-0.0571
beef + ketchup,48,4.5688,4.6,565.9,6,0.125,4.5442,0.1821,0.0246,-0.0571
bay leaf + garlic,64,4.5719,4.6,295.92,8,0.125,4.5442,0.1821,0.0277,-0.0571
brown sugar + garlic,104,4.574,4.6,265.5,13,0.125,4.5442,0.1821,0.0298,-0.0571
bay leaf + olive oil,32,4.575,4.6,377.44,4,0.125,4.5442,0.1821,0.0308,-0.0571
8 ounce packages cream cheese + vanilla extract,24,4.5792,4.65,1021.29,3,0.125,4.5442,0.1821,0.035,-0.0571
large egg yolk + white sugar,32,4.5938,4.8,310.59,4,0.125,4.5442,0.1821,0.0496,-0.0571
flour + salt,40,4.6,4.6,213.7,5,0.125,4.5442,0.1821,0.0558,-0.0571
carrot + white sugar,56,4.6036,4.6,491.54,7,0.125,4.5442,0.1821,0.0594,-0.0571
dijon mustard + mayonnaise,24,4.6042,4.65,239.29,3,0.125,4.5442,0.1821,0.06,-0.0571
garlic powder + pepper,32,4.6062,4.6,212.03,4,0.125,4.5442,0.1821,0.062,-0.0571
8 ounce packages cream cheese + white sugar,32,4.6094,4.7,829.44,4,0.125,4.5442,0.1821,0.0652,-0.0571
baking soda + flaked coconut,32,4.6125,4.65,307.25,4,0.125,4.5442,0.1821,0.0683,-0.0571
apples - peeled cored and + cinnamon,24,4.6167,4.7,534.88,3,0.125,4.5442,0.1821,0.0725,-0.0571
baking powder + carrot,24,4.6167,4.65,478.54,3,0.125,4.5442,0.1821,0.0725,-0.0571
allspice + water,24,4.6208,4.65,165.79,3,0.125,4.5442,0.1821,0.0766,-0.0571
mayonnaise + salt and black pepper,32,4.625,4.7,145.12,4,0.125,4.5442,0.1821,0.0808,-0.0571
carrot + celery,72,4.6278,4.7,531.72,9,0.125,4.5442,0.1821,0.0836,-0.0571
chicken broth + milk,32,4.6281,4.7,911.91,4,0.125,4.5442,0.1821,0.0839,-0.0571
cayenne pepper + red bell pepper,24,4.6333,4.65,253.88,3,0.125,4.5442,0.1821,0.0891,-0.0571
butter + sour cream,129,4.5519,4.6,498.39,16,0.124,4.5442,0.1821,0.0077,-0.0581
all-purpose flour + raisin,89,4.5787,4.6,396.3,11,0.1236,4.5442,0.1821,0.0345,-0.0585
celery + onion,130,4.5885,4.6,425.41,16,0.1231,4.5442,0.1821,0.0443,-0.059
butter + carrot,65,4.6,4.7,730.37,8,0.1231,4.5442,0.1821,0.0558,-0.059
baking soda + cinnamon,309,4.5909,4.7,574.34,38,0.123,4.5442,0.1821,0.0467,-0.0591
parmesan cheese + salt and black pepper,57,4.6088,4.6,274.67,7,0.1228,4.5442,0.1821,0.0646,-0.0593
mozzarella cheese + parmesan cheese,98,4.5755,4.6,732.81,12,0.1224,4.5442,0.1821,0.0313,-0.0597
black pepper + olive oil,335,4.5872,4.6,281.28,41,0.1224,4.5442,0.1821,0.043,-0.0597
dried thyme + water,49,4.5918,4.6,262.14,6,0.1224,4.5442,0.1821,0.0476,-0.0597
cayenne pepper + garlic,196,4.6102,4.7,463.18,24,0.1224,4.5442,0.1821,0.066,-0.0597
garlic powder + soy sauce,41,4.5585,4.6,383.8,5,0.122,4.5442,0.1821,0.0143,-0.0601
chicken broth + vegetable oil,41,4.622,4.7,506.73,5,0.122,4.5442,0.1821,0.0778,-0.0601
butter + half-and-half,41,4.639,4.7,344.12,5,0.122,4.5442,0.1821,0.0948,-0.0601
freshly black pepper + water,41,4.6439,4.7,222.66,5,0.122,4.5442,0.1821,0.0997,-0.0601
chili powder + salt,115,4.587,4.6,305.2,14,0.1217,4.5442,0.1821,0.0428,-0.0604
mushroom + parmesan cheese,33,4.5455,4.6,412.55,4,0.1212,4.5442,0.1821,0.0013,-0.0609
garlic powder + sour cream,33,4.5485,4.6,468.45,4,0.1212,4.5442,0.1821,0.0043,-0.0609
rolled oat + white sugar,66,4.5606,4.6,471.62,8,0.1212,4.5442,0.1821,0.0164,-0.0609
cornmeal + white sugar,33,4.5667,4.6,540.52,4,0.1212,4.5442,0.1821,0.0225,-0.0609
cooking spray + vegetable oil,33,4.5697,4.6,329.73,4,0.1212,4.5442,0.1821,0.0255,-0.0609
olive oil + shallot,33,4.5727,4.6,184.03,4,0.1212,4.5442,0.1821,0.0285,-0.0609
butter + shallot,33,4.6091,4.6,230.21,4,0.1212,4.5442,0.1821,0.0649,-0.0609
celery + dried thyme,33,4.6121,4.6,245.27,4,0.1212,4.5442,0.1821,0.0679,-0.0609
garlic + salt and black pepper,215,4.5879,4.6,196.21,26,0.1209,4.5442,0.1821,0.0437,-0.0612
green bell pepper + olive oil,58,4.5776,4.6,209.81,7,0.1207,4.5442,0.1821,0.0334,-0.0614
mayonnaise + salt,83,4.5819,4.6,371.58,10,0.1205,4.5442,0.1821,0.0377,-0.0616
garlic + tomato paste,83,4.5928,4.6,214.17,10,0.1205,4.5442,0.1821,0.0486,-0.0616
onion powder + salt,108,4.5861,4.6,336.14,13,0.1204,4.5442,0.1821,0.0419,-0.0617
active dry yeast + vegetable oil,25,4.52,4.6,499.96,3,0.12,4.5442,0.1821,-0.0242,-0.0621
onion + pork,25,4.524,4.5,232.52,3,0.12,4.5442,0.1821,-0.0202,-0.0621
caper + olive oil,25,4.548,4.6,197.12,3,0.12,4.5442,0.1821,0.0038,-0.0621
bacon + salt and pepper,25,4.564,4.6,358.48,3,0.12,4.5442,0.1821,0.0198,-0.0621
confectioners' sugar + shortening,25,4.568,4.6,322.6,3,0.12,4.5442,0.1821,0.0238,-0.0621
lemon juice + soy sauce,25,4.572,4.6,513.2,3,0.12,4.5442,0.1821,0.0278,-0.0621
chili powder + paprika,50,4.58,4.7,307.66,6,0.12,4.5442,0.1821,0.0358,-0.0621
butter + whole milk,25,4.584,4.6,268.92,3,0.12,4.5442,0.1821,0.0398,-0.0621
cornstarch + vanilla extract,50,4.59,4.7,255.58,6,0.12,4.5442,0.1821,0.0458,-0.0621
all-purpose flour + dried thyme,50,4.594,4.6,320.48,6,0.12,4.5442,0.1821,0.0498,-0.0621
chicken broth + green onion,25,4.608,4.6,198.92,3,0.12,4.5442,0.1821,0.0638,-0.0621
carrot + green onion,25,4.612,4.7,164.84,3,0.12,4.5442,0.1821,0.0678,-0.0621
cider vinegar + white sugar,25,4.616,4.7,685.8,3,0.12,4.5442,0.1821,0.0718,-0.0621
brown sugar + green onion,25,4.624,4.7,241.56,3,0.12,4.5442,0.1821,0.0798,-0.0621
celery + worcestershire sauce,25,4.624,4.6,218.68,3,0.12,4.5442,0.1821,0.0798,-0.0621
rosemary + salt,25,4.628,4.7,401.28,3,0.12,4.5442,0.1821,0.0838,-0.0621
clove + white sugar,117,4.5906,4.6,417.38,14,0.1197,4.5442,0.1821,0.0464,-0.0624
white sugar + whole wheat flour,42,4.5452,4.6,178.05,5,0.119,4.5442,0.1821,0.001,-0.0631
beef broth + garlic,42,4.5929,4.6,344.88,5,0.119,4.5442,0.1821,0.0487,-0.0631
cumin + dried oregano,84,4.6071,4.7,446.23,10,0.119,4.5442,0.1821,0.0629,-0.0631
freshly black pepper + garlic powder,42,4.6476,4.7,103.5,5,0.119,4.5442,0.1821,0.1034,-0.0631
dried oregano + onion,101,4.5733,4.6,537.06,12,0.1188,4.5442,0.1821,0.0291,-0.0633
cilantro + olive oil,59,4.6153,4.7,189.07,7,0.1186,4.5442,0.1821,0.0711,-0.0635
black pepper + mayonnaise,76,4.5711,4.6,340.53,9,0.1184,4.5442,0.1821,0.0269,-0.0637
green onion + salt,127,4.5913,4.6,320.55,15,0.1181,4.5442,0.1821,0.0471,-0.064
basil + parmesan cheese,34,4.5706,4.6,535.88,4,0.1176,4.5442,0.1821,0.0264,-0.0645
hot pepper sauce + salt,34,4.5706,4.6,435.24,4,0.1176,4.5442,0.1821,0.0264,-0.0645
sugar + water,34,4.5706,4.6,194.88,4,0.1176,4.5442,0.1821,0.0264,-0.0645
heavy cream + parmesan cheese,34,4.5912,4.65,567.09,4,0.1176,4.5442,0.1821,0.047,-0.0645
green bell pepper + green onion,34,4.5941,4.6,339.97,4,0.1176,4.5442,0.1821,0.0499,-0.0645
bay leaf + carrot,34,4.5971,4.6,260.94,4,0.1176,4.5442,0.1821,0.0529,-0.0645
dijon mustard + olive oil,34,4.6382,4.7,239.41,4,0.1176,4.5442,0.1821,0.094,-0.0645
chili powder + cumin,145,4.5869,4.6,332.28,17,0.1172,4.5442,0.1821,0.0427,-0.0649
cilantro + cumin,77,4.6273,4.7,384.29,9,0.1169,4.5442,0.1821,0.0831,-0.0652
cayenne pepper + cumin,120,4.6233,4.7,487.86,14,0.1167,4.5442,0.1821,0.0791,-0.0654
green onion + salt and black pepper,43,4.5837,4.6,137.37,5,0.1163,4.5442,0.1821,0.0395,-0.0658
all-purpose flour + cayenne pepper,69,4.6116,4.7,262.14,8,0.1159,4.5442,0.1821,0.0674,-0.0662
egg + light corn syrup,26,4.4731,4.55,277.23,3,0.1154,4.5442,0.1821,-0.0711,-0.0667
dried thyme + parsley,26,4.5577,4.6,255.65,3,0.1154,4.5442,0.1821,0.0135,-0.0667
black pepper + soy sauce,104,4.575,4.6,406.98,12,0.1154,4.5442,0.1821,0.0308,-0.0667
black pepper + sesame oil,26,4.5808,4.6,214.5,3,0.1154,4.5442,0.1821,0.0366,-0.0667
celery + vegetable oil,26,4.5846,4.6,212.62,3,0.1154,4.5442,0.1821,0.0404,-0.0667
black pepper + cooking spray,52,4.5942,4.6,348.17,6,0.1154,4.5442,0.1821,0.05,-0.0667
red wine vinegar + white sugar,26,4.6,4.6,237.88,3,0.1154,4.5442,0.1821,0.0558,-0.0667
distilled white vinegar + white sugar,52,4.6019,4.7,338.77,6,0.1154,4.5442,0.1821,0.0577,-0.0667
packed brown sugar + raisin,26,4.6115,4.65,344.42,3,0.1154,4.5442,0.1821,0.0673,-0.0667
black pepper + dried rosemary,26,4.6154,4.6,335.12,3,0.1154,4.5442,0.1821,0.0712,-0.0667
butter + red pepper flake,26,4.6154,4.6,200.19,3,0.1154,4.5442,0.1821,0.0712,-0.0667
black pepper + large egg,87,4.5736,4.6,347.95,10,0.1149,4.5442,0.1821,0.0294,-0.0672
ginger + white sugar,122,4.5754,4.6,379.11,14,0.1148,4.5442,0.1821,0.0312,-0.0673
lemon juice + parsley,61,4.5803,4.6,417.31,7,0.1148,4.5442,0.1821,0.0361,-0.0673
carrot + stalks celery,61,4.6,4.6,387.2,7,0.1148,4.5442,0.1821,0.0558,-0.0673
ginger + vegetable oil,61,4.6115,4.6,549.07,7,0.1148,4.5442,0.1821,0.0673,-0.0673
garlic + green onion,157,4.5796,4.6,249.77,18,0.1146,4.5442,0.1821,0.0354,-0.0675
cornstarch + egg,35,4.5229,4.6,369.86,4,0.1143,4.5442,0.1821,-0.0213,-0.0678
beef + butter,35,4.5571,4.6,225.66,4,0.1143,4.5442,0.1821,0.0129,-0.0678
beef broth + onion,35,4.5771,4.6,411.66,4,0.1143,4.5442,0.1821,0.0329,-0.0678
garlic + medium onion,70,4.5886,4.6,404.63,8,0.1143,4.5442,0.1821,0.0444,-0.0678
all-purpose flour + sugar,35,4.6086,4.6,328.71,4,0.1143,4.5442,0.1821,0.0644,-0.0678
large onion + salt and black pepper,35,4.6114,4.7,127.11,4,0.1143,4.5442,0.1821,0.0672,-0.0678
freshly black pepper + salt,105,4.6333,4.7,200.59,12,0.1143,4.5442,0.1821,0.0891,-0.0678
egg + pecan,79,4.5797,4.6,331.22,9,0.1139,4.5442,0.1821,0.0355,-0.0682
basil + salt,44,4.5318,4.5,367.98,5,0.1136,4.5442,0.1821,-0.0124,-0.0685
chili powder + dried oregano,44,4.5841,4.6,530.25,5,0.1136,4.5442,0.1821,0.0399,-0.0685
clove + vanilla extract,44,4.5932,4.7,363.66,5,0.1136,4.5442,0.1821,0.049,-0.0685
black pepper + brown sugar,88,4.5966,4.6,319.42,10,0.1136,4.5442,0.1821,0.0524,-0.0685
black pepper + mushroom,53,4.5774,4.6,449.85,6,0.1132,4.5442,0.1821,0.0332,-0.0689
allspice + nutmeg,53,4.5887,4.6,174.62,6,0.1132,4.5442,0.1821,0.0445,-0.0689
strawberry + white sugar,53,4.6075,4.7,178.34,6,0.1132,4.5442,0.1821,0.0633,-0.0689
butter + heavy whipping cream,53,4.6113,4.6,290.26,6,0.1132,4.5442,0.1821,0.0671,-0.0689
lemon juice + olive oil,124,4.5823,4.6,333.47,14,0.1129,4.5442,0.1821,0.0381,-0.0692
dried thyme + onion,71,4.5634,4.6,237.49,8,0.1127,4.5442,0.1821,0.0192,-0.0694
garlic + mozzarella cheese,80,4.575,4.6,656.02,9,0.1125,4.5442,0.1821,0.0308,-0.0696
cornstarch + ginger,36,4.5417,4.6,580.0,4,0.1111,4.5442,0.1821,-0.0025,-0.071
butter + rolled oat,63,4.5524,4.6,496.1,7,0.1111,4.5442,0.1821,0.0082,-0.071
green onion + white sugar,54,4.5685,4.6,264.89,6,0.1111,4.5442,0.1821,0.0243,-0.071
cinnamon + sour cream,27,4.5704,4.7,247.78,3,0.1111,4.5442,0.1821,0.0262,-0.071
dried thyme + stalks celery,27,4.5741,4.6,224.74,3,0.1111,4.5442,0.1821,0.0299,-0.071
light brown sugar + salt,27,4.5852,4.6,192.0,3,0.1111,4.5442,0.1821,0.041,-0.071
baking powder + raisin,45,4.5911,4.6,241.96,5,0.1111,4.5442,0.1821,0.0469,-0.071
olive oil + salt and freshly black pepper,27,4.5926,4.7,400.11,3,0.1111,4.5442,0.1821,0.0484,-0.071
all-purpose flour + rhubarb,36,4.5944,4.6,148.53,4,0.1111,4.5442,0.1821,0.0502,-0.071
distilled white vinegar + garlic,27,4.5963,4.6,288.52,3,0.1111,4.5442,0.1821,0.0521,-0.071
butter + sugar,36,4.6,4.6,210.25,4,0.1111,4.5442,0.1821,0.0558,-0.071
cumin + vegetable oil,54,4.6019,4.6,505.24,6,0.1111,4.5442,0.1821,0.0577,-0.071
chicken stock + olive oil,45,4.6022,4.6,218.07,5,0.1111,4.5442,0.1821,0.058,-0.071
cooking spray + onion,36,4.6028,4.6,225.14,4,0.1111,4.5442,0.1821,0.0586,-0.071
dried oregano + garlic powder,63,4.6032,4.7,362.11,7,0.1111,4.5442,0.1821,0.059,-0.071
chicken broth + parsley,27,4.6037,4.7,402.33,3,0.1111,4.5442,0.1821,0.0595,-0.071
chili powder + cilantro,27,4.6037,4.7,299.74,3,0.1111,4.5442,0.1821,0.0595,-0.071
clove + large egg,27,4.6037,4.7,536.96,3,0.1111,4.5442,0.1821,0.0595,-0.071
butter + salt and freshly black pepper,27,4.6074,4.7,403.15,3,0.1111,4.5442,0.1821,0.0632,-0.071
12 fluid ounce can evaporated milk + white sugar,27,4.6259,4.7,321.07,3,0.1111,4.5442,0.1821,0.0817,-0.071
chicken broth + stalks celery,27,4.6296,4.7,298.33,3,0.1111,4.5442,0.1821,0.0854,-0.071
kosher salt + pepper,27,4.6333,4.8,31.89,3,0.1111,4.5442,0.1821,0.0891,-0.071
orange juice + orange zest,27,4.6407,4.7,263.04,3,0.1111,4.5442,0.1821,0.0965,-0.071
cumin + kosher salt,45,4.6622,4.7,107.73,5,0.1111,4.5442,0.1821,0.118,-0.071
garlic + smoked paprika,27,4.6778,4.7,90.89,3,0.1111,4.5442,0.1821,0.1336,-0.071
dried basil + garlic,118,4.5525,4.6,504.13,13,0.1102,4.5442,0.1821,0.0083,-0.0719
cayenne pepper + paprika,100,4.617,4.7,472.26,11,0.11,4.5442,0.1821,0.0728,-0.0721
black pepper + chicken broth,82,4.5951,4.7,532.52,9,0.1098,4.5442,0.1821,0.0509,-0.0723
black pepper + medium onion,55,4.5709,4.6,537.24,6,0.1091,4.5442,0.1821,0.0267,-0.073
dried oregano + parmesan cheese,46,4.5913,4.6,494.04,5,0.1087,4.5442,0.1821,0.0471,-0.0734
dijon mustard + salt,46,4.6326,4.6,182.7,5,0.1087,4.5442,0.1821,0.0884,-0.0734
garlic powder + salt,240,4.5962,4.6,356.0,26,0.1083,4.5442,0.1821,0.052,-0.0738
olive oil + small onion,37,4.5784,4.6,255.0,4,0.1081,4.5442,0.1821,0.0342,-0.074
baking soda + carrot,37,4.6162,4.7,566.32,4,0.1081,4.5442,0.1821,0.072,-0.074
black pepper + green onion,102,4.6098,4.7,294.11,11,0.1078,4.5442,0.1821,0.0656,-0.0743
black pepper + green bell pepper,93,4.5742,4.6,343.35,10,0.1075,4.5442,0.1821,0.03,-0.0746
beef + salt and black pepper,28,4.525,4.5,297.96,3,0.1071,4.5442,0.1821,-0.0192,-0.075
cornmeal + egg,28,4.5571,4.6,322.18,3,0.1071,4.5442,0.1821,0.0129,-0.075
large onion + stalks celery,28,4.5607,4.6,262.75,3,0.1071,4.5442,0.1821,0.0165,-0.075
carrot + dried thyme,28,4.575,4.6,260.75,3,0.1071,4.5442,0.1821,0.0308,-0.075
dried thyme + salt,84,4.5798,4.6,360.9,9,0.1071,4.5442,0.1821,0.0356,-0.075
onion + thyme,28,4.5893,4.6,188.89,3,0.1071,4.5442,0.1821,0.0451,-0.075
pumpkin pie spice + salt,28,4.6036,4.7,236.54,3,0.1071,4.5442,0.1821,0.0594,-0.075
salt and black pepper + stalks celery,28,4.6036,4.7,224.36,3,0.1071,4.5442,0.1821,0.0594,-0.075
sour cream + vanilla extract,56,4.6071,4.7,556.89,6,0.1071,4.5442,0.1821,0.0629,-0.075
butter + graham cracker crumb,28,4.6321,4.7,176.79,3,0.1071,4.5442,0.1821,0.0879,-0.075
cumin + garlic powder,56,4.6429,4.7,190.27,6,0.1071,4.5442,0.1821,0.0987,-0.075
raisin + white sugar,103,4.5864,4.6,369.87,11,0.1068,4.5442,0.1821,0.0422,-0.0753
baking soda + sour cream,47,4.5809,4.6,625.11,5,0.1064,4.5442,0.1821,0.0367,-0.0757
8 ounce package cream cheese + all-purpose flour,47,4.5851,4.6,247.21,5,0.1064,4.5442,0.1821,0.0409,-0.0757
red wine vinegar + salt,47,4.6149,4.7,362.98,5,0.1064,4.5442,0.1821,0.0707,-0.0757
butter + salt and black pepper,160,4.6231,4.7,244.38,17,0.1062,4.5442,0.1821,0.0789,-0.0759
black pepper + cheddar cheese,66,4.5591,4.6,355.18,7,0.1061,4.5442,0.1821,0.0149,-0.076
black pepper + sour cream,66,4.5652,4.6,420.64,7,0.1061,4.5442,0.1821,0.021,-0.076
red bell pepper + salt,66,4.6015,4.6,318.73,7,0.1061,4.5442,0.1821,0.0573,-0.076
vegetable oil + walnut,66,4.6242,4.7,711.94,7,0.1061,4.5442,0.1821,0.08,-0.076
black pepper + celery,85,4.6141,4.7,466.51,9,0.1059,4.5442,0.1821,0.0699,-0.0762
beef + chili powder,38,4.5684,4.6,264.55,4,0.1053,4.5442,0.1821,0.0242,-0.0768
garlic powder + green onion,38,4.5895,4.6,550.95,4,0.1053,4.5442,0.1821,0.0453,-0.0768
black pepper + cinnamon,38,4.6105,4.7,148.92,4,0.1053,4.5442,0.1821,0.0663,-0.0768
8 ounce package cream cheese + vanilla extract,57,4.6228,4.7,358.7,6,0.1053,4.5442,0.1821,0.0786,-0.0768
garlic + shallot,38,4.6237,4.65,177.71,4,0.1053,4.5442,0.1821,0.0795,-0.0768
heavy cream + salt,76,4.6289,4.7,314.53,8,0.1053,4.5442,0.1821,0.0847,-0.0768
egg + sugar,38,4.6395,4.6,193.45,4,0.1053,4.5442,0.1821,0.0953,-0.0768
freshly black pepper + large egg,38,4.6789,4.7,119.18,4,0.1053,4.5442,0.1821,0.1347,-0.0768
half-and-half + salt,38,4.6895,4.75,391.87,4,0.1053,4.5442,0.1821,0.1453,-0.0768
cinnamon + large egg,162,4.6111,4.7,631.21,17,0.1049,4.5442,0.1821,0.0669,-0.0772
garlic + sesame oil,86,4.5849,4.6,189.43,9,0.1047,4.5442,0.1821,0.0407,-0.0774
green bell pepper + red bell pepper,67,4.5925,4.6,263.27,7,0.1045,4.5442,0.1821,0.0483,-0.0776
parsley + salt and black pepper,48,4.5875,4.6,156.35,5,0.1042,4.5442,0.1821,0.0433,-0.0779
baking powder + zucchini,48,4.6104,4.7,504.54,5,0.1042,4.5442,0.1821,0.0662,-0.0779
dried oregano + salt,164,4.589,4.6,504.49,17,0.1037,4.5442,0.1821,0.0448,-0.0784
vegetable oil + whole wheat flour,29,4.5552,4.6,220.38,3,0.1034,4.5442,0.1821,0.011,-0.0787
bay leaf + dried thyme,29,4.569,4.6,155.28,3,0.1034,4.5442,0.1821,0.0248,-0.0787
brown sugar + chili powder,29,4.5759,4.6,122.28,3,0.1034,4.5442,0.1821,0.0317,-0.0787
active dry yeast + warm water 110 degrees f/45 degrees c,29,4.5862,4.6,633.03,3,0.1034,4.5442,0.1821,0.042,-0.0787
all-purpose flour + light brown sugar,29,4.5862,4.6,279.66,3,0.1034,4.5442,0.1821,0.042,-0.0787
baking soda + walnut,145,4.5959,4.6,844.64,15,0.1034,4.5442,0.1821,0.0517,-0.0787
light brown sugar + vanilla extract,29,4.6069,4.7,311.55,3,0.1034,4.5442,0.1821,0.0627,-0.0787
packed light brown sugar + white sugar,29,4.6172,4.7,736.59,3,0.1034,4.5442,0.1821,0.073,-0.0787
chili powder + onion powder,29,4.6207,4.7,289.24,3,0.1034,4.5442,0.1821,0.0765,-0.0787
ginger + onion,29,4.6276,4.7,246.41,3,0.1034,4.5442,0.1821,0.0834,-0.0787
chicken broth + olive oil,87,4.6299,4.7,227.03,9,0.1034,4.5442,0.1821,0.0857,-0.0787
olive oil + sea salt,29,4.6345,4.7,272.55,3,0.1034,4.5442,0.1821,0.0903,-0.0787
dried oregano + vegetable oil,39,4.5846,4.6,371.9,4,0.1026,4.5442,0.1821,0.0404,-0.0795
baking soda + nutmeg,117,4.594,4.7,281.95,12,0.1026,4.5442,0.1821,0.0498,-0.0795
cayenne pepper + dried thyme,39,4.6103,4.6,482.56,4,0.1026,4.5442,0.1821,0.0661,-0.0795
apple cider vinegar + white sugar,39,4.6333,4.6,130.79,4,0.1026,4.5442,0.1821,0.0891,-0.0795
olive oil + salt and black pepper,176,4.6097,4.7,176.5,18,0.1023,4.5442,0.1821,0.0655,-0.0798
black pepper + garlic powder,245,4.5947,4.6,341.13,25,0.102,4.5442,0.1821,0.0505,-0.0801
cayenne pepper + onion powder,49,4.6204,4.7,511.24,5,0.102,4.5442,0.1821,0.0762,-0.0801
butter + chicken broth,108,4.6204,4.7,537.7,11,0.1019,4.5442,0.1821,0.0762,-0.0802
dried oregano + water,69,4.5797,4.6,430.59,7,0.1014,4.5442,0.1821,0.0355,-0.0807
confectioners' sugar + water,30,4.5333,4.6,266.43,3,0.1,4.5442,0.1821,-0.0109,-0.0821
cornstarch + sesame oil,20,4.55,4.6,245.15,2,0.1,4.5442,0.1821,0.0058,-0.0821
cheddar cheese + cooking spray,30,4.5567,4.6,242.97,3,0.1,4.5442,0.1821,0.0125,-0.0821
all-purpose flour + large egg yolk,20,4.56,4.7,318.5,2,0.1,4.5442,0.1821,0.0158,-0.0821
chicken broth + chili powder,20,4.565,4.6,293.95,2,0.1,4.5442,0.1821,0.0208,-0.0821
salt + white wine,30,4.57,4.6,449.83,3,0.1,4.5442,0.1821,0.0258,-0.0821
tomato + vegetable oil,20,4.57,4.6,286.55,2,0.1,4.5442,0.1821,0.0258,-0.0821
baking soda + packed brown sugar,130,4.5723,4.6,989.32,13,0.1,4.5442,0.1821,0.0281,-0.0821
large egg + onion,60,4.5833,4.7,405.75,6,0.1,4.5442,0.1821,0.0391,-0.0821
butter + heavy cream,100,4.587,4.6,393.2,10,0.1,4.5442,0.1821,0.0428,-0.0821
black pepper + stalks celery,60,4.59,4.6,328.32,6,0.1,4.5442,0.1821,0.0458,-0.0821
garlic + ginger,100,4.592,4.6,338.51,10,0.1,4.5442,0.1821,0.0478,-0.0821
large egg + olive oil,50,4.598,4.7,291.28,5,0.1,4.5442,0.1821,0.0538,-0.0821
black pepper + ginger,50,4.6,4.6,491.32,5,0.1,4.5442,0.1821,0.0558,-0.0821
cornstarch + garlic powder,20,4.6,4.6,298.6,2,0.1,4.5442,0.1821,0.0558,-0.0821
dried dill weed + salt,20,4.61,4.7,712.1,2,0.1,4.5442,0.1821,0.0658,-0.0821
baking soda + vegetable oil,180,4.6111,4.7,637.01,18,0.1,4.5442,0.1821,0.0669,-0.0821
celery + water,50,4.612,4.6,340.32,5,0.1,4.5442,0.1821,0.0678,-0.0821
cinnamon + pecan,70,4.6143,4.7,373.51,7,0.1,4.5442,0.1821,0.0701,-0.0821
8 ounce package cream cheese + lemon juice,20,4.615,4.65,152.25,2,0.1,4.5442,0.1821,0.0708,-0.0821
cilantro + soy sauce,20,4.615,4.7,262.45,2,0.1,4.5442,0.1821,0.0708,-0.0821
all-purpose flour + orange zest,30,4.6167,4.7,279.13,3,0.1,4.5442,0.1821,0.0725,-0.0821
dijon mustard + garlic,40,4.62,4.6,386.42,4,0.1,4.5442,0.1821,0.0758,-0.0821
orange zest + white sugar,40,4.62,4.7,180.92,4,0.1,4.5442,0.1821,0.0758,-0.0821
cayenne pepper + lemon juice,30,4.62,4.7,411.67,3,0.1,4.5442,0.1821,0.0758,-0.0821
black pepper + oregano,20,4.625,4.7,178.25,2,0.1,4.5442,0.1821,0.0808,-0.0821
rhubarb + white sugar,50,4.63,4.7,144.2,5,0.1,4.5442,0.1821,0.0858,-0.0821
15 ounce can pumpkin puree + cinnamon,30,4.63,4.7,779.97,3,0.1,4.5442,0.1821,0.0858,-0.0821
apples - peeled cored and + salt,20,4.63,4.7,372.6,2,0.1,4.5442,0.1821,0.0858,-0.0821
cold water + garlic,20,4.63,4.6,531.2,2,0.1,4.5442,0.1821,0.0858,-0.0821
dried thyme + garlic powder,30,4.6333,4.7,424.8,3,0.1,4.5442,0.1821,0.0891,-0.0821
butter + chicken stock,40,4.635,4.7,227.28,4,0.1,4.5442,0.1821,0.0908,-0.0821
12 fluid ounce can evaporated milk + butter,20,4.635,4.7,250.2,2,0.1,4.5442,0.1821,0.0908,-0.0821
jalapeno pepper + salt,20,4.635,4.7,607.25,2,0.1,4.5442,0.1821,0.0908,-0.0821
brown sugar + onion powder,30,4.64,4.7,178.23,3,0.1,4.5442,0.1821,0.0958,-0.0821
carrot + chicken broth,40,4.6575,4.7,640.2,4,0.1,4.5442,0.1821,0.1133,-0.0821
cilantro + salt and black pepper,30,4.66,4.7,417.33,3,0.1,4.5442,0.1821,0.1158,-0.0821
kosher salt + smoked paprika,20,4.675,4.7,88.75,2,0.1,4.5442,0.1821,0.1308,-0.0821
butter + large onion,61,4.5951,4.6,192.25,6,0.0984,4.5442,0.1821,0.0509,-0.0837
green bell pepper + salt,112,4.5875,4.6,340.93,11,0.0982,4.5442,0.1821,0.0433,-0.0839
olive oil + soy sauce,51,4.5745,4.6,402.59,5,0.098,4.5442,0.1821,0.0303,-0.0841
butter + ginger,51,4.5824,4.6,232.61,5,0.098,4.5442,0.1821,0.0382,-0.0841
dried basil + parmesan cheese,51,4.5824,4.6,684.76,5,0.098,4.5442,0.1821,0.0382,-0.0841
salt + water or as needed,41,4.6293,4.7,141.41,4,0.0976,4.5442,0.1821,0.0851,-0.0845
black pepper + dried oregano,154,4.5974,4.6,487.7,15,0.0974,4.5442,0.1821,0.0532,-0.0847
cornstarch + onion,31,4.5452,4.6,413.48,3,0.0968,4.5442,0.1821,0.001,-0.0853
chili powder + worcestershire sauce,31,4.5516,4.6,309.87,3,0.0968,4.5442,0.1821,0.0074,-0.0853
black pepper + dried basil,93,4.5849,4.6,555.14,9,0.0968,4.5442,0.1821,0.0407,-0.0853
garlic + red pepper flakes or,31,4.6032,4.6,160.71,3,0.0968,4.5442,0.1821,0.059,-0.0853
chicken broth + garlic powder,31,4.6161,4.6,149.29,3,0.0968,4.5442,0.1821,0.0719,-0.0853
allspice + white sugar,62,4.621,4.7,160.87,6,0.0968,4.5442,0.1821,0.0768,-0.0853
extra-virgin olive oil + garlic,52,4.6404,4.7,237.46,5,0.0962,4.5442,0.1821,0.0962,-0.0859
black pepper + dried thyme,94,4.5926,4.6,313.81,9,0.0957,4.5442,0.1821,0.0484,-0.0864
almond extract + confectioners' sugar,21,4.5,4.6,465.57,2,0.0952,4.5442,0.1821,-0.0442,-0.0869
mayonnaise + milk,21,4.519,4.5,328.24,2,0.0952,4.5442,0.1821,-0.0252,-0.0869
beef + pork,21,4.5238,4.5,339.19,2,0.0952,4.5442,0.1821,-0.0204,-0.0869
butter + chili powder,21,4.5286,4.6,383.48,2,0.0952,4.5442,0.1821,-0.0156,-0.0869
butter + garlic salt,21,4.5571,4.5,384.81,2,0.0952,4.5442,0.1821,0.0129,-0.0869
carrot + dried oregano,21,4.5571,4.6,637.43,2,0.0952,4.5442,0.1821,0.0129,-0.0869
brown sugar + red pepper flake,21,4.5667,4.6,372.43,2,0.0952,4.5442,0.1821,0.0225,-0.0869
garlic + ketchup,63,4.5683,4.6,310.49,6,0.0952,4.5442,0.1821,0.0241,-0.0869
all-purpose flour + dried basil,21,4.5714,4.6,447.29,2,0.0952,4.5442,0.1821,0.0272,-0.0869
beef + green bell pepper,21,4.5762,4.6,415.9,2,0.0952,4.5442,0.1821,0.032,-0.0869
chili powder + sour cream,21,4.5762,4.6,571.38,2,0.0952,4.5442,0.1821,0.032,-0.0869
15 ounce can tomato sauce + onion,21,4.581,4.6,498.0,2,0.0952,4.5442,0.1821,0.0368,-0.0869
olive oil + red pepper flakes or,21,4.581,4.6,296.33,2,0.0952,4.5442,0.1821,0.0368,-0.0869
15 ounce can tomato sauce + garlic,21,4.5905,4.6,453.95,2,0.0952,4.5442,0.1821,0.0463,-0.0869
9 inch unbaked pie crust + salt,21,4.5905,4.6,1033.33,2,0.0952,4.5442,0.1821,0.0463,-0.0869
cilantro + ginger,21,4.5905,4.6,224.52,2,0.0952,4.5442,0.1821,0.0463,-0.0869
black pepper + cayenne pepper or,21,4.5952,4.7,166.29,2,0.0952,4.5442,0.1821,0.051,-0.0869
pecan halve + white sugar,21,4.5952,4.6,264.57,2,0.0952,4.5442,0.1821,0.051,-0.0869
lamb + salt,21,4.6,4.6,65.0,2,0.0952,4.5442,0.1821,0.0558,-0.0869
chili powder + medium onion,21,4.6048,4.7,352.9,2,0.0952,4.5442,0.1821,0.0606,-0.0869
all-purpose flour + apples - peeled cored and,21,4.6095,4.7,397.29,2,0.0952,4.5442,0.1821,0.0653,-0.0869
cinnamon + orange zest,21,4.619,4.7,171.57,2,0.0952,4.5442,0.1821,0.0748,-0.0869
cumin + worcestershire sauce,21,4.619,4.7,625.57,2,0.0952,4.5442,0.1821,0.0748,-0.0869
kosher salt + large egg,42,4.6238,4.65,52.5,4,0.0952,4.5442,0.1821,0.0796,-0.0869
all-purpose flour + vegetable shortening,21,4.6238,4.7,124.52,2,0.0952,4.5442,0.1821,0.0796,-0.0869
cumin + tomato paste,21,4.6238,4.7,129.86,2,0.0952,4.5442,0.1821,0.0796,-0.0869
onion + oregano,21,4.6238,4.6,284.29,2,0.0952,4.5442,0.1821,0.0796,-0.0869
salt + vegetable shortening,21,4.6238,4.7,130.62,2,0.0952,4.5442,0.1821,0.0796,-0.0869
bread flour + warm water 110 degrees f/45 degrees c,21,4.6286,4.7,1087.05,2,0.0952,4.5442,0.1821,0.0844,-0.0869
water + white vinegar,21,4.6286,4.7,355.62,2,0.0952,4.5442,0.1821,0.0844,-0.0869
cinnamon + zucchini,42,4.631,4.7,617.69,4,0.0952,4.5442,0.1821,0.0868,-0.0869
confectioners' sugar + unsalted butter,21,4.6333,4.7,401.24,2,0.0952,4.5442,0.1821,0.0891,-0.0869
chicken broth + salt,105,4.6362,4.7,519.71,10,0.0952,4.5442,0.1821,0.092,-0.0869
black pepper + half-and-half,21,4.6476,4.7,322.0,2,0.0952,4.5442,0.1821,0.1034,-0.0869
beef + olive oil,42,4.6524,4.7,272.29,4,0.0952,4.5442,0.1821,0.1082,-0.0869
dried oregano + large egg,21,4.6619,4.7,342.24,2,0.0952,4.5442,0.1821,0.1177,-0.0869
cinnamon + heavy cream,21,4.6667,4.7,236.48,2,0.0952,4.5442,0.1821,0.1225,-0.0869
cayenne pepper + smoked paprika,21,4.7238,4.8,64.14,2,0.0952,4.5442,0.1821,0.1796,-0.0869
cumin + paprika,85,4.6071,4.6,381.13,8,0.0941,4.5442,0.1821,0.0629,-0.088
dried basil + dried oregano,96,4.5656,4.6,604.27,9,0.0938,4.5442,0.1821,0.0214,-0.0883
28 ounce can tomatoe + garlic,32,4.575,4.6,882.34,3,0.0938,4.5442,0.1821,0.0308,-0.0883
black pepper + heavy cream,32,4.6125,4.7,386.22,3,0.0938,4.5442,0.1821,0.0683,-0.0883
confectioners' sugar + vegetable oil,32,4.6125,4.7,790.28,3,0.0938,4.5442,0.1821,0.0683,-0.0883
carrot + vanilla extract,32,4.6312,4.7,622.06,3,0.0938,4.5442,0.1821,0.087,-0.0883
cayenne pepper + chicken broth,32,4.7219,4.8,323.44,3,0.0938,4.5442,0.1821,0.1777,-0.0883
bacon + garlic,43,4.5884,4.6,309.0,4,0.093,4.5442,0.1821,0.0442,-0.0891
garlic + oregano,43,4.6256,4.7,233.14,4,0.093,4.5442,0.1821,0.0814,-0.0891
large onion + olive oil,54,4.5981,4.6,178.7,5,0.0926,4.5442,0.1821,0.0539,-0.0895
salt + zucchini,65,4.6154,4.7,527.62,6,0.0923,4.5442,0.1821,0.0712,-0.0898
garlic powder + kosher salt,65,4.6477,4.7,134.02,6,0.0923,4.5442,0.1821,0.1035,-0.0898
lean beef + mozzarella cheese,22,4.55,4.55,2032.32,2,0.0909,4.5442,0.1821,0.0058,-0.0912
cilantro + tomato,22,4.5545,4.55,261.14,2,0.0909,4.5442,0.1821,0.0103,-0.0912
28 ounce can tomatoe + salt,22,4.5591,4.6,196.59,2,0.0909,4.5442,0.1821,0.0149,-0.0912
egg + flour,22,4.5591,4.6,127.77,2,0.0909,4.5442,0.1821,0.0149,-0.0912
dried oregano + green bell pepper,44,4.5773,4.6,442.59,4,0.0909,4.5442,0.1821,0.0331,-0.0912
beef broth + black pepper,33,4.5788,4.6,444.45,3,0.0909,4.5442,0.1821,0.0346,-0.0912
butter + dried basil,33,4.5818,4.6,648.39,3,0.0909,4.5442,0.1821,0.0376,-0.0912
green bell pepper + paprika,22,4.5818,4.55,169.09,2,0.0909,4.5442,0.1821,0.0376,-0.0912
brown sugar + sesame oil,22,4.5864,4.6,243.55,2,0.0909,4.5442,0.1821,0.0422,-0.0912
butter + packed light brown sugar,22,4.5909,4.6,976.95,2,0.0909,4.5442,0.1821,0.0467,-0.0912
ginger + lemon juice,22,4.5909,4.6,267.05,2,0.0909,4.5442,0.1821,0.0467,-0.0912
dry bread crumb + garlic,22,4.5955,4.6,374.5,2,0.0909,4.5442,0.1821,0.0513,-0.0912
heavy cream + milk,33,4.597,4.6,352.03,3,0.0909,4.5442,0.1821,0.0528,-0.0912
ginger + packed brown sugar,33,4.6,4.7,532.03,3,0.0909,4.5442,0.1821,0.0558,-0.0912
beef + parmesan cheese,22,4.6045,4.65,459.32,2,0.0909,4.5442,0.1821,0.0603,-0.0912
heavy whipping cream + white sugar,55,4.6073,4.6,260.27,5,0.0909,4.5442,0.1821,0.0631,-0.0912
egg + zucchini,44,4.6091,4.6,251.86,4,0.0909,4.5442,0.1821,0.0649,-0.0912
onion + onion powder,22,4.6091,4.65,306.5,2,0.0909,4.5442,0.1821,0.0649,-0.0912
packed brown sugar + pecan,33,4.6121,4.6,210.55,3,0.0909,4.5442,0.1821,0.0679,-0.0912
all-purpose flour + bay leaf,22,4.6182,4.7,192.32,2,0.0909,4.5442,0.1821,0.074,-0.0912
chicken broth + dried thyme,33,4.6242,4.7,511.39,3,0.0909,4.5442,0.1821,0.08,-0.0912
lemon juiced + salt,33,4.6273,4.6,309.48,3,0.0909,4.5442,0.1821,0.0831,-0.0912
monterey jack cheese + salt,22,4.6364,4.6,520.82,2,0.0909,4.5442,0.1821,0.0922,-0.0912
salt + salt and black pepper,44,4.6591,4.7,253.68,4,0.0909,4.5442,0.1821,0.1149,-0.0912
chicken broth + salt and black pepper,44,4.6682,4.7,162.59,4,0.0909,4.5442,0.1821,0.124,-0.0912
salt + turkey,22,4.6727,4.7,432.95,2,0.0909,4.5442,0.1821,0.1285,-0.0912
garlic powder + green bell pepper,22,4.6818,4.7,753.86,2,0.0909,4.5442,0.1821,0.1376,-0.0912
salt + smoked paprika,22,4.7,4.7,83.45,2,0.0909,4.5442,0.1821,0.1558,-0.0912
cumin + olive oil,155,4.6297,4.7,200.94,14,0.0903,4.5442,0.1821,0.0855,-0.0918
dried oregano + garlic,222,4.5878,4.6,434.32,20,0.0901,4.5442,0.1821,0.0436,-0.092
dried basil + salt,89,4.5978,4.6,615.7,8,0.0899,4.5442,0.1821,0.0536,-0.0922
celery + salt,89,4.6067,4.6,468.1,8,0.0899,4.5442,0.1821,0.0625,-0.0922
active dry yeast + white sugar,67,4.5731,4.6,324.63,6,0.0896,4.5442,0.1821,0.0289,-0.0925
heavy whipping cream + salt,56,4.6304,4.6,239.98,5,0.0893,4.5442,0.1821,0.0862,-0.0928
freshly black pepper + onion,56,4.675,4.7,198.64,5,0.0893,4.5442,0.1821,0.1308,-0.0928
heavy cream + vanilla extract,56,4.6786,4.8,253.89,5,0.0893,4.5442,0.1821,0.1344,-0.0928
cornstarch + lemon juice,45,4.6133,4.7,324.93,4,0.0889,4.5442,0.1821,0.0691,-0.0932
mayonnaise + white sugar,45,4.6178,4.6,387.96,4,0.0889,4.5442,0.1821,0.0736,-0.0932
garlic + salt or,45,4.6267,4.7,742.02,4,0.0889,4.5442,0.1821,0.0825,-0.0932
8 ounce package cream cheese + egg,34,4.5794,4.6,316.0,3,0.0882,4.5442,0.1821,0.0352,-0.0939
black pepper + red wine vinegar,34,4.6235,4.65,355.29,3,0.0882,4.5442,0.1821,0.0793,-0.0939
ginger + large egg,34,4.6294,4.7,965.15,3,0.0882,4.5442,0.1821,0.0852,-0.0939
olive oil + onion powder,34,4.6412,4.65,270.41,3,0.0882,4.5442,0.1821,0.097,-0.0939
medium onion + olive oil,34,4.6471,4.65,257.62,3,0.0882,4.5442,0.1821,0.1029,-0.0939
olive oil + rosemary,34,4.65,4.7,326.82,3,0.0882,4.5442,0.1821,0.1058,-0.0939
carrot + stalk celery,23,4.5217,4.6,245.61,2,0.087,4.5442,0.1821,-0.0225,-0.0951
hot water + white sugar,23,4.5609,4.6,1034.7,2,0.087,4.5442,0.1821,0.0167,-0.0951
ketchup + packed brown sugar,23,4.5609,4.6,832.13,2,0.087,4.5442,0.1821,0.0167,-0.0951
lean beef + parmesan cheese,23,4.5652,4.6,1986.87,2,0.087,4.5442,0.1821,0.021,-0.0951
carrot + large onion,23,4.5696,4.6,300.48,2,0.087,4.5442,0.1821,0.0254,-0.0951
active dry yeast + all-purpose flour,46,4.5717,4.6,359.83,4,0.087,4.5442,0.1821,0.0275,-0.0951
bacon + cheddar cheese,23,4.5739,4.6,380.39,2,0.087,4.5442,0.1821,0.0297,-0.0951
butter + strawberry,23,4.5783,4.6,161.83,2,0.087,4.5442,0.1821,0.0341,-0.0951
coriander + olive oil,23,4.5783,4.6,141.0,2,0.087,4.5442,0.1821,0.0341,-0.0951
carrot + red bell pepper,23,4.5826,4.6,232.61,2,0.087,4.5442,0.1821,0.0384,-0.0951
cajun seasoning + garlic,23,4.5957,4.6,309.78,2,0.087,4.5442,0.1821,0.0515,-0.0951
beef + large egg,23,4.6043,4.6,396.43,2,0.087,4.5442,0.1821,0.0601,-0.0951
onion powder + vegetable oil,23,4.6304,4.7,664.74,2,0.087,4.5442,0.1821,0.0862,-0.0951
black pepper + turkey,23,4.6391,4.7,428.17,2,0.087,4.5442,0.1821,0.0949,-0.0951
chicken broth + large onion,23,4.6391,4.7,303.83,2,0.087,4.5442,0.1821,0.0949,-0.0951
black pepper + dijon mustard,46,4.6457,4.7,240.43,4,0.087,4.5442,0.1821,0.1015,-0.0951
baking soda + sugar,23,4.6565,4.7,347.83,2,0.087,4.5442,0.1821,0.1123,-0.0951
salt + swiss cheese,23,4.6565,4.7,481.22,2,0.087,4.5442,0.1821,0.1123,-0.0951
garlic + white pepper,35,4.58,4.6,233.0,3,0.0857,4.5442,0.1821,0.0358,-0.0964
beef + garlic,105,4.5838,4.6,323.89,9,0.0857,4.5442,0.1821,0.0396,-0.0964
all-purpose flour + kosher salt,70,4.6214,4.7,79.84,6,0.0857,4.5442,0.1821,0.0772,-0.0964
carrot + salt and black pepper,35,4.6257,4.7,302.34,3,0.0857,4.5442,0.1821,0.0815,-0.0964
red onion + salt,35,4.6771,4.7,96.11,3,0.0857,4.5442,0.1821,0.1329,-0.0964
black pepper + chili powder,82,4.6207,4.7,362.38,7,0.0854,4.5442,0.1821,0.0765,-0.0967
garlic + red wine vinegar,47,4.6277,4.6,329.51,4,0.0851,4.5442,0.1821,0.0835,-0.097
large egg + packed brown sugar,59,4.6085,4.7,930.95,5,0.0847,4.5442,0.1821,0.0643,-0.0974
salt + uncooked white rice,24,4.4625,4.5,725.0,2,0.0833,4.5442,0.1821,-0.0817,-0.0988
basil + parsley,24,4.5333,4.6,328.0,2,0.0833,4.5442,0.1821,-0.0109,-0.0988
salt + sesame oil,24,4.5375,4.5,179.08,2,0.0833,4.5442,0.1821,-0.0067,-0.0988
beef broth + worcestershire sauce,24,4.5542,4.6,523.17,2,0.0833,4.5442,0.1821,0.01,-0.0988
cornmeal + milk,24,4.5542,4.6,349.21,2,0.0833,4.5442,0.1821,0.01,-0.0988
hot pepper sauce + worcestershire sauce,24,4.5667,4.6,443.29,2,0.0833,4.5442,0.1821,0.0225,-0.0988
dried basil + mozzarella cheese,24,4.5792,4.6,501.62,2,0.0833,4.5442,0.1821,0.035,-0.0988
black pepper + mozzarella cheese,48,4.5875,4.65,805.44,4,0.0833,4.5442,0.1821,0.0433,-0.0988
cinnamon + cooking spray,36,4.6083,4.6,326.0,3,0.0833,4.5442,0.1821,0.0641,-0.0988
black pepper + onion powder,120,4.62,4.7,365.68,10,0.0833,4.5442,0.1821,0.0758,-0.0988
mozzarella cheese + salt and black pepper,24,4.6208,4.7,155.21,2,0.0833,4.5442,0.1821,0.0766,-0.0988
lemon zest + olive oil,24,4.625,4.65,160.38,2,0.0833,4.5442,0.1821,0.0808,-0.0988
vegetable oil + zucchini,48,4.6271,4.7,677.46,4,0.0833,4.5442,0.1821,0.0829,-0.0988
cinnamon + sugar,24,4.6292,4.65,186.5,2,0.0833,4.5442,0.1821,0.085,-0.0988
nutmeg + unsalted butter,24,4.6292,4.7,103.08,2,0.0833,4.5442,0.1821,0.085,-0.0988
olive oil + oregano,36,4.6306,4.6,223.19,3,0.0833,4.5442,0.1821,0.0864,-0.0988
baking soda + pecan,48,4.6354,4.7,422.69,4,0.0833,4.5442,0.1821,0.0912,-0.0988
all-purpose flour + pumpkin pie spice,24,4.6375,4.7,228.12,2,0.0833,4.5442,0.1821,0.0933,-0.0988
all-purpose flour + freshly black pepper,48,4.6458,4.7,132.9,4,0.0833,4.5442,0.1821,0.1016,-0.0988
paprika + worcestershire sauce,36,4.6528,4.7,707.47,3,0.0833,4.5442,0.1821,0.1086,-0.0988
dried thyme + garlic,97,4.5938,4.6,218.8,8,0.0825,4.5442,0.1821,0.0496,-0.0996
garlic + italian seasoning,61,4.6016,4.6,502.11,5,0.082,4.5442,0.1821,0.0574,-0.1001
olive oil + tomato paste,49,4.602,4.6,268.8,4,0.0816,4.5442,0.1821,0.0578,-0.1005
butter + dried thyme,49,4.6245,4.7,354.06,4,0.0816,4.5442,0.1821,0.0803,-0.1005
all-purpose flour + green onion,37,4.5865,4.6,271.22,3,0.0811,4.5442,0.1821,0.0423,-0.101
black pepper + cornstarch,37,4.6081,4.6,458.0,3,0.0811,4.5442,0.1821,0.0639,-0.101
almond + salt,37,4.6135,4.7,213.59,3,0.0811,4.5442,0.1821,0.0693,-0.101
all-purpose flour + packed light brown sugar,37,4.6243,4.7,651.08,3,0.0811,4.5442,0.1821,0.0801,-0.101
buttermilk + vegetable oil,25,4.568,4.6,570.84,2,0.08,4.5442,0.1821,0.0238,-0.1021
butter room temperature + white sugar,25,4.572,4.6,276.16,2,0.08,4.5442,0.1821,0.0278,-0.1021
allspice + baking powder,25,4.576,4.6,341.08,2,0.08,4.5442,0.1821,0.0318,-0.1021
bay leaf + vegetable oil,25,4.584,4.6,179.48,2,0.08,4.5442,0.1821,0.0398,-0.1021
all-purpose flour + heavy whipping cream,25,4.588,4.6,544.04,2,0.08,4.5442,0.1821,0.0438,-0.1021
blueberry + white sugar,75,4.608,4.7,493.83,6,0.08,4.5442,0.1821,0.0638,-0.1021
cilantro + lime juiced,25,4.62,4.6,531.32,2,0.08,4.5442,0.1821,0.0758,-0.1021
dried oregano + lemon juice,25,4.628,4.7,286.2,2,0.08,4.5442,0.1821,0.0838,-0.1021
cinnamon + cumin,50,4.634,4.7,292.22,4,0.08,4.5442,0.1821,0.0898,-0.1021
black pepper + salt and black pepper,25,4.636,4.7,304.36,2,0.08,4.5442,0.1821,0.0918,-0.1021
kosher salt + parsley,25,4.644,4.7,90.16,2,0.08,4.5442,0.1821,0.0998,-0.1021
olive oil + unsalted butter,25,4.648,4.7,150.0,2,0.08,4.5442,0.1821,0.1038,-0.1021
red bell pepper + salt and black pepper,25,4.648,4.7,133.16,2,0.08,4.5442,0.1821,0.1038,-0.1021
black pepper + yellow onion,25,4.684,4.7,155.8,2,0.08,4.5442,0.1821,0.1398,-0.1021
olive oil + smoked paprika,25,4.728,4.8,71.36,2,0.08,4.5442,0.1821,0.1838,-0.1021
chili powder + garlic powder,63,4.6286,4.7,259.48,5,0.0794,4.5442,0.1821,0.0844,-0.1027
sesame oil + white sugar,38,4.5895,4.6,171.39,3,0.0789,4.5442,0.1821,0.0453,-0.1032
green onion + mayonnaise,38,4.6211,4.6,295.34,3,0.0789,4.5442,0.1821,0.0769,-0.1032
green bell pepper + parsley,26,4.5654,4.6,179.54,2,0.0769,4.5442,0.1821,0.0212,-0.1052
chili powder + green bell pepper,26,4.5808,4.6,598.12,2,0.0769,4.5442,0.1821,0.0366,-0.1052
all-purpose flour + quick cooking oat,26,4.5962,4.6,536.54,2,0.0769,4.5442,0.1821,0.052,-0.1052
all-purpose flour + blueberry,52,4.5981,4.65,607.75,4,0.0769,4.5442,0.1821,0.0539,-0.1052
dried basil + dried thyme,39,4.6051,4.6,391.36,3,0.0769,4.5442,0.1821,0.0609,-0.1052
9 inch unbaked pie crust + white sugar,26,4.6077,4.6,298.19,2,0.0769,4.5442,0.1821,0.0635,-0.1052
bacon + water,26,4.6115,4.6,334.46,2,0.0769,4.5442,0.1821,0.0673,-0.1052
balsamic vinegar + olive oil,52,4.6135,4.6,348.44,4,0.0769,4.5442,0.1821,0.0693,-0.1052
clove + raisin,26,4.6231,4.7,270.62,2,0.0769,4.5442,0.1821,0.0789,-0.1052
freshly black pepper + paprika,26,4.6231,4.65,225.04,2,0.0769,4.5442,0.1821,0.0789,-0.1052
butter + dijon mustard,26,4.6538,4.65,379.46,2,0.0769,4.5442,0.1821,0.1096,-0.1052
15 ounce can pumpkin puree + white sugar,26,4.6577,4.7,633.62,2,0.0769,4.5442,0.1821,0.1135,-0.1052
freshly black pepper + kosher salt,78,4.6897,4.7,124.19,6,0.0769,4.5442,0.1821,0.1455,-0.1052
all-purpose flour + chicken broth,80,4.6362,4.7,596.09,6,0.075,4.5442,0.1821,0.092,-0.1071
freshly black pepper + garlic,121,4.662,4.7,236.54,9,0.0744,4.5442,0.1821,0.1178,-0.1077
butter + pepper,27,4.5778,4.6,249.93,2,0.0741,4.5442,0.1821,0.0336,-0.108
green bell pepper + stalks celery,27,4.5852,4.6,394.44,2,0.0741,4.5442,0.1821,0.041,-0.108
ginger + green onion,27,4.5889,4.6,318.81,2,0.0741,4.5442,0.1821,0.0447,-0.108
crumbled feta cheese + olive oil,27,4.6037,4.6,378.33,2,0.0741,4.5442,0.1821,0.0595,-0.108
pumpkin pie spice + white sugar,27,4.6037,4.7,195.11,2,0.0741,4.5442,0.1821,0.0595,-0.108
butter + rhubarb,27,4.6111,4.7,206.15,2,0.0741,4.5442,0.1821,0.0669,-0.108
all-purpose flour + orange juice,27,4.6185,4.7,287.85,2,0.0741,4.5442,0.1821,0.0743,-0.108
cayenne pepper or + olive oil,27,4.6259,4.7,95.22,2,0.0741,4.5442,0.1821,0.0817,-0.108
cumin + ginger,27,4.6259,4.6,408.81,2,0.0741,4.5442,0.1821,0.0817,-0.108
cayenne pepper + dried oregano,54,4.6352,4.7,725.74,4,0.0741,4.5442,0.1821,0.091,-0.108
ginger + kosher salt,27,4.6556,4.7,94.04,2,0.0741,4.5442,0.1821,0.1114,-0.108
graham cracker crumb + white sugar,27,4.6593,4.7,246.52,2,0.0741,4.5442,0.1821,0.1151,-0.108
8 ounce package cream cheese + cinnamon,27,4.6667,4.7,332.04,2,0.0741,4.5442,0.1821,0.1225,-0.108
black pepper + extra-virgin olive oil,27,4.6741,4.7,156.26,2,0.0741,4.5442,0.1821,0.1299,-0.108
kosher salt + onion powder,27,4.6889,4.7,144.26,2,0.0741,4.5442,0.1821,0.1447,-0.108
cayenne pepper + freshly black pepper,68,4.6882,4.7,179.26,5,0.0735,4.5442,0.1821,0.144,-0.1086
onion powder + worcestershire sauce,41,4.578,4.6,361.59,3,0.0732,4.5442,0.1821,0.0338,-0.1089
black pepper + italian seasoning,41,4.6122,4.6,747.76,3,0.0732,4.5442,0.1821,0.068,-0.1089
olive oil + red wine vinegar,41,4.6244,4.6,301.93,3,0.0732,4.5442,0.1821,0.0802,-0.1089
kosher salt + unsalted butter,41,4.6341,4.7,139.98,3,0.0732,4.5442,0.1821,0.0899,-0.1089
kosher salt + water,55,4.6564,4.7,102.09,4,0.0727,4.5442,0.1821,0.1122,-0.1094
baking soda + raisin,69,4.6101,4.6,435.26,5,0.0725,4.5442,0.1821,0.0659,-0.1096
8 ounce package cream cheese + butter,69,4.6333,4.7,292.94,5,0.0725,4.5442,0.1821,0.0891,-0.1096
active dry yeast + salt,83,4.594,4.6,364.3,6,0.0723,4.5442,0.1821,0.0498,-0.1098
cheddar cheese + green bell pepper,28,4.5357,4.55,441.64,2,0.0714,4.5442,0.1821,-0.0085,-0.1107
dried basil + green bell pepper,28,4.5786,4.6,461.11,2,0.0714,4.5442,0.1821,0.0344,-0.1107
quick cooking oat + salt,28,4.6036,4.7,694.5,2,0.0714,4.5442,0.1821,0.0594,-0.1107
cinnamon + garlic,56,4.6321,4.7,293.96,4,0.0714,4.5442,0.1821,0.0879,-0.1107
cayenne pepper + celery,28,4.6357,4.7,267.32,2,0.0714,4.5442,0.1821,0.0915,-0.1107
red bell pepper + white sugar,28,4.6429,4.65,149.82,2,0.0714,4.5442,0.1821,0.0987,-0.1107
garlic + lemon zest,28,4.675,4.75,157.86,2,0.0714,4.5442,0.1821,0.1308,-0.1107
salt + yellow onion,28,4.6821,4.7,160.39,2,0.0714,4.5442,0.1821,0.1379,-0.1107
cumin + salt and black pepper,43,4.6116,4.6,364.86,3,0.0698,4.5442,0.1821,0.0674,-0.1123
dry white wine + olive oil,29,4.5897,4.6,234.1,2,0.069,4.5442,0.1821,0.0455,-0.1131
bacon + onion,58,4.5966,4.6,385.16,4,0.069,4.5442,0.1821,0.0524,-0.1131
green onion + red bell pepper,29,4.6034,4.6,432.79,2,0.069,4.5442,0.1821,0.0592,-0.1131
lemon juice + salt and black pepper,29,4.6103,4.6,191.69,2,0.069,4.5442,0.1821,0.0661,-0.1131
dried oregano + paprika,58,4.6328,4.7,452.55,4,0.069,4.5442,0.1821,0.0886,-0.1131
black pepper + thyme,29,4.6655,4.7,139.55,2,0.069,4.5442,0.1821,0.1213,-0.1131
cornstarch + white sugar,131,4.6221,4.7,368.63,9,0.0687,4.5442,0.1821,0.0779,-0.1134
packed brown sugar + rolled oat,44,4.5864,4.6,435.25,3,0.0682,4.5442,0.1821,0.0422,-0.1139
green onion + sesame oil,45,4.5889,4.6,210.67,3,0.0667,4.5442,0.1821,0.0447,-0.1154
pork + salt,30,4.5967,4.6,265.0,2,0.0667,4.5442,0.1821,0.0525,-0.1154
green bell pepper + white sugar,30,4.6033,4.6,269.6,2,0.0667,4.5442,0.1821,0.0591,-0.1154
heavy whipping cream + vanilla extract,45,4.6111,4.6,224.07,3,0.0667,4.5442,0.1821,0.0669,-0.1154
cayenne pepper + chili powder,45,4.6133,4.7,289.36,3,0.0667,4.5442,0.1821,0.0691,-0.1154
bread flour + white sugar,45,4.6222,4.7,789.07,3,0.0667,4.5442,0.1821,0.078,-0.1154
garlic + lamb,30,4.6233,4.65,84.33,2,0.0667,4.5442,0.1821,0.0791,-0.1154
bacon + butter,45,4.6356,4.7,311.93,3,0.0667,4.5442,0.1821,0.0914,-0.1154
cinnamon + cornstarch,45,4.6556,4.7,341.93,3,0.0667,4.5442,0.1821,0.1114,-0.1154
cumin + lemon juice,46,4.637,4.7,285.07,3,0.0652,4.5442,0.1821,0.0928,-0.1169
bread flour + salt,62,4.6129,4.6,678.35,4,0.0645,4.5442,0.1821,0.0687,-0.1176
chicken broth + water,31,4.6419,4.6,411.23,2,0.0645,4.5442,0.1821,0.0977,-0.1176
sugar + vanilla extract,31,4.6484,4.6,203.71,2,0.0645,4.5442,0.1821,0.1042,-0.1176
black pepper + red onion,31,4.6839,4.7,121.23,2,0.0645,4.5442,0.1821,0.1397,-0.1176
8 ounce package cream cheese + white sugar,78,4.6256,4.7,297.54,5,0.0641,4.5442,0.1821,0.0814,-0.118
black pepper + red bell pepper,47,4.5915,4.6,304.34,3,0.0638,4.5442,0.1821,0.0473,-0.1183
dried thyme + olive oil,47,4.6234,4.6,401.26,3,0.0638,4.5442,0.1821,0.0792,-0.1183
blueberry + salt,48,4.5958,4.6,652.79,3,0.0625,4.5442,0.1821,0.0516,-0.1196
garlic + pork,32,4.5969,4.6,280.69,2,0.0625,4.5442,0.1821,0.0527,-0.1196
8 ounce package cream cheese + milk,32,4.6219,4.7,298.56,2,0.0625,4.5442,0.1821,0.0777,-0.1196
cinnamon + onion,32,4.625,4.6,243.59,2,0.0625,4.5442,0.1821,0.0808,-0.1196
active dry yeast + bread flour,32,4.6375,4.7,372.88,2,0.0625,4.5442,0.1821,0.0933,-0.1196
lemon juice + mayonnaise,32,4.6469,4.7,475.16,2,0.0625,4.5442,0.1821,0.1027,-0.1196
8 ounce package cream cheese + confectioners' sugar,32,4.6781,4.7,335.09,2,0.0625,4.5442,0.1821,0.1339,-0.1196
dried oregano + freshly black pepper,32,4.6812,4.7,109.41,2,0.0625,4.5442,0.1821,0.137,-0.1196
kosher salt + paprika,32,4.6812,4.7,160.72,2,0.0625,4.5442,0.1821,0.137,-0.1196
blueberry + butter,33,4.6061,4.6,310.88,2,0.0606,4.5442,0.1821,0.0619,-0.1215
olive oil + red onion,33,4.6636,4.7,212.33,2,0.0606,4.5442,0.1821,0.1194,-0.1215
cold water + white sugar,50,4.63,4.7,419.34,3,0.06,4.5442,0.1821,0.0858,-0.1221
bacon + black pepper,34,4.5941,4.6,401.5,2,0.0588,4.5442,0.1821,0.0499,-0.1233
dried oregano + dried thyme,51,4.6078,4.6,375.53,3,0.0588,4.5442,0.1821,0.0636,-0.1233
cayenne pepper + cinnamon,34,4.6559,4.7,391.38,2,0.0588,4.5442,0.1821,0.1117,-0.1233
garlic + rosemary,34,4.6676,4.7,286.38,2,0.0588,4.5442,0.1821,0.1234,-0.1233
butter + dry white wine,35,4.5829,4.6,528.03,2,0.0571,4.5442,0.1821,0.0387,-0.125
chicken stock + salt and black pepper,35,4.6657,4.7,277.57,2,0.0571,4.5442,0.1821,0.1215,-0.125
cayenne pepper + worcestershire sauce,35,4.68,4.7,500.77,2,0.0571,4.5442,0.1821,0.1358,-0.125
baking soda + zucchini,53,4.6377,4.7,564.68,3,0.0566,4.5442,0.1821,0.0935,-0.1255
butter + green bell pepper,36,4.6306,4.7,315.97,2,0.0556,4.5442,0.1821,0.0864,-0.1265
black pepper + kosher salt,90,4.6733,4.7,153.17,5,0.0556,4.5442,0.1821,0.1291,-0.1265
cumin + freshly black pepper,36,4.6972,4.8,191.83,2,0.0556,4.5442,0.1821,0.153,-0.1265
dried oregano + olive oil,146,4.6404,4.7,337.92,8,0.0548,4.5442,0.1821,0.0962,-0.1273
cayenne pepper + kosher salt,73,4.7055,4.7,122.93,4,0.0548,4.5442,0.1821,0.1613,-0.1273
black pepper + tomato paste,37,4.6027,4.6,275.22,2,0.0541,4.5442,0.1821,0.0585,-0.128
kosher salt + onion,37,4.673,4.7,135.05,2,0.0541,4.5442,0.1821,0.1288,-0.128
margarine + onion,20,4.58,4.6,445.45,1,0.05,4.5442,0.1821,0.0358,-0.1321
monterey jack cheese + onion,20,4.61,4.65,634.3,1,0.05,4.5442,0.1821,0.0658,-0.1321
crumbled feta cheese + salt,20,4.615,4.6,202.65,1,0.05,4.5442,0.1821,0.0708,-0.1321
baking soda + pumpkin pie spice,20,4.62,4.7,248.65,1,0.05,4.5442,0.1821,0.0758,-0.1321
butter + cayenne pepper or,20,4.625,4.7,309.0,1,0.05,4.5442,0.1821,0.0808,-0.1321
extra-virgin olive oil + onion,20,4.625,4.7,92.65,1,0.05,4.5442,0.1821,0.0808,-0.1321
bacon + green onion,20,4.635,4.6,262.4,1,0.05,4.5442,0.1821,0.0908,-0.1321
heavy cream + olive oil,40,4.6375,4.7,157.52,2,0.05,4.5442,0.1821,0.0933,-0.1321
black pepper + canola oil,20,4.64,4.6,114.9,1,0.05,4.5442,0.1821,0.0958,-0.1321
8 ounce packages cream cheese + butter,20,4.655,4.7,855.8,1,0.05,4.5442,0.1821,0.1108,-0.1321
bread flour + butter,20,4.66,4.7,919.8,1,0.05,4.5442,0.1821,0.1158,-0.1321
celery + chicken broth,40,4.6625,4.7,778.78,2,0.05,4.5442,0.1821,0.1183,-0.1321
freshly black pepper + white sugar,20,4.67,4.7,268.25,1,0.05,4.5442,0.1821,0.1258,-0.1321
heavy cream + large egg,20,4.71,4.75,282.85,1,0.05,4.5442,0.1821,0.1658,-0.1321
vanilla extract + zucchini,41,4.6146,4.7,659.54,2,0.0488,4.5442,0.1821,0.0704,-0.1333
dried rosemary + garlic,41,4.6195,4.6,200.32,2,0.0488,4.5442,0.1821,0.0753,-0.1333
freshly black pepper + olive oil,82,4.6707,4.7,162.05,4,0.0488,4.5442,0.1821,0.1265,-0.1333
garlic + kosher salt,104,4.7058,4.8,109.38,5,0.0481,4.5442,0.1821,0.1616,-0.134
red bell pepper + vegetable oil,21,4.5333,4.6,502.14,1,0.0476,4.5442,0.1821,-0.0109,-0.1345
baking powder + kosher salt,21,4.5571,4.6,85.9,1,0.0476,4.5442,0.1821,0.0129,-0.1345
dry white wine + onion,21,4.5571,4.6,234.81,1,0.0476,4.5442,0.1821,0.0129,-0.1345
milk + mushroom,21,4.5619,4.6,339.33,1,0.0476,4.5442,0.1821,0.0177,-0.1345
large egg + soy sauce,21,4.5857,4.6,208.95,1,0.0476,4.5442,0.1821,0.0415,-0.1345
chili powder + salt and black pepper,21,4.5952,4.6,286.29,1,0.0476,4.5442,0.1821,0.051,-0.1345
cornstarch + nutmeg,21,4.6048,4.6,377.33,1,0.0476,4.5442,0.1821,0.0606,-0.1345
beef + cooking spray,21,4.6095,4.6,223.0,1,0.0476,4.5442,0.1821,0.0653,-0.1345
onion + salt or,21,4.6143,4.7,1346.48,1,0.0476,4.5442,0.1821,0.0701,-0.1345
15 ounce can pumpkin puree + nutmeg,21,4.619,4.7,892.14,1,0.0476,4.5442,0.1821,0.0748,-0.1345
butter + tomato paste,21,4.619,4.6,233.86,1,0.0476,4.5442,0.1821,0.0748,-0.1345
garlic + heavy cream,63,4.6222,4.6,519.89,3,0.0476,4.5442,0.1821,0.078,-0.1345
8 ounce package cream cheese + baking soda,21,4.6286,4.7,411.62,1,0.0476,4.5442,0.1821,0.0844,-0.1345
garlic + low-sodium chicken broth,21,4.6333,4.7,123.52,1,0.0476,4.5442,0.1821,0.0891,-0.1345
dried thyme + salt and black pepper,21,4.6381,4.7,232.05,1,0.0476,4.5442,0.1821,0.0939,-0.1345
egg + kosher salt,21,4.6381,4.6,101.62,1,0.0476,4.5442,0.1821,0.0939,-0.1345
black pepper + lamb,21,4.6619,4.7,94.57,1,0.0476,4.5442,0.1821,0.1177,-0.1345
large egg yolk + vanilla extract,21,4.6952,4.8,323.24,1,0.0476,4.5442,0.1821,0.151,-0.1345
garlic + yellow onion,42,4.7095,4.7,130.9,2,0.0476,4.5442,0.1821,0.1653,-0.1345
cumin + smoked paprika,21,4.7238,4.8,115.33,1,0.0476,4.5442,0.1821,0.1796,-0.1345
dried thyme + kosher salt,21,4.7333,4.8,187.43,1,0.0476,4.5442,0.1821,0.1891,-0.1345
bacon + salt,43,4.593,4.6,389.84,2,0.0465,4.5442,0.1821,0.0488,-0.1356
butter + water or as needed,22,4.5682,4.6,126.05,1,0.0455,4.5442,0.1821,0.024,-0.1366
carrot + dried basil,22,4.5909,4.6,542.59,1,0.0455,4.5442,0.1821,0.0467,-0.1366
basil leave + olive oil,22,4.5955,4.6,177.95,1,0.0455,4.5442,0.1821,0.0513,-0.1366
all-purpose flour + water or as needed,22,4.6,4.6,214.64,1,0.0455,4.5442,0.1821,0.0558,-0.1366
celery + white sugar,22,4.6273,4.65,289.09,1,0.0455,4.5442,0.1821,0.0831,-0.1366
egg + orange zest,22,4.6273,4.65,170.36,1,0.0455,4.5442,0.1821,0.0831,-0.1366
celery + dried oregano,22,4.6318,4.6,492.59,1,0.0455,4.5442,0.1821,0.0876,-0.1366
dried oregano + worcestershire sauce,22,4.6591,4.7,649.77,1,0.0455,4.5442,0.1821,0.1149,-0.1366
extra-virgin olive oil + salt and black pepper,22,4.6773,4.7,151.23,1,0.0455,4.5442,0.1821,0.1331,-0.1366
black pepper + salt or,22,4.6818,4.7,1289.41,1,0.0455,4.5442,0.1821,0.1376,-0.1366
kosher salt + vegetable oil,22,4.6955,4.7,102.36,1,0.0455,4.5442,0.1821,0.1513,-0.1366
cayenne pepper or + freshly black pepper,22,4.7182,4.7,147.73,1,0.0455,4.5442,0.1821,0.174,-0.1366
kosher salt + olive oil,91,4.6813,4.7,125.1,4,0.044,4.5442,0.1821,0.1371,-0.1381
dried basil + parsley,23,4.6043,4.6,566.57,1,0.0435,4.5442,0.1821,0.0601,-0.1386
chicken broth + mushroom,23,4.6087,4.7,573.74,1,0.0435,4.5442,0.1821,0.0645,-0.1386
brown sugar + garlic powder,46,4.6217,4.7,319.17,2,0.0435,4.5442,0.1821,0.0775,-0.1386
9 inch unbaked pie crust + butter,23,4.6217,4.6,927.48,1,0.0435,4.5442,0.1821,0.0775,-0.1386
dried oregano + red wine vinegar,23,4.6304,4.7,421.7,1,0.0435,4.5442,0.1821,0.0862,-0.1386
dried parsley + water,23,4.6391,4.7,913.91,1,0.0435,4.5442,0.1821,0.0949,-0.1386
egg + pumpkin pie spice,23,4.6435,4.7,163.48,1,0.0435,4.5442,0.1821,0.0993,-0.1386
bay leave + olive oil,23,4.6478,4.6,424.65,1,0.0435,4.5442,0.1821,0.1036,-0.1386
pecan + vegetable oil,23,4.6565,4.7,543.0,1,0.0435,4.5442,0.1821,0.1123,-0.1386
italian seasoning + mozzarella cheese,23,4.687,4.7,1051.43,1,0.0435,4.5442,0.1821,0.1428,-0.1386
15 ounce can pumpkin puree + all-purpose flour,23,4.6913,4.7,823.0,1,0.0435,4.5442,0.1821,0.1471,-0.1386
garlic + heavy whipping cream,23,4.7,4.7,309.74,1,0.0435,4.5442,0.1821,0.1558,-0.1386
all-purpose flour + heavy cream,47,4.6404,4.7,304.47,2,0.0426,4.5442,0.1821,0.0962,-0.1395
blueberry + egg,24,4.6125,4.65,905.08,1,0.0417,4.5442,0.1821,0.0683,-0.1404
garlic + monterey jack cheese,24,4.6167,4.7,541.96,1,0.0417,4.5442,0.1821,0.0725,-0.1404
black pepper + smoked paprika,24,4.6958,4.7,120.88,1,0.0417,4.5442,0.1821,0.1516,-0.1404
egg + heavy whipping cream,25,4.596,4.6,267.0,1,0.04,4.5442,0.1821,0.0518,-0.1421
freshly black pepper + parsley,25,4.6,4.6,201.44,1,0.04,4.5442,0.1821,0.0558,-0.1421
green onion + large egg,25,4.608,4.6,204.44,1,0.04,4.5442,0.1821,0.0638,-0.1421
active dry yeast + water,25,4.62,4.6,241.2,1,0.04,4.5442,0.1821,0.0758,-0.1421
garlic + olive oil or as needed,25,4.628,4.6,328.96,1,0.04,4.5442,0.1821,0.0838,-0.1421
quick cooking oat + white sugar,25,4.64,4.7,650.72,1,0.04,4.5442,0.1821,0.0958,-0.1421
raisin + vegetable oil,25,4.644,4.7,462.56,1,0.04,4.5442,0.1821,0.0998,-0.1421
white sugar + zucchini,50,4.652,4.7,583.16,2,0.04,4.5442,0.1821,0.1078,-0.1421
cayenne pepper + unsalted butter,25,4.688,4.7,123.44,1,0.04,4.5442,0.1821,0.1438,-0.1421
olive oil + yellow onion,25,4.692,4.7,112.88,1,0.04,4.5442,0.1821,0.1478,-0.1421
all-purpose flour + zucchini,51,4.6569,4.7,633.67,2,0.0392,4.5442,0.1821,0.1127,-0.1429
heavy cream + water,26,4.5885,4.6,286.69,1,0.0385,4.5442,0.1821,0.0443,-0.1436
freshly black pepper + worcestershire sauce,26,4.65,4.7,170.12,1,0.0385,4.5442,0.1821,0.1058,-0.1436
apples - peeled cored and + white sugar,26,4.6808,4.7,524.58,1,0.0385,4.5442,0.1821,0.1366,-0.1436
black pepper + pork,27,4.5815,4.6,282.19,1,0.037,4.5442,0.1821,0.0373,-0.1451
blueberry + vanilla extract,28,4.6321,4.6,392.79,1,0.0357,4.5442,0.1821,0.0879,-0.1464
black pepper + sea salt,28,4.6393,4.7,299.04,1,0.0357,4.5442,0.1821,0.0951,-0.1464
cayenne pepper + large egg,28,4.7036,4.7,115.82,1,0.0357,4.5442,0.1821,0.1594,-0.1464
baking powder + blueberry,29,4.6103,4.6,926.24,1,0.0345,4.5442,0.1821,0.0661,-0.1476
butter + stalks celery,29,4.6517,4.7,340.86,1,0.0345,4.5442,0.1821,0.1075,-0.1476
heavy cream + salt and pepper,30,4.5833,4.6,347.9,1,0.0333,4.5442,0.1821,0.0391,-0.1488
garlic powder + italian seasoning,30,4.6,4.5,248.3,1,0.0333,4.5442,0.1821,0.0558,-0.1488
green bell pepper + salt and black pepper,30,4.6233,4.6,439.27,1,0.0333,4.5442,0.1821,0.0791,-0.1488
balsamic vinegar + salt,30,4.69,4.7,432.13,1,0.0333,4.5442,0.1821,0.1458,-0.1488
all-purpose flour + half-and-half,30,4.6967,4.7,442.83,1,0.0333,4.5442,0.1821,0.1525,-0.1488
cranberry + white sugar,30,4.6967,4.7,262.77,1,0.0333,4.5442,0.1821,0.1525,-0.1488
orange juice + white sugar,62,4.6774,4.7,250.69,2,0.0323,4.5442,0.1821,0.1332,-0.1498
dried oregano + onion powder,31,4.6806,4.7,446.87,1,0.0323,4.5442,0.1821,0.1364,-0.1498
warm water + white sugar,32,4.6156,4.6,239.91,1,0.0312,4.5442,0.1821,0.0714,-0.1509
parmesan cheese + red pepper flake,32,4.6406,4.6,259.47,1,0.0312,4.5442,0.1821,0.0964,-0.1509
cayenne pepper or + salt,32,4.6625,4.7,182.12,1,0.0312,4.5442,0.1821,0.1183,-0.1509
garlic + onion powder,32,4.6719,4.7,400.62,1,0.0312,4.5442,0.1821,0.1277,-0.1509
dried thyme + paprika,33,4.6545,4.7,410.91,1,0.0303,4.5442,0.1821,0.1103,-0.1518
lemon juice + nutmeg,33,4.6576,4.7,294.91,1,0.0303,4.5442,0.1821,0.1134,-0.1518
balsamic vinegar + garlic,33,4.6727,4.7,375.06,1,0.0303,4.5442,0.1821,0.1285,-0.1518
dried oregano + dried parsley,34,4.6206,4.6,699.03,1,0.0294,4.5442,0.1821,0.0764,-0.1527
garlic + unsalted butter,34,4.7147,4.7,101.12,1,0.0294,4.5442,0.1821,0.1705,-0.1527
heavy cream + onion,36,4.6139,4.6,243.19,1,0.0278,4.5442,0.1821,0.0697,-0.1543
extra-virgin olive oil + salt,36,4.6972,4.7,148.72,1,0.0278,4.5442,0.1821,0.153,-0.1543
cayenne pepper or + garlic,36,4.7,4.7,256.56,1,0.0278,4.5442,0.1821,0.1558,-0.1543
dried oregano + salt and black pepper,37,4.6514,4.7,316.43,1,0.027,4.5442,0.1821,0.1072,-0.1551
all-purpose flour + celery,40,4.685,4.7,655.58,1,0.025,4.5442,0.1821,0.1408,-0.1571
chicken broth + cumin,41,4.661,4.7,218.32,1,0.0244,4.5442,0.1821,0.1168,-0.1577
salt + tomato paste,44,4.6364,4.65,287.23,1,0.0227,4.5442,0.1821,0.0922,-0.1594
butter + celery,48,4.6792,4.7,710.83,1,0.0208,4.5442,0.1821,0.135,-0.1613
butter + kosher salt,49,4.6796,4.7,110.61,1,0.0204,4.5442,0.1821,0.1354,-0.1617
dried oregano + mushroom,20,4.59,4.55,299.55,0,0.0,4.5442,0.1821,0.0458,-0.1821
onion + red wine vinegar,22,4.6,4.6,268.77,0,0.0,4.5442,0.1821,0.0558,-0.1821
active dry yeast + egg,23,4.613,4.6,134.26,0,0.0,4.5442,0.1821,0.0688,-0.1821
dried basil + egg,20,4.615,4.6,417.65,0,0.0,4.5442,0.1821,0.0708,-0.1821
chicken broth + dried oregano,28,4.6214,4.6,374.54,0,0.0,4.5442,0.1821,0.0772,-0.1821
9 inch unbaked pie crust + egg,23,4.6261,4.6,183.17,0,0.0,4.5442,0.1821,0.0819,-0.1821
bay leaf + butter,22,4.6273,4.6,424.23,0,0.0,4.5442,0.1821,0.0831,-0.1821
blueberry + cinnamon,28,4.6286,4.6,1015.93,0,0.0,4.5442,0.1821,0.0844,-0.1821
italian seasoning + water,20,4.63,4.6,1221.75,0,0.0,4.5442,0.1821,0.0858,-0.1821
garlic powder + medium onion,20,4.635,4.6,180.1,0,0.0,4.5442,0.1821,0.0908,-0.1821
red pepper flake + soy sauce,20,4.635,4.65,330.65,0,0.0,4.5442,0.1821,0.0908,-0.1821
active dry yeast + olive oil,28,4.6357,4.6,369.18,0,0.0,4.5442,0.1821,0.0915,-0.1821
crumbled feta cheese + garlic,22,4.6364,4.65,345.36,0,0.0,4.5442,0.1821,0.0922,-0.1821
sesame oil + vegetable oil,22,4.6364,4.6,246.68,0,0.0,4.5442,0.1821,0.0922,-0.1821
lime juiced + salt,22,4.6409,4.65,818.18,0,0.0,4.5442,0.1821,0.0967,-0.1821
8 ounce package cream cheese + vegetable oil,20,4.645,4.7,528.0,0,0.0,4.5442,0.1821,0.1008,-0.1821
cayenne pepper + white pepper,20,4.65,4.6,646.4,0,0.0,4.5442,0.1821,0.1058,-0.1821
butter + orange zest,21,4.6619,4.7,142.95,0,0.0,4.5442,0.1821,0.1177,-0.1821
cayenne pepper + ginger,28,4.6643,4.7,345.61,0,0.0,4.5442,0.1821,0.1201,-0.1821
balsamic vinegar + black pepper,23,4.6652,4.7,256.39,0,0.0,4.5442,0.1821,0.121,-0.1821
walnut + zucchini,26,4.6731,4.7,861.42,0,0.0,4.5442,0.1821,0.1289,-0.1821
celery + milk,23,4.6783,4.7,1008.83,0,0.0,4.5442,0.1821,0.1341,-0.1821
large egg + mozzarella cheese,24,4.6833,4.7,348.38,0,0.0,4.5442,0.1821,0.1391,-0.1821
black pepper + white pepper,20,4.685,4.7,578.25,0,0.0,4.5442,0.1821,0.1408,-0.1821
kosher salt + worcestershire sauce,21,4.6905,4.7,71.95,0,0.0,4.5442,0.1821,0.1463,-0.1821
butter + cayenne pepper,79,4.6949,4.7,320.66,0,0.0,4.5442,0.1821,0.1507,-0.1821
bay leaf + salt and black pepper,22,4.6955,4.7,275.64,0,0.0,4.5442,0.1821,0.1513,-0.1821
black pepper + dried marjoram,22,4.6955,4.7,561.68,0,0.0,4.5442,0.1821,0.1513,-0.1821
cinnamon + kosher salt,26,4.7,4.75,120.5,0,0.0,4.5442,0.1821,0.1558,-0.1821
lemon juice + parmesan cheese,24,4.7,4.7,385.67,0,0.0,4.5442,0.1821,0.1558,-0.1821
freshly black pepper + unsalted butter,24,4.7083,4.7,175.29,0,0.0,4.5442,0.1821,0.1641,-0.1821
cayenne pepper + yellow onion,23,4.7087,4.7,111.91,0,0.0,4.5442,0.1821,0.1645,-0.1821
all-purpose flour + cayenne pepper or,20,4.71,4.7,185.9,0,0.0,4.5442,0.1821,0.1658,-0.1821
kosher salt + soy sauce,22,4.7136,4.7,101.0,0,0.0,4.5442,0.1821,0.1694,-0.1821
celery + salt and black pepper,22,4.7182,4.75,313.91,0,0.0,4.5442,0.1821,0.174,-0.1821
kosher salt + lemon juice,25,4.724,4.8,112.44,0,0.0,4.5442,0.1821,0.1798,-0.1821
dried oregano + kosher salt,20,4.75,4.8,209.65,0,0.0,4.5442,0.1821,0.2058,-0.1821
chicken broth + kosher salt,24,4.7542,4.8,57.92,0,0.0,4.5442,0.1821,0.21,-0.1821
freshly black pepper + yellow onion,21,4.7762,4.8,80.19,0,0.0,4.5442,0.1821,0.232,-0.1821
chicken broth + freshly black pepper,24,4.8042,4.8,167.42,0,0.0,4.5442,0.1821,0.26,-0.1821
